ISO-10303-21;
HEADER;

/* File generated by Shapr3D Version 5.831.0.8630 */

FILE_DESCRIPTION(('HOOPS Exchange Step'),'2;1');

FILE_NAME('/Users/quimgraellsolive/Library/Containers/com.shapr3d.shapr/Data/tmp/export/temp_export',
'2025-04-22T23:22:57+02:00',
('quimgraellsolive'),
('Shapr3D Limited'),
'HOOPS Exchange 2024.8',
'Shapr3D',
'Authorized');

FILE_SCHEMA( ('AP242_MANAGED_MODEL_BASED_3D_ENGINEERING_MIM_LF {1 0 10303 442 1 1 4}') );

ENDSEC;

DATA;
#3=(NAMED_UNIT(*)PLANE_ANGLE_UNIT()SI_UNIT($,.RADIAN.));
#4=PLANE_ANGLE_MEASURE_WITH_UNIT(PLANE_ANGLE_MEASURE(0.0174532925),#3);
#5=(CONVERSION_BASED_UNIT('DEGREE',#4)NAMED_UNIT(#6)PLANE_ANGLE_UNIT());
#6=DIMENSIONAL_EXPONENTS(0.,0.,0.,0.,0.,0.,0.);
#7=(NAMED_UNIT(*)SI_UNIT($,.STERADIAN.)SOLID_ANGLE_UNIT());
#8=(LENGTH_UNIT()NAMED_UNIT(*)SI_UNIT(.MILLI.,.METRE.));
#9=UNCERTAINTY_MEASURE_WITH_UNIT(LENGTH_MEASURE(1.000000E-05),#8,'DISTANCE_ACCURACY_VALUE','Maximum Tolerance applied to model');
#10=(GEOMETRIC_REPRESENTATION_CONTEXT(3)GLOBAL_UNCERTAINTY_ASSIGNED_CONTEXT((#9))GLOBAL_UNIT_ASSIGNED_CONTEXT((#8,#5,#7))REPRESENTATION_CONTEXT('','GP2Y0A21YK0F'));
#12=CARTESIAN_POINT('',(0.,0.,0.));
#13=DIRECTION('',(0.,0.,1.));
#14=DIRECTION('',(1.,0.,0.));
#15=AXIS2_PLACEMENT_3D('TS3D_PRODUCT_CSYS',#12,#13,#14);
#27=CARTESIAN_POINT('',(-34.497477837,86.247758512,149.258989489));
#28=CARTESIAN_POINT('',(-34.497477837,86.247758512,149.258989489));
#29=CARTESIAN_POINT('',(-34.497477837,86.247758512,149.258989489));
#30=CARTESIAN_POINT('',(-34.497477837,86.247758512,149.258989489));
#31=CARTESIAN_POINT('',(-34.497477836,84.581091845,149.258989489));
#32=CARTESIAN_POINT('',(-34.497477836,84.581091845,152.592322822));
#33=CARTESIAN_POINT('',(-34.497477837,87.914425179,152.592322822));
#34=CARTESIAN_POINT('',(-34.497477837,87.914425179,149.258989489));
#35=CARTESIAN_POINT('',(-36.497477836,83.997758512,149.258989489));
#36=CARTESIAN_POINT('',(-36.497477836,83.997758512,153.758989489));
#37=CARTESIAN_POINT('',(-36.497477837,88.497758512,153.758989489));
#38=CARTESIAN_POINT('',(-36.497477837,88.497758512,149.258989489));
#39=CARTESIAN_POINT('',(-37.497477836,83.997758511,149.258989489));
#40=CARTESIAN_POINT('',(-37.497477836,83.997758511,153.758989489));
#41=CARTESIAN_POINT('',(-37.497477838,88.497758511,153.758989489));
#42=CARTESIAN_POINT('',(-37.497477838,88.497758511,149.258989489));
#43=(BOUNDED_SURFACE()
B_SPLINE_SURFACE(3,3,((#27,#28,#29,#30),(#31,#32,#33,#34),(#35,#36,#37,#38),(#39,#40,#41,#42)),.UNSPECIFIED.,.F.,.F.,.U.)
B_SPLINE_SURFACE_WITH_KNOTS((4,4),(4,4),(0.,1.),(0.,1.),.UNSPECIFIED.)
GEOMETRIC_REPRESENTATION_ITEM()
RATIONAL_B_SPLINE_SURFACE(((1.,0.333333333,0.333333333,1.),(1.,0.333333333,0.333333333,1.),(1.,0.333333333,0.333333333,1.),(1.,0.333333333,0.333333333,1.)))
REPRESENTATION_ITEM('')
SURFACE()
);
#44=CARTESIAN_POINT('',(-34.497477837,86.247758512,149.258989489));
#45=VERTEX_POINT('',#44);
#46=CARTESIAN_POINT('',(-37.497477836,83.997758511,149.258989489));
#47=VERTEX_POINT('',#46);
#48=CARTESIAN_POINT('',(-34.497477837,86.247758512,149.258989489));
#49=CARTESIAN_POINT('',(-34.497477836,84.581091845,149.258989489));
#50=CARTESIAN_POINT('',(-36.497477836,83.997758512,149.258989489));
#51=CARTESIAN_POINT('',(-37.497477836,83.997758511,149.258989489));
#52=B_SPLINE_CURVE_WITH_KNOTS('',3,(#48,#49,#50,#51),.UNSPECIFIED.,.F.,.F.,(4,4),(0.,1.),.UNSPECIFIED.);
#53=EDGE_CURVE('NONE',#45,#47,#52,.T.);
#54=ORIENTED_EDGE('',*,*,#53,.F.);
#55=CARTESIAN_POINT('',(-37.497477837,88.497758511,149.258989489));
#56=VERTEX_POINT('',#55);
#57=CARTESIAN_POINT('',(-34.497477837,86.247758512,149.258989489));
#58=CARTESIAN_POINT('',(-34.497477837,87.914425179,149.258989489));
#59=CARTESIAN_POINT('',(-36.497477837,88.497758512,149.258989489));
#60=CARTESIAN_POINT('',(-37.497477838,88.497758511,149.258989489));
#61=B_SPLINE_CURVE_WITH_KNOTS('',3,(#57,#58,#59,#60),.UNSPECIFIED.,.F.,.F.,(4,4),(0.,1.),.UNSPECIFIED.);
#62=EDGE_CURVE('NONE',#45,#56,#61,.T.);
#63=ORIENTED_EDGE('',*,*,#62,.T.);
#64=CARTESIAN_POINT('',(-37.497477836,86.247758512,149.258989489));
#65=DIRECTION('',(1.,-0.,-0.));
#66=DIRECTION('',(0.,1.,-0.));
#67=AXIS2_PLACEMENT_3D('',#64,#65,#66);
#68=CIRCLE('',#67,2.250000001);
#69=EDGE_CURVE('NONE',#56,#47,#68,.T.);
#70=ORIENTED_EDGE('',*,*,#69,.T.);
#71=EDGE_LOOP('',(#54,#63,#70));
#72=FACE_BOUND('',#71,.T.);
#73=ADVANCED_FACE('NONE',(#72),#43,.F.);
#74=CARTESIAN_POINT('',(-32.497477845,106.247758513,149.258989489));
#75=CARTESIAN_POINT('',(-32.497477845,106.247758513,149.258989489));
#76=CARTESIAN_POINT('',(-32.497477845,106.247758513,149.258989489));
#77=CARTESIAN_POINT('',(-32.497477845,106.247758513,149.258989489));
#78=CARTESIAN_POINT('',(-32.497477844,104.581091846,149.258989489));
#79=CARTESIAN_POINT('',(-32.497477844,104.581091846,152.592322822));
#80=CARTESIAN_POINT('',(-32.497477845,107.91442518,152.592322822));
#81=CARTESIAN_POINT('',(-32.497477845,107.91442518,149.258989489));
#82=CARTESIAN_POINT('',(-34.497477843,103.526739454,149.258989489));
#83=CARTESIAN_POINT('',(-34.497477843,103.526739454,154.701027605));
#84=CARTESIAN_POINT('',(-34.497477846,108.968777571,154.701027605));
#85=CARTESIAN_POINT('',(-34.497477846,108.968777571,149.258989489));
#86=CARTESIAN_POINT('',(-35.497477844,103.526739454,149.258989489));
#87=CARTESIAN_POINT('',(-35.497477844,103.526739454,154.701027605));
#88=CARTESIAN_POINT('',(-35.497477846,108.96877757,154.701027605));
#89=CARTESIAN_POINT('',(-35.497477846,108.96877757,149.258989489));
#90=(BOUNDED_SURFACE()
B_SPLINE_SURFACE(3,3,((#74,#75,#76,#77),(#78,#79,#80,#81),(#82,#83,#84,#85),(#86,#87,#88,#89)),.UNSPECIFIED.,.F.,.F.,.U.)
B_SPLINE_SURFACE_WITH_KNOTS((4,4),(4,4),(0.,1.),(0.,1.),.UNSPECIFIED.)
GEOMETRIC_REPRESENTATION_ITEM()
RATIONAL_B_SPLINE_SURFACE(((1.,0.333333333,0.333333333,1.),(1.,0.333333333,0.333333333,1.),(1.,0.333333333,0.333333333,1.),(1.,0.333333333,0.333333333,1.)))
REPRESENTATION_ITEM('')
SURFACE()
);
#91=CARTESIAN_POINT('',(-32.497477845,106.247758513,149.258989489));
#92=VERTEX_POINT('',#91);
#93=CARTESIAN_POINT('',(-35.497477844,103.526739455,149.258989489));
#94=VERTEX_POINT('',#93);
#95=CARTESIAN_POINT('',(-32.497477845,106.247758513,149.258989489));
#96=CARTESIAN_POINT('',(-32.497477844,104.581091846,149.258989489));
#97=CARTESIAN_POINT('',(-34.497477843,103.526739454,149.258989489));
#98=CARTESIAN_POINT('',(-35.497477844,103.526739454,149.258989489));
#99=B_SPLINE_CURVE_WITH_KNOTS('',3,(#95,#96,#97,#98),.UNSPECIFIED.,.F.,.F.,(4,4),(0.,1.),.UNSPECIFIED.);
#100=EDGE_CURVE('NONE',#92,#94,#99,.T.);
#101=ORIENTED_EDGE('',*,*,#100,.F.);
#102=CARTESIAN_POINT('',(-35.497477845,108.968777571,149.258989489));
#103=VERTEX_POINT('',#102);
#104=CARTESIAN_POINT('',(-32.497477845,106.247758513,149.258989489));
#105=CARTESIAN_POINT('',(-32.497477845,107.91442518,149.258989489));
#106=CARTESIAN_POINT('',(-34.497477846,108.968777571,149.258989489));
#107=CARTESIAN_POINT('',(-35.497477846,108.96877757,149.258989489));
#108=B_SPLINE_CURVE_WITH_KNOTS('',3,(#104,#105,#106,#107),.UNSPECIFIED.,.F.,.F.,(4,4),(0.,1.),.UNSPECIFIED.);
#109=EDGE_CURVE('NONE',#92,#103,#108,.T.);
#110=ORIENTED_EDGE('',*,*,#109,.T.);
#111=CARTESIAN_POINT('',(-35.497477844,106.247758513,149.258989489));
#112=DIRECTION('',(1.,-0.,-0.));
#113=DIRECTION('',(0.,1.,-0.));
#114=AXIS2_PLACEMENT_3D('',#111,#112,#113);
#115=CIRCLE('',#114,2.721019059);
#116=EDGE_CURVE('NONE',#103,#94,#115,.T.);
#117=ORIENTED_EDGE('',*,*,#116,.T.);
#118=EDGE_LOOP('',(#101,#110,#117));
#119=FACE_BOUND('',#118,.T.);
#120=ADVANCED_FACE('NONE',(#119),#90,.F.);
#121=CARTESIAN_POINT('',(-37.497477837,86.247758512,149.258989489));
#122=DIRECTION('',(1.,-0.,-0.));
#123=DIRECTION('',(-0.,-1.,0.));
#124=AXIS2_PLACEMENT_3D('',#121,#122,#123);
#125=CONICAL_SURFACE('',#124,2.25,44.999999949);
#126=CARTESIAN_POINT('',(-35.997477816,82.497758505,149.258989489));
#127=VERTEX_POINT('',#126);
#128=CARTESIAN_POINT('',(-35.997477822,82.497758499,149.258989489));
#129=DIRECTION('',(-0.707106782,0.707106781,-0.));
#130=VECTOR('',#129,2.121320362);
#131=LINE('',#128,#130);
#132=EDGE_CURVE('',#127,#47,#131,.T.);
#133=ORIENTED_EDGE('',*,*,#132,.F.);
#134=CARTESIAN_POINT('',(-34.88203849,82.497758512,146.158989489));
#135=VERTEX_POINT('',#134);
#136=CARTESIAN_POINT('',(-34.882038486,82.497758506,146.158989493));
#137=CARTESIAN_POINT('',(-35.031760912,82.497758506,146.393978326));
#138=CARTESIAN_POINT('',(-35.173890678,82.497758505,146.63265007));
#139=CARTESIAN_POINT('',(-35.304790178,82.497758505,146.876769192));
#140=CARTESIAN_POINT('',(-35.435689679,82.497758505,147.120888313));
#141=CARTESIAN_POINT('',(-35.555424275,82.497758505,147.370423108));
#142=CARTESIAN_POINT('',(-35.658217073,82.497758505,147.628175729));
#143=CARTESIAN_POINT('',(-35.761009871,82.497758505,147.88592835));
#144=CARTESIAN_POINT('',(-35.847241303,82.497758505,148.154464273));
#145=CARTESIAN_POINT('',(-35.906193432,82.497758505,148.426543799));
#146=CARTESIAN_POINT('',(-35.965145561,82.497758505,148.698623324));
#147=CARTESIAN_POINT('',(-35.997234902,82.497758505,148.974778584));
#148=CARTESIAN_POINT('',(-35.997476442,82.497758505,149.255765926));
#149=CARTESIAN_POINT('',(-35.997717982,82.497758505,149.536753268));
#150=CARTESIAN_POINT('',(-35.966114325,82.497758505,149.81236485));
#151=CARTESIAN_POINT('',(-35.907951603,82.497758505,150.083284113));
#152=CARTESIAN_POINT('',(-35.849788882,82.497758505,150.354203375));
#153=CARTESIAN_POINT('',(-35.764405511,82.497758505,150.622367051));
#154=CARTESIAN_POINT('',(-35.661640971,82.497758505,150.88119873));
#155=CARTESIAN_POINT('',(-35.558876431,82.497758505,151.140030408));
#156=CARTESIAN_POINT('',(-35.43907628,82.497758505,151.390314032));
#157=CARTESIAN_POINT('',(-35.308117603,82.497758505,151.63499858));
#158=CARTESIAN_POINT('',(-35.177158926,82.497758505,151.879683129));
#159=CARTESIAN_POINT('',(-35.034971624,82.497758505,152.118733427));
#160=CARTESIAN_POINT('',(-34.885222694,82.497758505,152.353989485));
#161=B_SPLINE_CURVE_WITH_KNOTS('',3,(#136,#137,#138,#139,#140,#141,#142,#143,#144,#145,#146,#147,#148,#149,#150,#151,#152,#153,#154,#155,#156,#157,#158,#159,#160),.UNSPECIFIED.,.F.,.F.,(4,3,3,3,3,3,3,3,4),(0.,0.000830315,0.001660631,0.002490946,0.003321261,0.004151576,0.004981892,0.005812207,0.006642522),.UNSPECIFIED.);
#162=EDGE_CURVE('NONE',#135,#127,#161,.T.);
#163=ORIENTED_EDGE('',*,*,#162,.F.);
#164=CARTESIAN_POINT('',(-34.497477839,90.484797563,146.158989489));
#165=VERTEX_POINT('',#164);
#166=CARTESIAN_POINT('',(-34.497477836,90.484797568,146.158989488));
#167=CARTESIAN_POINT('',(-34.734994003,90.190497737,146.158989488));
#168=CARTESIAN_POINT('',(-34.967196475,89.892475729,146.158989489));
#169=CARTESIAN_POINT('',(-35.190308845,89.588086217,146.158989489));
#170=CARTESIAN_POINT('',(-35.413421216,89.283696704,146.158989489));
#171=CARTESIAN_POINT('',(-35.627690216,88.973112519,146.158989489));
#172=CARTESIAN_POINT('',(-35.825174068,88.650770545,146.158989489));
#173=CARTESIAN_POINT('',(-36.02265792,88.328428571,146.158989489));
#174=CARTESIAN_POINT('',(-36.204003938,87.9934261,146.158989489));
#175=CARTESIAN_POINT('',(-36.347309218,87.644593013,146.158989489));
#176=CARTESIAN_POINT('',(-36.418961858,87.470176469,146.158989489));
#177=CARTESIAN_POINT('',(-36.4811566,87.291876476,146.158989489));
#178=CARTESIAN_POINT('',(-36.530278079,87.108208552,146.158989489));
#179=CARTESIAN_POINT('',(-36.579399558,86.924540627,146.158989489));
#180=CARTESIAN_POINT('',(-36.6145068,86.737923552,146.158989489));
#181=CARTESIAN_POINT('',(-36.632702983,86.550780636,146.158989489));
#182=CARTESIAN_POINT('',(-36.650899167,86.36363772,146.158989489));
#183=CARTESIAN_POINT('',(-36.652405707,86.175158261,146.158989489));
#184=CARTESIAN_POINT('',(-36.636385183,85.985275197,146.158989489));
#185=CARTESIAN_POINT('',(-36.62036466,85.795392134,146.158989489));
#186=CARTESIAN_POINT('',(-36.587218395,85.608675705,146.158989489));
#187=CARTESIAN_POINT('',(-36.540403717,85.425977276,146.158989489));
#188=CARTESIAN_POINT('',(-36.44677436,85.060580418,146.158989489));
#189=CARTESIAN_POINT('',(-36.297535487,84.70707242,146.158989489));
#190=CARTESIAN_POINT('',(-36.124790564,84.373228421,146.158989489));
#191=CARTESIAN_POINT('',(-35.952045641,84.039384422,146.158989489));
#192=CARTESIAN_POINT('',(-35.754620323,83.720806245,146.158989489));
#193=CARTESIAN_POINT('',(-35.544718679,83.409945179,146.158989489));
#194=CARTESIAN_POINT('',(-35.334817035,83.099084113,146.158989489));
#195=CARTESIAN_POINT('',(-35.11204674,82.796182829,146.158989489));
#196=CARTESIAN_POINT('',(-34.882038489,82.497758511,146.158989489));
#197=B_SPLINE_CURVE_WITH_KNOTS('',3,(#166,#167,#168,#169,#170,#171,#172,#173,#174,#175,#176,#177,#178,#179,#180,#181,#182,#183,#184,#185,#186,#187,#188,#189,#190,#191,
#192,#193,#194,#195,#196),.UNSPECIFIED.,.F.,.F.,(4,3,3,3,3,3,3,3,3,3,4),(0.,0.001131944,0.002263889,0.003395833,0.003961806,0.004527778,0.00509375,0.005659722,0.006791667,0.007923611,0.009055556),.UNSPECIFIED.);
#198=EDGE_CURVE('NONE',#165,#135,#197,.T.);
#199=ORIENTED_EDGE('',*,*,#198,.F.);
#200=CARTESIAN_POINT('',(-34.497477838,90.488451259,152.353989489));
#201=VERTEX_POINT('',#200);
#202=CARTESIAN_POINT('',(-34.497477837,86.247758512,149.258989489));
#203=DIRECTION('',(1.,-0.,-0.));
#204=DIRECTION('',(0.,1.,-0.));
#205=AXIS2_PLACEMENT_3D('',#202,#203,#204);
#206=CIRCLE('',#205,5.249999994);
#207=EDGE_CURVE('NONE',#165,#201,#206,.T.);
#208=ORIENTED_EDGE('',*,*,#207,.T.);
#209=CARTESIAN_POINT('',(-34.885222693,82.497758505,152.353989487));
#210=VERTEX_POINT('',#209);
#211=CARTESIAN_POINT('',(-34.885222697,82.497758511,152.35398949));
#212=CARTESIAN_POINT('',(-35.11621678,82.797265754,152.35398949));
#213=CARTESIAN_POINT('',(-35.339921788,83.101258804,152.353989489));
#214=CARTESIAN_POINT('',(-35.550635874,83.413246661,152.353989489));
#215=CARTESIAN_POINT('',(-35.761349961,83.725234519,152.353989489));
#216=CARTESIAN_POINT('',(-35.959473438,84.044970828,152.353989489));
#217=CARTESIAN_POINT('',(-36.132613998,84.380081999,152.353989489));
#218=CARTESIAN_POINT('',(-36.219184278,84.547637585,152.353989489));
#219=CARTESIAN_POINT('',(-36.299377826,84.719117508,152.353989489));
#220=CARTESIAN_POINT('',(-36.370284984,84.896312414,152.353989489));
#221=CARTESIAN_POINT('',(-36.441192142,85.073507321,152.353989489));
#222=CARTESIAN_POINT('',(-36.501615283,85.253884785,152.353989489));
#223=CARTESIAN_POINT('',(-36.547907556,85.436447862,152.353989489));
#224=CARTESIAN_POINT('',(-36.594199829,85.61901094,152.353989489));
#225=CARTESIAN_POINT('',(-36.626515495,85.804273383,152.353989489));
#226=CARTESIAN_POINT('',(-36.641993163,85.992787824,152.353989489));
#227=CARTESIAN_POINT('',(-36.65747083,86.181302265,152.353989489));
#228=CARTESIAN_POINT('',(-36.65554807,86.375301581,152.353989489));
#229=CARTESIAN_POINT('',(-36.636356895,86.564062963,152.353989489));
#230=CARTESIAN_POINT('',(-36.597974544,86.941585728,152.353989489));
#231=CARTESIAN_POINT('',(-36.493069374,87.303789866,152.353989489));
#232=CARTESIAN_POINT('',(-36.34695034,87.656503429,152.353989489));
#233=CARTESIAN_POINT('',(-36.200831305,88.009216992,152.353989489));
#234=CARTESIAN_POINT('',(-36.019778752,88.340725189,152.353989489));
#235=CARTESIAN_POINT('',(-35.82284324,88.660999422,152.353989489));
#236=CARTESIAN_POINT('',(-35.625907729,88.981273655,152.353989489));
#237=CARTESIAN_POINT('',(-35.412154026,89.290527787,152.353989489));
#238=CARTESIAN_POINT('',(-35.189436265,89.593908229,152.353989489));
#239=CARTESIAN_POINT('',(-34.966718505,89.897288671,152.353989489));
#240=CARTESIAN_POINT('',(-34.734802551,90.194642007,152.353989489));
#241=CARTESIAN_POINT('',(-34.497477835,90.488451257,152.353989489));
#242=B_SPLINE_CURVE_WITH_KNOTS('',3,(#211,#212,#213,#214,#215,#216,#217,#218,#219,#220,#221,#222,#223,#224,#225,#226,#227,#228,#229,#230,#231,#232,#233,#234,#235,#236,
#237,#238,#239,#240,#241),.UNSPECIFIED.,.F.,.F.,(4,3,3,3,3,3,3,3,3,3,4),(0.,0.001128426,0.002256853,0.002821066,0.003385279,0.003949492,0.004513705,0.005642132,0.006770558,0.007898984,0.009027411),.UNSPECIFIED.);
#243=EDGE_CURVE('NONE',#210,#201,#242,.T.);
#244=ORIENTED_EDGE('',*,*,#243,.F.);
#245=CARTESIAN_POINT('',(-34.882038486,82.497758506,146.158989493));
#246=CARTESIAN_POINT('',(-35.031760912,82.497758506,146.393978326));
#247=CARTESIAN_POINT('',(-35.173890678,82.497758505,146.63265007));
#248=CARTESIAN_POINT('',(-35.304790178,82.497758505,146.876769192));
#249=CARTESIAN_POINT('',(-35.435689679,82.497758505,147.120888313));
#250=CARTESIAN_POINT('',(-35.555424275,82.497758505,147.370423108));
#251=CARTESIAN_POINT('',(-35.658217073,82.497758505,147.628175729));
#252=CARTESIAN_POINT('',(-35.761009871,82.497758505,147.88592835));
#253=CARTESIAN_POINT('',(-35.847241303,82.497758505,148.154464273));
#254=CARTESIAN_POINT('',(-35.906193432,82.497758505,148.426543799));
#255=CARTESIAN_POINT('',(-35.965145561,82.497758505,148.698623324));
#256=CARTESIAN_POINT('',(-35.997234902,82.497758505,148.974778584));
#257=CARTESIAN_POINT('',(-35.997476442,82.497758505,149.255765926));
#258=CARTESIAN_POINT('',(-35.997717982,82.497758505,149.536753268));
#259=CARTESIAN_POINT('',(-35.966114325,82.497758505,149.81236485));
#260=CARTESIAN_POINT('',(-35.907951603,82.497758505,150.083284113));
#261=CARTESIAN_POINT('',(-35.849788882,82.497758505,150.354203375));
#262=CARTESIAN_POINT('',(-35.764405511,82.497758505,150.622367051));
#263=CARTESIAN_POINT('',(-35.661640971,82.497758505,150.88119873));
#264=CARTESIAN_POINT('',(-35.558876431,82.497758505,151.140030408));
#265=CARTESIAN_POINT('',(-35.43907628,82.497758505,151.390314032));
#266=CARTESIAN_POINT('',(-35.308117603,82.497758505,151.63499858));
#267=CARTESIAN_POINT('',(-35.177158926,82.497758505,151.879683129));
#268=CARTESIAN_POINT('',(-35.034971624,82.497758505,152.118733427));
#269=CARTESIAN_POINT('',(-34.885222694,82.497758505,152.353989485));
#270=B_SPLINE_CURVE_WITH_KNOTS('',3,(#245,#246,#247,#248,#249,#250,#251,#252,#253,#254,#255,#256,#257,#258,#259,#260,#261,#262,#263,#264,#265,#266,#267,#268,#269),.UNSPECIFIED.,.F.,.F.,(4,3,3,3,3,3,3,3,4),(0.,0.000830315,0.001660631,0.002490946,0.003321261,0.004151576,0.004981892,0.005812207,0.006642522),.UNSPECIFIED.);
#271=EDGE_CURVE('NONE',#127,#210,#270,.T.);
#272=ORIENTED_EDGE('',*,*,#271,.F.);
#273=ORIENTED_EDGE('',*,*,#132,.T.);
#274=ORIENTED_EDGE('',*,*,#69,.F.);
#275=CARTESIAN_POINT('',(-37.497477837,86.247758512,149.258989489));
#276=DIRECTION('',(1.,-0.,-0.));
#277=DIRECTION('',(0.,1.,-0.));
#278=AXIS2_PLACEMENT_3D('',#275,#276,#277);
#279=CIRCLE('',#278,2.25);
#280=EDGE_CURVE('NONE',#47,#56,#279,.T.);
#281=ORIENTED_EDGE('',*,*,#280,.F.);
#282=EDGE_LOOP('',(#133,#163,#199,#208,#244,#272,#273,#274,#281));
#283=FACE_BOUND('',#282,.T.);
#284=ADVANCED_FACE('NONE',(#283),#125,.F.);
#285=CARTESIAN_POINT('',(-32.497477845,106.247758513,149.258989489));
#286=DIRECTION('',(1.,-0.,-0.));
#287=DIRECTION('',(-0.,-1.,0.));
#288=AXIS2_PLACEMENT_3D('',#285,#286,#287);
#289=CONICAL_SURFACE('',#288,3.25,9.999999989);
#290=CARTESIAN_POINT('',(-32.497477843,102.997758513,149.258989489));
#291=VERTEX_POINT('',#290);
#292=CARTESIAN_POINT('',(-32.497477843,102.997758513,149.258989489));
#293=DIRECTION('',(-0.984807753,0.173648177,0.));
#294=VECTOR('',#293,3.046279837);
#295=LINE('',#292,#294);
#296=EDGE_CURVE('',#291,#94,#295,.T.);
#297=ORIENTED_EDGE('',*,*,#296,.F.);
#298=CARTESIAN_POINT('',(-32.497477843,109.497758514,149.258989489));
#299=VERTEX_POINT('',#298);
#300=CARTESIAN_POINT('',(-32.497477843,106.247758513,149.258989489));
#301=DIRECTION('',(1.,-0.,-0.));
#302=DIRECTION('',(0.,1.,-0.));
#303=AXIS2_PLACEMENT_3D('',#300,#301,#302);
#304=CIRCLE('',#303,3.25);
#305=EDGE_CURVE('NONE',#291,#299,#304,.T.);
#306=ORIENTED_EDGE('',*,*,#305,.T.);
#307=CARTESIAN_POINT('',(-32.497477843,106.247758513,149.258989489));
#308=DIRECTION('',(1.,-0.,-0.));
#309=DIRECTION('',(0.,1.,-0.));
#310=AXIS2_PLACEMENT_3D('',#307,#308,#309);
#311=CIRCLE('',#310,3.25);
#312=EDGE_CURVE('NONE',#299,#291,#311,.T.);
#313=ORIENTED_EDGE('',*,*,#312,.T.);
#314=ORIENTED_EDGE('',*,*,#296,.T.);
#315=ORIENTED_EDGE('',*,*,#116,.F.);
#316=CARTESIAN_POINT('',(-35.497477845,106.247758513,149.258989489));
#317=DIRECTION('',(1.,-0.,-0.));
#318=DIRECTION('',(0.,1.,-0.));
#319=AXIS2_PLACEMENT_3D('',#316,#317,#318);
#320=CIRCLE('',#319,2.721019059);
#321=EDGE_CURVE('NONE',#94,#103,#320,.T.);
#322=ORIENTED_EDGE('',*,*,#321,.F.);
#323=EDGE_LOOP('',(#297,#306,#313,#314,#315,#322));
#324=FACE_BOUND('',#323,.T.);
#325=ADVANCED_FACE('NONE',(#324),#289,.F.);
#326=CARTESIAN_POINT('',(-32.497477833,77.497758513,149.258989489));
#327=DIRECTION('',(-1.,0.,0.));
#328=DIRECTION('',(0.,1.,-0.));
#329=AXIS2_PLACEMENT_3D('',#326,#327,#328);
#330=CYLINDRICAL_SURFACE('',#329,3.75);
#331=CARTESIAN_POINT('',(-43.997477834,81.247758513,149.258989489));
#332=VERTEX_POINT('',#331);
#333=CARTESIAN_POINT('',(-40.247477832,81.247758511,149.25898949));
#334=VERTEX_POINT('',#333);
#335=CARTESIAN_POINT('',(-43.997477834,81.247758513,149.258989489));
#336=DIRECTION('',(1.,-0.,-0.));
#337=VECTOR('',#336,3.750000002);
#338=LINE('',#335,#337);
#339=EDGE_CURVE('',#332,#334,#338,.T.);
#340=ORIENTED_EDGE('',*,*,#339,.F.);
#341=CARTESIAN_POINT('',(-43.997477834,77.497758508,145.508989489));
#342=VERTEX_POINT('',#341);
#343=CARTESIAN_POINT('',(-43.997477834,77.497758513,149.258989489));
#344=DIRECTION('',(-1.,0.,0.));
#345=DIRECTION('',(-0.,-1.,0.));
#346=AXIS2_PLACEMENT_3D('',#343,#344,#345);
#347=CIRCLE('',#346,3.75);
#348=EDGE_CURVE('NONE',#332,#342,#347,.T.);
#349=ORIENTED_EDGE('',*,*,#348,.T.);
#350=CARTESIAN_POINT('',(-43.997477834,77.497758508,145.508989489));
#351=CARTESIAN_POINT('',(-41.800778692,79.69445765,145.508989489));
#352=CARTESIAN_POINT('',(-40.247477834,81.247758509,147.062290348));
#353=CARTESIAN_POINT('',(-40.247477834,81.247758509,149.258989489));
#354=(BOUNDED_CURVE()
B_SPLINE_CURVE(3,(#350,#351,#352,#353),.UNSPECIFIED.,.F.,.F.)
B_SPLINE_CURVE_WITH_KNOTS((4,4),(1.570796327,3.141592654),.UNSPECIFIED.)
CURVE()
GEOMETRIC_REPRESENTATION_ITEM()
RATIONAL_B_SPLINE_CURVE((1.,0.804737854,0.804737854,1.))
REPRESENTATION_ITEM(''));
#355=EDGE_CURVE('NONE',#342,#334,#354,.T.);
#356=ORIENTED_EDGE('',*,*,#355,.T.);
#357=EDGE_LOOP('',(#340,#349,#356));
#358=FACE_BOUND('',#357,.T.);
#359=ADVANCED_FACE('NONE',(#358),#330,.F.);
#360=CARTESIAN_POINT('',(-32.497477833,77.497758513,149.258989489));
#361=DIRECTION('',(-1.,0.,0.));
#362=DIRECTION('',(0.,1.,-0.));
#363=AXIS2_PLACEMENT_3D('',#360,#361,#362);
#364=CYLINDRICAL_SURFACE('',#363,1.6);
#365=CARTESIAN_POINT('',(-45.997477834,79.097758513,149.258989489));
#366=VERTEX_POINT('',#365);
#367=CARTESIAN_POINT('',(-43.997477834,79.097758513,149.258989489));
#368=VERTEX_POINT('',#367);
#369=CARTESIAN_POINT('',(-45.997477834,79.097758513,149.258989489));
#370=DIRECTION('',(1.,-0.,-0.));
#371=VECTOR('',#370,2.);
#372=LINE('',#369,#371);
#373=EDGE_CURVE('',#366,#368,#372,.T.);
#374=ORIENTED_EDGE('',*,*,#373,.F.);
#375=CARTESIAN_POINT('',(-45.997477834,75.897758513,149.258989489));
#376=VERTEX_POINT('',#375);
#377=CARTESIAN_POINT('',(-45.997477834,77.497758513,149.258989489));
#378=DIRECTION('',(1.,-0.,-0.));
#379=DIRECTION('',(-0.,-1.,0.));
#380=AXIS2_PLACEMENT_3D('',#377,#378,#379);
#381=CIRCLE('',#380,1.6);
#382=EDGE_CURVE('NONE',#376,#366,#381,.T.);
#383=ORIENTED_EDGE('',*,*,#382,.F.);
#384=CARTESIAN_POINT('',(-45.997477834,77.497758513,149.258989489));
#385=DIRECTION('',(1.,-0.,-0.));
#386=DIRECTION('',(-0.,-1.,0.));
#387=AXIS2_PLACEMENT_3D('',#384,#385,#386);
#388=CIRCLE('',#387,1.6);
#389=EDGE_CURVE('NONE',#366,#376,#388,.T.);
#390=ORIENTED_EDGE('',*,*,#389,.F.);
#391=ORIENTED_EDGE('',*,*,#373,.T.);
#392=CARTESIAN_POINT('',(-43.997477834,75.897758513,149.258989489));
#393=VERTEX_POINT('',#392);
#394=CARTESIAN_POINT('',(-43.997477834,77.497758513,149.258989489));
#395=DIRECTION('',(-1.,0.,0.));
#396=DIRECTION('',(-0.,-1.,0.));
#397=AXIS2_PLACEMENT_3D('',#394,#395,#396);
#398=CIRCLE('',#397,1.6);
#399=EDGE_CURVE('NONE',#393,#368,#398,.T.);
#400=ORIENTED_EDGE('',*,*,#399,.F.);
#401=CARTESIAN_POINT('',(-43.997477834,77.497758513,149.258989489));
#402=DIRECTION('',(-1.,0.,0.));
#403=DIRECTION('',(-0.,-1.,0.));
#404=AXIS2_PLACEMENT_3D('',#401,#402,#403);
#405=CIRCLE('',#404,1.6);
#406=EDGE_CURVE('NONE',#368,#393,#405,.T.);
#407=ORIENTED_EDGE('',*,*,#406,.F.);
#408=EDGE_LOOP('',(#374,#383,#390,#391,#400,#407));
#409=FACE_BOUND('',#408,.T.);
#410=ADVANCED_FACE('NONE',(#409),#364,.F.);
#411=CARTESIAN_POINT('',(-32.497477848,114.497758513,149.258989489));
#412=DIRECTION('',(-1.,0.,0.));
#413=DIRECTION('',(0.,1.,-0.));
#414=AXIS2_PLACEMENT_3D('',#411,#412,#413);
#415=CYLINDRICAL_SURFACE('',#414,1.6);
#416=CARTESIAN_POINT('',(-45.997477848,116.097758513,149.258989489));
#417=VERTEX_POINT('',#416);
#418=CARTESIAN_POINT('',(-43.997477848,116.097758513,149.258989489));
#419=VERTEX_POINT('',#418);
#420=CARTESIAN_POINT('',(-45.997477848,116.097758513,149.258989489));
#421=DIRECTION('',(1.,-0.,-0.));
#422=VECTOR('',#421,2.);
#423=LINE('',#420,#422);
#424=EDGE_CURVE('',#417,#419,#423,.T.);
#425=ORIENTED_EDGE('',*,*,#424,.F.);
#426=CARTESIAN_POINT('',(-45.997477848,112.897758513,149.258989489));
#427=VERTEX_POINT('',#426);
#428=CARTESIAN_POINT('',(-45.997477848,114.497758513,149.258989489));
#429=DIRECTION('',(1.,-0.,-0.));
#430=DIRECTION('',(-0.,-1.,0.));
#431=AXIS2_PLACEMENT_3D('',#428,#429,#430);
#432=CIRCLE('',#431,1.6);
#433=EDGE_CURVE('NONE',#427,#417,#432,.T.);
#434=ORIENTED_EDGE('',*,*,#433,.F.);
#435=CARTESIAN_POINT('',(-45.997477848,114.497758513,149.258989489));
#436=DIRECTION('',(1.,-0.,-0.));
#437=DIRECTION('',(-0.,-1.,0.));
#438=AXIS2_PLACEMENT_3D('',#435,#436,#437);
#439=CIRCLE('',#438,1.6);
#440=EDGE_CURVE('NONE',#417,#427,#439,.T.);
#441=ORIENTED_EDGE('',*,*,#440,.F.);
#442=ORIENTED_EDGE('',*,*,#424,.T.);
#443=CARTESIAN_POINT('',(-43.997477848,112.897758513,149.258989489));
#444=VERTEX_POINT('',#443);
#445=CARTESIAN_POINT('',(-43.997477848,114.497758513,149.258989489));
#446=DIRECTION('',(-1.,0.,0.));
#447=DIRECTION('',(-0.,-1.,0.));
#448=AXIS2_PLACEMENT_3D('',#445,#446,#447);
#449=CIRCLE('',#448,1.6);
#450=EDGE_CURVE('NONE',#444,#419,#449,.T.);
#451=ORIENTED_EDGE('',*,*,#450,.F.);
#452=CARTESIAN_POINT('',(-43.997477848,114.497758513,149.258989489));
#453=DIRECTION('',(-1.,0.,0.));
#454=DIRECTION('',(-0.,-1.,0.));
#455=AXIS2_PLACEMENT_3D('',#452,#453,#454);
#456=CIRCLE('',#455,1.6);
#457=EDGE_CURVE('NONE',#419,#444,#456,.T.);
#458=ORIENTED_EDGE('',*,*,#457,.F.);
#459=EDGE_LOOP('',(#425,#434,#441,#442,#451,#458));
#460=FACE_BOUND('',#459,.T.);
#461=ADVANCED_FACE('NONE',(#460),#415,.F.);
#462=CARTESIAN_POINT('',(-32.497477848,114.497758513,149.258989489));
#463=DIRECTION('',(-1.,0.,0.));
#464=DIRECTION('',(0.,1.,-0.));
#465=AXIS2_PLACEMENT_3D('',#462,#463,#464);
#466=CYLINDRICAL_SURFACE('',#465,3.75);
#467=CARTESIAN_POINT('',(-45.997477847,118.247758513,149.258989489));
#468=VERTEX_POINT('',#467);
#469=CARTESIAN_POINT('',(-43.997477848,118.247758513,149.258989489));
#470=VERTEX_POINT('',#469);
#471=CARTESIAN_POINT('',(-45.997477847,118.247758513,149.258989489));
#472=DIRECTION('',(1.,-0.,-0.));
#473=VECTOR('',#472,1.999999999);
#474=LINE('',#471,#473);
#475=EDGE_CURVE('',#468,#470,#474,.T.);
#476=ORIENTED_EDGE('',*,*,#475,.T.);
#477=CARTESIAN_POINT('',(-43.997477849,114.49775851,145.508989489));
#478=VERTEX_POINT('',#477);
#479=CARTESIAN_POINT('',(-43.997477848,114.497758513,149.258989489));
#480=DIRECTION('',(-1.,0.,0.));
#481=DIRECTION('',(-0.,-1.,0.));
#482=AXIS2_PLACEMENT_3D('',#479,#480,#481);
#483=CIRCLE('',#482,3.75);
#484=EDGE_CURVE('NONE',#470,#478,#483,.T.);
#485=ORIENTED_EDGE('',*,*,#484,.T.);
#486=CARTESIAN_POINT('',(-45.997477847,114.497758512,145.508989489));
#487=VERTEX_POINT('',#486);
#488=CARTESIAN_POINT('',(-43.997477849,114.497758511,145.508989489));
#489=DIRECTION('',(-1.,0.,0.));
#490=VECTOR('',#489,1.999999998);
#491=LINE('',#488,#490);
#492=EDGE_CURVE('NONE',#478,#487,#491,.T.);
#493=ORIENTED_EDGE('',*,*,#492,.T.);
#494=CARTESIAN_POINT('',(-45.997477847,114.497758513,149.258989489));
#495=DIRECTION('',(1.,-0.,-0.));
#496=DIRECTION('',(-0.,-1.,0.));
#497=AXIS2_PLACEMENT_3D('',#494,#495,#496);
#498=CIRCLE('',#497,3.75);
#499=EDGE_CURVE('NONE',#487,#468,#498,.T.);
#500=ORIENTED_EDGE('',*,*,#499,.T.);
#501=EDGE_LOOP('',(#476,#485,#493,#500));
#502=FACE_BOUND('',#501,.T.);
#503=ADVANCED_FACE('NONE',(#502),#466,.T.);
#504=CARTESIAN_POINT('',(-32.497477846,110.747758513,153.458989489));
#505=DIRECTION('',(0.,0.,1.));
#506=DIRECTION('',(-1.,0.,0.));
#507=AXIS2_PLACEMENT_3D('',#504,#505,#506);
#508=PLANE('',#507);
#509=CARTESIAN_POINT('',(-34.49747784,81.247758513,153.458989489));
#510=VERTEX_POINT('',#509);
#511=CARTESIAN_POINT('',(-38.79747784,81.247758512,153.458989489));
#512=VERTEX_POINT('',#511);
#513=CARTESIAN_POINT('',(-34.49747784,81.247758513,153.458989489));
#514=DIRECTION('',(-1.,0.,0.));
#515=VECTOR('',#514,4.3);
#516=LINE('',#513,#515);
#517=EDGE_CURVE('NONE',#510,#512,#516,.T.);
#518=ORIENTED_EDGE('',*,*,#517,.F.);
#519=CARTESIAN_POINT('',(-34.49747784,110.747758513,153.458989489));
#520=VERTEX_POINT('',#519);
#521=CARTESIAN_POINT('',(-34.49747784,110.747758513,153.458989489));
#522=DIRECTION('',(-0.,-1.,0.));
#523=VECTOR('',#522,29.5);
#524=LINE('',#521,#523);
#525=EDGE_CURVE('NONE',#520,#510,#524,.T.);
#526=ORIENTED_EDGE('',*,*,#525,.F.);
#527=CARTESIAN_POINT('',(-38.79747784,110.747758512,153.458989489));
#528=VERTEX_POINT('',#527);
#529=CARTESIAN_POINT('',(-34.49747784,110.747758513,153.458989489));
#530=DIRECTION('',(-1.,0.,0.));
#531=VECTOR('',#530,4.3);
#532=LINE('',#529,#531);
#533=EDGE_CURVE('NONE',#520,#528,#532,.T.);
#534=ORIENTED_EDGE('',*,*,#533,.T.);
#535=CARTESIAN_POINT('',(-38.797477841,101.047758509,153.458989489));
#536=VERTEX_POINT('',#535);
#537=CARTESIAN_POINT('',(-38.79747784,101.047758509,153.458989489));
#538=DIRECTION('',(0.,1.,-0.));
#539=VECTOR('',#538,9.700000002);
#540=LINE('',#537,#539);
#541=EDGE_CURVE('NONE',#536,#528,#540,.T.);
#542=ORIENTED_EDGE('',*,*,#541,.F.);
#543=CARTESIAN_POINT('',(-41.497477841,101.047758509,153.458989489));
#544=VERTEX_POINT('',#543);
#545=CARTESIAN_POINT('',(-41.497477841,101.047758509,153.458989489));
#546=DIRECTION('',(1.,-0.,-0.));
#547=VECTOR('',#546,2.699999999);
#548=LINE('',#545,#547);
#549=EDGE_CURVE('NONE',#544,#536,#548,.T.);
#550=ORIENTED_EDGE('',*,*,#549,.F.);
#551=CARTESIAN_POINT('',(-41.49747784,90.947758509,153.458989489));
#552=VERTEX_POINT('',#551);
#553=CARTESIAN_POINT('',(-41.497477841,90.947758509,153.458989489));
#554=DIRECTION('',(0.,1.,-0.));
#555=VECTOR('',#554,10.1);
#556=LINE('',#553,#555);
#557=EDGE_CURVE('NONE',#552,#544,#556,.T.);
#558=ORIENTED_EDGE('',*,*,#557,.F.);
#559=CARTESIAN_POINT('',(-38.79747784,90.94775851,153.458989489));
#560=VERTEX_POINT('',#559);
#561=CARTESIAN_POINT('',(-38.79747784,90.947758509,153.458989489));
#562=DIRECTION('',(-1.,0.,0.));
#563=VECTOR('',#562,2.7);
#564=LINE('',#561,#563);
#565=EDGE_CURVE('NONE',#560,#552,#564,.T.);
#566=ORIENTED_EDGE('',*,*,#565,.F.);
#567=CARTESIAN_POINT('',(-38.79747784,81.247758512,153.458989489));
#568=DIRECTION('',(0.,1.,-0.));
#569=VECTOR('',#568,9.699999998);
#570=LINE('',#567,#569);
#571=EDGE_CURVE('NONE',#512,#560,#570,.T.);
#572=ORIENTED_EDGE('',*,*,#571,.F.);
#573=EDGE_LOOP('',(#518,#526,#534,#542,#550,#558,#566,#572));
#574=FACE_BOUND('',#573,.T.);
#575=ADVANCED_FACE('NONE',(#574),#508,.T.);
#576=CARTESIAN_POINT('',(-32.497477835,81.247758513,155.758989489));
#577=DIRECTION('',(0.,1.,-0.));
#578=DIRECTION('',(1.,-0.,-0.));
#579=AXIS2_PLACEMENT_3D('',#576,#577,#578);
#580=PLANE('',#579);
#581=ORIENTED_EDGE('',*,*,#517,.T.);
#582=CARTESIAN_POINT('',(-38.79747784,81.247758512,155.758989489));
#583=VERTEX_POINT('',#582);
#584=CARTESIAN_POINT('',(-38.79747784,81.247758511,155.758989489));
#585=DIRECTION('',(-0.,-0.,-1.));
#586=VECTOR('',#585,2.3);
#587=LINE('',#584,#586);
#588=EDGE_CURVE('NONE',#583,#512,#587,.T.);
#589=ORIENTED_EDGE('',*,*,#588,.F.);
#590=CARTESIAN_POINT('',(-45.997477841,81.247758513,155.758989489));
#591=VERTEX_POINT('',#590);
#592=CARTESIAN_POINT('',(-38.79747784,81.247758513,155.758989489));
#593=DIRECTION('',(-1.,0.,0.));
#594=VECTOR('',#593,7.2);
#595=LINE('',#592,#594);
#596=EDGE_CURVE('NONE',#583,#591,#595,.T.);
#597=ORIENTED_EDGE('',*,*,#596,.T.);
#598=CARTESIAN_POINT('',(-45.997477835,81.247758512,153.008989489));
#599=VERTEX_POINT('',#598);
#600=CARTESIAN_POINT('',(-45.997477835,81.247758513,155.758989489));
#601=DIRECTION('',(-0.,-0.,-1.));
#602=VECTOR('',#601,2.75);
#603=LINE('',#600,#602);
#604=EDGE_CURVE('NONE',#591,#599,#603,.T.);
#605=ORIENTED_EDGE('',*,*,#604,.T.);
#606=CARTESIAN_POINT('',(-40.247477833,81.24775851,153.008989489));
#607=VERTEX_POINT('',#606);
#608=CARTESIAN_POINT('',(-40.247477833,81.24775851,153.008989489));
#609=DIRECTION('',(-1.,0.,0.));
#610=VECTOR('',#609,5.750000001);
#611=LINE('',#608,#610);
#612=EDGE_CURVE('NONE',#607,#599,#611,.T.);
#613=ORIENTED_EDGE('',*,*,#612,.F.);
#614=CARTESIAN_POINT('',(-40.247477834,81.247758509,149.25898949));
#615=DIRECTION('',(0.,0.,1.));
#616=VECTOR('',#615,3.749999999);
#617=LINE('',#614,#616);
#618=EDGE_CURVE('NONE',#334,#607,#617,.T.);
#619=ORIENTED_EDGE('',*,*,#618,.F.);
#620=CARTESIAN_POINT('',(-40.247477833,81.247758511,145.508989489));
#621=VERTEX_POINT('',#620);
#622=CARTESIAN_POINT('',(-40.247477834,81.247758509,145.508989489));
#623=DIRECTION('',(0.,0.,1.));
#624=VECTOR('',#623,3.750000001);
#625=LINE('',#622,#624);
#626=EDGE_CURVE('NONE',#621,#334,#625,.T.);
#627=ORIENTED_EDGE('',*,*,#626,.F.);
#628=CARTESIAN_POINT('',(-45.997477834,81.247758513,145.508989489));
#629=VERTEX_POINT('',#628);
#630=CARTESIAN_POINT('',(-40.247477833,81.247758513,145.508989489));
#631=DIRECTION('',(-1.,0.,0.));
#632=VECTOR('',#631,5.750000001);
#633=LINE('',#630,#632);
#634=EDGE_CURVE('NONE',#621,#629,#633,.T.);
#635=ORIENTED_EDGE('',*,*,#634,.T.);
#636=CARTESIAN_POINT('',(-45.997477835,81.247758513,142.763989489));
#637=VERTEX_POINT('',#636);
#638=CARTESIAN_POINT('',(-45.997477835,81.247758513,145.508989489));
#639=DIRECTION('',(-0.,-0.,-1.));
#640=VECTOR('',#639,2.745);
#641=LINE('',#638,#640);
#642=EDGE_CURVE('NONE',#629,#637,#641,.T.);
#643=ORIENTED_EDGE('',*,*,#642,.T.);
#644=CARTESIAN_POINT('',(-38.79747784,81.247758512,142.763989489));
#645=VERTEX_POINT('',#644);
#646=CARTESIAN_POINT('',(-45.997477835,81.247758513,142.763989489));
#647=DIRECTION('',(1.,-0.,-0.));
#648=VECTOR('',#647,7.199999994);
#649=LINE('',#646,#648);
#650=EDGE_CURVE('NONE',#637,#645,#649,.T.);
#651=ORIENTED_EDGE('',*,*,#650,.T.);
#652=CARTESIAN_POINT('',(-38.79747784,81.247758512,145.058989489));
#653=VERTEX_POINT('',#652);
#654=CARTESIAN_POINT('',(-38.79747784,81.247758511,145.058989489));
#655=DIRECTION('',(-0.,-0.,-1.));
#656=VECTOR('',#655,2.295);
#657=LINE('',#654,#656);
#658=EDGE_CURVE('NONE',#653,#645,#657,.T.);
#659=ORIENTED_EDGE('',*,*,#658,.F.);
#660=CARTESIAN_POINT('',(-34.49747784,81.247758512,145.058989489));
#661=VERTEX_POINT('',#660);
#662=CARTESIAN_POINT('',(-34.49747784,81.247758512,145.058989489));
#663=DIRECTION('',(-1.,0.,0.));
#664=VECTOR('',#663,4.3);
#665=LINE('',#662,#664);
#666=EDGE_CURVE('NONE',#661,#653,#665,.T.);
#667=ORIENTED_EDGE('',*,*,#666,.F.);
#668=CARTESIAN_POINT('',(-34.49747784,81.247758512,153.458989489));
#669=DIRECTION('',(-0.,-0.,-1.));
#670=VECTOR('',#669,8.4);
#671=LINE('',#668,#670);
#672=EDGE_CURVE('NONE',#510,#661,#671,.T.);
#673=ORIENTED_EDGE('',*,*,#672,.F.);
#674=EDGE_LOOP('',(#581,#589,#597,#605,#613,#619,#627,#635,#643,#651,#659,#667,#673));
#675=FACE_BOUND('',#674,.T.);
#676=ADVANCED_FACE('NONE',(#675),#580,.F.);
#677=CARTESIAN_POINT('',(-32.497477846,110.747758513,145.058989489));
#678=DIRECTION('',(-0.,-0.,-1.));
#679=DIRECTION('',(1.,-0.,-0.));
#680=AXIS2_PLACEMENT_3D('',#677,#678,#679);
#681=PLANE('',#680);
#682=CARTESIAN_POINT('',(-34.49747784,110.747758513,145.058989489));
#683=VERTEX_POINT('',#682);
#684=CARTESIAN_POINT('',(-38.79747784,110.747758512,145.058989489));
#685=VERTEX_POINT('',#684);
#686=CARTESIAN_POINT('',(-34.49747784,110.747758513,145.058989489));
#687=DIRECTION('',(-1.,0.,0.));
#688=VECTOR('',#687,4.3);
#689=LINE('',#686,#688);
#690=EDGE_CURVE('NONE',#683,#685,#689,.T.);
#691=ORIENTED_EDGE('',*,*,#690,.F.);
#692=CARTESIAN_POINT('',(-34.49747784,81.247758512,145.058989489));
#693=DIRECTION('',(0.,1.,-0.));
#694=VECTOR('',#693,29.500000001);
#695=LINE('',#692,#694);
#696=EDGE_CURVE('NONE',#661,#683,#695,.T.);
#697=ORIENTED_EDGE('',*,*,#696,.F.);
#698=ORIENTED_EDGE('',*,*,#666,.T.);
#699=CARTESIAN_POINT('',(-38.79747784,110.747758512,145.058989489));
#700=DIRECTION('',(-0.,-1.,0.));
#701=VECTOR('',#700,29.500000001);
#702=LINE('',#699,#701);
#703=EDGE_CURVE('NONE',#685,#653,#702,.T.);
#704=ORIENTED_EDGE('',*,*,#703,.F.);
#705=EDGE_LOOP('',(#691,#697,#698,#704));
#706=FACE_BOUND('',#705,.T.);
#707=ADVANCED_FACE('NONE',(#706),#681,.T.);
#708=CARTESIAN_POINT('',(-32.497477846,110.747758513,142.758989489));
#709=DIRECTION('',(0.,0.,1.));
#710=DIRECTION('',(-1.,0.,0.));
#711=AXIS2_PLACEMENT_3D('',#708,#709,#710);
#712=PLANE('',#711);
#713=CARTESIAN_POINT('',(-41.49747784,92.895844712,142.758989489));
#714=VERTEX_POINT('',#713);
#715=CARTESIAN_POINT('',(-39.99747784,93.924690867,142.758989489));
#716=VERTEX_POINT('',#715);
#717=CARTESIAN_POINT('',(-41.49747784,92.895844712,142.758989489));
#718=DIRECTION('',(0.824658401,0.565631083,-0.));
#719=VECTOR('',#718,1.818934966);
#720=LINE('',#717,#719);
#721=EDGE_CURVE('NONE',#714,#716,#720,.T.);
#722=ORIENTED_EDGE('',*,*,#721,.T.);
#723=CARTESIAN_POINT('',(-39.99747784,94.444823079,142.758989489));
#724=VERTEX_POINT('',#723);
#725=CARTESIAN_POINT('',(-39.99747784,93.924690867,142.758989489));
#726=DIRECTION('',(0.,1.,-0.));
#727=VECTOR('',#726,0.520132212);
#728=LINE('',#725,#727);
#729=EDGE_CURVE('NONE',#716,#724,#728,.T.);
#730=ORIENTED_EDGE('',*,*,#729,.T.);
#731=CARTESIAN_POINT('',(-41.497477841,95.47276779,142.758989489));
#732=VERTEX_POINT('',#731);
#733=CARTESIAN_POINT('',(-39.99747784,94.444823079,142.758989489));
#734=DIRECTION('',(-0.824889565,0.56529391,-0.));
#735=VECTOR('',#734,1.818425234);
#736=LINE('',#733,#735);
#737=EDGE_CURVE('NONE',#724,#732,#736,.T.);
#738=ORIENTED_EDGE('',*,*,#737,.T.);
#739=CARTESIAN_POINT('',(-41.497477841,94.936409617,142.758989489));
#740=VERTEX_POINT('',#739);
#741=CARTESIAN_POINT('',(-41.497477841,95.47276779,142.758989489));
#742=DIRECTION('',(-0.,-1.,0.));
#743=VECTOR('',#742,0.536358173);
#744=LINE('',#741,#743);
#745=EDGE_CURVE('NONE',#732,#740,#744,.T.);
#746=ORIENTED_EDGE('',*,*,#745,.T.);
#747=CARTESIAN_POINT('',(-41.189785532,94.728777405,142.758989489));
#748=VERTEX_POINT('',#747);
#749=CARTESIAN_POINT('',(-41.497477841,94.936409617,142.758989489));
#750=DIRECTION('',(0.828923743,-0.559361626,0.));
#751=VECTOR('',#750,0.371194951);
#752=LINE('',#749,#751);
#753=EDGE_CURVE('NONE',#740,#748,#752,.T.);
#754=ORIENTED_EDGE('',*,*,#753,.T.);
#755=CARTESIAN_POINT('',(-41.189785532,93.639234135,142.758989489));
#756=VERTEX_POINT('',#755);
#757=CARTESIAN_POINT('',(-41.189785532,94.728777405,142.758989489));
#758=DIRECTION('',(-0.,-1.,0.));
#759=VECTOR('',#758,1.08954327);
#760=LINE('',#757,#759);
#761=EDGE_CURVE('NONE',#748,#756,#760,.T.);
#762=ORIENTED_EDGE('',*,*,#761,.T.);
#763=CARTESIAN_POINT('',(-41.49747784,93.431601924,142.758989489));
#764=VERTEX_POINT('',#763);
#765=CARTESIAN_POINT('',(-41.189785532,93.639234135,142.758989489));
#766=DIRECTION('',(-0.828923742,-0.559361627,0.));
#767=VECTOR('',#766,0.371194951);
#768=LINE('',#765,#767);
#769=EDGE_CURVE('NONE',#756,#764,#768,.T.);
#770=ORIENTED_EDGE('',*,*,#769,.T.);
#771=CARTESIAN_POINT('',(-41.49747784,93.431601924,142.758989489));
#772=DIRECTION('',(-0.,-1.,0.));
#773=VECTOR('',#772,0.535757212);
#774=LINE('',#771,#773);
#775=EDGE_CURVE('NONE',#764,#714,#774,.T.);
#776=ORIENTED_EDGE('',*,*,#775,.T.);
#777=EDGE_LOOP('',(#722,#730,#738,#746,#754,#762,#770,#776));
#778=FACE_BOUND('',#777,.T.);
#779=CARTESIAN_POINT('',(-39.959016299,89.338753367,142.758989489));
#780=VERTEX_POINT('',#779);
#781=CARTESIAN_POINT('',(-40.197898511,90.09776779,142.758989489));
#782=VERTEX_POINT('',#781);
#783=CARTESIAN_POINT('',(-39.959016299,89.338753367,142.758989489));
#784=CARTESIAN_POINT('',(-39.960352355,89.406117174,142.758989489));
#785=CARTESIAN_POINT('',(-39.963657132,89.473517078,142.758989489));
#786=CARTESIAN_POINT('',(-39.973314084,89.54020507,142.758989489));
#787=CARTESIAN_POINT('',(-39.982971036,89.606893062,142.758989489));
#788=CARTESIAN_POINT('',(-39.99742545,89.672916112,142.758989489));
#789=CARTESIAN_POINT('',(-40.017799715,89.737147562,142.758989489));
#790=CARTESIAN_POINT('',(-40.058548245,89.865610463,142.758989489));
#791=CARTESIAN_POINT('',(-40.124727725,89.98458394,142.758989489));
#792=CARTESIAN_POINT('',(-40.19789851,90.097767789,142.758989489));
#793=B_SPLINE_CURVE_WITH_KNOTS('',3,(#783,#784,#785,#786,#787,#788,#789,#790,#791,#792),.UNSPECIFIED.,.F.,.F.,(4,3,3,4),(0.,0.000202131,0.000404262,0.000808525),.UNSPECIFIED.);
#794=EDGE_CURVE('NONE',#780,#782,#793,.T.);
#795=ORIENTED_EDGE('',*,*,#794,.T.);
#796=CARTESIAN_POINT('',(-40.382093223,89.731181251,142.758989489));
#797=VERTEX_POINT('',#796);
#798=CARTESIAN_POINT('',(-40.197898511,90.09776779,142.758989489));
#799=DIRECTION('',(-0.448970529,-0.893546565,0.));
#800=VECTOR('',#799,0.410260139);
#801=LINE('',#798,#800);
#802=EDGE_CURVE('NONE',#782,#797,#801,.T.);
#803=ORIENTED_EDGE('',*,*,#802,.T.);
#804=CARTESIAN_POINT('',(-40.228247069,89.338152407,142.758989489));
#805=VERTEX_POINT('',#804);
#806=CARTESIAN_POINT('',(-40.382093223,89.731181251,142.758989489));
#807=CARTESIAN_POINT('',(-40.33836634,89.674304337,142.758989489));
#808=CARTESIAN_POINT('',(-40.298607354,89.613839705,142.758989489));
#809=CARTESIAN_POINT('',(-40.271173209,89.54755817,142.758989489));
#810=CARTESIAN_POINT('',(-40.257456136,89.514417402,142.758989489));
#811=CARTESIAN_POINT('',(-40.246688597,89.480046149,142.758989489));
#812=CARTESIAN_POINT('',(-40.239346681,89.444942427,142.758989489));
#813=CARTESIAN_POINT('',(-40.232004764,89.409838705,142.758989489));
#814=CARTESIAN_POINT('',(-40.229239091,89.373974819,142.758989489));
#815=CARTESIAN_POINT('',(-40.228247069,89.338152407,142.758989489));
#816=B_SPLINE_CURVE_WITH_KNOTS('',3,(#806,#807,#808,#809,#810,#811,#812,#813,#814,#815),.UNSPECIFIED.,.F.,.F.,(4,3,3,4),(0.,0.000215228,0.000322842,0.000430457),.UNSPECIFIED.);
#817=EDGE_CURVE('NONE',#797,#805,#816,.T.);
#818=ORIENTED_EDGE('',*,*,#817,.T.);
#819=CARTESIAN_POINT('',(-40.326504423,89.116998571,142.758989489));
#820=VERTEX_POINT('',#819);
#821=CARTESIAN_POINT('',(-40.228247069,89.338152407,142.758989489));
#822=CARTESIAN_POINT('',(-40.229024367,89.294750599,142.758989489));
#823=CARTESIAN_POINT('',(-40.23219095,89.250968845,142.758989489));
#824=CARTESIAN_POINT('',(-40.245805077,89.209698875,142.758989489));
#825=CARTESIAN_POINT('',(-40.252612141,89.18906389,142.758989489));
#826=CARTESIAN_POINT('',(-40.261943854,89.169164102,142.758989489));
#827=CARTESIAN_POINT('',(-40.274236766,89.151395145,142.758989489));
#828=CARTESIAN_POINT('',(-40.280383222,89.142510666,142.758989489));
#829=CARTESIAN_POINT('',(-40.287486057,89.13401422,142.758989489));
#830=CARTESIAN_POINT('',(-40.296169648,89.127604742,142.758989489));
#831=CARTESIAN_POINT('',(-40.304853239,89.121195263,142.758989489));
#832=CARTESIAN_POINT('',(-40.315735317,89.118469186,142.758989489));
#833=CARTESIAN_POINT('',(-40.326504557,89.116998521,142.758989489));
#834=B_SPLINE_CURVE_WITH_KNOTS('',3,(#821,#822,#823,#824,#825,#826,#827,#828,#829,#830,#831,#832,#833),.UNSPECIFIED.,.F.,.F.,(4,3,3,3,4),(0.,0.000130226,0.000195339,0.000227896,0.000260452),.UNSPECIFIED.);
#835=EDGE_CURVE('NONE',#805,#820,#834,.T.);
#836=ORIENTED_EDGE('',*,*,#835,.T.);
#837=CARTESIAN_POINT('',(-40.398319427,89.161770541,142.758989489));
#838=VERTEX_POINT('',#837);
#839=CARTESIAN_POINT('',(-40.326504566,89.116998583,142.758989489));
#840=CARTESIAN_POINT('',(-40.333838667,89.117615354,142.758989489));
#841=CARTESIAN_POINT('',(-40.34123504,89.118292625,142.758989489));
#842=CARTESIAN_POINT('',(-40.34812981,89.12061704,142.758989489));
#843=CARTESIAN_POINT('',(-40.35502458,89.122941454,142.758989489));
#844=CARTESIAN_POINT('',(-40.361518218,89.126612261,142.758989489));
#845=CARTESIAN_POINT('',(-40.367470925,89.130781438,142.758989489));
#846=CARTESIAN_POINT('',(-40.37937634,89.139119792,142.758989489));
#847=CARTESIAN_POINT('',(-40.389065847,89.150395679,142.758989489));
#848=CARTESIAN_POINT('',(-40.398319718,89.16177085,142.758989489));
#849=B_SPLINE_CURVE_WITH_KNOTS('',3,(#839,#840,#841,#842,#843,#844,#845,#846,#847,#848),.UNSPECIFIED.,.F.,.F.,(4,3,3,4),(0.,0.000022077,0.000044154,0.000088308),.UNSPECIFIED.);
#850=EDGE_CURVE('NONE',#820,#838,#849,.T.);
#851=ORIENTED_EDGE('',*,*,#850,.T.);
#852=CARTESIAN_POINT('',(-40.591828799,89.528657212,142.758989489));
#853=VERTEX_POINT('',#852);
#854=CARTESIAN_POINT('',(-40.39831967,89.161770889,142.758989489));
#855=CARTESIAN_POINT('',(-40.418118061,89.190145006,142.758989489));
#856=CARTESIAN_POINT('',(-40.43502665,89.220366106,142.758989489));
#857=CARTESIAN_POINT('',(-40.45146703,89.250800636,142.758989489));
#858=CARTESIAN_POINT('',(-40.467907411,89.281235165,142.758989489));
#859=CARTESIAN_POINT('',(-40.483936613,89.311891032,142.758989489));
#860=CARTESIAN_POINT('',(-40.499711453,89.342676167,142.758989489));
#861=CARTESIAN_POINT('',(-40.531261132,89.404246436,142.758989489));
#862=CARTESIAN_POINT('',(-40.56157934,89.466437945,142.758989489));
#863=CARTESIAN_POINT('',(-40.591828799,89.528657212,142.758989489));
#864=B_SPLINE_CURVE_WITH_KNOTS('',3,(#854,#855,#856,#857,#858,#859,#860,#861,#862,#863),.UNSPECIFIED.,.F.,.F.,(4,3,3,4),(0.,0.000103796,0.000207592,0.000415183),.UNSPECIFIED.);
#865=EDGE_CURVE('NONE',#838,#853,#864,.T.);
#866=ORIENTED_EDGE('',*,*,#865,.T.);
#867=CARTESIAN_POINT('',(-40.764905723,89.876012982,142.758989489));
#868=VERTEX_POINT('',#867);
#869=CARTESIAN_POINT('',(-40.591828799,89.528657212,142.758989489));
#870=CARTESIAN_POINT('',(-40.619805674,89.58698699,142.758989489));
#871=CARTESIAN_POINT('',(-40.647616183,89.645399447,142.758989489));
#872=CARTESIAN_POINT('',(-40.676243845,89.703412581,142.758989489));
#873=CARTESIAN_POINT('',(-40.704871506,89.761425716,142.758989489));
#874=CARTESIAN_POINT('',(-40.73285486,89.819824184,142.758989489));
#875=CARTESIAN_POINT('',(-40.764905723,89.876012982,142.758989489));
#876=B_SPLINE_CURVE_WITH_KNOTS('',3,(#869,#870,#871,#872,#873,#874,#875),.UNSPECIFIED.,.F.,.F.,(4,3,4),(0.,0.000194076,0.000388153),.UNSPECIFIED.);
#877=EDGE_CURVE('NONE',#853,#868,#876,.T.);
#878=ORIENTED_EDGE('',*,*,#877,.T.);
#879=CARTESIAN_POINT('',(-41.108956545,90.155460081,142.758989489));
#880=VERTEX_POINT('',#879);
#881=CARTESIAN_POINT('',(-40.764905723,89.876012982,142.758989489));
#882=CARTESIAN_POINT('',(-40.804405826,89.942972339,142.758989489));
#883=CARTESIAN_POINT('',(-40.84611152,90.009746419,142.758989489));
#884=CARTESIAN_POINT('',(-40.901810018,90.064002311,142.758989489));
#885=CARTESIAN_POINT('',(-40.929659268,90.091130257,142.758989489));
#886=CARTESIAN_POINT('',(-40.961085831,90.114748616,142.758989489));
#887=CARTESIAN_POINT('',(-40.996451343,90.130937958,142.758989489));
#888=CARTESIAN_POINT('',(-41.014134099,90.139032629,142.758989489));
#889=CARTESIAN_POINT('',(-41.032627777,90.145488514,142.758989489));
#890=CARTESIAN_POINT('',(-41.051498653,90.14951809,142.758989489));
#891=CARTESIAN_POINT('',(-41.07036953,90.153547666,142.758989489));
#892=CARTESIAN_POINT('',(-41.089654575,90.154566639,142.758989489));
#893=CARTESIAN_POINT('',(-41.108956883,90.155460128,142.758989489));
#894=B_SPLINE_CURVE_WITH_KNOTS('',3,(#881,#882,#883,#884,#885,#886,#887,#888,#889,#890,#891,#892,#893),.UNSPECIFIED.,.F.,.F.,(4,3,3,3,4),(0.,0.000233226,0.000349839,0.000408145,0.000466452),.UNSPECIFIED.);
#895=EDGE_CURVE('NONE',#868,#880,#894,.T.);
#896=ORIENTED_EDGE('',*,*,#895,.T.);
#897=CARTESIAN_POINT('',(-41.535939376,89.348368751,142.758989489));
#898=VERTEX_POINT('',#897);
#899=CARTESIAN_POINT('',(-41.108956886,90.155460066,142.758989489));
#900=CARTESIAN_POINT('',(-41.129856735,90.154511203,142.758989489));
#901=CARTESIAN_POINT('',(-41.150907337,90.153251829,142.758989489));
#902=CARTESIAN_POINT('',(-41.171215599,90.148700659,142.758989489));
#903=CARTESIAN_POINT('',(-41.191523861,90.144149488,142.758989489));
#904=CARTESIAN_POINT('',(-41.211075554,90.137317785,142.758989489));
#905=CARTESIAN_POINT('',(-41.229941421,90.128418791,142.758989489));
#906=CARTESIAN_POINT('',(-41.267673155,90.110620803,142.758989489));
#907=CARTESIAN_POINT('',(-41.300870176,90.084029795,142.758989489));
#908=CARTESIAN_POINT('',(-41.329619612,90.053677931,142.758989489));
#909=CARTESIAN_POINT('',(-41.358369048,90.023326068,142.758989489));
#910=CARTESIAN_POINT('',(-41.382359869,89.988739591,142.758989489));
#911=CARTESIAN_POINT('',(-41.403459853,89.952671327,142.758989489));
#912=CARTESIAN_POINT('',(-41.424559837,89.916603064,142.758989489));
#913=CARTESIAN_POINT('',(-41.44230609,89.878775076,142.758989489));
#914=CARTESIAN_POINT('',(-41.457410474,89.840060181,142.758989489));
#915=CARTESIAN_POINT('',(-41.487619244,89.762630391,142.758989489));
#916=CARTESIAN_POINT('',(-41.507010457,89.68071204,142.758989489));
#917=CARTESIAN_POINT('',(-41.518942873,89.598064643,142.758989489));
#918=CARTESIAN_POINT('',(-41.524909082,89.556740944,142.758989489));
#919=CARTESIAN_POINT('',(-41.529426953,89.515203839,142.758989489));
#920=CARTESIAN_POINT('',(-41.532155409,89.473544386,142.758989489));
#921=CARTESIAN_POINT('',(-41.534883866,89.431884934,142.758989489));
#922=CARTESIAN_POINT('',(-41.535493597,89.390117477,142.758989489));
#923=CARTESIAN_POINT('',(-41.535939376,89.348368751,142.758989489));
#924=B_SPLINE_CURVE_WITH_KNOTS('',3,(#899,#900,#901,#902,#903,#904,#905,#906,#907,#908,#909,#910,#911,#912,#913,#914,#915,#916,#917,#918,#919,#920,#921,#922,#923),.UNSPECIFIED.,.F.,.F.,(4,3,3,3,3,3,3,3,4),(0.,0.000062764,0.000125528,0.000251056,0.000376584,0.000502112,0.000753169,0.000878697,0.001004225),.UNSPECIFIED.);
#925=EDGE_CURVE('NONE',#880,#898,#924,.T.);
#926=ORIENTED_EDGE('',*,*,#925,.T.);
#927=CARTESIAN_POINT('',(-41.216528319,88.501613943,142.758989489));
#928=VERTEX_POINT('',#927);
#929=CARTESIAN_POINT('',(-41.535939376,89.348368751,142.758989489));
#930=CARTESIAN_POINT('',(-41.535180416,89.270520403,142.758989489));
#931=CARTESIAN_POINT('',(-41.531549696,89.1926136,142.758989489));
#932=CARTESIAN_POINT('',(-41.521129006,89.115460841,142.758989489));
#933=CARTESIAN_POINT('',(-41.510708317,89.038308081,142.758989489));
#934=CARTESIAN_POINT('',(-41.493857817,88.961948206,142.758989489));
#935=CARTESIAN_POINT('',(-41.469155805,88.888118329,142.758989489));
#936=CARTESIAN_POINT('',(-41.444453793,88.814288451,142.758989489));
#937=CARTESIAN_POINT('',(-41.410895517,88.743360999,142.758989489));
#938=CARTESIAN_POINT('',(-41.368500975,88.678077549,142.758989489));
#939=CARTESIAN_POINT('',(-41.347303704,88.645435825,142.758989489));
#940=CARTESIAN_POINT('',(-41.323639618,88.614397736,142.758989489));
#941=CARTESIAN_POINT('',(-41.298372693,88.584796619,142.758989489));
#942=CARTESIAN_POINT('',(-41.273105768,88.555195503,142.758989489));
#943=CARTESIAN_POINT('',(-41.244953665,88.528204834,142.758989489));
#944=CARTESIAN_POINT('',(-41.216528321,88.501613945,142.758989489));
#945=B_SPLINE_CURVE_WITH_KNOTS('',3,(#929,#930,#931,#932,#933,#934,#935,#936,#937,#938,#939,#940,#941,#942,#943,#944),.UNSPECIFIED.,.F.,.F.,(4,3,3,3,3,4),(0.,0.000233556,0.000467112,0.000700668,0.000817446,0.000934225),.UNSPECIFIED.);
#946=EDGE_CURVE('NONE',#898,#928,#945,.T.);
#947=ORIENTED_EDGE('',*,*,#946,.T.);
#948=CARTESIAN_POINT('',(-41.074400915,88.919282212,142.758989489));
#949=VERTEX_POINT('',#948);
#950=CARTESIAN_POINT('',(-41.216528319,88.501613943,142.758989489));
#951=DIRECTION('',(0.322146923,0.946689685,-0.));
#952=VECTOR('',#951,0.441188148);
#953=LINE('',#950,#952);
#954=EDGE_CURVE('NONE',#928,#949,#953,.T.);
#955=ORIENTED_EDGE('',*,*,#954,.T.);
#956=CARTESIAN_POINT('',(-41.266708597,89.353176874,142.758989489));
#957=VERTEX_POINT('',#956);
#958=CARTESIAN_POINT('',(-41.074400915,88.919282213,142.758989489));
#959=CARTESIAN_POINT('',(-41.102788973,88.948433521,142.758989489));
#960=CARTESIAN_POINT('',(-41.130433949,88.978434839,142.758989489));
#961=CARTESIAN_POINT('',(-41.154320484,89.011366426,142.758989489));
#962=CARTESIAN_POINT('',(-41.178207019,89.044298014,142.758989489));
#963=CARTESIAN_POINT('',(-41.19920941,89.07937234,142.758989489));
#964=CARTESIAN_POINT('',(-41.216069597,89.116400905,142.758989489));
#965=CARTESIAN_POINT('',(-41.232929784,89.15342947,142.758989489));
#966=CARTESIAN_POINT('',(-41.245772411,89.192294654,142.758989489));
#967=CARTESIAN_POINT('',(-41.254244451,89.232078494,142.758989489));
#968=CARTESIAN_POINT('',(-41.262716491,89.271862334,142.758989489));
#969=CARTESIAN_POINT('',(-41.265578946,89.312557038,142.758989489));
#970=CARTESIAN_POINT('',(-41.266708631,89.353177303,142.758989489));
#971=B_SPLINE_CURVE_WITH_KNOTS('',3,(#958,#959,#960,#961,#962,#963,#964,#965,#966,#967,#968,#969,#970),.UNSPECIFIED.,.F.,.F.,(4,3,3,3,4),(0.,0.00012207,0.00024414,0.00036621,0.000488281),.UNSPECIFIED.);
#972=EDGE_CURVE('NONE',#949,#957,#971,.T.);
#973=ORIENTED_EDGE('',*,*,#972,.T.);
#974=CARTESIAN_POINT('',(-41.124581028,89.655460079,142.758989489));
#975=VERTEX_POINT('',#974);
#976=CARTESIAN_POINT('',(-41.266708588,89.353177304,142.758989489));
#977=CARTESIAN_POINT('',(-41.265326896,89.413275467,142.758989489));
#978=CARTESIAN_POINT('',(-41.260100108,89.474041095,142.758989489));
#979=CARTESIAN_POINT('',(-41.239711862,89.530594999,142.758989489));
#980=CARTESIAN_POINT('',(-41.229517739,89.558871951,142.758989489));
#981=CARTESIAN_POINT('',(-41.216413677,89.586257416,142.758989489));
#982=CARTESIAN_POINT('',(-41.198607855,89.610520815,142.758989489));
#983=CARTESIAN_POINT('',(-41.189704944,89.622652515,142.758989489));
#984=CARTESIAN_POINT('',(-41.179104122,89.633354651,142.758989489));
#985=CARTESIAN_POINT('',(-41.166770141,89.641847574,142.758989489));
#986=CARTESIAN_POINT('',(-41.154436159,89.650340498,142.758989489));
#987=CARTESIAN_POINT('',(-41.139630468,89.654338594,142.758989489));
#988=CARTESIAN_POINT('',(-41.124580856,89.655460123,142.758989489));
#989=B_SPLINE_CURVE_WITH_KNOTS('',3,(#976,#977,#978,#979,#980,#981,#982,#983,#984,#985,#986,#987,#988),.UNSPECIFIED.,.F.,.F.,(4,3,3,3,4),(0.,0.000180342,0.000270513,0.000315599,0.000360684),.UNSPECIFIED.);
#990=EDGE_CURVE('NONE',#957,#975,#989,.T.);
#991=ORIENTED_EDGE('',*,*,#990,.T.);
#992=CARTESIAN_POINT('',(-40.865867261,89.29728702,142.758989489));
#993=VERTEX_POINT('',#992);
#994=CARTESIAN_POINT('',(-41.124580852,89.655460061,142.758989489));
#995=CARTESIAN_POINT('',(-41.115098705,89.654476341,142.758989489));
#996=CARTESIAN_POINT('',(-41.10556603,89.653457841,142.758989489));
#997=CARTESIAN_POINT('',(-41.096629516,89.650501859,142.758989489));
#998=CARTESIAN_POINT('',(-41.087693003,89.647545877,142.758989489));
#999=CARTESIAN_POINT('',(-41.079218902,89.64286201,142.758989489));
#1000=CARTESIAN_POINT('',(-41.071342869,89.637491323,142.758989489));
#1001=CARTESIAN_POINT('',(-41.055590802,89.626749949,142.758989489));
#1002=CARTESIAN_POINT('',(-41.041890157,89.613169984,142.758989489));
#1003=CARTESIAN_POINT('',(-41.029699846,89.598521363,142.758989489));
#1004=CARTESIAN_POINT('',(-41.017509535,89.583872741,142.758989489));
#1005=CARTESIAN_POINT('',(-41.007111779,89.567796897,142.758989489));
#1006=CARTESIAN_POINT('',(-40.996999855,89.551609815,142.758989489));
#1007=CARTESIAN_POINT('',(-40.986887932,89.535422732,142.758989489));
#1008=CARTESIAN_POINT('',(-40.977216243,89.51896043,142.758989489));
#1009=CARTESIAN_POINT('',(-40.968106912,89.50218969,142.758989489));
#1010=CARTESIAN_POINT('',(-40.931669585,89.435106729,142.758989489));
#1011=CARTESIAN_POINT('',(-40.898515965,89.366297471,142.758989489));
#1012=CARTESIAN_POINT('',(-40.865867261,89.29728702,142.758989489));
#1013=B_SPLINE_CURVE_WITH_KNOTS('',3,(#994,#995,#996,#997,#998,#999,#1000,#1001,#1002,#1003,#1004,#1005,#1006,#1007,#1008,#1009,#1010,#1011,#1012),.UNSPECIFIED.,.F.,.F.,(4,3,3,3,3,3,4),(0.,0.000028598,0.000057196,0.000114392,0.000171588,0.000228784,0.000457568),.UNSPECIFIED.);
#1014=EDGE_CURVE('NONE',#975,#993,#1013,.T.);
#1015=ORIENTED_EDGE('',*,*,#1014,.T.);
#1016=CARTESIAN_POINT('',(-40.339424646,88.616998575,142.758989489));
#1017=VERTEX_POINT('',#1016);
#1018=CARTESIAN_POINT('',(-40.865867261,89.29728702,142.758989489));
#1019=CARTESIAN_POINT('',(-40.8028305,89.161993876,142.758989489));
#1020=CARTESIAN_POINT('',(-40.73775396,89.027435775,142.758989489));
#1021=CARTESIAN_POINT('',(-40.66253821,88.898514801,142.758989489));
#1022=CARTESIAN_POINT('',(-40.624930335,88.834054314,142.758989489));
#1023=CARTESIAN_POINT('',(-40.584990994,88.770159202,142.758989489));
#1024=CARTESIAN_POINT('',(-40.533004936,88.71659179,142.758989489));
#1025=CARTESIAN_POINT('',(-40.507011906,88.689808084,142.758989489));
#1026=CARTESIAN_POINT('',(-40.478311166,88.665175663,142.758989489));
#1027=CARTESIAN_POINT('',(-40.445780242,88.647054121,142.758989489));
#1028=CARTESIAN_POINT('',(-40.42951478,88.637993349,142.758989489));
#1029=CARTESIAN_POINT('',(-40.412322022,88.630420591,142.758989489));
#1030=CARTESIAN_POINT('',(-40.394457921,88.625090693,142.758989489));
#1031=CARTESIAN_POINT('',(-40.37659382,88.619760795,142.758989489));
#1032=CARTESIAN_POINT('',(-40.357993775,88.617955638,142.758989489));
#1033=CARTESIAN_POINT('',(-40.339424341,88.616998528,142.758989489));
#1034=B_SPLINE_CURVE_WITH_KNOTS('',3,(#1018,#1019,#1020,#1021,#1022,#1023,#1024,#1025,#1026,#1027,#1028,#1029,#1030,#1031,#1032,#1033),.UNSPECIFIED.,.F.,.F.,(4,3,3,3,3,4),(0.,0.000447773,0.00067166,0.000783603,0.000839575,0.000895546),.UNSPECIFIED.);
#1035=EDGE_CURVE('NONE',#993,#1017,#1034,.T.);
#1036=ORIENTED_EDGE('',*,*,#1035,.T.);
#1037=CARTESIAN_POINT('',(-40.339424338,88.61699859,142.758989489));
#1038=CARTESIAN_POINT('',(-40.320934473,88.617926319,142.758989489));
#1039=CARTESIAN_POINT('',(-40.302392808,88.6191911,142.758989489));
#1040=CARTESIAN_POINT('',(-40.284428794,88.623695316,142.758989489));
#1041=CARTESIAN_POINT('',(-40.26646478,88.628199532,142.758989489));
#1042=CARTESIAN_POINT('',(-40.249131205,88.63503916,142.758989489));
#1043=CARTESIAN_POINT('',(-40.232778761,88.643686672,142.758989489));
#1044=CARTESIAN_POINT('',(-40.200073874,88.660981695,142.758989489));
#1045=CARTESIAN_POINT('',(-40.171880817,88.685813302,142.758989489));
#1046=CARTESIAN_POINT('',(-40.147164815,88.713403917,142.758989489));
#1047=CARTESIAN_POINT('',(-40.09773281,88.768585145,142.758989489));
#1048=CARTESIAN_POINT('',(-40.062136358,88.834949698,142.758989489));
#1049=CARTESIAN_POINT('',(-40.034071607,88.903480134,142.758989489));
#1050=CARTESIAN_POINT('',(-40.006006856,88.97201057,142.758989489));
#1051=CARTESIAN_POINT('',(-39.987431299,89.044263071,142.758989489));
#1052=CARTESIAN_POINT('',(-39.975586157,89.11737603,142.758989489));
#1053=CARTESIAN_POINT('',(-39.963741014,89.19048899,142.758989489));
#1054=CARTESIAN_POINT('',(-39.960085203,89.264683373,142.758989489));
#1055=CARTESIAN_POINT('',(-39.959016299,89.338753367,142.758989489));
#1056=B_SPLINE_CURVE_WITH_KNOTS('',3,(#1037,#1038,#1039,#1040,#1041,#1042,#1043,#1044,#1045,#1046,#1047,#1048,#1049,#1050,#1051,#1052,#1053,#1054,#1055),.UNSPECIFIED.,.F.,.F.,(4,3,3,3,3,3,4),(0.,0.000055539,0.000111078,0.000222157,0.000444314,0.000666471,0.000888627),.UNSPECIFIED.);
#1057=EDGE_CURVE('NONE',#1017,#780,#1056,.T.);
#1058=ORIENTED_EDGE('',*,*,#1057,.T.);
#1059=EDGE_LOOP('',(#795,#803,#818,#836,#851,#866,#878,#896,#926,#947,#955,#973,#991,#1015,#1036,#1058));
#1060=FACE_BOUND('',#1059,.T.);
#1061=CARTESIAN_POINT('',(-43.228247087,102.515415891,142.758989489));
#1062=VERTEX_POINT('',#1061);
#1063=CARTESIAN_POINT('',(-43.497477843,102.30778405,142.758989489));
#1064=VERTEX_POINT('',#1063);
#1065=CARTESIAN_POINT('',(-43.2282471,102.515415521,142.758989489));
#1066=CARTESIAN_POINT('',(-43.228805939,102.499615491,142.758989489));
#1067=CARTESIAN_POINT('',(-43.229989124,102.483872696,142.758989489));
#1068=CARTESIAN_POINT('',(-43.233996571,102.468580484,142.758989489));
#1069=CARTESIAN_POINT('',(-43.238004019,102.453288273,142.758989489));
#1070=CARTESIAN_POINT('',(-43.243973133,102.438476441,142.758989489));
#1071=CARTESIAN_POINT('',(-43.252040688,102.424856235,142.758989489));
#1072=CARTESIAN_POINT('',(-43.268175797,102.397615823,142.758989489));
#1073=CARTESIAN_POINT('',(-43.291562366,102.375007042,142.758989489));
#1074=CARTESIAN_POINT('',(-43.317497697,102.357555887,142.758989489));
#1075=CARTESIAN_POINT('',(-43.343433028,102.340104731,142.758989489));
#1076=CARTESIAN_POINT('',(-43.373092289,102.32787848,142.758989489));
#1077=CARTESIAN_POINT('',(-43.403722786,102.320166048,142.758989489));
#1078=CARTESIAN_POINT('',(-43.434353284,102.312453617,142.758989489));
#1079=CARTESIAN_POINT('',(-43.46592853,102.30918902,142.758989489));
#1080=CARTESIAN_POINT('',(-43.497477843,102.30778405,142.758989489));
#1081=B_SPLINE_CURVE_WITH_KNOTS('',3,(#1065,#1066,#1067,#1068,#1069,#1070,#1071,#1072,#1073,#1074,#1075,#1076,#1077,#1078,#1079,#1080),.UNSPECIFIED.,.F.,.F.,(4,3,3,3,3,4),(0.,0.000047429,0.000094858,0.000189717,0.000284575,0.000379434),.UNSPECIFIED.);
#1082=EDGE_CURVE('NONE',#1062,#1064,#1081,.T.);
#1083=ORIENTED_EDGE('',*,*,#1082,.T.);
#1084=CARTESIAN_POINT('',(-43.497477843,102.038553281,142.758989489));
#1085=VERTEX_POINT('',#1084);
#1086=CARTESIAN_POINT('',(-43.497477843,102.30778405,142.758989489));
#1087=DIRECTION('',(-0.,-1.,0.));
#1088=VECTOR('',#1087,0.269230769);
#1089=LINE('',#1086,#1088);
#1090=EDGE_CURVE('NONE',#1064,#1085,#1089,.T.);
#1091=ORIENTED_EDGE('',*,*,#1090,.T.);
#1092=CARTESIAN_POINT('',(-42.959016304,102.530740781,142.758989489));
#1093=VERTEX_POINT('',#1092);
#1094=CARTESIAN_POINT('',(-43.497477843,102.038553281,142.758989489));
#1095=CARTESIAN_POINT('',(-43.429507196,102.042432423,142.758989489));
#1096=CARTESIAN_POINT('',(-43.361484694,102.051450984,142.758989489));
#1097=CARTESIAN_POINT('',(-43.296665592,102.072283675,142.758989489));
#1098=CARTESIAN_POINT('',(-43.23184649,102.093116366,142.758989489));
#1099=CARTESIAN_POINT('',(-43.170415916,102.125378002,142.758989489));
#1100=CARTESIAN_POINT('',(-43.118791279,102.169768336,142.758989489));
#1101=CARTESIAN_POINT('',(-43.067166643,102.21415867,142.758989489));
#1102=CARTESIAN_POINT('',(-43.025064648,102.26954451,142.758989489));
#1103=CARTESIAN_POINT('',(-42.997856292,102.331923699,142.758989489));
#1104=CARTESIAN_POINT('',(-42.984252115,102.363113294,142.758989489));
#1105=CARTESIAN_POINT('',(-42.974478732,102.395797395,142.758989489));
#1106=CARTESIAN_POINT('',(-42.968135418,102.429226171,142.758989489));
#1107=CARTESIAN_POINT('',(-42.961792103,102.462654948,142.758989489));
#1108=CARTESIAN_POINT('',(-42.959660321,102.496712801,142.758989489));
#1109=CARTESIAN_POINT('',(-42.959016304,102.530740781,142.758989489));
#1110=B_SPLINE_CURVE_WITH_KNOTS('',3,(#1094,#1095,#1096,#1097,#1098,#1099,#1100,#1101,#1102,#1103,#1104,#1105,#1106,#1107,#1108,#1109),.UNSPECIFIED.,.F.,.F.,(4,3,3,3,3,4),(0.,0.000204244,0.000408487,0.000612731,0.000714853,0.000816975),.UNSPECIFIED.);
#1111=EDGE_CURVE('NONE',#1085,#1093,#1110,.T.);
#1112=ORIENTED_EDGE('',*,*,#1111,.T.);
#1113=CARTESIAN_POINT('',(-43.408836459,102.980860963,142.758989489));
#1114=VERTEX_POINT('',#1113);
#1115=CARTESIAN_POINT('',(-42.959016304,102.530740781,142.758989489));
#1116=CARTESIAN_POINT('',(-42.959877309,102.560284092,142.758989489));
#1117=CARTESIAN_POINT('',(-42.961093896,102.589888375,142.758989489));
#1118=CARTESIAN_POINT('',(-42.966227025,102.618999498,142.758989489));
#1119=CARTESIAN_POINT('',(-42.971360153,102.648110622,142.758989489));
#1120=CARTESIAN_POINT('',(-42.979157838,102.676775378,142.758989489));
#1121=CARTESIAN_POINT('',(-42.989831371,102.70432424,142.758989489));
#1122=CARTESIAN_POINT('',(-43.011178436,102.759421964,142.758989489));
#1123=CARTESIAN_POINT('',(-43.045145021,102.809462911,142.758989489));
#1124=CARTESIAN_POINT('',(-43.087818746,102.850379049,142.758989489));
#1125=CARTESIAN_POINT('',(-43.130492472,102.891295187,142.758989489));
#1126=CARTESIAN_POINT('',(-43.181601975,102.922921566,142.758989489));
#1127=CARTESIAN_POINT('',(-43.236262987,102.945456408,142.758989489));
#1128=CARTESIAN_POINT('',(-43.263593493,102.956723829,142.758989489));
#1129=CARTESIAN_POINT('',(-43.291899862,102.965661009,142.758989489));
#1130=CARTESIAN_POINT('',(-43.320777795,102.971866223,142.758989489));
#1131=CARTESIAN_POINT('',(-43.349655729,102.978071437,142.758989489));
#1132=CARTESIAN_POINT('',(-43.379292795,102.979846245,142.758989489));
#1133=CARTESIAN_POINT('',(-43.408836902,102.980861004,142.758989489));
#1134=B_SPLINE_CURVE_WITH_KNOTS('',3,(#1115,#1116,#1117,#1118,#1119,#1120,#1121,#1122,#1123,#1124,#1125,#1126,#1127,#1128,#1129,#1130,#1131,#1132,#1133),.UNSPECIFIED.,.F.,.F.,(4,3,3,3,3,3,4),(0.,0.000088668,0.000177335,0.00035467,0.000532005,0.000620673,0.00070934),.UNSPECIFIED.);
#1135=EDGE_CURVE('NONE',#1093,#1114,#1134,.T.);
#1136=ORIENTED_EDGE('',*,*,#1135,.T.);
#1137=CARTESIAN_POINT('',(-44.068090824,102.65183453,142.758989489));
#1138=VERTEX_POINT('',#1137);
#1139=CARTESIAN_POINT('',(-43.408836903,102.980860954,142.758989489));
#1140=CARTESIAN_POINT('',(-43.534317011,102.978097395,142.758989489));
#1141=CARTESIAN_POINT('',(-43.656998475,102.937629657,142.758989489));
#1142=CARTESIAN_POINT('',(-43.766373126,102.876055756,142.758989489));
#1143=CARTESIAN_POINT('',(-43.875747776,102.814481856,142.758989489));
#1144=CARTESIAN_POINT('',(-43.973438278,102.734277288,142.758989489));
#1145=CARTESIAN_POINT('',(-44.068090824,102.65183453,142.758989489));
#1146=B_SPLINE_CURVE_WITH_KNOTS('',3,(#1139,#1140,#1141,#1142,#1143,#1144,#1145),.UNSPECIFIED.,.F.,.F.,(4,3,4),(0.,0.000376531,0.000753063),.UNSPECIFIED.);
#1147=EDGE_CURVE('NONE',#1114,#1138,#1146,.T.);
#1148=ORIENTED_EDGE('',*,*,#1147,.T.);
#1149=CARTESIAN_POINT('',(-44.247477843,102.49528405,142.758989489));
#1150=VERTEX_POINT('',#1149);
#1151=CARTESIAN_POINT('',(-44.068090824,102.65183453,142.758989489));
#1152=DIRECTION('',(-0.753436025,-0.657521221,0.));
#1153=VECTOR('',#1152,0.238091905);
#1154=LINE('',#1151,#1153);
#1155=EDGE_CURVE('NONE',#1138,#1150,#1154,.T.);
#1156=ORIENTED_EDGE('',*,*,#1155,.T.);
#1157=CARTESIAN_POINT('',(-44.247477843,103.000091742,142.758989489));
#1158=VERTEX_POINT('',#1157);
#1159=CARTESIAN_POINT('',(-44.247477843,102.49528405,142.758989489));
#1160=DIRECTION('',(0.,1.,-0.));
#1161=VECTOR('',#1160,0.504807692);
#1162=LINE('',#1159,#1161);
#1163=EDGE_CURVE('NONE',#1150,#1158,#1162,.T.);
#1164=ORIENTED_EDGE('',*,*,#1163,.T.);
#1165=CARTESIAN_POINT('',(-44.497477843,103.000091742,142.758989489));
#1166=VERTEX_POINT('',#1165);
#1167=CARTESIAN_POINT('',(-44.247477843,103.000091742,142.758989489));
#1168=DIRECTION('',(-1.,0.,0.));
#1169=VECTOR('',#1168,0.25);
#1170=LINE('',#1167,#1169);
#1171=EDGE_CURVE('NONE',#1158,#1166,#1170,.T.);
#1172=ORIENTED_EDGE('',*,*,#1171,.T.);
#1173=CARTESIAN_POINT('',(-44.497477843,102.000091741,142.758989489));
#1174=VERTEX_POINT('',#1173);
#1175=CARTESIAN_POINT('',(-44.497477843,103.000091742,142.758989489));
#1176=DIRECTION('',(-0.,-1.,0.));
#1177=VECTOR('',#1176,1.000000001);
#1178=LINE('',#1175,#1177);
#1179=EDGE_CURVE('NONE',#1166,#1174,#1178,.T.);
#1180=ORIENTED_EDGE('',*,*,#1179,.T.);
#1181=CARTESIAN_POINT('',(-44.361059574,102.000091741,142.758989489));
#1182=VERTEX_POINT('',#1181);
#1183=CARTESIAN_POINT('',(-44.497477843,102.000091741,142.758989489));
#1184=DIRECTION('',(1.,-0.,-0.));
#1185=VECTOR('',#1184,0.136418269);
#1186=LINE('',#1183,#1185);
#1187=EDGE_CURVE('NONE',#1174,#1182,#1186,.T.);
#1188=ORIENTED_EDGE('',*,*,#1187,.T.);
#1189=CARTESIAN_POINT('',(-43.888403324,102.444202319,142.758989489));
#1190=VERTEX_POINT('',#1189);
#1191=CARTESIAN_POINT('',(-44.361059574,102.000091742,142.758989489));
#1192=DIRECTION('',(0.728771001,0.684757495,-0.));
#1193=VECTOR('',#1192,0.648566215);
#1194=LINE('',#1191,#1193);
#1195=EDGE_CURVE('NONE',#1182,#1190,#1194,.T.);
#1196=ORIENTED_EDGE('',*,*,#1195,.T.);
#1197=CARTESIAN_POINT('',(-43.427765939,102.71163019,142.758989489));
#1198=VERTEX_POINT('',#1197);
#1199=CARTESIAN_POINT('',(-43.888403324,102.444202319,142.758989489));
#1200=CARTESIAN_POINT('',(-43.821992973,102.506137692,142.758989489));
#1201=CARTESIAN_POINT('',(-43.754901963,102.567969608,142.758989489));
#1202=CARTESIAN_POINT('',(-43.679746039,102.618926295,142.758989489));
#1203=CARTESIAN_POINT('',(-43.642168076,102.644404638,142.758989489));
#1204=CARTESIAN_POINT('',(-43.602240462,102.666472875,142.758989489));
#1205=CARTESIAN_POINT('',(-43.560036407,102.683247567,142.758989489));
#1206=CARTESIAN_POINT('',(-43.538934379,102.691634914,142.758989489));
#1207=CARTESIAN_POINT('',(-43.517360371,102.698916017,142.758989489));
#1208=CARTESIAN_POINT('',(-43.495231686,102.703895732,142.758989489));
#1209=CARTESIAN_POINT('',(-43.473103001,102.708875447,142.758989489));
#1210=CARTESIAN_POINT('',(-43.450407409,102.710528188,142.758989489));
#1211=CARTESIAN_POINT('',(-43.427765577,102.711630239,142.758989489));
#1212=B_SPLINE_CURVE_WITH_KNOTS('',3,(#1199,#1200,#1201,#1202,#1203,#1204,#1205,#1206,#1207,#1208,#1209,#1210,#1211),.UNSPECIFIED.,.F.,.F.,(4,3,3,3,4),(0.,0.000272428,0.000408642,0.000476749,0.000544856),.UNSPECIFIED.);
#1213=EDGE_CURVE('NONE',#1190,#1198,#1212,.T.);
#1214=ORIENTED_EDGE('',*,*,#1213,.T.);
#1215=CARTESIAN_POINT('',(-43.427765574,102.711630177,142.758989489));
#1216=CARTESIAN_POINT('',(-43.41466504,102.711146507,142.758989489));
#1217=CARTESIAN_POINT('',(-43.401553534,102.710665853,142.758989489));
#1218=CARTESIAN_POINT('',(-43.388615076,102.708694293,142.758989489));
#1219=CARTESIAN_POINT('',(-43.375676618,102.706722732,142.758989489));
#1220=CARTESIAN_POINT('',(-43.362969125,102.703155466,142.758989489));
#1221=CARTESIAN_POINT('',(-43.350688747,102.698549088,142.758989489));
#1222=CARTESIAN_POINT('',(-43.326127992,102.689336331,142.758989489));
#1223=CARTESIAN_POINT('',(-43.303753982,102.67555023,142.758989489));
#1224=CARTESIAN_POINT('',(-43.284988635,102.657188894,142.758989489));
#1225=CARTESIAN_POINT('',(-43.266223287,102.638827557,142.758989489));
#1226=CARTESIAN_POINT('',(-43.251068298,102.616513595,142.758989489));
#1227=CARTESIAN_POINT('',(-43.241651226,102.592326655,142.758989489));
#1228=CARTESIAN_POINT('',(-43.232234154,102.568139716,142.758989489));
#1229=CARTESIAN_POINT('',(-43.22953378,102.541624505,142.758989489));
#1230=CARTESIAN_POINT('',(-43.228247038,102.515415524,142.758989489));
#1231=B_SPLINE_CURVE_WITH_KNOTS('',3,(#1215,#1216,#1217,#1218,#1219,#1220,#1221,#1222,#1223,#1224,#1225,#1226,#1227,#1228,#1229,#1230),.UNSPECIFIED.,.F.,.F.,(4,3,3,3,3,4),(0.,0.000039328,0.000078657,0.000157313,0.00023597,0.000314626),.UNSPECIFIED.);
#1232=EDGE_CURVE('NONE',#1198,#1062,#1231,.T.);
#1233=ORIENTED_EDGE('',*,*,#1232,.T.);
#1234=EDGE_LOOP('',(#1083,#1091,#1112,#1136,#1148,#1156,#1164,#1172,#1180,#1188,#1196,#1214,#1233));
#1235=FACE_BOUND('',#1234,.T.);
#1236=CARTESIAN_POINT('',(-43.247477841,96.150091742,142.758989489));
#1237=VERTEX_POINT('',#1236);
#1238=CARTESIAN_POINT('',(-42.99747784,96.310848954,142.758989489));
#1239=VERTEX_POINT('',#1238);
#1240=CARTESIAN_POINT('',(-43.247477841,96.150091742,142.758989489));
#1241=DIRECTION('',(0.841112776,0.540859777,-0.));
#1242=VECTOR('',#1241,0.297225305);
#1243=LINE('',#1240,#1242);
#1244=EDGE_CURVE('NONE',#1237,#1239,#1243,.T.);
#1245=ORIENTED_EDGE('',*,*,#1244,.T.);
#1246=CARTESIAN_POINT('',(-42.99747784,96.727014819,142.758989489));
#1247=VERTEX_POINT('',#1246);
#1248=CARTESIAN_POINT('',(-42.99747784,96.310848954,142.758989489));
#1249=DIRECTION('',(0.,1.,-0.));
#1250=VECTOR('',#1249,0.416165865);
#1251=LINE('',#1248,#1250);
#1252=EDGE_CURVE('NONE',#1239,#1247,#1251,.T.);
#1253=ORIENTED_EDGE('',*,*,#1252,.T.);
#1254=CARTESIAN_POINT('',(-44.497477841,96.727014819,142.758989489));
#1255=VERTEX_POINT('',#1254);
#1256=CARTESIAN_POINT('',(-42.99747784,96.727014819,142.758989489));
#1257=DIRECTION('',(-1.,0.,0.));
#1258=VECTOR('',#1257,1.500000001);
#1259=LINE('',#1256,#1258);
#1260=EDGE_CURVE('NONE',#1247,#1255,#1259,.T.);
#1261=ORIENTED_EDGE('',*,*,#1260,.T.);
#1262=CARTESIAN_POINT('',(-44.497477841,96.457784049,142.758989489));
#1263=VERTEX_POINT('',#1262);
#1264=CARTESIAN_POINT('',(-44.497477841,96.727014819,142.758989489));
#1265=DIRECTION('',(-0.,-1.,0.));
#1266=VECTOR('',#1265,0.269230769);
#1267=LINE('',#1264,#1266);
#1268=EDGE_CURVE('NONE',#1255,#1263,#1267,.T.);
#1269=ORIENTED_EDGE('',*,*,#1268,.T.);
#1270=CARTESIAN_POINT('',(-43.247477841,96.457784049,142.758989489));
#1271=VERTEX_POINT('',#1270);
#1272=CARTESIAN_POINT('',(-44.497477841,96.457784049,142.758989489));
#1273=DIRECTION('',(1.,-0.,-0.));
#1274=VECTOR('',#1273,1.25);
#1275=LINE('',#1272,#1274);
#1276=EDGE_CURVE('NONE',#1263,#1271,#1275,.T.);
#1277=ORIENTED_EDGE('',*,*,#1276,.T.);
#1278=CARTESIAN_POINT('',(-43.247477841,96.457784049,142.758989489));
#1279=DIRECTION('',(-0.,-1.,0.));
#1280=VECTOR('',#1279,0.307692307);
#1281=LINE('',#1278,#1280);
#1282=EDGE_CURVE('NONE',#1271,#1237,#1281,.T.);
#1283=ORIENTED_EDGE('',*,*,#1282,.T.);
#1284=EDGE_LOOP('',(#1245,#1253,#1261,#1269,#1277,#1283));
#1285=FACE_BOUND('',#1284,.T.);
#1286=CARTESIAN_POINT('',(-44.497477839,92.805860973,142.758989489));
#1287=VERTEX_POINT('',#1286);
#1288=CARTESIAN_POINT('',(-42.997477839,93.411930684,142.758989489));
#1289=VERTEX_POINT('',#1288);
#1290=CARTESIAN_POINT('',(-44.497477839,92.805860972,142.758989489));
#1291=DIRECTION('',(0.927177334,0.374622733,-0.));
#1292=VECTOR('',#1291,1.617813492);
#1293=LINE('',#1290,#1292);
#1294=EDGE_CURVE('NONE',#1287,#1289,#1293,.T.);
#1295=ORIENTED_EDGE('',*,*,#1294,.T.);
#1296=CARTESIAN_POINT('',(-42.997477839,93.661630204,142.758989489));
#1297=VERTEX_POINT('',#1296);
#1298=CARTESIAN_POINT('',(-42.997477839,93.411930684,142.758989489));
#1299=DIRECTION('',(0.,1.,-0.));
#1300=VECTOR('',#1299,0.24969952);
#1301=LINE('',#1298,#1300);
#1302=EDGE_CURVE('NONE',#1289,#1297,#1301,.T.);
#1303=ORIENTED_EDGE('',*,*,#1302,.T.);
#1304=CARTESIAN_POINT('',(-44.49747784,94.267399434,142.758989489));
#1305=VERTEX_POINT('',#1304);
#1306=CARTESIAN_POINT('',(-42.997477839,93.661630204,142.758989489));
#1307=DIRECTION('',(-0.927241837,0.374463049,-0.));
#1308=VECTOR('',#1307,1.617700949);
#1309=LINE('',#1306,#1308);
#1310=EDGE_CURVE('NONE',#1297,#1305,#1309,.T.);
#1311=ORIENTED_EDGE('',*,*,#1310,.T.);
#1312=CARTESIAN_POINT('',(-44.49747784,93.979839338,142.758989489));
#1313=VERTEX_POINT('',#1312);
#1314=CARTESIAN_POINT('',(-44.49747784,94.267399434,142.758989489));
#1315=DIRECTION('',(-0.,-1.,0.));
#1316=VECTOR('',#1315,0.287560096);
#1317=LINE('',#1314,#1316);
#1318=EDGE_CURVE('NONE',#1305,#1313,#1317,.T.);
#1319=ORIENTED_EDGE('',*,*,#1318,.T.);
#1320=CARTESIAN_POINT('',(-44.189785532,93.8632528,142.758989489));
#1321=VERTEX_POINT('',#1320);
#1322=CARTESIAN_POINT('',(-44.49747784,93.979839338,142.758989489));
#1323=DIRECTION('',(0.935122773,-0.354323862,-0.));
#1324=VECTOR('',#1323,0.329039476);
#1325=LINE('',#1322,#1324);
#1326=EDGE_CURVE('NONE',#1313,#1321,#1325,.T.);
#1327=ORIENTED_EDGE('',*,*,#1326,.T.);
#1328=CARTESIAN_POINT('',(-44.189785532,93.209707126,142.758989489));
#1329=VERTEX_POINT('',#1328);
#1330=CARTESIAN_POINT('',(-44.189785532,93.8632528,142.758989489));
#1331=DIRECTION('',(-0.,-1.,0.));
#1332=VECTOR('',#1331,0.653545673);
#1333=LINE('',#1330,#1332);
#1334=EDGE_CURVE('NONE',#1321,#1329,#1333,.T.);
#1335=ORIENTED_EDGE('',*,*,#1334,.T.);
#1336=CARTESIAN_POINT('',(-44.497477839,93.093120588,142.758989489));
#1337=VERTEX_POINT('',#1336);
#1338=CARTESIAN_POINT('',(-44.189785532,93.209707126,142.758989489));
#1339=DIRECTION('',(-0.935122773,-0.354323862,0.));
#1340=VECTOR('',#1339,0.329039476);
#1341=LINE('',#1338,#1340);
#1342=EDGE_CURVE('NONE',#1329,#1337,#1341,.T.);
#1343=ORIENTED_EDGE('',*,*,#1342,.T.);
#1344=CARTESIAN_POINT('',(-44.497477839,93.093120588,142.758989489));
#1345=DIRECTION('',(-0.,-1.,0.));
#1346=VECTOR('',#1345,0.287259615);
#1347=LINE('',#1344,#1346);
#1348=EDGE_CURVE('NONE',#1337,#1287,#1347,.T.);
#1349=ORIENTED_EDGE('',*,*,#1348,.T.);
#1350=EDGE_LOOP('',(#1295,#1303,#1311,#1319,#1327,#1335,#1343,#1349));
#1351=FACE_BOUND('',#1350,.T.);
#1352=CARTESIAN_POINT('',(-43.847838416,90.30778405,142.758989489));
#1353=VERTEX_POINT('',#1352);
#1354=CARTESIAN_POINT('',(-42.997477838,89.875091742,142.758989489));
#1355=VERTEX_POINT('',#1354);
#1356=CARTESIAN_POINT('',(-43.847838416,90.30778405,142.758989489));
#1357=DIRECTION('',(0.8912557,-0.453501133,0.));
#1358=VECTOR('',#1357,0.954115163);
#1359=LINE('',#1356,#1358);
#1360=EDGE_CURVE('NONE',#1353,#1355,#1359,.T.);
#1361=ORIENTED_EDGE('',*,*,#1360,.T.);
#1362=CARTESIAN_POINT('',(-42.997477838,90.174671069,142.758989489));
#1363=VERTEX_POINT('',#1362);
#1364=CARTESIAN_POINT('',(-42.997477838,89.875091742,142.758989489));
#1365=DIRECTION('',(0.,1.,-0.));
#1366=VECTOR('',#1365,0.299579328);
#1367=LINE('',#1364,#1366);
#1368=EDGE_CURVE('NONE',#1355,#1363,#1367,.T.);
#1369=ORIENTED_EDGE('',*,*,#1368,.T.);
#1370=CARTESIAN_POINT('',(-43.523619665,90.442399434,142.758989489));
#1371=VERTEX_POINT('',#1370);
#1372=CARTESIAN_POINT('',(-42.997477838,90.174671069,142.758989489));
#1373=DIRECTION('',(-0.891249157,0.45351399,-0.));
#1374=VECTOR('',#1373,0.590342019);
#1375=LINE('',#1372,#1374);
#1376=EDGE_CURVE('NONE',#1363,#1371,#1375,.T.);
#1377=ORIENTED_EDGE('',*,*,#1376,.T.);
#1378=CARTESIAN_POINT('',(-42.997477838,90.7101278,142.758989489));
#1379=VERTEX_POINT('',#1378);
#1380=CARTESIAN_POINT('',(-43.523619665,90.442399434,142.758989489));
#1381=DIRECTION('',(0.891249156,0.453513993,-0.));
#1382=VECTOR('',#1381,0.59034202);
#1383=LINE('',#1380,#1382);
#1384=EDGE_CURVE('NONE',#1371,#1379,#1383,.T.);
#1385=ORIENTED_EDGE('',*,*,#1384,.T.);
#1386=CARTESIAN_POINT('',(-42.997477839,91.009707127,142.758989489));
#1387=VERTEX_POINT('',#1386);
#1388=CARTESIAN_POINT('',(-42.997477839,90.7101278,142.758989489));
#1389=DIRECTION('',(0.,1.,-0.));
#1390=VECTOR('',#1389,0.299579327);
#1391=LINE('',#1388,#1390);
#1392=EDGE_CURVE('NONE',#1379,#1387,#1391,.T.);
#1393=ORIENTED_EDGE('',*,*,#1392,.T.);
#1394=CARTESIAN_POINT('',(-43.847838415,90.577014819,142.758989489));
#1395=VERTEX_POINT('',#1394);
#1396=CARTESIAN_POINT('',(-42.997477839,91.009707127,142.758989489));
#1397=DIRECTION('',(-0.891255699,-0.453501134,0.));
#1398=VECTOR('',#1397,0.954115162);
#1399=LINE('',#1396,#1398);
#1400=EDGE_CURVE('NONE',#1387,#1395,#1399,.T.);
#1401=ORIENTED_EDGE('',*,*,#1400,.T.);
#1402=CARTESIAN_POINT('',(-44.497477839,90.57701482,142.758989489));
#1403=VERTEX_POINT('',#1402);
#1404=CARTESIAN_POINT('',(-43.847838415,90.57701482,142.758989489));
#1405=DIRECTION('',(-1.,0.,0.));
#1406=VECTOR('',#1405,0.649639424);
#1407=LINE('',#1404,#1406);
#1408=EDGE_CURVE('NONE',#1395,#1403,#1407,.T.);
#1409=ORIENTED_EDGE('',*,*,#1408,.T.);
#1410=CARTESIAN_POINT('',(-44.497477839,90.30778405,142.758989489));
#1411=VERTEX_POINT('',#1410);
#1412=CARTESIAN_POINT('',(-44.497477839,90.57701482,142.758989489));
#1413=DIRECTION('',(-0.,-1.,0.));
#1414=VECTOR('',#1413,0.26923077);
#1415=LINE('',#1412,#1414);
#1416=EDGE_CURVE('NONE',#1403,#1411,#1415,.T.);
#1417=ORIENTED_EDGE('',*,*,#1416,.T.);
#1418=CARTESIAN_POINT('',(-44.497477839,90.30778405,142.758989489));
#1419=DIRECTION('',(1.,-0.,-0.));
#1420=VECTOR('',#1419,0.649639423);
#1421=LINE('',#1418,#1420);
#1422=EDGE_CURVE('NONE',#1411,#1353,#1421,.T.);
#1423=ORIENTED_EDGE('',*,*,#1422,.T.);
#1424=EDGE_LOOP('',(#1361,#1369,#1377,#1385,#1393,#1401,#1409,#1417,#1423));
#1425=FACE_BOUND('',#1424,.T.);
#1426=CARTESIAN_POINT('',(-41.497477841,98.001613943,142.758989489));
#1427=VERTEX_POINT('',#1426);
#1428=CARTESIAN_POINT('',(-39.997477842,98.001613943,142.758989489));
#1429=VERTEX_POINT('',#1428);
#1430=CARTESIAN_POINT('',(-41.497477841,98.001613943,142.758989489));
#1431=DIRECTION('',(1.,-0.,-0.));
#1432=VECTOR('',#1431,1.5);
#1433=LINE('',#1430,#1432);
#1434=EDGE_CURVE('NONE',#1427,#1429,#1433,.T.);
#1435=ORIENTED_EDGE('',*,*,#1434,.T.);
#1436=CARTESIAN_POINT('',(-39.997477842,98.543981732,142.758989489));
#1437=VERTEX_POINT('',#1436);
#1438=CARTESIAN_POINT('',(-39.997477842,98.001613943,142.758989489));
#1439=DIRECTION('',(0.,1.,-0.));
#1440=VECTOR('',#1439,0.542367789);
#1441=LINE('',#1438,#1440);
#1442=EDGE_CURVE('NONE',#1429,#1437,#1441,.T.);
#1443=ORIENTED_EDGE('',*,*,#1442,.T.);
#1444=CARTESIAN_POINT('',(-40.423560015,99.597767774,142.758989489));
#1445=VERTEX_POINT('',#1444);
#1446=CARTESIAN_POINT('',(-39.997477842,98.543981732,142.758989489));
#1447=CARTESIAN_POINT('',(-39.997564329,98.579339268,142.758989489));
#1448=CARTESIAN_POINT('',(-39.997731194,98.647557218,142.758989489));
#1449=CARTESIAN_POINT('',(-39.99980958,98.746132281,142.758989489));
#1450=CARTESIAN_POINT('',(-40.003430953,98.836986196,142.758989489));
#1451=CARTESIAN_POINT('',(-40.008065449,98.920255646,142.758989489));
#1452=CARTESIAN_POINT('',(-40.01435975,98.995694901,142.758989489));
#1453=CARTESIAN_POINT('',(-40.021697646,99.063568971,142.758989489));
#1454=CARTESIAN_POINT('',(-40.030570425,99.123742448,142.758989489));
#1455=CARTESIAN_POINT('',(-40.041100577,99.177102911,142.758989489));
#1456=CARTESIAN_POINT('',(-40.05353368,99.225229191,142.758989489));
#1457=CARTESIAN_POINT('',(-40.066817587,99.2702006,142.758989489));
#1458=CARTESIAN_POINT('',(-40.082536978,99.312443582,142.758989489));
#1459=CARTESIAN_POINT('',(-40.099601749,99.352204588,142.758989489));
#1460=CARTESIAN_POINT('',(-40.118279069,99.389382797,142.758989489));
#1461=CARTESIAN_POINT('',(-40.138633483,99.424006135,142.758989489));
#1462=CARTESIAN_POINT('',(-40.161006414,99.455995149,142.758989489));
#1463=CARTESIAN_POINT('',(-40.184902427,99.485429554,142.758989489));
#1464=CARTESIAN_POINT('',(-40.210324883,99.511777913,142.758989489));
#1465=CARTESIAN_POINT('',(-40.236884029,99.534981993,142.758989489));
#1466=CARTESIAN_POINT('',(-40.26494371,99.554279045,142.758989489));
#1467=CARTESIAN_POINT('',(-40.294309605,99.570011011,142.758989489));
#1468=CARTESIAN_POINT('',(-40.324835637,99.582371771,142.758989489));
#1469=CARTESIAN_POINT('',(-40.356594492,99.591620448,142.758989489));
#1470=CARTESIAN_POINT('',(-40.38974514,99.596638088,142.758989489));
#1471=CARTESIAN_POINT('',(-40.412226223,99.597389155,142.758989489));
#1472=CARTESIAN_POINT('',(-40.423559573,99.59776779,142.758989489));
#1473=B_SPLINE_CURVE_WITH_KNOTS('',3,(#1446,#1447,#1448,#1449,#1450,#1451,#1452,#1453,#1454,#1455,#1456,#1457,#1458,#1459,#1460,#1461,#1462,#1463,#1464,#1465,#1466,#1467,#1468,#1469,#1470,#1471,
#1472),.UNSPECIFIED.,.F.,.F.,(4,1,1,1,1,1,1,1,1,1,1,1,1,1,1,1,1,1,1,1,1,1,1,1,4),(0.,0.08477885,0.163570205,0.236396597,0.302792832,0.363523652,0.417892831,0.466462764,0.509323592,0.548233681,0.585614319,0.62170673,0.656237606,0.689318242,0.721404035,0.752451065,0.782833328,0.812216741,0.840141806,0.867254693,0.893686795,0.919865648,0.946091828,0.972823368,1.),.UNSPECIFIED.);
#1474=EDGE_CURVE('NONE',#1437,#1445,#1473,.T.);
#1475=ORIENTED_EDGE('',*,*,#1474,.T.);
#1476=CARTESIAN_POINT('',(-40.82079515,99.046085097,142.758989489));
#1477=VERTEX_POINT('',#1476);
#1478=CARTESIAN_POINT('',(-40.423560457,99.597767757,142.758989489));
#1479=CARTESIAN_POINT('',(-40.454354631,99.596619625,142.758989489));
#1480=CARTESIAN_POINT('',(-40.485184587,99.593050147,142.758989489));
#1481=CARTESIAN_POINT('',(-40.514456396,99.583360323,142.758989489));
#1482=CARTESIAN_POINT('',(-40.543728204,99.573670498,142.758989489));
#1483=CARTESIAN_POINT('',(-40.570961574,99.558384178,142.758989489));
#1484=CARTESIAN_POINT('',(-40.595461492,99.539754534,142.758989489));
#1485=CARTESIAN_POINT('',(-40.64446133,99.502495246,142.758989489));
#1486=CARTESIAN_POINT('',(-40.681484364,99.451285679,142.758989489));
#1487=CARTESIAN_POINT('',(-40.711149218,99.397237356,142.758989489));
#1488=CARTESIAN_POINT('',(-40.770478928,99.289140711,142.758989489));
#1489=CARTESIAN_POINT('',(-40.80069225,99.167675244,142.758989489));
#1490=CARTESIAN_POINT('',(-40.82079515,99.046085097,142.758989489));
#1491=B_SPLINE_CURVE_WITH_KNOTS('',3,(#1478,#1479,#1480,#1481,#1482,#1483,#1484,#1485,#1486,#1487,#1488,#1489,#1490),.UNSPECIFIED.,.F.,.F.,(4,3,3,3,4),(0.,0.000092447,0.000184893,0.000369786,0.000739572),.UNSPECIFIED.);
#1492=EDGE_CURVE('NONE',#1445,#1477,#1491,.T.);
#1493=ORIENTED_EDGE('',*,*,#1492,.T.);
#1494=CARTESIAN_POINT('',(-40.843631688,98.501613943,142.758989489));
#1495=VERTEX_POINT('',#1494);
#1496=CARTESIAN_POINT('',(-40.82079515,99.046085097,142.758989489));
#1497=CARTESIAN_POINT('',(-40.833387518,98.956075764,142.758989489));
#1498=CARTESIAN_POINT('',(-40.837431814,98.865098,142.758989489));
#1499=CARTESIAN_POINT('',(-40.840023361,98.774246008,142.758989489));
#1500=CARTESIAN_POINT('',(-40.842614909,98.683394016,142.758989489));
#1501=CARTESIAN_POINT('',(-40.843564909,98.592502594,142.758989489));
#1502=CARTESIAN_POINT('',(-40.843631688,98.501613943,142.758989489));
#1503=B_SPLINE_CURVE_WITH_KNOTS('',3,(#1496,#1497,#1498,#1499,#1500,#1501,#1502),.UNSPECIFIED.,.F.,.F.,(4,3,4),(0.,0.000272658,0.000545315),.UNSPECIFIED.);
#1504=EDGE_CURVE('NONE',#1477,#1495,#1503,.T.);
#1505=ORIENTED_EDGE('',*,*,#1504,.T.);
#1506=CARTESIAN_POINT('',(-41.497477841,98.501613943,142.758989489));
#1507=VERTEX_POINT('',#1506);
#1508=CARTESIAN_POINT('',(-40.843631688,98.501613943,142.758989489));
#1509=DIRECTION('',(-1.,0.,0.));
#1510=VECTOR('',#1509,0.653846154);
#1511=LINE('',#1508,#1510);
#1512=EDGE_CURVE('NONE',#1495,#1507,#1511,.T.);
#1513=ORIENTED_EDGE('',*,*,#1512,.T.);
#1514=CARTESIAN_POINT('',(-41.497477841,98.501613943,142.758989489));
#1515=DIRECTION('',(-0.,-1.,0.));
#1516=VECTOR('',#1515,0.5);
#1517=LINE('',#1514,#1516);
#1518=EDGE_CURVE('NONE',#1507,#1427,#1517,.T.);
#1519=ORIENTED_EDGE('',*,*,#1518,.T.);
#1520=EDGE_LOOP('',(#1435,#1443,#1475,#1493,#1505,#1513,#1519));
#1521=FACE_BOUND('',#1520,.T.);
#1522=CARTESIAN_POINT('',(-45.997477835,81.252758512,142.758989489));
#1523=VERTEX_POINT('',#1522);
#1524=CARTESIAN_POINT('',(-45.997477841,110.742758511,142.758989489));
#1525=VERTEX_POINT('',#1524);
#1526=CARTESIAN_POINT('',(-45.997477835,81.252758512,142.758989489));
#1527=DIRECTION('',(0.,1.,-0.));
#1528=VECTOR('',#1527,29.489999999);
#1529=LINE('',#1526,#1528);
#1530=EDGE_CURVE('NONE',#1523,#1525,#1529,.T.);
#1531=ORIENTED_EDGE('',*,*,#1530,.T.);
#1532=CARTESIAN_POINT('',(-38.802477846,110.742758509,142.758989489));
#1533=VERTEX_POINT('',#1532);
#1534=CARTESIAN_POINT('',(-45.997477841,110.742758508,142.758989489));
#1535=DIRECTION('',(1.,-0.,-0.));
#1536=VECTOR('',#1535,7.194999994);
#1537=LINE('',#1534,#1536);
#1538=EDGE_CURVE('NONE',#1525,#1533,#1537,.T.);
#1539=ORIENTED_EDGE('',*,*,#1538,.T.);
#1540=CARTESIAN_POINT('',(-38.802477843,81.252758511,142.758989489));
#1541=VERTEX_POINT('',#1540);
#1542=CARTESIAN_POINT('',(-38.802477846,110.742758509,142.758989489));
#1543=DIRECTION('',(-0.,-1.,0.));
#1544=VECTOR('',#1543,29.489999998);
#1545=LINE('',#1542,#1544);
#1546=EDGE_CURVE('NONE',#1533,#1541,#1545,.T.);
#1547=ORIENTED_EDGE('',*,*,#1546,.T.);
#1548=CARTESIAN_POINT('',(-38.802477843,81.252758511,142.758989489));
#1549=DIRECTION('',(-1.,0.,0.));
#1550=VECTOR('',#1549,7.194999991);
#1551=LINE('',#1548,#1550);
#1552=EDGE_CURVE('NONE',#1541,#1523,#1551,.T.);
#1553=ORIENTED_EDGE('',*,*,#1552,.T.);
#1554=EDGE_LOOP('',(#1531,#1539,#1547,#1553));
#1555=FACE_BOUND('',#1554,.T.);
#1556=CARTESIAN_POINT('',(-43.228247082,88.973108199,142.758989489));
#1557=VERTEX_POINT('',#1556);
#1558=CARTESIAN_POINT('',(-43.497477838,88.765476358,142.758989489));
#1559=VERTEX_POINT('',#1558);
#1560=CARTESIAN_POINT('',(-43.228247095,88.973107829,142.758989489));
#1561=CARTESIAN_POINT('',(-43.228805934,88.957307799,142.758989489));
#1562=CARTESIAN_POINT('',(-43.229989119,88.941565004,142.758989489));
#1563=CARTESIAN_POINT('',(-43.233996566,88.926272793,142.758989489));
#1564=CARTESIAN_POINT('',(-43.238004014,88.910980582,142.758989489));
#1565=CARTESIAN_POINT('',(-43.243973128,88.896168751,142.758989489));
#1566=CARTESIAN_POINT('',(-43.252040682,88.882548544,142.758989489));
#1567=CARTESIAN_POINT('',(-43.26817579,88.855308132,142.758989489));
#1568=CARTESIAN_POINT('',(-43.291562359,88.832699352,142.758989489));
#1569=CARTESIAN_POINT('',(-43.31749769,88.815248196,142.758989489));
#1570=CARTESIAN_POINT('',(-43.343433021,88.797797041,142.758989489));
#1571=CARTESIAN_POINT('',(-43.37309228,88.78557079,142.758989489));
#1572=CARTESIAN_POINT('',(-43.403722777,88.777858357,142.758989489));
#1573=CARTESIAN_POINT('',(-43.434353273,88.770145925,142.758989489));
#1574=CARTESIAN_POINT('',(-43.465928519,88.766881326,142.758989489));
#1575=CARTESIAN_POINT('',(-43.497477832,88.765476358,142.758989489));
#1576=B_SPLINE_CURVE_WITH_KNOTS('',3,(#1560,#1561,#1562,#1563,#1564,#1565,#1566,#1567,#1568,#1569,#1570,#1571,#1572,#1573,#1574,#1575),.UNSPECIFIED.,.F.,.F.,(4,3,3,3,3,4),(0.,0.000047429,0.000094858,0.000189717,0.000284575,0.000379434),.UNSPECIFIED.);
#1577=EDGE_CURVE('NONE',#1557,#1559,#1576,.T.);
#1578=ORIENTED_EDGE('',*,*,#1577,.T.);
#1579=CARTESIAN_POINT('',(-43.497477838,88.496245589,142.758989489));
#1580=VERTEX_POINT('',#1579);
#1581=CARTESIAN_POINT('',(-43.497477838,88.765476358,142.758989489));
#1582=DIRECTION('',(-0.,-1.,0.));
#1583=VECTOR('',#1582,0.269230769);
#1584=LINE('',#1581,#1583);
#1585=EDGE_CURVE('NONE',#1559,#1580,#1584,.T.);
#1586=ORIENTED_EDGE('',*,*,#1585,.T.);
#1587=CARTESIAN_POINT('',(-42.9590163,88.988433089,142.758989489));
#1588=VERTEX_POINT('',#1587);
#1589=CARTESIAN_POINT('',(-43.497477838,88.496245589,142.758989489));
#1590=CARTESIAN_POINT('',(-43.42950719,88.500124728,142.758989489));
#1591=CARTESIAN_POINT('',(-43.361484688,88.509143291,142.758989489));
#1592=CARTESIAN_POINT('',(-43.296665586,88.529975982,142.758989489));
#1593=CARTESIAN_POINT('',(-43.231846484,88.550808673,142.758989489));
#1594=CARTESIAN_POINT('',(-43.17041591,88.583070309,142.758989489));
#1595=CARTESIAN_POINT('',(-43.118791274,88.627460644,142.758989489));
#1596=CARTESIAN_POINT('',(-43.067166638,88.671850979,142.758989489));
#1597=CARTESIAN_POINT('',(-43.025064642,88.727236818,142.758989489));
#1598=CARTESIAN_POINT('',(-42.997856287,88.789616008,142.758989489));
#1599=CARTESIAN_POINT('',(-42.984252109,88.820805602,142.758989489));
#1600=CARTESIAN_POINT('',(-42.974478728,88.853489703,142.758989489));
#1601=CARTESIAN_POINT('',(-42.968135413,88.886918479,142.758989489));
#1602=CARTESIAN_POINT('',(-42.961792098,88.920347256,142.758989489));
#1603=CARTESIAN_POINT('',(-42.959660315,88.95440511,142.758989489));
#1604=CARTESIAN_POINT('',(-42.9590163,88.988433089,142.758989489));
#1605=B_SPLINE_CURVE_WITH_KNOTS('',3,(#1589,#1590,#1591,#1592,#1593,#1594,#1595,#1596,#1597,#1598,#1599,#1600,#1601,#1602,#1603,#1604),.UNSPECIFIED.,.F.,.F.,(4,3,3,3,3,4),(0.,0.000204244,0.000408487,0.000612731,0.000714853,0.000816975),.UNSPECIFIED.);
#1606=EDGE_CURVE('NONE',#1580,#1588,#1605,.T.);
#1607=ORIENTED_EDGE('',*,*,#1606,.T.);
#1608=CARTESIAN_POINT('',(-43.408836455,89.438553271,142.758989489));
#1609=VERTEX_POINT('',#1608);
#1610=CARTESIAN_POINT('',(-42.9590163,88.988433089,142.758989489));
#1611=CARTESIAN_POINT('',(-42.959877303,89.0179764,142.758989489));
#1612=CARTESIAN_POINT('',(-42.961093891,89.047580683,142.758989489));
#1613=CARTESIAN_POINT('',(-42.96622702,89.076691807,142.758989489));
#1614=CARTESIAN_POINT('',(-42.971360148,89.10580293,142.758989489));
#1615=CARTESIAN_POINT('',(-42.979157832,89.134467686,142.758989489));
#1616=CARTESIAN_POINT('',(-42.989831365,89.162016548,142.758989489));
#1617=CARTESIAN_POINT('',(-43.011178431,89.217114272,142.758989489));
#1618=CARTESIAN_POINT('',(-43.045145016,89.267155219,142.758989489));
#1619=CARTESIAN_POINT('',(-43.087818741,89.308071357,142.758989489));
#1620=CARTESIAN_POINT('',(-43.130492467,89.348987495,142.758989489));
#1621=CARTESIAN_POINT('',(-43.18160197,89.380613875,142.758989489));
#1622=CARTESIAN_POINT('',(-43.236262982,89.403148716,142.758989489));
#1623=CARTESIAN_POINT('',(-43.263593488,89.414416137,142.758989489));
#1624=CARTESIAN_POINT('',(-43.291899857,89.423353317,142.758989489));
#1625=CARTESIAN_POINT('',(-43.320777791,89.429558531,142.758989489));
#1626=CARTESIAN_POINT('',(-43.349655724,89.435763744,142.758989489));
#1627=CARTESIAN_POINT('',(-43.37929279,89.437538553,142.758989489));
#1628=CARTESIAN_POINT('',(-43.408836897,89.438553311,142.758989489));
#1629=B_SPLINE_CURVE_WITH_KNOTS('',3,(#1610,#1611,#1612,#1613,#1614,#1615,#1616,#1617,#1618,#1619,#1620,#1621,#1622,#1623,#1624,#1625,#1626,#1627,#1628),.UNSPECIFIED.,.F.,.F.,(4,3,3,3,3,3,4),(0.,0.000088668,0.000177335,0.00035467,0.000532005,0.000620673,0.00070934),.UNSPECIFIED.);
#1630=EDGE_CURVE('NONE',#1588,#1609,#1629,.T.);
#1631=ORIENTED_EDGE('',*,*,#1630,.T.);
#1632=CARTESIAN_POINT('',(-44.068090819,89.109526838,142.758989489));
#1633=VERTEX_POINT('',#1632);
#1634=CARTESIAN_POINT('',(-43.408836899,89.438553261,142.758989489));
#1635=CARTESIAN_POINT('',(-43.534317007,89.435789713,142.758989489));
#1636=CARTESIAN_POINT('',(-43.656998469,89.395321963,142.758989489));
#1637=CARTESIAN_POINT('',(-43.766373121,89.333748064,142.758989489));
#1638=CARTESIAN_POINT('',(-43.875747772,89.272174165,142.758989489));
#1639=CARTESIAN_POINT('',(-43.973438271,89.191969594,142.758989489));
#1640=CARTESIAN_POINT('',(-44.068090819,89.109526838,142.758989489));
#1641=B_SPLINE_CURVE_WITH_KNOTS('',3,(#1634,#1635,#1636,#1637,#1638,#1639,#1640),.UNSPECIFIED.,.F.,.F.,(4,3,4),(0.,0.000376531,0.000753063),.UNSPECIFIED.);
#1642=EDGE_CURVE('NONE',#1609,#1633,#1641,.T.);
#1643=ORIENTED_EDGE('',*,*,#1642,.T.);
#1644=CARTESIAN_POINT('',(-44.247477838,88.952976357,142.758989489));
#1645=VERTEX_POINT('',#1644);
#1646=CARTESIAN_POINT('',(-44.068090819,89.109526838,142.758989489));
#1647=DIRECTION('',(-0.753436023,-0.657521223,0.));
#1648=VECTOR('',#1647,0.238091906);
#1649=LINE('',#1646,#1648);
#1650=EDGE_CURVE('NONE',#1633,#1645,#1649,.T.);
#1651=ORIENTED_EDGE('',*,*,#1650,.T.);
#1652=CARTESIAN_POINT('',(-44.247477838,89.45778405,142.758989489));
#1653=VERTEX_POINT('',#1652);
#1654=CARTESIAN_POINT('',(-44.247477838,88.952976357,142.758989489));
#1655=DIRECTION('',(0.,1.,-0.));
#1656=VECTOR('',#1655,0.504807692);
#1657=LINE('',#1654,#1656);
#1658=EDGE_CURVE('NONE',#1645,#1653,#1657,.T.);
#1659=ORIENTED_EDGE('',*,*,#1658,.T.);
#1660=CARTESIAN_POINT('',(-44.497477838,89.45778405,142.758989489));
#1661=VERTEX_POINT('',#1660);
#1662=CARTESIAN_POINT('',(-44.247477838,89.45778405,142.758989489));
#1663=DIRECTION('',(-1.,0.,0.));
#1664=VECTOR('',#1663,0.250000001);
#1665=LINE('',#1662,#1664);
#1666=EDGE_CURVE('NONE',#1653,#1661,#1665,.T.);
#1667=ORIENTED_EDGE('',*,*,#1666,.T.);
#1668=CARTESIAN_POINT('',(-44.497477838,88.45778405,142.758989489));
#1669=VERTEX_POINT('',#1668);
#1670=CARTESIAN_POINT('',(-44.497477838,89.45778405,142.758989489));
#1671=DIRECTION('',(-0.,-1.,0.));
#1672=VECTOR('',#1671,1.);
#1673=LINE('',#1670,#1672);
#1674=EDGE_CURVE('NONE',#1661,#1669,#1673,.T.);
#1675=ORIENTED_EDGE('',*,*,#1674,.T.);
#1676=CARTESIAN_POINT('',(-44.361059569,88.45778405,142.758989489));
#1677=VERTEX_POINT('',#1676);
#1678=CARTESIAN_POINT('',(-44.497477838,88.45778405,142.758989489));
#1679=DIRECTION('',(1.,-0.,-0.));
#1680=VECTOR('',#1679,0.13641827);
#1681=LINE('',#1678,#1680);
#1682=EDGE_CURVE('NONE',#1669,#1677,#1681,.T.);
#1683=ORIENTED_EDGE('',*,*,#1682,.T.);
#1684=CARTESIAN_POINT('',(-43.888403318,88.901894627,142.758989489));
#1685=VERTEX_POINT('',#1684);
#1686=CARTESIAN_POINT('',(-44.361059569,88.45778405,142.758989489));
#1687=DIRECTION('',(0.728771001,0.684757495,-0.));
#1688=VECTOR('',#1687,0.648566215);
#1689=LINE('',#1686,#1688);
#1690=EDGE_CURVE('NONE',#1677,#1685,#1689,.T.);
#1691=ORIENTED_EDGE('',*,*,#1690,.T.);
#1692=CARTESIAN_POINT('',(-43.427765934,89.169322498,142.758989489));
#1693=VERTEX_POINT('',#1692);
#1694=CARTESIAN_POINT('',(-43.888403318,88.901894627,142.758989489));
#1695=CARTESIAN_POINT('',(-43.821992968,88.963830001,142.758989489));
#1696=CARTESIAN_POINT('',(-43.754901958,89.025661917,142.758989489));
#1697=CARTESIAN_POINT('',(-43.679746033,89.076618603,142.758989489));
#1698=CARTESIAN_POINT('',(-43.642168071,89.102096946,142.758989489));
#1699=CARTESIAN_POINT('',(-43.602240457,89.124165183,142.758989489));
#1700=CARTESIAN_POINT('',(-43.560036402,89.140939875,142.758989489));
#1701=CARTESIAN_POINT('',(-43.538934374,89.149327221,142.758989489));
#1702=CARTESIAN_POINT('',(-43.517360366,89.156608324,142.758989489));
#1703=CARTESIAN_POINT('',(-43.495231681,89.161588039,142.758989489));
#1704=CARTESIAN_POINT('',(-43.473102995,89.166567754,142.758989489));
#1705=CARTESIAN_POINT('',(-43.450407403,89.168220494,142.758989489));
#1706=CARTESIAN_POINT('',(-43.427765571,89.169322547,142.758989489));
#1707=B_SPLINE_CURVE_WITH_KNOTS('',3,(#1694,#1695,#1696,#1697,#1698,#1699,#1700,#1701,#1702,#1703,#1704,#1705,#1706),.UNSPECIFIED.,.F.,.F.,(4,3,3,3,4),(0.,0.000272428,0.000408642,0.000476749,0.000544856),.UNSPECIFIED.);
#1708=EDGE_CURVE('NONE',#1685,#1693,#1707,.T.);
#1709=ORIENTED_EDGE('',*,*,#1708,.T.);
#1710=CARTESIAN_POINT('',(-43.427765568,89.169322485,142.758989489));
#1711=CARTESIAN_POINT('',(-43.414665035,89.168838815,142.758989489));
#1712=CARTESIAN_POINT('',(-43.401553528,89.168358161,142.758989489));
#1713=CARTESIAN_POINT('',(-43.388615071,89.1663866,142.758989489));
#1714=CARTESIAN_POINT('',(-43.375676613,89.16441504,142.758989489));
#1715=CARTESIAN_POINT('',(-43.362969119,89.160847774,142.758989489));
#1716=CARTESIAN_POINT('',(-43.350688742,89.156241396,142.758989489));
#1717=CARTESIAN_POINT('',(-43.326127987,89.147028639,142.758989489));
#1718=CARTESIAN_POINT('',(-43.303753977,89.133242538,142.758989489));
#1719=CARTESIAN_POINT('',(-43.28498863,89.114881201,142.758989489));
#1720=CARTESIAN_POINT('',(-43.266223283,89.096519864,142.758989489));
#1721=CARTESIAN_POINT('',(-43.251068293,89.074205902,142.758989489));
#1722=CARTESIAN_POINT('',(-43.24165122,89.050018963,142.758989489));
#1723=CARTESIAN_POINT('',(-43.232234148,89.025832024,142.758989489));
#1724=CARTESIAN_POINT('',(-43.229533774,88.999316813,142.758989489));
#1725=CARTESIAN_POINT('',(-43.228247032,88.973107832,142.758989489));
#1726=B_SPLINE_CURVE_WITH_KNOTS('',3,(#1710,#1711,#1712,#1713,#1714,#1715,#1716,#1717,#1718,#1719,#1720,#1721,#1722,#1723,#1724,#1725),.UNSPECIFIED.,.F.,.F.,(4,3,3,3,3,4),(0.,0.000039328,0.000078657,0.000157313,0.00023597,0.000314626),.UNSPECIFIED.);
#1727=EDGE_CURVE('NONE',#1693,#1557,#1726,.T.);
#1728=ORIENTED_EDGE('',*,*,#1727,.T.);
#1729=EDGE_LOOP('',(#1578,#1586,#1607,#1631,#1643,#1651,#1659,#1667,#1675,#1683,#1691,#1709,#1728));
#1730=FACE_BOUND('',#1729,.T.);
#1731=CARTESIAN_POINT('',(-43.163042415,91.55021217,142.758989489));
#1732=VERTEX_POINT('',#1731);
#1733=CARTESIAN_POINT('',(-42.959016301,91.932122992,142.758989489));
#1734=VERTEX_POINT('',#1733);
#1735=CARTESIAN_POINT('',(-43.163042087,91.550212405,142.758989489));
#1736=CARTESIAN_POINT('',(-43.132394963,91.572211554,142.758989489));
#1737=CARTESIAN_POINT('',(-43.102425673,91.595378176,142.758989489));
#1738=CARTESIAN_POINT('',(-43.076484839,91.622774328,142.758989489));
#1739=CARTESIAN_POINT('',(-43.050544004,91.65017048,142.758989489));
#1740=CARTESIAN_POINT('',(-43.028002177,91.680826203,142.758989489));
#1741=CARTESIAN_POINT('',(-43.010211668,91.714062,142.758989489));
#1742=CARTESIAN_POINT('',(-42.992421158,91.747297796,142.758989489));
#1743=CARTESIAN_POINT('',(-42.979150725,91.782975468,142.758989489));
#1744=CARTESIAN_POINT('',(-42.970870359,91.819781824,142.758989489));
#1745=CARTESIAN_POINT('',(-42.962589993,91.856588179,142.758989489));
#1746=CARTESIAN_POINT('',(-42.960271394,91.894417093,142.758989489));
#1747=CARTESIAN_POINT('',(-42.959016301,91.932122992,142.758989489));
#1748=B_SPLINE_CURVE_WITH_KNOTS('',3,(#1735,#1736,#1737,#1738,#1739,#1740,#1741,#1742,#1743,#1744,#1745,#1746,#1747),.UNSPECIFIED.,.F.,.F.,(4,3,3,3,4),(0.,0.000113176,0.000226353,0.000339529,0.000452705),.UNSPECIFIED.);
#1749=EDGE_CURVE('NONE',#1732,#1734,#1748,.T.);
#1750=ORIENTED_EDGE('',*,*,#1749,.T.);
#1751=CARTESIAN_POINT('',(-43.748078801,92.446245588,142.758989489));
#1752=VERTEX_POINT('',#1751);
#1753=CARTESIAN_POINT('',(-42.959016301,91.932122992,142.758989489));
#1754=CARTESIAN_POINT('',(-42.959676169,91.976587786,142.758989489));
#1755=CARTESIAN_POINT('',(-42.963931551,92.021112793,142.758989489));
#1756=CARTESIAN_POINT('',(-42.97485176,92.064226084,142.758989489));
#1757=CARTESIAN_POINT('',(-42.98577197,92.107339376,142.758989489));
#1758=CARTESIAN_POINT('',(-43.003085335,92.148847541,142.758989489));
#1759=CARTESIAN_POINT('',(-43.026572053,92.18662809,142.758989489));
#1760=CARTESIAN_POINT('',(-43.073545489,92.262189188,142.758989489));
#1761=CARTESIAN_POINT('',(-43.146281392,92.319245816,142.758989489));
#1762=CARTESIAN_POINT('',(-43.226281381,92.358057015,142.758989489));
#1763=CARTESIAN_POINT('',(-43.30628137,92.396868215,142.758989489));
#1764=CARTESIAN_POINT('',(-43.393811322,92.418184794,142.758989489));
#1765=CARTESIAN_POINT('',(-43.481930648,92.430262798,142.758989489));
#1766=CARTESIAN_POINT('',(-43.570049975,92.442340801,142.758989489));
#1767=CARTESIAN_POINT('',(-43.659134064,92.445756579,142.758989489));
#1768=CARTESIAN_POINT('',(-43.748078801,92.446245588,142.758989489));
#1769=B_SPLINE_CURVE_WITH_KNOTS('',3,(#1753,#1754,#1755,#1756,#1757,#1758,#1759,#1760,#1761,#1762,#1763,#1764,#1765,#1766,#1767,#1768),.UNSPECIFIED.,.F.,.F.,(4,3,3,3,3,4),(0.,0.000133409,0.000266818,0.000533636,0.000800454,0.001067272),.UNSPECIFIED.);
#1770=EDGE_CURVE('NONE',#1734,#1752,#1769,.T.);
#1771=ORIENTED_EDGE('',*,*,#1770,.T.);
#1772=CARTESIAN_POINT('',(-44.535939377,91.939935492,142.758989489));
#1773=VERTEX_POINT('',#1772);
#1774=CARTESIAN_POINT('',(-43.748078801,92.446245588,142.758989489));
#1775=CARTESIAN_POINT('',(-43.836593842,92.445722425,142.758989489));
#1776=CARTESIAN_POINT('',(-43.925259073,92.442426756,142.758989489));
#1777=CARTESIAN_POINT('',(-44.01295478,92.430463772,142.758989489));
#1778=CARTESIAN_POINT('',(-44.056802633,92.42448228,142.758989489));
#1779=CARTESIAN_POINT('',(-44.100437472,92.416502114,142.758989489));
#1780=CARTESIAN_POINT('',(-44.143205275,92.405141928,142.758989489));
#1781=CARTESIAN_POINT('',(-44.185973078,92.393781742,142.758989489));
#1782=CARTESIAN_POINT('',(-44.227644006,92.378368737,142.758989489));
#1783=CARTESIAN_POINT('',(-44.267692601,92.35952138,142.758989489));
#1784=CARTESIAN_POINT('',(-44.347789792,92.321826668,142.758989489));
#1785=CARTESIAN_POINT('',(-44.422513038,92.267906117,142.758989489));
#1786=CARTESIAN_POINT('',(-44.470270323,92.193409868,142.758989489));
#1787=CARTESIAN_POINT('',(-44.494148965,92.156161743,142.758989489));
#1788=CARTESIAN_POINT('',(-44.510998874,92.114585257,142.758989489));
#1789=CARTESIAN_POINT('',(-44.521195445,92.071517103,142.758989489));
#1790=CARTESIAN_POINT('',(-44.526293731,92.049983025,142.758989489));
#1791=CARTESIAN_POINT('',(-44.530228037,92.028168495,142.758989489));
#1792=CARTESIAN_POINT('',(-44.532614133,92.006183196,142.758989489));
#1793=CARTESIAN_POINT('',(-44.53500023,91.984197898,142.758989489));
#1794=CARTESIAN_POINT('',(-44.535565311,91.962051984,142.758989489));
#1795=CARTESIAN_POINT('',(-44.535939377,91.939935492,142.758989489));
#1796=B_SPLINE_CURVE_WITH_KNOTS('',3,(#1774,#1775,#1776,#1777,#1778,#1779,#1780,#1781,#1782,#1783,#1784,#1785,#1786,#1787,#1788,#1789,#1790,#1791,#1792,#1793,#1794,#1795),.UNSPECIFIED.,.F.,.F.,(4,3,3,3,3,3,3,4),(0.,0.00026555,0.000398325,0.0005311,0.000796649,0.000929424,0.000995812,0.001062199),.UNSPECIFIED.);
#1797=EDGE_CURVE('NONE',#1752,#1773,#1796,.T.);
#1798=ORIENTED_EDGE('',*,*,#1797,.T.);
#1799=CARTESIAN_POINT('',(-43.762201396,91.427014819,142.758989489));
#1800=VERTEX_POINT('',#1799);
#1801=CARTESIAN_POINT('',(-44.535939377,91.939935492,142.758989489));
#1802=CARTESIAN_POINT('',(-44.535559134,91.917977403,142.758989489));
#1803=CARTESIAN_POINT('',(-44.535017387,91.895989903,142.758989489));
#1804=CARTESIAN_POINT('',(-44.532695733,91.874163456,142.758989489));
#1805=CARTESIAN_POINT('',(-44.530374079,91.852337009,142.758989489));
#1806=CARTESIAN_POINT('',(-44.52644317,91.830687812,142.758989489));
#1807=CARTESIAN_POINT('',(-44.521542248,91.809277469,142.758989489));
#1808=CARTESIAN_POINT('',(-44.511740405,91.766456783,142.758989489));
#1809=CARTESIAN_POINT('',(-44.495020729,91.725271441,142.758989489));
#1810=CARTESIAN_POINT('',(-44.472255044,91.687735899,142.758989489));
#1811=CARTESIAN_POINT('',(-44.449489358,91.650200357,142.758989489));
#1812=CARTESIAN_POINT('',(-44.420280889,91.616661583,142.758989489));
#1813=CARTESIAN_POINT('',(-44.387067485,91.587916104,142.758989489));
#1814=CARTESIAN_POINT('',(-44.353854081,91.559170625,142.758989489));
#1815=CARTESIAN_POINT('',(-44.316282468,91.53573537,142.758989489));
#1816=CARTESIAN_POINT('',(-44.276960717,91.516152035,142.758989489));
#1817=CARTESIAN_POINT('',(-44.198317215,91.476985366,142.758989489));
#1818=CARTESIAN_POINT('',(-44.112161311,91.454720024,142.758989489));
#1819=CARTESIAN_POINT('',(-44.025113821,91.442762087,142.758989489));
#1820=CARTESIAN_POINT('',(-43.938066332,91.43080415,142.758989489));
#1821=CARTESIAN_POINT('',(-43.85005974,91.427550079,142.758989489));
#1822=CARTESIAN_POINT('',(-43.762201396,91.427014819,142.758989489));
#1823=B_SPLINE_CURVE_WITH_KNOTS('',3,(#1801,#1802,#1803,#1804,#1805,#1806,#1807,#1808,#1809,#1810,#1811,#1812,#1813,#1814,#1815,#1816,#1817,#1818,#1819,#1820,#1821,#1822),.UNSPECIFIED.,.F.,.F.,(4,3,3,3,3,3,3,4),(0.,0.000065884,0.000131768,0.000263536,0.000395305,0.000527073,0.000790609,0.001054146),.UNSPECIFIED.);
#1824=EDGE_CURVE('NONE',#1773,#1800,#1823,.T.);
#1825=ORIENTED_EDGE('',*,*,#1824,.T.);
#1826=CARTESIAN_POINT('',(-43.762201396,91.427014819,142.758989489));
#1827=CARTESIAN_POINT('',(-43.658938314,91.427825666,142.758989489));
#1828=CARTESIAN_POINT('',(-43.555475462,91.432670303,142.758989489));
#1829=CARTESIAN_POINT('',(-43.453512384,91.449013783,142.758989489));
#1830=CARTESIAN_POINT('',(-43.402530845,91.457185523,142.758989489));
#1831=CARTESIAN_POINT('',(-43.352012997,91.468661505,142.758989489));
#1832=CARTESIAN_POINT('',(-43.302993098,91.484862274,142.758989489));
#1833=CARTESIAN_POINT('',(-43.278483148,91.492962658,142.758989489));
#1834=CARTESIAN_POINT('',(-43.254263915,91.502026878,142.758989489));
#1835=CARTESIAN_POINT('',(-43.230807877,91.512818327,142.758989489));
#1836=CARTESIAN_POINT('',(-43.207351838,91.523609775,142.758989489));
#1837=CARTESIAN_POINT('',(-43.18511984,91.536825643,142.758989489));
#1838=CARTESIAN_POINT('',(-43.163042055,91.550212352,142.758989489));
#1839=B_SPLINE_CURVE_WITH_KNOTS('',3,(#1826,#1827,#1828,#1829,#1830,#1831,#1832,#1833,#1834,#1835,#1836,#1837,#1838),.UNSPECIFIED.,.F.,.F.,(4,3,3,3,4),(0.,0.000309799,0.000464698,0.000542148,0.000619598),.UNSPECIFIED.);
#1840=EDGE_CURVE('NONE',#1800,#1732,#1839,.T.);
#1841=ORIENTED_EDGE('',*,*,#1840,.T.);
#1842=EDGE_LOOP('',(#1750,#1771,#1798,#1825,#1841));
#1843=FACE_BOUND('',#1842,.T.);
#1844=CARTESIAN_POINT('',(-43.228247084,95.123108199,142.758989489));
#1845=VERTEX_POINT('',#1844);
#1846=CARTESIAN_POINT('',(-43.497477841,94.915476358,142.758989489));
#1847=VERTEX_POINT('',#1846);
#1848=CARTESIAN_POINT('',(-43.228247097,95.123107829,142.758989489));
#1849=CARTESIAN_POINT('',(-43.228805937,95.107307799,142.758989489));
#1850=CARTESIAN_POINT('',(-43.229989121,95.091565004,142.758989489));
#1851=CARTESIAN_POINT('',(-43.233996568,95.076272793,142.758989489));
#1852=CARTESIAN_POINT('',(-43.238004015,95.060980582,142.758989489));
#1853=CARTESIAN_POINT('',(-43.24397313,95.046168751,142.758989489));
#1854=CARTESIAN_POINT('',(-43.252040684,95.032548545,142.758989489));
#1855=CARTESIAN_POINT('',(-43.268175793,95.005308133,142.758989489));
#1856=CARTESIAN_POINT('',(-43.291562361,94.982699352,142.758989489));
#1857=CARTESIAN_POINT('',(-43.317497692,94.965248197,142.758989489));
#1858=CARTESIAN_POINT('',(-43.343433023,94.947797041,142.758989489));
#1859=CARTESIAN_POINT('',(-43.373092282,94.935570789,142.758989489));
#1860=CARTESIAN_POINT('',(-43.403722779,94.927858357,142.758989489));
#1861=CARTESIAN_POINT('',(-43.434353276,94.920145926,142.758989489));
#1862=CARTESIAN_POINT('',(-43.465928522,94.916881325,142.758989489));
#1863=CARTESIAN_POINT('',(-43.497477835,94.915476358,142.758989489));
#1864=B_SPLINE_CURVE_WITH_KNOTS('',3,(#1848,#1849,#1850,#1851,#1852,#1853,#1854,#1855,#1856,#1857,#1858,#1859,#1860,#1861,#1862,#1863),.UNSPECIFIED.,.F.,.F.,(4,3,3,3,3,4),(0.,0.000047429,0.000094858,0.000189717,0.000284575,0.000379434),.UNSPECIFIED.);
#1865=EDGE_CURVE('NONE',#1845,#1847,#1864,.T.);
#1866=ORIENTED_EDGE('',*,*,#1865,.T.);
#1867=CARTESIAN_POINT('',(-43.497477841,94.646245589,142.758989489));
#1868=VERTEX_POINT('',#1867);
#1869=CARTESIAN_POINT('',(-43.497477841,94.915476358,142.758989489));
#1870=DIRECTION('',(-0.,-1.,0.));
#1871=VECTOR('',#1870,0.269230769);
#1872=LINE('',#1869,#1871);
#1873=EDGE_CURVE('NONE',#1847,#1868,#1872,.T.);
#1874=ORIENTED_EDGE('',*,*,#1873,.T.);
#1875=CARTESIAN_POINT('',(-42.959016301,95.138433078,142.758989489));
#1876=VERTEX_POINT('',#1875);
#1877=CARTESIAN_POINT('',(-43.49747784,94.646245589,142.758989489));
#1878=CARTESIAN_POINT('',(-43.429507194,94.650124727,142.758989489));
#1879=CARTESIAN_POINT('',(-43.361484692,94.65914329,142.758989489));
#1880=CARTESIAN_POINT('',(-43.296665591,94.679975981,142.758989489));
#1881=CARTESIAN_POINT('',(-43.231846489,94.700808672,142.758989489));
#1882=CARTESIAN_POINT('',(-43.170415915,94.733070307,142.758989489));
#1883=CARTESIAN_POINT('',(-43.118791279,94.777460641,142.758989489));
#1884=CARTESIAN_POINT('',(-43.067166643,94.821850975,142.758989489));
#1885=CARTESIAN_POINT('',(-43.025064648,94.877236814,142.758989489));
#1886=CARTESIAN_POINT('',(-42.997856291,94.939616002,142.758989489));
#1887=CARTESIAN_POINT('',(-42.984252113,94.970805597,142.758989489));
#1888=CARTESIAN_POINT('',(-42.974478731,95.003489697,142.758989489));
#1889=CARTESIAN_POINT('',(-42.968135416,95.036918473,142.758989489));
#1890=CARTESIAN_POINT('',(-42.9617921,95.070347249,142.758989489));
#1891=CARTESIAN_POINT('',(-42.959660319,95.104405103,142.758989489));
#1892=CARTESIAN_POINT('',(-42.959016302,95.138433081,142.758989489));
#1893=B_SPLINE_CURVE_WITH_KNOTS('',3,(#1877,#1878,#1879,#1880,#1881,#1882,#1883,#1884,#1885,#1886,#1887,#1888,#1889,#1890,#1891,#1892),.UNSPECIFIED.,.F.,.F.,(4,3,3,3,3,4),(0.,0.000204244,0.000408487,0.000612731,0.000714853,0.000816975),.UNSPECIFIED.);
#1894=EDGE_CURVE('NONE',#1868,#1876,#1893,.T.);
#1895=ORIENTED_EDGE('',*,*,#1894,.T.);
#1896=CARTESIAN_POINT('',(-43.408836457,95.588553271,142.758989489));
#1897=VERTEX_POINT('',#1896);
#1898=CARTESIAN_POINT('',(-42.959016301,95.138433081,142.758989489));
#1899=CARTESIAN_POINT('',(-42.959877306,95.167976393,142.758989489));
#1900=CARTESIAN_POINT('',(-42.961093893,95.197580676,142.758989489));
#1901=CARTESIAN_POINT('',(-42.966227021,95.2266918,142.758989489));
#1902=CARTESIAN_POINT('',(-42.971360149,95.255802924,142.758989489));
#1903=CARTESIAN_POINT('',(-42.979157833,95.28446768,142.758989489));
#1904=CARTESIAN_POINT('',(-42.989831366,95.312016543,142.758989489));
#1905=CARTESIAN_POINT('',(-43.011178431,95.367114267,142.758989489));
#1906=CARTESIAN_POINT('',(-43.045145016,95.417155215,142.758989489));
#1907=CARTESIAN_POINT('',(-43.087818741,95.458071354,142.758989489));
#1908=CARTESIAN_POINT('',(-43.130492466,95.498987493,142.758989489));
#1909=CARTESIAN_POINT('',(-43.18160197,95.530613873,142.758989489));
#1910=CARTESIAN_POINT('',(-43.236262983,95.553148715,142.758989489));
#1911=CARTESIAN_POINT('',(-43.263593489,95.564416136,142.758989489));
#1912=CARTESIAN_POINT('',(-43.291899858,95.573353316,142.758989489));
#1913=CARTESIAN_POINT('',(-43.320777792,95.57955853,142.758989489));
#1914=CARTESIAN_POINT('',(-43.349655725,95.585763744,142.758989489));
#1915=CARTESIAN_POINT('',(-43.379292791,95.587538553,142.758989489));
#1916=CARTESIAN_POINT('',(-43.408836899,95.588553312,142.758989489));
#1917=B_SPLINE_CURVE_WITH_KNOTS('',3,(#1898,#1899,#1900,#1901,#1902,#1903,#1904,#1905,#1906,#1907,#1908,#1909,#1910,#1911,#1912,#1913,#1914,#1915,#1916),.UNSPECIFIED.,.F.,.F.,(4,3,3,3,3,3,4),(0.,0.000088668,0.000177335,0.00035467,0.000532005,0.000620673,0.00070934),.UNSPECIFIED.);
#1918=EDGE_CURVE('NONE',#1876,#1897,#1917,.T.);
#1919=ORIENTED_EDGE('',*,*,#1918,.T.);
#1920=CARTESIAN_POINT('',(-44.068090821,95.259526838,142.758989489));
#1921=VERTEX_POINT('',#1920);
#1922=CARTESIAN_POINT('',(-43.4088369,95.588553262,142.758989489));
#1923=CARTESIAN_POINT('',(-43.534318873,95.585789663,142.758989489));
#1924=CARTESIAN_POINT('',(-43.657002077,95.545320743,142.758989489));
#1925=CARTESIAN_POINT('',(-43.766377999,95.483745319,142.758989489));
#1926=CARTESIAN_POINT('',(-43.875753922,95.422169894,142.758989489));
#1927=CARTESIAN_POINT('',(-43.97344029,95.341967846,142.758989489));
#1928=CARTESIAN_POINT('',(-44.068090813,95.259526845,142.758989489));
#1929=B_SPLINE_CURVE_WITH_KNOTS('',3,(#1922,#1923,#1924,#1925,#1926,#1927,#1928),.UNSPECIFIED.,.F.,.F.,(4,3,4),(0.,0.000376537,0.000753074),.UNSPECIFIED.);
#1930=EDGE_CURVE('NONE',#1897,#1921,#1929,.T.);
#1931=ORIENTED_EDGE('',*,*,#1930,.T.);
#1932=CARTESIAN_POINT('',(-44.24747784,95.102976357,142.758989489));
#1933=VERTEX_POINT('',#1932);
#1934=CARTESIAN_POINT('',(-44.068090821,95.259526838,142.758989489));
#1935=DIRECTION('',(-0.753436025,-0.657521221,0.));
#1936=VECTOR('',#1935,0.238091907);
#1937=LINE('',#1934,#1936);
#1938=EDGE_CURVE('NONE',#1921,#1933,#1937,.T.);
#1939=ORIENTED_EDGE('',*,*,#1938,.T.);
#1940=CARTESIAN_POINT('',(-44.24747784,95.607784049,142.758989489));
#1941=VERTEX_POINT('',#1940);
#1942=CARTESIAN_POINT('',(-44.24747784,95.102976357,142.758989489));
#1943=DIRECTION('',(0.,1.,-0.));
#1944=VECTOR('',#1943,0.504807692);
#1945=LINE('',#1942,#1944);
#1946=EDGE_CURVE('NONE',#1933,#1941,#1945,.T.);
#1947=ORIENTED_EDGE('',*,*,#1946,.T.);
#1948=CARTESIAN_POINT('',(-44.49747784,95.607784049,142.758989489));
#1949=VERTEX_POINT('',#1948);
#1950=CARTESIAN_POINT('',(-44.24747784,95.607784049,142.758989489));
#1951=DIRECTION('',(-1.,0.,0.));
#1952=VECTOR('',#1951,0.25);
#1953=LINE('',#1950,#1952);
#1954=EDGE_CURVE('NONE',#1941,#1949,#1953,.T.);
#1955=ORIENTED_EDGE('',*,*,#1954,.T.);
#1956=CARTESIAN_POINT('',(-44.49747784,94.60778405,142.758989489));
#1957=VERTEX_POINT('',#1956);
#1958=CARTESIAN_POINT('',(-44.49747784,95.607784049,142.758989489));
#1959=DIRECTION('',(-0.,-1.,0.));
#1960=VECTOR('',#1959,1.);
#1961=LINE('',#1958,#1960);
#1962=EDGE_CURVE('NONE',#1949,#1957,#1961,.T.);
#1963=ORIENTED_EDGE('',*,*,#1962,.T.);
#1964=CARTESIAN_POINT('',(-44.361059571,94.60778405,142.758989489));
#1965=VERTEX_POINT('',#1964);
#1966=CARTESIAN_POINT('',(-44.49747784,94.60778405,142.758989489));
#1967=DIRECTION('',(1.,-0.,-0.));
#1968=VECTOR('',#1967,0.136418269);
#1969=LINE('',#1966,#1968);
#1970=EDGE_CURVE('NONE',#1957,#1965,#1969,.T.);
#1971=ORIENTED_EDGE('',*,*,#1970,.T.);
#1972=CARTESIAN_POINT('',(-43.888403321,95.051894627,142.758989489));
#1973=VERTEX_POINT('',#1972);
#1974=CARTESIAN_POINT('',(-44.361059571,94.60778405,142.758989489));
#1975=DIRECTION('',(0.728771001,0.684757495,-0.));
#1976=VECTOR('',#1975,0.648566215);
#1977=LINE('',#1974,#1976);
#1978=EDGE_CURVE('NONE',#1965,#1973,#1977,.T.);
#1979=ORIENTED_EDGE('',*,*,#1978,.T.);
#1980=CARTESIAN_POINT('',(-43.427765938,95.319322498,142.758989489));
#1981=VERTEX_POINT('',#1980);
#1982=CARTESIAN_POINT('',(-43.888403321,95.051894627,142.758989489));
#1983=CARTESIAN_POINT('',(-43.821992968,95.113829998,142.758989489));
#1984=CARTESIAN_POINT('',(-43.754901961,95.175661916,142.758989489));
#1985=CARTESIAN_POINT('',(-43.679746036,95.226618602,142.758989489));
#1986=CARTESIAN_POINT('',(-43.642168074,95.252096945,142.758989489));
#1987=CARTESIAN_POINT('',(-43.60224046,95.274165183,142.758989489));
#1988=CARTESIAN_POINT('',(-43.560036405,95.290939875,142.758989489));
#1989=CARTESIAN_POINT('',(-43.538934377,95.299327221,142.758989489));
#1990=CARTESIAN_POINT('',(-43.51736037,95.306608324,142.758989489));
#1991=CARTESIAN_POINT('',(-43.495231684,95.311588039,142.758989489));
#1992=CARTESIAN_POINT('',(-43.473102999,95.316567754,142.758989489));
#1993=CARTESIAN_POINT('',(-43.450407407,95.318220494,142.758989489));
#1994=CARTESIAN_POINT('',(-43.427765575,95.319322547,142.758989489));
#1995=B_SPLINE_CURVE_WITH_KNOTS('',3,(#1982,#1983,#1984,#1985,#1986,#1987,#1988,#1989,#1990,#1991,#1992,#1993,#1994),.UNSPECIFIED.,.F.,.F.,(4,3,3,3,4),(0.,0.000272428,0.000408642,0.000476749,0.000544856),.UNSPECIFIED.);
#1996=EDGE_CURVE('NONE',#1973,#1981,#1995,.T.);
#1997=ORIENTED_EDGE('',*,*,#1996,.T.);
#1998=CARTESIAN_POINT('',(-43.427765572,95.319322485,142.758989489));
#1999=CARTESIAN_POINT('',(-43.414665039,95.318838815,142.758989489));
#2000=CARTESIAN_POINT('',(-43.401553532,95.318358161,142.758989489));
#2001=CARTESIAN_POINT('',(-43.388615074,95.316386601,142.758989489));
#2002=CARTESIAN_POINT('',(-43.375676617,95.31441504,142.758989489));
#2003=CARTESIAN_POINT('',(-43.362969123,95.310847774,142.758989489));
#2004=CARTESIAN_POINT('',(-43.350688745,95.306241396,142.758989489));
#2005=CARTESIAN_POINT('',(-43.32612799,95.297028639,142.758989489));
#2006=CARTESIAN_POINT('',(-43.30375398,95.283242539,142.758989489));
#2007=CARTESIAN_POINT('',(-43.284988632,95.264881202,142.758989489));
#2008=CARTESIAN_POINT('',(-43.266223285,95.246519865,142.758989489));
#2009=CARTESIAN_POINT('',(-43.251068295,95.224205903,142.758989489));
#2010=CARTESIAN_POINT('',(-43.241651223,95.200018964,142.758989489));
#2011=CARTESIAN_POINT('',(-43.232234151,95.175832024,142.758989489));
#2012=CARTESIAN_POINT('',(-43.229533777,95.149316813,142.758989489));
#2013=CARTESIAN_POINT('',(-43.228247035,95.123107832,142.758989489));
#2014=B_SPLINE_CURVE_WITH_KNOTS('',3,(#1998,#1999,#2000,#2001,#2002,#2003,#2004,#2005,#2006,#2007,#2008,#2009,#2010,#2011,#2012,#2013),.UNSPECIFIED.,.F.,.F.,(4,3,3,3,3,4),(0.,0.000039328,0.000078657,0.000157313,0.00023597,0.000314626),.UNSPECIFIED.);
#2015=EDGE_CURVE('NONE',#1981,#1845,#2014,.T.);
#2016=ORIENTED_EDGE('',*,*,#2015,.T.);
#2017=EDGE_LOOP('',(#1866,#1874,#1895,#1919,#1931,#1939,#1947,#1955,#1963,#1971,#1979,#1997,#2016));
#2018=FACE_BOUND('',#2017,.T.);
#2019=CARTESIAN_POINT('',(-44.497477842,99.219322512,142.758989489));
#2020=VERTEX_POINT('',#2019);
#2021=CARTESIAN_POINT('',(-42.997477842,99.219322512,142.758989489));
#2022=VERTEX_POINT('',#2021);
#2023=CARTESIAN_POINT('',(-44.497477842,99.219322512,142.758989489));
#2024=DIRECTION('',(1.,-0.,-0.));
#2025=VECTOR('',#2024,1.5);
#2026=LINE('',#2023,#2025);
#2027=EDGE_CURVE('NONE',#2020,#2022,#2026,.T.);
#2028=ORIENTED_EDGE('',*,*,#2027,.T.);
#2029=CARTESIAN_POINT('',(-42.997477842,99.950091743,142.758989489));
#2030=VERTEX_POINT('',#2029);
#2031=CARTESIAN_POINT('',(-42.997477842,99.219322512,142.758989489));
#2032=DIRECTION('',(0.,1.,-0.));
#2033=VECTOR('',#2032,0.730769231);
#2034=LINE('',#2031,#2033);
#2035=EDGE_CURVE('NONE',#2022,#2030,#2034,.T.);
#2036=ORIENTED_EDGE('',*,*,#2035,.T.);
#2037=CARTESIAN_POINT('',(-43.266708611,99.950091743,142.758989489));
#2038=VERTEX_POINT('',#2037);
#2039=CARTESIAN_POINT('',(-42.997477842,99.950091743,142.758989489));
#2040=DIRECTION('',(-1.,0.,0.));
#2041=VECTOR('',#2040,0.269230769);
#2042=LINE('',#2039,#2041);
#2043=EDGE_CURVE('NONE',#2030,#2038,#2042,.T.);
#2044=ORIENTED_EDGE('',*,*,#2043,.T.);
#2045=CARTESIAN_POINT('',(-43.266708611,99.488553281,142.758989489));
#2046=VERTEX_POINT('',#2045);
#2047=CARTESIAN_POINT('',(-43.266708611,99.950091743,142.758989489));
#2048=DIRECTION('',(-0.,-1.,0.));
#2049=VECTOR('',#2048,0.461538462);
#2050=LINE('',#2047,#2049);
#2051=EDGE_CURVE('NONE',#2038,#2046,#2050,.T.);
#2052=ORIENTED_EDGE('',*,*,#2051,.T.);
#2053=CARTESIAN_POINT('',(-43.55517015,99.488553281,142.758989489));
#2054=VERTEX_POINT('',#2053);
#2055=CARTESIAN_POINT('',(-43.266708611,99.488553281,142.758989489));
#2056=DIRECTION('',(-1.,0.,0.));
#2057=VECTOR('',#2056,0.288461539);
#2058=LINE('',#2055,#2057);
#2059=EDGE_CURVE('NONE',#2046,#2054,#2058,.T.);
#2060=ORIENTED_EDGE('',*,*,#2059,.T.);
#2061=CARTESIAN_POINT('',(-43.55517015,99.950091742,142.758989489));
#2062=VERTEX_POINT('',#2061);
#2063=CARTESIAN_POINT('',(-43.55517015,99.488553281,142.758989489));
#2064=DIRECTION('',(0.,1.,-0.));
#2065=VECTOR('',#2064,0.461538461);
#2066=LINE('',#2063,#2065);
#2067=EDGE_CURVE('NONE',#2054,#2062,#2066,.T.);
#2068=ORIENTED_EDGE('',*,*,#2067,.T.);
#2069=CARTESIAN_POINT('',(-43.824400919,99.950091742,142.758989489));
#2070=VERTEX_POINT('',#2069);
#2071=CARTESIAN_POINT('',(-43.55517015,99.950091742,142.758989489));
#2072=DIRECTION('',(-1.,0.,0.));
#2073=VECTOR('',#2072,0.269230769);
#2074=LINE('',#2071,#2073);
#2075=EDGE_CURVE('NONE',#2062,#2070,#2074,.T.);
#2076=ORIENTED_EDGE('',*,*,#2075,.T.);
#2077=CARTESIAN_POINT('',(-43.824400919,99.488553281,142.758989489));
#2078=VERTEX_POINT('',#2077);
#2079=CARTESIAN_POINT('',(-43.824400919,99.950091742,142.758989489));
#2080=DIRECTION('',(-0.,-1.,0.));
#2081=VECTOR('',#2080,0.461538462);
#2082=LINE('',#2079,#2081);
#2083=EDGE_CURVE('NONE',#2070,#2078,#2082,.T.);
#2084=ORIENTED_EDGE('',*,*,#2083,.T.);
#2085=CARTESIAN_POINT('',(-44.497477842,99.488553281,142.758989489));
#2086=VERTEX_POINT('',#2085);
#2087=CARTESIAN_POINT('',(-43.824400919,99.488553281,142.758989489));
#2088=DIRECTION('',(-1.,0.,0.));
#2089=VECTOR('',#2088,0.673076923);
#2090=LINE('',#2087,#2089);
#2091=EDGE_CURVE('NONE',#2078,#2086,#2090,.T.);
#2092=ORIENTED_EDGE('',*,*,#2091,.T.);
#2093=CARTESIAN_POINT('',(-44.497477842,99.488553281,142.758989489));
#2094=DIRECTION('',(-0.,-1.,0.));
#2095=VECTOR('',#2094,0.269230769);
#2096=LINE('',#2093,#2095);
#2097=EDGE_CURVE('NONE',#2086,#2020,#2096,.T.);
#2098=ORIENTED_EDGE('',*,*,#2097,.T.);
#2099=EDGE_LOOP('',(#2028,#2036,#2044,#2052,#2060,#2068,#2076,#2084,#2092,#2098));
#2100=FACE_BOUND('',#2099,.T.);
#2101=CARTESIAN_POINT('',(-43.847838419,103.850091741,142.758989489));
#2102=VERTEX_POINT('',#2101);
#2103=CARTESIAN_POINT('',(-42.997477844,103.417399435,142.758989489));
#2104=VERTEX_POINT('',#2103);
#2105=CARTESIAN_POINT('',(-43.847838419,103.850091742,142.758989489));
#2106=DIRECTION('',(0.8912557,-0.453501133,0.));
#2107=VECTOR('',#2106,0.954115161);
#2108=LINE('',#2105,#2107);
#2109=EDGE_CURVE('NONE',#2102,#2104,#2108,.T.);
#2110=ORIENTED_EDGE('',*,*,#2109,.T.);
#2111=CARTESIAN_POINT('',(-42.997477844,103.716978761,142.758989489));
#2112=VERTEX_POINT('',#2111);
#2113=CARTESIAN_POINT('',(-42.997477844,103.417399435,142.758989489));
#2114=DIRECTION('',(0.,1.,-0.));
#2115=VECTOR('',#2114,0.299579326);
#2116=LINE('',#2113,#2115);
#2117=EDGE_CURVE('NONE',#2104,#2112,#2116,.T.);
#2118=ORIENTED_EDGE('',*,*,#2117,.T.);
#2119=CARTESIAN_POINT('',(-43.523619671,103.984707127,142.758989489));
#2120=VERTEX_POINT('',#2119);
#2121=CARTESIAN_POINT('',(-42.997477844,103.716978761,142.758989489));
#2122=DIRECTION('',(-0.891249157,0.453513992,-0.));
#2123=VECTOR('',#2122,0.59034202);
#2124=LINE('',#2121,#2123);
#2125=EDGE_CURVE('NONE',#2112,#2120,#2124,.T.);
#2126=ORIENTED_EDGE('',*,*,#2125,.T.);
#2127=CARTESIAN_POINT('',(-42.997477844,104.252435493,142.758989489));
#2128=VERTEX_POINT('',#2127);
#2129=CARTESIAN_POINT('',(-43.523619671,103.984707127,142.758989489));
#2130=DIRECTION('',(0.891249157,0.453513992,-0.));
#2131=VECTOR('',#2130,0.590342019);
#2132=LINE('',#2129,#2131);
#2133=EDGE_CURVE('NONE',#2120,#2128,#2132,.T.);
#2134=ORIENTED_EDGE('',*,*,#2133,.T.);
#2135=CARTESIAN_POINT('',(-42.997477844,104.552014819,142.758989489));
#2136=VERTEX_POINT('',#2135);
#2137=CARTESIAN_POINT('',(-42.997477844,104.252435493,142.758989489));
#2138=DIRECTION('',(0.,1.,-0.));
#2139=VECTOR('',#2138,0.299579326);
#2140=LINE('',#2137,#2139);
#2141=EDGE_CURVE('NONE',#2128,#2136,#2140,.T.);
#2142=ORIENTED_EDGE('',*,*,#2141,.T.);
#2143=CARTESIAN_POINT('',(-43.84783842,104.119322511,142.758989489));
#2144=VERTEX_POINT('',#2143);
#2145=CARTESIAN_POINT('',(-42.997477844,104.552014819,142.758989489));
#2146=DIRECTION('',(-0.891255699,-0.453501134,0.));
#2147=VECTOR('',#2146,0.954115162);
#2148=LINE('',#2145,#2147);
#2149=EDGE_CURVE('NONE',#2136,#2144,#2148,.T.);
#2150=ORIENTED_EDGE('',*,*,#2149,.T.);
#2151=CARTESIAN_POINT('',(-44.497477844,104.119322511,142.758989489));
#2152=VERTEX_POINT('',#2151);
#2153=CARTESIAN_POINT('',(-43.84783842,104.119322511,142.758989489));
#2154=DIRECTION('',(-1.,0.,0.));
#2155=VECTOR('',#2154,0.649639424);
#2156=LINE('',#2153,#2155);
#2157=EDGE_CURVE('NONE',#2144,#2152,#2156,.T.);
#2158=ORIENTED_EDGE('',*,*,#2157,.T.);
#2159=CARTESIAN_POINT('',(-44.497477844,103.850091741,142.758989489));
#2160=VERTEX_POINT('',#2159);
#2161=CARTESIAN_POINT('',(-44.497477844,104.119322511,142.758989489));
#2162=DIRECTION('',(-0.,-1.,0.));
#2163=VECTOR('',#2162,0.26923077);
#2164=LINE('',#2161,#2163);
#2165=EDGE_CURVE('NONE',#2152,#2160,#2164,.T.);
#2166=ORIENTED_EDGE('',*,*,#2165,.T.);
#2167=CARTESIAN_POINT('',(-44.497477844,103.850091741,142.758989489));
#2168=DIRECTION('',(1.,-0.,-0.));
#2169=VECTOR('',#2168,0.649639425);
#2170=LINE('',#2167,#2169);
#2171=EDGE_CURVE('NONE',#2160,#2102,#2170,.T.);
#2172=ORIENTED_EDGE('',*,*,#2171,.T.);
#2173=EDGE_LOOP('',(#2110,#2118,#2126,#2134,#2142,#2150,#2158,#2166,#2172));
#2174=FACE_BOUND('',#2173,.T.);
#2175=CARTESIAN_POINT('',(-41.497477839,90.636229328,142.758989489));
#2176=VERTEX_POINT('',#2175);
#2177=CARTESIAN_POINT('',(-39.997477838,90.636229328,142.758989489));
#2178=VERTEX_POINT('',#2177);
#2179=CARTESIAN_POINT('',(-41.497477839,90.636229328,142.758989489));
#2180=DIRECTION('',(1.,-0.,-0.));
#2181=VECTOR('',#2180,1.500000001);
#2182=LINE('',#2179,#2181);
#2183=EDGE_CURVE('NONE',#2176,#2178,#2182,.T.);
#2184=ORIENTED_EDGE('',*,*,#2183,.T.);
#2185=CARTESIAN_POINT('',(-39.997477838,91.136229328,142.758989489));
#2186=VERTEX_POINT('',#2185);
#2187=CARTESIAN_POINT('',(-39.997477838,90.636229328,142.758989489));
#2188=DIRECTION('',(0.,1.,-0.));
#2189=VECTOR('',#2188,0.5);
#2190=LINE('',#2187,#2189);
#2191=EDGE_CURVE('NONE',#2178,#2186,#2190,.T.);
#2192=ORIENTED_EDGE('',*,*,#2191,.T.);
#2193=CARTESIAN_POINT('',(-40.574400916,91.136229328,142.758989489));
#2194=VERTEX_POINT('',#2193);
#2195=CARTESIAN_POINT('',(-39.997477838,91.136229328,142.758989489));
#2196=DIRECTION('',(-1.,0.,0.));
#2197=VECTOR('',#2196,0.576923078);
#2198=LINE('',#2195,#2197);
#2199=EDGE_CURVE('NONE',#2186,#2194,#2198,.T.);
#2200=ORIENTED_EDGE('',*,*,#2199,.T.);
#2201=CARTESIAN_POINT('',(-40.574400916,92.040075482,142.758989489));
#2202=VERTEX_POINT('',#2201);
#2203=CARTESIAN_POINT('',(-40.574400916,91.136229328,142.758989489));
#2204=DIRECTION('',(0.,1.,-0.));
#2205=VECTOR('',#2204,0.903846154);
#2206=LINE('',#2203,#2205);
#2207=EDGE_CURVE('NONE',#2194,#2202,#2206,.T.);
#2208=ORIENTED_EDGE('',*,*,#2207,.T.);
#2209=CARTESIAN_POINT('',(-39.997477839,92.040075482,142.758989489));
#2210=VERTEX_POINT('',#2209);
#2211=CARTESIAN_POINT('',(-40.574400916,92.040075482,142.758989489));
#2212=DIRECTION('',(1.,-0.,-0.));
#2213=VECTOR('',#2212,0.576923077);
#2214=LINE('',#2211,#2213);
#2215=EDGE_CURVE('NONE',#2202,#2210,#2214,.T.);
#2216=ORIENTED_EDGE('',*,*,#2215,.T.);
#2217=CARTESIAN_POINT('',(-39.997477839,92.540075482,142.758989489));
#2218=VERTEX_POINT('',#2217);
#2219=CARTESIAN_POINT('',(-39.997477839,92.040075482,142.758989489));
#2220=DIRECTION('',(0.,1.,-0.));
#2221=VECTOR('',#2220,0.5);
#2222=LINE('',#2219,#2221);
#2223=EDGE_CURVE('NONE',#2210,#2218,#2222,.T.);
#2224=ORIENTED_EDGE('',*,*,#2223,.T.);
#2225=CARTESIAN_POINT('',(-41.49747784,92.540075482,142.758989489));
#2226=VERTEX_POINT('',#2225);
#2227=CARTESIAN_POINT('',(-39.997477839,92.540075482,142.758989489));
#2228=DIRECTION('',(-1.,0.,0.));
#2229=VECTOR('',#2228,1.500000001);
#2230=LINE('',#2227,#2229);
#2231=EDGE_CURVE('NONE',#2218,#2226,#2230,.T.);
#2232=ORIENTED_EDGE('',*,*,#2231,.T.);
#2233=CARTESIAN_POINT('',(-41.49747784,92.040075482,142.758989489));
#2234=VERTEX_POINT('',#2233);
#2235=CARTESIAN_POINT('',(-41.49747784,92.540075482,142.758989489));
#2236=DIRECTION('',(-0.,-1.,0.));
#2237=VECTOR('',#2236,0.5);
#2238=LINE('',#2235,#2237);
#2239=EDGE_CURVE('NONE',#2226,#2234,#2238,.T.);
#2240=ORIENTED_EDGE('',*,*,#2239,.T.);
#2241=CARTESIAN_POINT('',(-40.843631685,92.040075482,142.758989489));
#2242=VERTEX_POINT('',#2241);
#2243=CARTESIAN_POINT('',(-41.49747784,92.040075482,142.758989489));
#2244=DIRECTION('',(1.,-0.,-0.));
#2245=VECTOR('',#2244,0.653846154);
#2246=LINE('',#2243,#2245);
#2247=EDGE_CURVE('NONE',#2234,#2242,#2246,.T.);
#2248=ORIENTED_EDGE('',*,*,#2247,.T.);
#2249=CARTESIAN_POINT('',(-40.843631685,91.136229328,142.758989489));
#2250=VERTEX_POINT('',#2249);
#2251=CARTESIAN_POINT('',(-40.843631685,92.040075482,142.758989489));
#2252=DIRECTION('',(-0.,-1.,0.));
#2253=VECTOR('',#2252,0.903846153);
#2254=LINE('',#2251,#2253);
#2255=EDGE_CURVE('NONE',#2242,#2250,#2254,.T.);
#2256=ORIENTED_EDGE('',*,*,#2255,.T.);
#2257=CARTESIAN_POINT('',(-41.497477839,91.136229328,142.758989489));
#2258=VERTEX_POINT('',#2257);
#2259=CARTESIAN_POINT('',(-40.843631685,91.136229328,142.758989489));
#2260=DIRECTION('',(-1.,0.,0.));
#2261=VECTOR('',#2260,0.653846154);
#2262=LINE('',#2259,#2261);
#2263=EDGE_CURVE('NONE',#2250,#2258,#2262,.T.);
#2264=ORIENTED_EDGE('',*,*,#2263,.T.);
#2265=CARTESIAN_POINT('',(-41.497477839,91.136229328,142.758989489));
#2266=DIRECTION('',(-0.,-1.,0.));
#2267=VECTOR('',#2266,0.500000001);
#2268=LINE('',#2265,#2267);
#2269=EDGE_CURVE('NONE',#2258,#2176,#2268,.T.);
#2270=ORIENTED_EDGE('',*,*,#2269,.T.);
#2271=EDGE_LOOP('',(#2184,#2192,#2200,#2208,#2216,#2224,#2232,#2240,#2248,#2256,#2264,#2270));
#2272=FACE_BOUND('',#2271,.T.);
#2273=CARTESIAN_POINT('',(-41.497477841,95.905460097,142.758989489));
#2274=VERTEX_POINT('',#2273);
#2275=CARTESIAN_POINT('',(-39.997477841,95.905460097,142.758989489));
#2276=VERTEX_POINT('',#2275);
#2277=CARTESIAN_POINT('',(-41.497477841,95.905460097,142.758989489));
#2278=DIRECTION('',(1.,-0.,-0.));
#2279=VECTOR('',#2278,1.5);
#2280=LINE('',#2277,#2279);
#2281=EDGE_CURVE('NONE',#2274,#2276,#2280,.T.);
#2282=ORIENTED_EDGE('',*,*,#2281,.T.);
#2283=CARTESIAN_POINT('',(-39.997477841,96.441217309,142.758989489));
#2284=VERTEX_POINT('',#2283);
#2285=CARTESIAN_POINT('',(-39.997477841,95.905460097,142.758989489));
#2286=DIRECTION('',(0.,1.,-0.));
#2287=VECTOR('',#2286,0.535757212);
#2288=LINE('',#2285,#2287);
#2289=EDGE_CURVE('NONE',#2276,#2284,#2288,.T.);
#2290=ORIENTED_EDGE('',*,*,#2289,.T.);
#2291=CARTESIAN_POINT('',(-40.42356002,97.482383159,142.758989489));
#2292=VERTEX_POINT('',#2291);
#2293=CARTESIAN_POINT('',(-39.99747784,96.441217309,142.758989489));
#2294=CARTESIAN_POINT('',(-39.99755182,96.47657536,142.758989489));
#2295=CARTESIAN_POINT('',(-39.997694344,96.544694164,142.758989489));
#2296=CARTESIAN_POINT('',(-39.999927532,96.642858254,142.758989489));
#2297=CARTESIAN_POINT('',(-40.003004475,96.733130714,142.758989489));
#2298=CARTESIAN_POINT('',(-40.007889366,96.815470345,142.758989489));
#2299=CARTESIAN_POINT('',(-40.013626126,96.88994825,142.758989489));
#2300=CARTESIAN_POINT('',(-40.021187507,96.956473377,142.758989489));
#2301=CARTESIAN_POINT('',(-40.02960865,97.015179042,142.758989489));
#2302=CARTESIAN_POINT('',(-40.039931508,97.066819283,142.758989489));
#2303=CARTESIAN_POINT('',(-40.051954454,97.113311841,142.758989489));
#2304=CARTESIAN_POINT('',(-40.065512892,97.156621345,142.758989489));
#2305=CARTESIAN_POINT('',(-40.080519358,97.197847545,142.758989489));
#2306=CARTESIAN_POINT('',(-40.098446855,97.236320106,142.758989489));
#2307=CARTESIAN_POINT('',(-40.116581554,97.273171072,142.758989489));
#2308=CARTESIAN_POINT('',(-40.137635974,97.307210542,142.758989489));
#2309=CARTESIAN_POINT('',(-40.160158516,97.33917318,142.758989489));
#2310=CARTESIAN_POINT('',(-40.184332454,97.368807095,142.758989489));
#2311=CARTESIAN_POINT('',(-40.209915331,97.395639824,142.758989489));
#2312=CARTESIAN_POINT('',(-40.237245583,97.418462243,142.758989489));
#2313=CARTESIAN_POINT('',(-40.26524335,97.43843486,142.758989489));
#2314=CARTESIAN_POINT('',(-40.294867874,97.45416684,142.758989489));
#2315=CARTESIAN_POINT('',(-40.325302345,97.467193803,142.758989489));
#2316=CARTESIAN_POINT('',(-40.357106211,97.475634778,142.758989489));
#2317=CARTESIAN_POINT('',(-40.389894579,97.481433952,142.758989489));
#2318=CARTESIAN_POINT('',(-40.412215285,97.48206331,142.758989489));
#2319=CARTESIAN_POINT('',(-40.423559572,97.482383174,142.758989489));
#2320=B_SPLINE_CURVE_WITH_KNOTS('',3,(#2293,#2294,#2295,#2296,#2297,#2298,#2299,#2300,#2301,#2302,#2303,#2304,#2305,#2306,#2307,#2308,#2309,#2310,#2311,#2312,#2313,#2314,#2315,#2316,#2317,#2318,
#2319),.UNSPECIFIED.,.F.,.F.,(4,1,1,1,1,1,1,1,1,1,1,1,1,1,1,1,1,1,1,1,1,1,1,1,4),(0.,0.085609406,0.164930198,0.23773379,0.304296279,0.364635426,0.418573223,0.466383882,0.508190235,0.546011796,0.582599527,0.618051635,0.652131775,0.685320113,0.717429408,0.748920046,0.779941204,0.809955396,0.838522878,0.866039591,0.893059146,0.919586635,0.946004151,0.972557126,1.),.UNSPECIFIED.);
#2321=EDGE_CURVE('NONE',#2284,#2292,#2320,.T.);
#2322=ORIENTED_EDGE('',*,*,#2321,.T.);
#2323=CARTESIAN_POINT('',(-40.812982648,96.967960097,142.758989489));
#2324=VERTEX_POINT('',#2323);
#2325=CARTESIAN_POINT('',(-40.423560467,97.482383143,142.758989489));
#2326=CARTESIAN_POINT('',(-40.45276879,97.481370899,142.758989489));
#2327=CARTESIAN_POINT('',(-40.481987988,97.478213297,142.758989489));
#2328=CARTESIAN_POINT('',(-40.509944995,97.469634174,142.758989489));
#2329=CARTESIAN_POINT('',(-40.537902002,97.461055051,142.758989489));
#2330=CARTESIAN_POINT('',(-40.564404414,97.448007317,142.758989489));
#2331=CARTESIAN_POINT('',(-40.588220225,97.431022294,142.758989489));
#2332=CARTESIAN_POINT('',(-40.635851847,97.397052247,142.758989489));
#2333=CARTESIAN_POINT('',(-40.673073587,97.35014451,142.758989489));
#2334=CARTESIAN_POINT('',(-40.701942414,97.299263018,142.758989489));
#2335=CARTESIAN_POINT('',(-40.759680069,97.197500034,142.758989489));
#2336=CARTESIAN_POINT('',(-40.789703057,97.082604747,142.758989489));
#2337=CARTESIAN_POINT('',(-40.812982648,96.967960097,142.758989489));
#2338=B_SPLINE_CURVE_WITH_KNOTS('',3,(#2325,#2326,#2327,#2328,#2329,#2330,#2331,#2332,#2333,#2334,#2335,#2336,#2337),.UNSPECIFIED.,.F.,.F.,(4,3,3,3,4),(0.,0.000087677,0.000175355,0.00035071,0.000701419),.UNSPECIFIED.);
#2339=EDGE_CURVE('NONE',#2292,#2324,#2338,.T.);
#2340=ORIENTED_EDGE('',*,*,#2339,.T.);
#2341=CARTESIAN_POINT('',(-41.497477841,97.607383174,142.758989489));
#2342=VERTEX_POINT('',#2341);
#2343=CARTESIAN_POINT('',(-40.812982648,96.967960097,142.758989489));
#2344=DIRECTION('',(-0.730756507,0.682638211,-0.));
#2345=VECTOR('',#2344,0.936693942);
#2346=LINE('',#2343,#2345);
#2347=EDGE_CURVE('NONE',#2324,#2342,#2346,.T.);
#2348=ORIENTED_EDGE('',*,*,#2347,.T.);
#2349=CARTESIAN_POINT('',(-41.497477841,97.042178847,142.758989489));
#2350=VERTEX_POINT('',#2349);
#2351=CARTESIAN_POINT('',(-41.497477841,97.607383174,142.758989489));
#2352=DIRECTION('',(-0.,-1.,0.));
#2353=VECTOR('',#2352,0.565204327);
#2354=LINE('',#2351,#2353);
#2355=EDGE_CURVE('NONE',#2342,#2350,#2354,.T.);
#2356=ORIENTED_EDGE('',*,*,#2355,.T.);
#2357=CARTESIAN_POINT('',(-40.843631687,96.431601925,142.758989489));
#2358=VERTEX_POINT('',#2357);
#2359=CARTESIAN_POINT('',(-41.497477841,97.042178847,142.758989489));
#2360=DIRECTION('',(0.730876533,-0.682509702,0.));
#2361=VECTOR('',#2360,0.894605484);
#2362=LINE('',#2359,#2361);
#2363=EDGE_CURVE('NONE',#2350,#2358,#2362,.T.);
#2364=ORIENTED_EDGE('',*,*,#2363,.T.);
#2365=CARTESIAN_POINT('',(-40.843631687,96.405460098,142.758989489));
#2366=VERTEX_POINT('',#2365);
#2367=CARTESIAN_POINT('',(-40.843631687,96.431601925,142.758989489));
#2368=DIRECTION('',(-0.,-1.,0.));
#2369=VECTOR('',#2368,0.026141827);
#2370=LINE('',#2367,#2369);
#2371=EDGE_CURVE('NONE',#2358,#2366,#2370,.T.);
#2372=ORIENTED_EDGE('',*,*,#2371,.T.);
#2373=CARTESIAN_POINT('',(-41.497477841,96.405460098,142.758989489));
#2374=VERTEX_POINT('',#2373);
#2375=CARTESIAN_POINT('',(-40.843631687,96.405460098,142.758989489));
#2376=DIRECTION('',(-1.,0.,0.));
#2377=VECTOR('',#2376,0.653846154);
#2378=LINE('',#2375,#2377);
#2379=EDGE_CURVE('NONE',#2366,#2374,#2378,.T.);
#2380=ORIENTED_EDGE('',*,*,#2379,.T.);
#2381=CARTESIAN_POINT('',(-41.497477841,96.405460098,142.758989489));
#2382=DIRECTION('',(-0.,-1.,0.));
#2383=VECTOR('',#2382,0.500000001);
#2384=LINE('',#2381,#2383);
#2385=EDGE_CURVE('NONE',#2374,#2274,#2384,.T.);
#2386=ORIENTED_EDGE('',*,*,#2385,.T.);
#2387=EDGE_LOOP('',(#2282,#2290,#2322,#2340,#2348,#2356,#2364,#2372,#2380,#2386));
#2388=FACE_BOUND('',#2387,.T.);
#2389=ADVANCED_FACE('NONE',(#778,#1060,#1235,#1285,#1351,#1425,#1521,#1555,#1730,#1843,#2018,#2100,#2174,#2272,#2388),#712,.F.);
#2390=CARTESIAN_POINT('',(-41.497477843,101.047758509,161.658989489));
#2391=DIRECTION('',(0.,0.,1.));
#2392=DIRECTION('',(-1.,0.,0.));
#2393=AXIS2_PLACEMENT_3D('',#2390,#2391,#2392);
#2394=PLANE('',#2393);
#2395=CARTESIAN_POINT('',(-41.497477839,90.947758509,161.658989489));
#2396=VERTEX_POINT('',#2395);
#2397=CARTESIAN_POINT('',(-41.497477841,101.047758509,161.658989489));
#2398=VERTEX_POINT('',#2397);
#2399=CARTESIAN_POINT('',(-41.497477839,90.947758509,161.658989489));
#2400=DIRECTION('',(0.,1.,-0.));
#2401=VECTOR('',#2400,10.1);
#2402=LINE('',#2399,#2401);
#2403=EDGE_CURVE('NONE',#2396,#2398,#2402,.T.);
#2404=ORIENTED_EDGE('',*,*,#2403,.T.);
#2405=CARTESIAN_POINT('',(-42.69747784,101.047758509,161.658989489));
#2406=VERTEX_POINT('',#2405);
#2407=CARTESIAN_POINT('',(-41.497477841,101.047758509,161.658989489));
#2408=DIRECTION('',(-1.,0.,0.));
#2409=VECTOR('',#2408,1.199999999);
#2410=LINE('',#2407,#2409);
#2411=EDGE_CURVE('NONE',#2398,#2406,#2410,.T.);
#2412=ORIENTED_EDGE('',*,*,#2411,.T.);
#2413=CARTESIAN_POINT('',(-42.69747784,90.94775851,161.658989489));
#2414=VERTEX_POINT('',#2413);
#2415=CARTESIAN_POINT('',(-42.69747784,90.94775851,161.658989489));
#2416=DIRECTION('',(0.,1.,-0.));
#2417=VECTOR('',#2416,10.1);
#2418=LINE('',#2415,#2417);
#2419=EDGE_CURVE('NONE',#2414,#2406,#2418,.T.);
#2420=ORIENTED_EDGE('',*,*,#2419,.F.);
#2421=CARTESIAN_POINT('',(-41.497477839,90.947758509,161.658989489));
#2422=DIRECTION('',(-1.,0.,0.));
#2423=VECTOR('',#2422,1.200000001);
#2424=LINE('',#2421,#2423);
#2425=EDGE_CURVE('NONE',#2396,#2414,#2424,.T.);
#2426=ORIENTED_EDGE('',*,*,#2425,.F.);
#2427=EDGE_LOOP('',(#2404,#2412,#2420,#2426));
#2428=FACE_BOUND('',#2427,.T.);
#2429=ADVANCED_FACE('NONE',(#2428),#2394,.T.);
#2430=CARTESIAN_POINT('',(-45.997477839,92.247758508,161.658989489));
#2431=DIRECTION('',(0.,1.,-0.));
#2432=DIRECTION('',(1.,-0.,-0.));
#2433=AXIS2_PLACEMENT_3D('',#2430,#2431,#2432);
#2434=PLANE('',#2433);
#2435=CARTESIAN_POINT('',(-41.19747784,92.247758509,161.653989489));
#2436=VERTEX_POINT('',#2435);
#2437=CARTESIAN_POINT('',(-37.302477839,92.24775851,161.653989489));
#2438=VERTEX_POINT('',#2437);
#2439=CARTESIAN_POINT('',(-41.19747784,92.247758508,161.653989489));
#2440=DIRECTION('',(1.,-0.,-0.));
#2441=VECTOR('',#2440,3.895000001);
#2442=LINE('',#2439,#2441);
#2443=EDGE_CURVE('NONE',#2436,#2438,#2442,.T.);
#2444=ORIENTED_EDGE('',*,*,#2443,.T.);
#2445=CARTESIAN_POINT('',(-37.302477839,92.24775851,155.958989489));
#2446=VERTEX_POINT('',#2445);
#2447=CARTESIAN_POINT('',(-37.302477839,92.247758508,161.653989489));
#2448=DIRECTION('',(-0.,-0.,-1.));
#2449=VECTOR('',#2448,5.695);
#2450=LINE('',#2447,#2449);
#2451=EDGE_CURVE('NONE',#2438,#2446,#2450,.T.);
#2452=ORIENTED_EDGE('',*,*,#2451,.T.);
#2453=CARTESIAN_POINT('',(-41.197477841,92.24775851,155.958989489));
#2454=VERTEX_POINT('',#2453);
#2455=CARTESIAN_POINT('',(-41.197477841,92.24775851,155.958989489));
#2456=DIRECTION('',(1.,-0.,-0.));
#2457=VECTOR('',#2456,3.895000003);
#2458=LINE('',#2455,#2457);
#2459=EDGE_CURVE('NONE',#2454,#2446,#2458,.T.);
#2460=ORIENTED_EDGE('',*,*,#2459,.F.);
#2461=CARTESIAN_POINT('',(-41.197477841,92.24775851,161.653989489));
#2462=DIRECTION('',(-0.,-0.,-1.));
#2463=VECTOR('',#2462,5.695);
#2464=LINE('',#2461,#2463);
#2465=EDGE_CURVE('NONE',#2436,#2454,#2464,.T.);
#2466=ORIENTED_EDGE('',*,*,#2465,.F.);
#2467=EDGE_LOOP('',(#2444,#2452,#2460,#2466));
#2468=FACE_BOUND('',#2467,.T.);
#2469=ADVANCED_FACE('NONE',(#2468),#2434,.T.);
#2470=CARTESIAN_POINT('',(-41.197477841,95.99775851,161.658989489));
#2471=DIRECTION('',(1.,-0.,-0.));
#2472=DIRECTION('',(-0.,-1.,0.));
#2473=AXIS2_PLACEMENT_3D('',#2470,#2471,#2472);
#2474=PLANE('',#2473);
#2475=CARTESIAN_POINT('',(-41.197477841,99.747758509,161.653989489));
#2476=VERTEX_POINT('',#2475);
#2477=CARTESIAN_POINT('',(-41.197477842,99.74775851,155.958989489));
#2478=VERTEX_POINT('',#2477);
#2479=CARTESIAN_POINT('',(-41.197477842,99.747758508,161.653989489));
#2480=DIRECTION('',(-0.,-0.,-1.));
#2481=VECTOR('',#2480,5.695);
#2482=LINE('',#2479,#2481);
#2483=EDGE_CURVE('NONE',#2476,#2478,#2482,.T.);
#2484=ORIENTED_EDGE('',*,*,#2483,.F.);
#2485=CARTESIAN_POINT('',(-41.197477841,99.747758509,161.653989489));
#2486=DIRECTION('',(-0.,-1.,0.));
#2487=VECTOR('',#2486,7.5);
#2488=LINE('',#2485,#2487);
#2489=EDGE_CURVE('NONE',#2476,#2436,#2488,.T.);
#2490=ORIENTED_EDGE('',*,*,#2489,.T.);
#2491=ORIENTED_EDGE('',*,*,#2465,.T.);
#2492=CARTESIAN_POINT('',(-41.197477842,99.74775851,155.958989489));
#2493=DIRECTION('',(-0.,-1.,0.));
#2494=VECTOR('',#2493,7.499999999);
#2495=LINE('',#2492,#2494);
#2496=EDGE_CURVE('NONE',#2478,#2454,#2495,.T.);
#2497=ORIENTED_EDGE('',*,*,#2496,.F.);
#2498=EDGE_LOOP('',(#2484,#2490,#2491,#2497));
#2499=FACE_BOUND('',#2498,.T.);
#2500=ADVANCED_FACE('NONE',(#2499),#2474,.T.);
#2501=CARTESIAN_POINT('',(-45.997477842,99.747758508,161.658989489));
#2502=DIRECTION('',(0.,1.,-0.));
#2503=DIRECTION('',(1.,-0.,-0.));
#2504=AXIS2_PLACEMENT_3D('',#2501,#2502,#2503);
#2505=PLANE('',#2504);
#2506=CARTESIAN_POINT('',(-37.30247784,99.74775851,155.958989489));
#2507=VERTEX_POINT('',#2506);
#2508=CARTESIAN_POINT('',(-37.30247784,99.747758511,155.958989489));
#2509=DIRECTION('',(-1.,0.,0.));
#2510=VECTOR('',#2509,3.895000001);
#2511=LINE('',#2508,#2510);
#2512=EDGE_CURVE('NONE',#2507,#2478,#2511,.T.);
#2513=ORIENTED_EDGE('',*,*,#2512,.F.);
#2514=CARTESIAN_POINT('',(-37.302477842,99.74775851,161.653989489));
#2515=VERTEX_POINT('',#2514);
#2516=CARTESIAN_POINT('',(-37.302477842,99.747758508,155.958989489));
#2517=DIRECTION('',(0.,0.,1.));
#2518=VECTOR('',#2517,5.695);
#2519=LINE('',#2516,#2518);
#2520=EDGE_CURVE('NONE',#2507,#2515,#2519,.T.);
#2521=ORIENTED_EDGE('',*,*,#2520,.T.);
#2522=CARTESIAN_POINT('',(-37.302477842,99.747758508,161.653989489));
#2523=DIRECTION('',(-1.,0.,0.));
#2524=VECTOR('',#2523,3.894999999);
#2525=LINE('',#2522,#2524);
#2526=EDGE_CURVE('NONE',#2515,#2476,#2525,.T.);
#2527=ORIENTED_EDGE('',*,*,#2526,.T.);
#2528=ORIENTED_EDGE('',*,*,#2483,.T.);
#2529=EDGE_LOOP('',(#2513,#2521,#2527,#2528));
#2530=FACE_BOUND('',#2529,.T.);
#2531=ADVANCED_FACE('NONE',(#2530),#2505,.F.);
#2532=CARTESIAN_POINT('',(-37.297477841,95.997758512,161.658989489));
#2533=DIRECTION('',(1.,-0.,-0.));
#2534=DIRECTION('',(-0.,-1.,0.));
#2535=AXIS2_PLACEMENT_3D('',#2532,#2533,#2534);
#2536=PLANE('',#2535);
#2537=CARTESIAN_POINT('',(-37.297477842,92.252758512,161.653989489));
#2538=VERTEX_POINT('',#2537);
#2539=CARTESIAN_POINT('',(-37.29747784,95.242758511,161.653989489));
#2540=VERTEX_POINT('',#2539);
#2541=CARTESIAN_POINT('',(-37.297477841,92.252758512,161.653989489));
#2542=DIRECTION('',(0.,1.,-0.));
#2543=VECTOR('',#2542,2.99);
#2544=LINE('',#2541,#2543);
#2545=EDGE_CURVE('NONE',#2538,#2540,#2544,.T.);
#2546=ORIENTED_EDGE('',*,*,#2545,.T.);
#2547=CARTESIAN_POINT('',(-37.29747784,95.242758511,157.653989489));
#2548=VERTEX_POINT('',#2547);
#2549=CARTESIAN_POINT('',(-37.297477841,95.242758511,161.653989489));
#2550=DIRECTION('',(-0.,-0.,-1.));
#2551=VECTOR('',#2550,4.);
#2552=LINE('',#2549,#2551);
#2553=EDGE_CURVE('NONE',#2540,#2548,#2552,.T.);
#2554=ORIENTED_EDGE('',*,*,#2553,.T.);
#2555=CARTESIAN_POINT('',(-37.297477841,96.752758511,157.653989489));
#2556=VERTEX_POINT('',#2555);
#2557=CARTESIAN_POINT('',(-37.297477841,95.242758511,157.653989489));
#2558=DIRECTION('',(0.,1.,-0.));
#2559=VECTOR('',#2558,1.51);
#2560=LINE('',#2557,#2559);
#2561=EDGE_CURVE('NONE',#2548,#2556,#2560,.T.);
#2562=ORIENTED_EDGE('',*,*,#2561,.T.);
#2563=CARTESIAN_POINT('',(-37.297477841,96.752758511,161.653989489));
#2564=VERTEX_POINT('',#2563);
#2565=CARTESIAN_POINT('',(-37.297477841,96.752758511,157.653989489));
#2566=DIRECTION('',(0.,0.,1.));
#2567=VECTOR('',#2566,4.);
#2568=LINE('',#2565,#2567);
#2569=EDGE_CURVE('NONE',#2556,#2564,#2568,.T.);
#2570=ORIENTED_EDGE('',*,*,#2569,.T.);
#2571=CARTESIAN_POINT('',(-37.297477842,99.742758512,161.653989489));
#2572=VERTEX_POINT('',#2571);
#2573=CARTESIAN_POINT('',(-37.297477841,96.752758511,161.653989489));
#2574=DIRECTION('',(0.,1.,-0.));
#2575=VECTOR('',#2574,2.99);
#2576=LINE('',#2573,#2575);
#2577=EDGE_CURVE('NONE',#2564,#2572,#2576,.T.);
#2578=ORIENTED_EDGE('',*,*,#2577,.T.);
#2579=CARTESIAN_POINT('',(-37.297477842,99.742758511,155.963989489));
#2580=VERTEX_POINT('',#2579);
#2581=CARTESIAN_POINT('',(-37.297477841,99.742758511,161.653989489));
#2582=DIRECTION('',(-0.,-0.,-1.));
#2583=VECTOR('',#2582,5.69);
#2584=LINE('',#2581,#2583);
#2585=EDGE_CURVE('NONE',#2572,#2580,#2584,.T.);
#2586=ORIENTED_EDGE('',*,*,#2585,.T.);
#2587=CARTESIAN_POINT('',(-37.29747784,92.252758511,155.963989489));
#2588=VERTEX_POINT('',#2587);
#2589=CARTESIAN_POINT('',(-37.297477841,99.742758511,155.963989489));
#2590=DIRECTION('',(-0.,-1.,0.));
#2591=VECTOR('',#2590,7.49);
#2592=LINE('',#2589,#2591);
#2593=EDGE_CURVE('NONE',#2580,#2588,#2592,.T.);
#2594=ORIENTED_EDGE('',*,*,#2593,.T.);
#2595=CARTESIAN_POINT('',(-37.297477841,92.252758511,155.963989489));
#2596=DIRECTION('',(0.,0.,1.));
#2597=VECTOR('',#2596,5.69);
#2598=LINE('',#2595,#2597);
#2599=EDGE_CURVE('NONE',#2588,#2538,#2598,.T.);
#2600=ORIENTED_EDGE('',*,*,#2599,.T.);
#2601=EDGE_LOOP('',(#2546,#2554,#2562,#2570,#2578,#2586,#2594,#2600));
#2602=FACE_BOUND('',#2601,.T.);
#2603=CARTESIAN_POINT('',(-37.297477841,99.052758511,159.663989489));
#2604=VERTEX_POINT('',#2603);
#2605=CARTESIAN_POINT('',(-37.297477841,98.042758511,159.663989489));
#2606=VERTEX_POINT('',#2605);
#2607=CARTESIAN_POINT('',(-37.297477841,99.052758511,159.663989489));
#2608=DIRECTION('',(-0.,-1.,0.));
#2609=VECTOR('',#2608,1.01);
#2610=LINE('',#2607,#2609);
#2611=EDGE_CURVE('NONE',#2604,#2606,#2610,.T.);
#2612=ORIENTED_EDGE('',*,*,#2611,.T.);
#2613=CARTESIAN_POINT('',(-37.297477841,98.042758511,157.653989489));
#2614=VERTEX_POINT('',#2613);
#2615=CARTESIAN_POINT('',(-37.297477841,98.042758511,159.663989489));
#2616=DIRECTION('',(-0.,-0.,-1.));
#2617=VECTOR('',#2616,2.01);
#2618=LINE('',#2615,#2617);
#2619=EDGE_CURVE('NONE',#2606,#2614,#2618,.T.);
#2620=ORIENTED_EDGE('',*,*,#2619,.T.);
#2621=CARTESIAN_POINT('',(-37.297477841,99.052758511,157.653989489));
#2622=VERTEX_POINT('',#2621);
#2623=CARTESIAN_POINT('',(-37.297477841,98.042758511,157.653989489));
#2624=DIRECTION('',(0.,1.,-0.));
#2625=VECTOR('',#2624,1.01);
#2626=LINE('',#2623,#2625);
#2627=EDGE_CURVE('NONE',#2614,#2622,#2626,.T.);
#2628=ORIENTED_EDGE('',*,*,#2627,.T.);
#2629=CARTESIAN_POINT('',(-37.297477841,99.052758511,157.653989489));
#2630=DIRECTION('',(0.,0.,1.));
#2631=VECTOR('',#2630,2.01);
#2632=LINE('',#2629,#2631);
#2633=EDGE_CURVE('NONE',#2622,#2604,#2632,.T.);
#2634=ORIENTED_EDGE('',*,*,#2633,.T.);
#2635=EDGE_LOOP('',(#2612,#2620,#2628,#2634));
#2636=FACE_BOUND('',#2635,.T.);
#2637=CARTESIAN_POINT('',(-37.29747784,93.952758511,159.663989489));
#2638=VERTEX_POINT('',#2637);
#2639=CARTESIAN_POINT('',(-37.29747784,92.942758511,159.663989489));
#2640=VERTEX_POINT('',#2639);
#2641=CARTESIAN_POINT('',(-37.297477841,93.952758511,159.663989489));
#2642=DIRECTION('',(-0.,-1.,0.));
#2643=VECTOR('',#2642,1.01);
#2644=LINE('',#2641,#2643);
#2645=EDGE_CURVE('NONE',#2638,#2640,#2644,.T.);
#2646=ORIENTED_EDGE('',*,*,#2645,.T.);
#2647=CARTESIAN_POINT('',(-37.29747784,92.942758511,157.653989489));
#2648=VERTEX_POINT('',#2647);
#2649=CARTESIAN_POINT('',(-37.297477841,92.942758511,159.663989489));
#2650=DIRECTION('',(-0.,-0.,-1.));
#2651=VECTOR('',#2650,2.01);
#2652=LINE('',#2649,#2651);
#2653=EDGE_CURVE('NONE',#2640,#2648,#2652,.T.);
#2654=ORIENTED_EDGE('',*,*,#2653,.T.);
#2655=CARTESIAN_POINT('',(-37.29747784,93.952758511,157.653989489));
#2656=VERTEX_POINT('',#2655);
#2657=CARTESIAN_POINT('',(-37.297477841,92.942758511,157.653989489));
#2658=DIRECTION('',(0.,1.,-0.));
#2659=VECTOR('',#2658,1.01);
#2660=LINE('',#2657,#2659);
#2661=EDGE_CURVE('NONE',#2648,#2656,#2660,.T.);
#2662=ORIENTED_EDGE('',*,*,#2661,.T.);
#2663=CARTESIAN_POINT('',(-37.297477841,93.952758511,157.653989489));
#2664=DIRECTION('',(0.,0.,1.));
#2665=VECTOR('',#2664,2.01);
#2666=LINE('',#2663,#2665);
#2667=EDGE_CURVE('NONE',#2656,#2638,#2666,.T.);
#2668=ORIENTED_EDGE('',*,*,#2667,.T.);
#2669=EDGE_LOOP('',(#2646,#2654,#2662,#2668));
#2670=FACE_BOUND('',#2669,.T.);
#2671=ADVANCED_FACE('NONE',(#2602,#2636,#2670),#2536,.F.);
#2672=CARTESIAN_POINT('',(-38.79747784,95.99775851,149.258989489));
#2673=DIRECTION('',(-1.,0.,0.));
#2674=DIRECTION('',(0.,1.,-0.));
#2675=AXIS2_PLACEMENT_3D('',#2672,#2673,#2674);
#2676=PLANE('',#2675);
#2677=ORIENTED_EDGE('',*,*,#571,.T.);
#2678=CARTESIAN_POINT('',(-38.79747784,90.94775851,155.758989489));
#2679=VERTEX_POINT('',#2678);
#2680=CARTESIAN_POINT('',(-38.79747784,90.947758511,153.458989489));
#2681=DIRECTION('',(0.,0.,1.));
#2682=VECTOR('',#2681,2.3);
#2683=LINE('',#2680,#2682);
#2684=EDGE_CURVE('NONE',#560,#2679,#2683,.T.);
#2685=ORIENTED_EDGE('',*,*,#2684,.T.);
#2686=CARTESIAN_POINT('',(-38.79747784,90.94775851,155.758989489));
#2687=DIRECTION('',(-0.,-1.,0.));
#2688=VECTOR('',#2687,9.699999998);
#2689=LINE('',#2686,#2688);
#2690=EDGE_CURVE('NONE',#2679,#583,#2689,.T.);
#2691=ORIENTED_EDGE('',*,*,#2690,.T.);
#2692=ORIENTED_EDGE('',*,*,#588,.T.);
#2693=EDGE_LOOP('',(#2677,#2685,#2691,#2692));
#2694=FACE_BOUND('',#2693,.T.);
#2695=ADVANCED_FACE('NONE',(#2694),#2676,.F.);
#2696=CARTESIAN_POINT('',(-32.497477846,110.747758513,155.758989489));
#2697=DIRECTION('',(-0.,-0.,-1.));
#2698=DIRECTION('',(1.,-0.,-0.));
#2699=AXIS2_PLACEMENT_3D('',#2696,#2697,#2698);
#2700=PLANE('',#2699);
#2701=ORIENTED_EDGE('',*,*,#2690,.F.);
#2702=CARTESIAN_POINT('',(-41.497477839,90.947758509,155.758989489));
#2703=VERTEX_POINT('',#2702);
#2704=CARTESIAN_POINT('',(-41.497477839,90.947758509,155.758989489));
#2705=DIRECTION('',(1.,-0.,-0.));
#2706=VECTOR('',#2705,2.699999999);
#2707=LINE('',#2704,#2706);
#2708=EDGE_CURVE('NONE',#2703,#2679,#2707,.T.);
#2709=ORIENTED_EDGE('',*,*,#2708,.F.);
#2710=CARTESIAN_POINT('',(-42.69747784,90.94775851,155.758989489));
#2711=VERTEX_POINT('',#2710);
#2712=CARTESIAN_POINT('',(-41.497477839,90.947758509,155.758989489));
#2713=DIRECTION('',(-1.,0.,0.));
#2714=VECTOR('',#2713,1.200000001);
#2715=LINE('',#2712,#2714);
#2716=EDGE_CURVE('NONE',#2703,#2711,#2715,.T.);
#2717=ORIENTED_EDGE('',*,*,#2716,.T.);
#2718=CARTESIAN_POINT('',(-42.69747784,101.047758509,155.758989489));
#2719=VERTEX_POINT('',#2718);
#2720=CARTESIAN_POINT('',(-42.69747784,101.047758509,155.758989489));
#2721=DIRECTION('',(-0.,-1.,0.));
#2722=VECTOR('',#2721,10.1);
#2723=LINE('',#2720,#2722);
#2724=EDGE_CURVE('NONE',#2719,#2711,#2723,.T.);
#2725=ORIENTED_EDGE('',*,*,#2724,.F.);
#2726=CARTESIAN_POINT('',(-41.497477842,101.047758509,155.758989489));
#2727=VERTEX_POINT('',#2726);
#2728=CARTESIAN_POINT('',(-41.497477842,101.047758509,155.758989489));
#2729=DIRECTION('',(-1.,0.,0.));
#2730=VECTOR('',#2729,1.199999999);
#2731=LINE('',#2728,#2730);
#2732=EDGE_CURVE('NONE',#2727,#2719,#2731,.T.);
#2733=ORIENTED_EDGE('',*,*,#2732,.F.);
#2734=CARTESIAN_POINT('',(-38.797477841,101.047758509,155.758989489));
#2735=VERTEX_POINT('',#2734);
#2736=CARTESIAN_POINT('',(-38.797477841,101.047758509,155.758989489));
#2737=DIRECTION('',(-1.,0.,0.));
#2738=VECTOR('',#2737,2.7);
#2739=LINE('',#2736,#2738);
#2740=EDGE_CURVE('NONE',#2735,#2727,#2739,.T.);
#2741=ORIENTED_EDGE('',*,*,#2740,.F.);
#2742=CARTESIAN_POINT('',(-38.79747784,110.747758511,155.758989489));
#2743=VERTEX_POINT('',#2742);
#2744=CARTESIAN_POINT('',(-38.79747784,110.747758511,155.758989489));
#2745=DIRECTION('',(-0.,-1.,0.));
#2746=VECTOR('',#2745,9.700000001);
#2747=LINE('',#2744,#2746);
#2748=EDGE_CURVE('NONE',#2743,#2735,#2747,.T.);
#2749=ORIENTED_EDGE('',*,*,#2748,.F.);
#2750=CARTESIAN_POINT('',(-45.997477847,110.747758512,155.758989489));
#2751=VERTEX_POINT('',#2750);
#2752=CARTESIAN_POINT('',(-38.79747784,110.747758511,155.758989489));
#2753=DIRECTION('',(-1.,0.,0.));
#2754=VECTOR('',#2753,7.200000007);
#2755=LINE('',#2752,#2754);
#2756=EDGE_CURVE('NONE',#2743,#2751,#2755,.T.);
#2757=ORIENTED_EDGE('',*,*,#2756,.T.);
#2758=CARTESIAN_POINT('',(-45.997477847,110.747758512,155.758989489));
#2759=DIRECTION('',(-0.,-1.,0.));
#2760=VECTOR('',#2759,29.499999999);
#2761=LINE('',#2758,#2760);
#2762=EDGE_CURVE('NONE',#2751,#591,#2761,.T.);
#2763=ORIENTED_EDGE('',*,*,#2762,.T.);
#2764=ORIENTED_EDGE('',*,*,#596,.F.);
#2765=EDGE_LOOP('',(#2701,#2709,#2717,#2725,#2733,#2741,#2749,#2757,#2763,#2764));
#2766=FACE_BOUND('',#2765,.T.);
#2767=ADVANCED_FACE('NONE',(#2766),#2700,.F.);
#2768=CARTESIAN_POINT('',(-32.497477846,110.747758513,155.758989489));
#2769=DIRECTION('',(-0.,-1.,0.));
#2770=DIRECTION('',(-1.,0.,0.));
#2771=AXIS2_PLACEMENT_3D('',#2768,#2769,#2770);
#2772=PLANE('',#2771);
#2773=CARTESIAN_POINT('',(-38.797477843,110.747758512,142.763989489));
#2774=VERTEX_POINT('',#2773);
#2775=CARTESIAN_POINT('',(-38.79747784,110.747758511,142.763989489));
#2776=DIRECTION('',(0.,0.,1.));
#2777=VECTOR('',#2776,2.295);
#2778=LINE('',#2775,#2777);
#2779=EDGE_CURVE('NONE',#2774,#685,#2778,.T.);
#2780=ORIENTED_EDGE('',*,*,#2779,.F.);
#2781=CARTESIAN_POINT('',(-45.997477847,110.747758513,142.763989489));
#2782=VERTEX_POINT('',#2781);
#2783=CARTESIAN_POINT('',(-38.797477843,110.747758513,142.763989489));
#2784=DIRECTION('',(-1.,0.,0.));
#2785=VECTOR('',#2784,7.200000003);
#2786=LINE('',#2783,#2785);
#2787=EDGE_CURVE('NONE',#2774,#2782,#2786,.T.);
#2788=ORIENTED_EDGE('',*,*,#2787,.T.);
#2789=CARTESIAN_POINT('',(-45.997477847,110.747758512,145.508989489));
#2790=VERTEX_POINT('',#2789);
#2791=CARTESIAN_POINT('',(-45.997477847,110.747758513,142.763989489));
#2792=DIRECTION('',(0.,0.,1.));
#2793=VECTOR('',#2792,2.745);
#2794=LINE('',#2791,#2793);
#2795=EDGE_CURVE('NONE',#2782,#2790,#2794,.T.);
#2796=ORIENTED_EDGE('',*,*,#2795,.T.);
#2797=CARTESIAN_POINT('',(-40.247477847,110.747758511,145.508989489));
#2798=VERTEX_POINT('',#2797);
#2799=CARTESIAN_POINT('',(-40.247477847,110.74775851,145.508989489));
#2800=DIRECTION('',(-1.,0.,0.));
#2801=VECTOR('',#2800,5.75);
#2802=LINE('',#2799,#2801);
#2803=EDGE_CURVE('NONE',#2798,#2790,#2802,.T.);
#2804=ORIENTED_EDGE('',*,*,#2803,.F.);
#2805=CARTESIAN_POINT('',(-40.247477847,110.747758511,149.258989489));
#2806=VERTEX_POINT('',#2805);
#2807=CARTESIAN_POINT('',(-40.247477847,110.747758513,145.508989489));
#2808=DIRECTION('',(0.,0.,1.));
#2809=VECTOR('',#2808,3.75);
#2810=LINE('',#2807,#2809);
#2811=EDGE_CURVE('NONE',#2798,#2806,#2810,.T.);
#2812=ORIENTED_EDGE('',*,*,#2811,.T.);
#2813=CARTESIAN_POINT('',(-40.247477849,110.747758513,153.008989489));
#2814=VERTEX_POINT('',#2813);
#2815=CARTESIAN_POINT('',(-40.247477847,110.747758513,149.258989489));
#2816=DIRECTION('',(0.,0.,1.));
#2817=VECTOR('',#2816,3.75);
#2818=LINE('',#2815,#2817);
#2819=EDGE_CURVE('NONE',#2806,#2814,#2818,.T.);
#2820=ORIENTED_EDGE('',*,*,#2819,.T.);
#2821=CARTESIAN_POINT('',(-45.997477847,110.747758513,153.008989489));
#2822=VERTEX_POINT('',#2821);
#2823=CARTESIAN_POINT('',(-40.247477849,110.747758513,153.008989489));
#2824=DIRECTION('',(-1.,0.,0.));
#2825=VECTOR('',#2824,5.749999998);
#2826=LINE('',#2823,#2825);
#2827=EDGE_CURVE('NONE',#2814,#2822,#2826,.T.);
#2828=ORIENTED_EDGE('',*,*,#2827,.T.);
#2829=CARTESIAN_POINT('',(-45.997477847,110.747758513,153.008989489));
#2830=DIRECTION('',(0.,0.,1.));
#2831=VECTOR('',#2830,2.75);
#2832=LINE('',#2829,#2831);
#2833=EDGE_CURVE('NONE',#2822,#2751,#2832,.T.);
#2834=ORIENTED_EDGE('',*,*,#2833,.T.);
#2835=ORIENTED_EDGE('',*,*,#2756,.F.);
#2836=CARTESIAN_POINT('',(-38.79747784,110.747758511,153.458989489));
#2837=DIRECTION('',(0.,0.,1.));
#2838=VECTOR('',#2837,2.3);
#2839=LINE('',#2836,#2838);
#2840=EDGE_CURVE('NONE',#528,#2743,#2839,.T.);
#2841=ORIENTED_EDGE('',*,*,#2840,.F.);
#2842=ORIENTED_EDGE('',*,*,#533,.F.);
#2843=CARTESIAN_POINT('',(-34.49747784,110.747758513,145.058989489));
#2844=DIRECTION('',(0.,0.,1.));
#2845=VECTOR('',#2844,8.4);
#2846=LINE('',#2843,#2845);
#2847=EDGE_CURVE('NONE',#683,#520,#2846,.T.);
#2848=ORIENTED_EDGE('',*,*,#2847,.F.);
#2849=ORIENTED_EDGE('',*,*,#690,.T.);
#2850=EDGE_LOOP('',(#2780,#2788,#2796,#2804,#2812,#2820,#2828,#2834,#2835,#2841,#2842,#2848,#2849));
#2851=FACE_BOUND('',#2850,.T.);
#2852=ADVANCED_FACE('NONE',(#2851),#2772,.F.);
#2853=CARTESIAN_POINT('',(-45.997477847,114.497758508,149.258989489));
#2854=DIRECTION('',(1.,-0.,-0.));
#2855=DIRECTION('',(-0.,-1.,0.));
#2856=AXIS2_PLACEMENT_3D('',#2853,#2854,#2855);
#2857=PLANE('',#2856);
#2858=ORIENTED_EDGE('',*,*,#2795,.F.);
#2859=CARTESIAN_POINT('',(-45.997477846,110.742758513,142.763989489));
#2860=DIRECTION('',(-1.,0.,0.));
#2861=DIRECTION('',(-0.,-1.,0.));
#2862=AXIS2_PLACEMENT_3D('',#2859,#2860,#2861);
#2863=CIRCLE('',#2862,0.005);
#2864=EDGE_CURVE('NONE',#2782,#1525,#2863,.T.);
#2865=ORIENTED_EDGE('',*,*,#2864,.T.);
#2866=ORIENTED_EDGE('',*,*,#1530,.F.);
#2867=CARTESIAN_POINT('',(-45.997477835,81.252758513,142.763989489));
#2868=DIRECTION('',(-1.,0.,0.));
#2869=DIRECTION('',(-0.,-1.,0.));
#2870=AXIS2_PLACEMENT_3D('',#2867,#2868,#2869);
#2871=CIRCLE('',#2870,0.005);
#2872=EDGE_CURVE('NONE',#1523,#637,#2871,.T.);
#2873=ORIENTED_EDGE('',*,*,#2872,.T.);
#2874=ORIENTED_EDGE('',*,*,#642,.F.);
#2875=CARTESIAN_POINT('',(-45.997477833,77.497758511,145.508989489));
#2876=VERTEX_POINT('',#2875);
#2877=CARTESIAN_POINT('',(-45.997477833,77.497758511,145.508989489));
#2878=DIRECTION('',(0.,1.,-0.));
#2879=VECTOR('',#2878,3.750000002);
#2880=LINE('',#2877,#2879);
#2881=EDGE_CURVE('NONE',#2876,#629,#2880,.T.);
#2882=ORIENTED_EDGE('',*,*,#2881,.F.);
#2883=CARTESIAN_POINT('',(-45.997477834,77.497758513,153.008989489));
#2884=VERTEX_POINT('',#2883);
#2885=CARTESIAN_POINT('',(-45.997477833,77.497758513,149.258989489));
#2886=DIRECTION('',(1.,-0.,-0.));
#2887=DIRECTION('',(-0.,-1.,0.));
#2888=AXIS2_PLACEMENT_3D('',#2885,#2886,#2887);
#2889=CIRCLE('',#2888,3.75);
#2890=EDGE_CURVE('NONE',#2884,#2876,#2889,.T.);
#2891=ORIENTED_EDGE('',*,*,#2890,.F.);
#2892=CARTESIAN_POINT('',(-45.997477835,81.247758512,153.008989489));
#2893=DIRECTION('',(-0.,-1.,0.));
#2894=VECTOR('',#2893,3.749999998);
#2895=LINE('',#2892,#2894);
#2896=EDGE_CURVE('NONE',#599,#2884,#2895,.T.);
#2897=ORIENTED_EDGE('',*,*,#2896,.F.);
#2898=ORIENTED_EDGE('',*,*,#604,.F.);
#2899=ORIENTED_EDGE('',*,*,#2762,.F.);
#2900=ORIENTED_EDGE('',*,*,#2833,.F.);
#2901=CARTESIAN_POINT('',(-45.997477848,114.497758511,153.008989489));
#2902=VERTEX_POINT('',#2901);
#2903=CARTESIAN_POINT('',(-45.997477847,114.497758511,153.008989489));
#2904=DIRECTION('',(-0.,-1.,0.));
#2905=VECTOR('',#2904,3.749999998);
#2906=LINE('',#2903,#2905);
#2907=EDGE_CURVE('NONE',#2902,#2822,#2906,.T.);
#2908=ORIENTED_EDGE('',*,*,#2907,.F.);
#2909=CARTESIAN_POINT('',(-45.997477847,114.497758513,149.258989489));
#2910=DIRECTION('',(1.,-0.,-0.));
#2911=DIRECTION('',(-0.,-1.,0.));
#2912=AXIS2_PLACEMENT_3D('',#2909,#2910,#2911);
#2913=CIRCLE('',#2912,3.75);
#2914=EDGE_CURVE('NONE',#468,#2902,#2913,.T.);
#2915=ORIENTED_EDGE('',*,*,#2914,.F.);
#2916=ORIENTED_EDGE('',*,*,#499,.F.);
#2917=CARTESIAN_POINT('',(-45.997477847,110.747758512,145.508989489));
#2918=DIRECTION('',(0.,1.,-0.));
#2919=VECTOR('',#2918,3.75);
#2920=LINE('',#2917,#2919);
#2921=EDGE_CURVE('NONE',#2790,#487,#2920,.T.);
#2922=ORIENTED_EDGE('',*,*,#2921,.F.);
#2923=EDGE_LOOP('',(#2858,#2865,#2866,#2873,#2874,#2882,#2891,#2897,#2898,#2899,#2900,#2908,#2915,#2916,#2922));
#2924=FACE_BOUND('',#2923,.T.);
#2925=ORIENTED_EDGE('',*,*,#433,.T.);
#2926=ORIENTED_EDGE('',*,*,#440,.T.);
#2927=EDGE_LOOP('',(#2925,#2926));
#2928=FACE_BOUND('',#2927,.T.);
#2929=ORIENTED_EDGE('',*,*,#382,.T.);
#2930=ORIENTED_EDGE('',*,*,#389,.T.);
#2931=EDGE_LOOP('',(#2929,#2930));
#2932=FACE_BOUND('',#2931,.T.);
#2933=ADVANCED_FACE('NONE',(#2924,#2928,#2932),#2857,.F.);
#2934=CARTESIAN_POINT('',(-32.497477848,114.497758513,145.508989489));
#2935=DIRECTION('',(0.,0.,1.));
#2936=DIRECTION('',(-0.,-1.,0.));
#2937=AXIS2_PLACEMENT_3D('',#2934,#2935,#2936);
#2938=PLANE('',#2937);
#2939=ORIENTED_EDGE('',*,*,#492,.F.);
#2940=CARTESIAN_POINT('',(-43.997477849,114.49775851,145.508989489));
#2941=DIRECTION('',(0.707106781,-0.707106781,0.));
#2942=VECTOR('',#2941,5.303300859);
#2943=LINE('',#2940,#2942);
#2944=EDGE_CURVE('NONE',#478,#2798,#2943,.T.);
#2945=ORIENTED_EDGE('',*,*,#2944,.T.);
#2946=ORIENTED_EDGE('',*,*,#2803,.T.);
#2947=ORIENTED_EDGE('',*,*,#2921,.T.);
#2948=EDGE_LOOP('',(#2939,#2945,#2946,#2947));
#2949=FACE_BOUND('',#2948,.T.);
#2950=ADVANCED_FACE('NONE',(#2949),#2938,.F.);
#2951=CARTESIAN_POINT('',(-32.497477848,114.497758513,153.008989489));
#2952=DIRECTION('',(-0.,-0.,-1.));
#2953=DIRECTION('',(0.,1.,-0.));
#2954=AXIS2_PLACEMENT_3D('',#2951,#2952,#2953);
#2955=PLANE('',#2954);
#2956=ORIENTED_EDGE('',*,*,#2827,.F.);
#2957=CARTESIAN_POINT('',(-43.997477848,114.497758511,153.008989489));
#2958=VERTEX_POINT('',#2957);
#2959=CARTESIAN_POINT('',(-43.997477849,114.49775851,153.008989489));
#2960=DIRECTION('',(0.707106781,-0.707106781,0.));
#2961=VECTOR('',#2960,5.303300856);
#2962=LINE('',#2959,#2961);
#2963=EDGE_CURVE('NONE',#2958,#2814,#2962,.T.);
#2964=ORIENTED_EDGE('',*,*,#2963,.F.);
#2965=CARTESIAN_POINT('',(-43.997477848,114.497758509,153.008989489));
#2966=DIRECTION('',(-1.,0.,0.));
#2967=VECTOR('',#2966,2.);
#2968=LINE('',#2965,#2967);
#2969=EDGE_CURVE('NONE',#2958,#2902,#2968,.T.);
#2970=ORIENTED_EDGE('',*,*,#2969,.T.);
#2971=ORIENTED_EDGE('',*,*,#2907,.T.);
#2972=EDGE_LOOP('',(#2956,#2964,#2970,#2971));
#2973=FACE_BOUND('',#2972,.T.);
#2974=ADVANCED_FACE('NONE',(#2973),#2955,.F.);
#2975=CARTESIAN_POINT('',(-32.497477833,77.497758513,153.008989489));
#2976=DIRECTION('',(-0.,-0.,-1.));
#2977=DIRECTION('',(0.,1.,-0.));
#2978=AXIS2_PLACEMENT_3D('',#2975,#2976,#2977);
#2979=PLANE('',#2978);
#2980=CARTESIAN_POINT('',(-43.997477831,77.497758511,153.008989489));
#2981=VERTEX_POINT('',#2980);
#2982=CARTESIAN_POINT('',(-43.997477831,77.497758513,153.008989489));
#2983=DIRECTION('',(-1.,0.,0.));
#2984=VECTOR('',#2983,2.000000002);
#2985=LINE('',#2982,#2984);
#2986=EDGE_CURVE('NONE',#2981,#2884,#2985,.T.);
#2987=ORIENTED_EDGE('',*,*,#2986,.F.);
#2988=CARTESIAN_POINT('',(-40.247477833,81.24775851,153.008989489));
#2989=DIRECTION('',(-0.707106781,-0.707106781,0.));
#2990=VECTOR('',#2989,5.303300857);
#2991=LINE('',#2988,#2990);
#2992=EDGE_CURVE('NONE',#607,#2981,#2991,.T.);
#2993=ORIENTED_EDGE('',*,*,#2992,.F.);
#2994=ORIENTED_EDGE('',*,*,#612,.T.);
#2995=ORIENTED_EDGE('',*,*,#2896,.T.);
#2996=EDGE_LOOP('',(#2987,#2993,#2994,#2995));
#2997=FACE_BOUND('',#2996,.T.);
#2998=ADVANCED_FACE('NONE',(#2997),#2979,.F.);
#2999=CARTESIAN_POINT('',(-32.497477833,77.497758513,149.258989489));
#3000=DIRECTION('',(-1.,0.,0.));
#3001=DIRECTION('',(0.,1.,-0.));
#3002=AXIS2_PLACEMENT_3D('',#2999,#3000,#3001);
#3003=CYLINDRICAL_SURFACE('',#3002,3.75);
#3004=CARTESIAN_POINT('',(-43.997477834,77.497758508,145.508989489));
#3005=DIRECTION('',(-1.,0.,0.));
#3006=VECTOR('',#3005,1.999999999);
#3007=LINE('',#3004,#3006);
#3008=EDGE_CURVE('NONE',#342,#2876,#3007,.T.);
#3009=ORIENTED_EDGE('',*,*,#3008,.F.);
#3010=CARTESIAN_POINT('',(-43.997477834,77.497758513,149.258989489));
#3011=DIRECTION('',(-1.,0.,0.));
#3012=DIRECTION('',(-0.,-1.,0.));
#3013=AXIS2_PLACEMENT_3D('',#3010,#3011,#3012);
#3014=CIRCLE('',#3013,3.75);
#3015=EDGE_CURVE('NONE',#342,#2981,#3014,.T.);
#3016=ORIENTED_EDGE('',*,*,#3015,.T.);
#3017=ORIENTED_EDGE('',*,*,#2986,.T.);
#3018=ORIENTED_EDGE('',*,*,#2890,.T.);
#3019=EDGE_LOOP('',(#3009,#3016,#3017,#3018));
#3020=FACE_BOUND('',#3019,.T.);
#3021=ADVANCED_FACE('NONE',(#3020),#3003,.T.);
#3022=CARTESIAN_POINT('',(-32.497477833,77.497758513,145.508989489));
#3023=DIRECTION('',(0.,0.,1.));
#3024=DIRECTION('',(-0.,-1.,0.));
#3025=AXIS2_PLACEMENT_3D('',#3022,#3023,#3024);
#3026=PLANE('',#3025);
#3027=ORIENTED_EDGE('',*,*,#634,.F.);
#3028=CARTESIAN_POINT('',(-40.247477833,81.247758512,145.508989489));
#3029=DIRECTION('',(-0.707106781,-0.707106781,0.));
#3030=VECTOR('',#3029,5.303300862);
#3031=LINE('',#3028,#3030);
#3032=EDGE_CURVE('NONE',#621,#342,#3031,.T.);
#3033=ORIENTED_EDGE('',*,*,#3032,.T.);
#3034=ORIENTED_EDGE('',*,*,#3008,.T.);
#3035=ORIENTED_EDGE('',*,*,#2881,.T.);
#3036=EDGE_LOOP('',(#3027,#3033,#3034,#3035));
#3037=FACE_BOUND('',#3036,.T.);
#3038=ADVANCED_FACE('NONE',(#3037),#3026,.F.);
#3039=CARTESIAN_POINT('',(-43.997477834,77.497758508,149.258989489));
#3040=DIRECTION('',(-1.,0.,0.));
#3041=DIRECTION('',(0.,1.,-0.));
#3042=AXIS2_PLACEMENT_3D('',#3039,#3040,#3041);
#3043=PLANE('',#3042);
#3044=ORIENTED_EDGE('',*,*,#399,.T.);
#3045=ORIENTED_EDGE('',*,*,#406,.T.);
#3046=EDGE_LOOP('',(#3044,#3045));
#3047=FACE_BOUND('',#3046,.T.);
#3048=ORIENTED_EDGE('',*,*,#348,.F.);
#3049=CARTESIAN_POINT('',(-43.997477834,77.497758513,149.258989489));
#3050=DIRECTION('',(-1.,0.,0.));
#3051=DIRECTION('',(-0.,-1.,0.));
#3052=AXIS2_PLACEMENT_3D('',#3049,#3050,#3051);
#3053=CIRCLE('',#3052,3.75);
#3054=EDGE_CURVE('NONE',#2981,#332,#3053,.T.);
#3055=ORIENTED_EDGE('',*,*,#3054,.F.);
#3056=ORIENTED_EDGE('',*,*,#3015,.F.);
#3057=EDGE_LOOP('',(#3048,#3055,#3056));
#3058=FACE_BOUND('',#3057,.T.);
#3059=ADVANCED_FACE('NONE',(#3047,#3058),#3043,.F.);
#3060=CARTESIAN_POINT('',(-32.497477848,114.497758513,149.258989489));
#3061=DIRECTION('',(-1.,0.,0.));
#3062=DIRECTION('',(0.,1.,-0.));
#3063=AXIS2_PLACEMENT_3D('',#3060,#3061,#3062);
#3064=CYLINDRICAL_SURFACE('',#3063,3.75);
#3065=CARTESIAN_POINT('',(-43.997477848,114.497758513,149.258989489));
#3066=DIRECTION('',(-1.,0.,0.));
#3067=DIRECTION('',(-0.,-1.,0.));
#3068=AXIS2_PLACEMENT_3D('',#3065,#3066,#3067);
#3069=CIRCLE('',#3068,3.75);
#3070=EDGE_CURVE('NONE',#478,#2958,#3069,.T.);
#3071=ORIENTED_EDGE('',*,*,#3070,.T.);
#3072=CARTESIAN_POINT('',(-43.997477848,114.497758509,153.008989489));
#3073=CARTESIAN_POINT('',(-41.800778707,112.301059368,153.008989489));
#3074=CARTESIAN_POINT('',(-40.247477848,110.747758509,151.45568863));
#3075=CARTESIAN_POINT('',(-40.247477848,110.747758509,149.258989489));
#3076=(BOUNDED_CURVE()
B_SPLINE_CURVE(3,(#3072,#3073,#3074,#3075),.UNSPECIFIED.,.F.,.F.)
B_SPLINE_CURVE_WITH_KNOTS((4,4),(1.570796327,3.141592654),.UNSPECIFIED.)
CURVE()
GEOMETRIC_REPRESENTATION_ITEM()
RATIONAL_B_SPLINE_CURVE((1.,0.804737854,0.804737854,1.))
REPRESENTATION_ITEM(''));
#3077=EDGE_CURVE('NONE',#2958,#2806,#3076,.T.);
#3078=ORIENTED_EDGE('',*,*,#3077,.T.);
#3079=CARTESIAN_POINT('',(-40.247477848,110.747758509,149.258989489));
#3080=CARTESIAN_POINT('',(-40.247477848,110.747758509,147.062290348));
#3081=CARTESIAN_POINT('',(-41.800778707,112.301059368,145.508989489));
#3082=CARTESIAN_POINT('',(-43.997477848,114.497758509,145.508989489));
#3083=(BOUNDED_CURVE()
B_SPLINE_CURVE(3,(#3079,#3080,#3081,#3082),.UNSPECIFIED.,.F.,.F.)
B_SPLINE_CURVE_WITH_KNOTS((4,4),(3.141592654,4.71238898),.UNSPECIFIED.)
CURVE()
GEOMETRIC_REPRESENTATION_ITEM()
RATIONAL_B_SPLINE_CURVE((1.,0.804737854,0.804737854,1.))
REPRESENTATION_ITEM(''));
#3084=EDGE_CURVE('NONE',#2806,#478,#3083,.T.);
#3085=ORIENTED_EDGE('',*,*,#3084,.T.);
#3086=EDGE_LOOP('',(#3071,#3078,#3085));
#3087=FACE_BOUND('',#3086,.T.);
#3088=ADVANCED_FACE('NONE',(#3087),#3064,.F.);
#3089=CARTESIAN_POINT('',(-43.997477848,114.497758509,149.258989489));
#3090=DIRECTION('',(-1.,0.,0.));
#3091=DIRECTION('',(0.,1.,-0.));
#3092=AXIS2_PLACEMENT_3D('',#3089,#3090,#3091);
#3093=PLANE('',#3092);
#3094=ORIENTED_EDGE('',*,*,#450,.T.);
#3095=ORIENTED_EDGE('',*,*,#457,.T.);
#3096=EDGE_LOOP('',(#3094,#3095));
#3097=FACE_BOUND('',#3096,.T.);
#3098=ORIENTED_EDGE('',*,*,#3070,.F.);
#3099=ORIENTED_EDGE('',*,*,#484,.F.);
#3100=CARTESIAN_POINT('',(-43.997477848,114.497758513,149.258989489));
#3101=DIRECTION('',(-1.,0.,0.));
#3102=DIRECTION('',(-0.,-1.,0.));
#3103=AXIS2_PLACEMENT_3D('',#3100,#3101,#3102);
#3104=CIRCLE('',#3103,3.75);
#3105=EDGE_CURVE('NONE',#2958,#470,#3104,.T.);
#3106=ORIENTED_EDGE('',*,*,#3105,.F.);
#3107=EDGE_LOOP('',(#3098,#3099,#3106));
#3108=FACE_BOUND('',#3107,.T.);
#3109=ADVANCED_FACE('NONE',(#3097,#3108),#3093,.F.);
#3110=CARTESIAN_POINT('',(-43.997477848,114.497758509,142.758989489));
#3111=DIRECTION('',(-0.707106781,-0.707106781,0.));
#3112=DIRECTION('',(-0.707106781,0.707106781,-0.));
#3113=AXIS2_PLACEMENT_3D('',#3110,#3111,#3112);
#3114=PLANE('',#3113);
#3115=ORIENTED_EDGE('',*,*,#3084,.F.);
#3116=ORIENTED_EDGE('',*,*,#2811,.F.);
#3117=ORIENTED_EDGE('',*,*,#2944,.F.);
#3118=EDGE_LOOP('',(#3115,#3116,#3117));
#3119=FACE_BOUND('',#3118,.T.);
#3120=ADVANCED_FACE('NONE',(#3119),#3114,.F.);
#3121=CARTESIAN_POINT('',(-43.997477848,114.497758509,142.758989489));
#3122=DIRECTION('',(-0.707106781,-0.707106781,0.));
#3123=DIRECTION('',(-0.707106781,0.707106781,-0.));
#3124=AXIS2_PLACEMENT_3D('',#3121,#3122,#3123);
#3125=PLANE('',#3124);
#3126=ORIENTED_EDGE('',*,*,#2963,.T.);
#3127=ORIENTED_EDGE('',*,*,#2819,.F.);
#3128=ORIENTED_EDGE('',*,*,#3077,.F.);
#3129=EDGE_LOOP('',(#3126,#3127,#3128));
#3130=FACE_BOUND('',#3129,.T.);
#3131=ADVANCED_FACE('NONE',(#3130),#3125,.F.);
#3132=CARTESIAN_POINT('',(-43.997477834,77.497758508,142.758989489));
#3133=DIRECTION('',(-0.707106781,0.707106781,-0.));
#3134=DIRECTION('',(0.707106781,0.707106781,-0.));
#3135=AXIS2_PLACEMENT_3D('',#3132,#3133,#3134);
#3136=PLANE('',#3135);
#3137=ORIENTED_EDGE('',*,*,#626,.T.);
#3138=ORIENTED_EDGE('',*,*,#355,.F.);
#3139=ORIENTED_EDGE('',*,*,#3032,.F.);
#3140=EDGE_LOOP('',(#3137,#3138,#3139));
#3141=FACE_BOUND('',#3140,.T.);
#3142=ADVANCED_FACE('NONE',(#3141),#3136,.F.);
#3143=CARTESIAN_POINT('',(-43.997477834,77.497758508,142.758989489));
#3144=DIRECTION('',(-0.707106781,0.707106781,-0.));
#3145=DIRECTION('',(0.707106781,0.707106781,-0.));
#3146=AXIS2_PLACEMENT_3D('',#3143,#3144,#3145);
#3147=PLANE('',#3146);
#3148=ORIENTED_EDGE('',*,*,#618,.T.);
#3149=ORIENTED_EDGE('',*,*,#2992,.T.);
#3150=CARTESIAN_POINT('',(-40.247477834,81.247758509,149.258989489));
#3151=CARTESIAN_POINT('',(-40.247477834,81.247758509,151.45568863));
#3152=CARTESIAN_POINT('',(-41.800778692,79.69445765,153.008989489));
#3153=CARTESIAN_POINT('',(-43.997477834,77.497758508,153.008989489));
#3154=(BOUNDED_CURVE()
B_SPLINE_CURVE(3,(#3150,#3151,#3152,#3153),.UNSPECIFIED.,.F.,.F.)
B_SPLINE_CURVE_WITH_KNOTS((4,4),(3.141592654,4.71238898),.UNSPECIFIED.)
CURVE()
GEOMETRIC_REPRESENTATION_ITEM()
RATIONAL_B_SPLINE_CURVE((1.,0.804737854,0.804737854,1.))
REPRESENTATION_ITEM(''));
#3155=EDGE_CURVE('NONE',#334,#2981,#3154,.T.);
#3156=ORIENTED_EDGE('',*,*,#3155,.F.);
#3157=EDGE_LOOP('',(#3148,#3149,#3156));
#3158=FACE_BOUND('',#3157,.T.);
#3159=ADVANCED_FACE('NONE',(#3158),#3147,.F.);
#3160=CARTESIAN_POINT('',(-38.79747784,95.99775851,149.258989489));
#3161=DIRECTION('',(-1.,0.,0.));
#3162=DIRECTION('',(0.,1.,-0.));
#3163=AXIS2_PLACEMENT_3D('',#3160,#3161,#3162);
#3164=PLANE('',#3163);
#3165=ORIENTED_EDGE('',*,*,#2748,.T.);
#3166=CARTESIAN_POINT('',(-38.797477843,101.047758509,153.458989489));
#3167=DIRECTION('',(0.,0.,1.));
#3168=VECTOR('',#3167,2.3);
#3169=LINE('',#3166,#3168);
#3170=EDGE_CURVE('NONE',#536,#2735,#3169,.T.);
#3171=ORIENTED_EDGE('',*,*,#3170,.F.);
#3172=ORIENTED_EDGE('',*,*,#541,.T.);
#3173=ORIENTED_EDGE('',*,*,#2840,.T.);
#3174=EDGE_LOOP('',(#3165,#3171,#3172,#3173));
#3175=FACE_BOUND('',#3174,.T.);
#3176=ADVANCED_FACE('NONE',(#3175),#3164,.F.);
#3177=CARTESIAN_POINT('',(-38.79747784,95.99775851,149.258989489));
#3178=DIRECTION('',(1.,-0.,-0.));
#3179=DIRECTION('',(-0.,-1.,0.));
#3180=AXIS2_PLACEMENT_3D('',#3177,#3178,#3179);
#3181=PLANE('',#3180);
#3182=ORIENTED_EDGE('',*,*,#658,.T.);
#3183=CARTESIAN_POINT('',(-38.79747784,81.247758512,142.763989489));
#3184=DIRECTION('',(0.,1.,-0.));
#3185=VECTOR('',#3184,29.5);
#3186=LINE('',#3183,#3185);
#3187=EDGE_CURVE('NONE',#645,#2774,#3186,.T.);
#3188=ORIENTED_EDGE('',*,*,#3187,.T.);
#3189=ORIENTED_EDGE('',*,*,#2779,.T.);
#3190=ORIENTED_EDGE('',*,*,#703,.T.);
#3191=EDGE_LOOP('',(#3182,#3188,#3189,#3190));
#3192=FACE_BOUND('',#3191,.T.);
#3193=ADVANCED_FACE('NONE',(#3192),#3181,.T.);
#3194=CARTESIAN_POINT('',(-34.49747784,95.997758512,149.258989489));
#3195=DIRECTION('',(-1.,0.,0.));
#3196=DIRECTION('',(0.,1.,-0.));
#3197=AXIS2_PLACEMENT_3D('',#3194,#3195,#3196);
#3198=PLANE('',#3197);
#3199=ORIENTED_EDGE('',*,*,#696,.T.);
#3200=ORIENTED_EDGE('',*,*,#2847,.T.);
#3201=ORIENTED_EDGE('',*,*,#525,.T.);
#3202=ORIENTED_EDGE('',*,*,#672,.T.);
#3203=EDGE_LOOP('',(#3199,#3200,#3201,#3202));
#3204=FACE_BOUND('',#3203,.T.);
#3205=CARTESIAN_POINT('',(-34.497477835,81.997758514,145.658989489));
#3206=VERTEX_POINT('',#3205);
#3207=CARTESIAN_POINT('',(-34.497477838,98.347758514,145.658989489));
#3208=VERTEX_POINT('',#3207);
#3209=CARTESIAN_POINT('',(-34.497477835,81.997758514,145.658989489));
#3210=DIRECTION('',(0.,1.,-0.));
#3211=VECTOR('',#3210,16.35);
#3212=LINE('',#3209,#3211);
#3213=EDGE_CURVE('NONE',#3206,#3208,#3212,.T.);
#3214=ORIENTED_EDGE('',*,*,#3213,.F.);
#3215=CARTESIAN_POINT('',(-34.497477838,81.997758514,152.858989489));
#3216=VERTEX_POINT('',#3215);
#3217=CARTESIAN_POINT('',(-34.497477835,81.997758514,152.858989489));
#3218=DIRECTION('',(-0.,-0.,-1.));
#3219=VECTOR('',#3218,7.2);
#3220=LINE('',#3217,#3219);
#3221=EDGE_CURVE('NONE',#3216,#3206,#3220,.T.);
#3222=ORIENTED_EDGE('',*,*,#3221,.F.);
#3223=CARTESIAN_POINT('',(-34.497477842,98.347758514,152.858989489));
#3224=VERTEX_POINT('',#3223);
#3225=CARTESIAN_POINT('',(-34.497477842,98.347758514,152.858989489));
#3226=DIRECTION('',(-0.,-1.,0.));
#3227=VECTOR('',#3226,16.35);
#3228=LINE('',#3225,#3227);
#3229=EDGE_CURVE('NONE',#3224,#3216,#3228,.T.);
#3230=ORIENTED_EDGE('',*,*,#3229,.F.);
#3231=CARTESIAN_POINT('',(-34.497477842,98.347758514,145.658989489));
#3232=DIRECTION('',(0.,0.,1.));
#3233=VECTOR('',#3232,7.2);
#3234=LINE('',#3231,#3233);
#3235=EDGE_CURVE('NONE',#3208,#3224,#3234,.T.);
#3236=ORIENTED_EDGE('',*,*,#3235,.F.);
#3237=EDGE_LOOP('',(#3214,#3222,#3230,#3236));
#3238=FACE_BOUND('',#3237,.T.);
#3239=CARTESIAN_POINT('',(-34.497477844,102.497758513,145.658989489));
#3240=VERTEX_POINT('',#3239);
#3241=CARTESIAN_POINT('',(-34.497477845,109.997758513,145.658989489));
#3242=VERTEX_POINT('',#3241);
#3243=CARTESIAN_POINT('',(-34.497477844,102.497758513,145.658989489));
#3244=DIRECTION('',(0.,1.,-0.));
#3245=VECTOR('',#3244,7.5);
#3246=LINE('',#3243,#3245);
#3247=EDGE_CURVE('NONE',#3240,#3242,#3246,.T.);
#3248=ORIENTED_EDGE('',*,*,#3247,.F.);
#3249=CARTESIAN_POINT('',(-34.497477845,102.497758513,152.858989489));
#3250=VERTEX_POINT('',#3249);
#3251=CARTESIAN_POINT('',(-34.497477844,102.497758513,152.858989489));
#3252=DIRECTION('',(-0.,-0.,-1.));
#3253=VECTOR('',#3252,7.2);
#3254=LINE('',#3251,#3253);
#3255=EDGE_CURVE('NONE',#3250,#3240,#3254,.T.);
#3256=ORIENTED_EDGE('',*,*,#3255,.F.);
#3257=CARTESIAN_POINT('',(-34.497477846,109.997758513,152.858989489));
#3258=VERTEX_POINT('',#3257);
#3259=CARTESIAN_POINT('',(-34.497477846,109.997758513,152.858989489));
#3260=DIRECTION('',(-0.,-1.,0.));
#3261=VECTOR('',#3260,7.5);
#3262=LINE('',#3259,#3261);
#3263=EDGE_CURVE('NONE',#3258,#3250,#3262,.T.);
#3264=ORIENTED_EDGE('',*,*,#3263,.F.);
#3265=CARTESIAN_POINT('',(-34.497477846,109.997758513,145.658989489));
#3266=DIRECTION('',(0.,0.,1.));
#3267=VECTOR('',#3266,7.2);
#3268=LINE('',#3265,#3267);
#3269=EDGE_CURVE('NONE',#3242,#3258,#3268,.T.);
#3270=ORIENTED_EDGE('',*,*,#3269,.F.);
#3271=EDGE_LOOP('',(#3248,#3256,#3264,#3270));
#3272=FACE_BOUND('',#3271,.T.);
#3273=ADVANCED_FACE('NONE',(#3204,#3238,#3272),#3198,.F.);
#3274=CARTESIAN_POINT('',(-32.497477841,98.347758514,145.658989489));
#3275=DIRECTION('',(0.,0.,1.));
#3276=DIRECTION('',(-1.,0.,0.));
#3277=AXIS2_PLACEMENT_3D('',#3274,#3275,#3276);
#3278=PLANE('',#3277);
#3279=ORIENTED_EDGE('',*,*,#3213,.T.);
#3280=CARTESIAN_POINT('',(-32.497477848,98.347758514,145.658989489));
#3281=VERTEX_POINT('',#3280);
#3282=CARTESIAN_POINT('',(-32.497477848,98.347758514,145.658989489));
#3283=DIRECTION('',(-1.,0.,0.));
#3284=VECTOR('',#3283,1.999999991);
#3285=LINE('',#3282,#3284);
#3286=EDGE_CURVE('NONE',#3281,#3208,#3285,.T.);
#3287=ORIENTED_EDGE('',*,*,#3286,.F.);
#3288=CARTESIAN_POINT('',(-32.497477848,81.997758514,145.658989489));
#3289=VERTEX_POINT('',#3288);
#3290=CARTESIAN_POINT('',(-32.497477848,81.997758514,145.658989489));
#3291=DIRECTION('',(0.,1.,-0.));
#3292=VECTOR('',#3291,16.35);
#3293=LINE('',#3290,#3292);
#3294=EDGE_CURVE('NONE',#3289,#3281,#3293,.T.);
#3295=ORIENTED_EDGE('',*,*,#3294,.F.);
#3296=CARTESIAN_POINT('',(-32.497477848,81.997758514,145.658989489));
#3297=DIRECTION('',(-1.,0.,0.));
#3298=VECTOR('',#3297,1.999999987);
#3299=LINE('',#3296,#3298);
#3300=EDGE_CURVE('NONE',#3289,#3206,#3299,.T.);
#3301=ORIENTED_EDGE('',*,*,#3300,.T.);
#3302=EDGE_LOOP('',(#3279,#3287,#3295,#3301));
#3303=FACE_BOUND('',#3302,.T.);
#3304=ADVANCED_FACE('NONE',(#3303),#3278,.F.);
#3305=CARTESIAN_POINT('',(-32.497477841,98.347758514,145.658989489));
#3306=DIRECTION('',(-0.,-1.,0.));
#3307=DIRECTION('',(-0.,-0.,-1.));
#3308=AXIS2_PLACEMENT_3D('',#3305,#3306,#3307);
#3309=PLANE('',#3308);
#3310=ORIENTED_EDGE('',*,*,#3235,.T.);
#3311=CARTESIAN_POINT('',(-32.497477848,98.347758514,152.858989489));
#3312=VERTEX_POINT('',#3311);
#3313=CARTESIAN_POINT('',(-32.497477848,98.347758514,152.858989489));
#3314=DIRECTION('',(-1.,0.,0.));
#3315=VECTOR('',#3314,1.999999994);
#3316=LINE('',#3313,#3315);
#3317=EDGE_CURVE('NONE',#3312,#3224,#3316,.T.);
#3318=ORIENTED_EDGE('',*,*,#3317,.F.);
#3319=CARTESIAN_POINT('',(-32.497477848,98.347758514,145.658989489));
#3320=DIRECTION('',(0.,0.,1.));
#3321=VECTOR('',#3320,7.2);
#3322=LINE('',#3319,#3321);
#3323=EDGE_CURVE('NONE',#3281,#3312,#3322,.T.);
#3324=ORIENTED_EDGE('',*,*,#3323,.F.);
#3325=ORIENTED_EDGE('',*,*,#3286,.T.);
#3326=EDGE_LOOP('',(#3310,#3318,#3324,#3325));
#3327=FACE_BOUND('',#3326,.T.);
#3328=ADVANCED_FACE('NONE',(#3327),#3309,.F.);
#3329=CARTESIAN_POINT('',(-32.497477841,98.347758514,152.858989489));
#3330=DIRECTION('',(-0.,-0.,-1.));
#3331=DIRECTION('',(0.,1.,-0.));
#3332=AXIS2_PLACEMENT_3D('',#3329,#3330,#3331);
#3333=PLANE('',#3332);
#3334=ORIENTED_EDGE('',*,*,#3229,.T.);
#3335=CARTESIAN_POINT('',(-32.497477848,81.997758514,152.858989489));
#3336=VERTEX_POINT('',#3335);
#3337=CARTESIAN_POINT('',(-32.497477848,81.997758514,152.858989489));
#3338=DIRECTION('',(-1.,0.,0.));
#3339=VECTOR('',#3338,1.999999991);
#3340=LINE('',#3337,#3339);
#3341=EDGE_CURVE('NONE',#3336,#3216,#3340,.T.);
#3342=ORIENTED_EDGE('',*,*,#3341,.F.);
#3343=CARTESIAN_POINT('',(-32.497477848,98.347758514,152.858989489));
#3344=DIRECTION('',(-0.,-1.,0.));
#3345=VECTOR('',#3344,16.35);
#3346=LINE('',#3343,#3345);
#3347=EDGE_CURVE('NONE',#3312,#3336,#3346,.T.);
#3348=ORIENTED_EDGE('',*,*,#3347,.F.);
#3349=ORIENTED_EDGE('',*,*,#3317,.T.);
#3350=EDGE_LOOP('',(#3334,#3342,#3348,#3349));
#3351=FACE_BOUND('',#3350,.T.);
#3352=ADVANCED_FACE('NONE',(#3351),#3333,.F.);
#3353=CARTESIAN_POINT('',(-32.497477835,81.997758514,152.858989489));
#3354=DIRECTION('',(0.,1.,-0.));
#3355=DIRECTION('',(1.,-0.,-0.));
#3356=AXIS2_PLACEMENT_3D('',#3353,#3354,#3355);
#3357=PLANE('',#3356);
#3358=ORIENTED_EDGE('',*,*,#3221,.T.);
#3359=ORIENTED_EDGE('',*,*,#3300,.F.);
#3360=CARTESIAN_POINT('',(-32.497477848,81.997758514,152.858989489));
#3361=DIRECTION('',(-0.,-0.,-1.));
#3362=VECTOR('',#3361,7.2);
#3363=LINE('',#3360,#3362);
#3364=EDGE_CURVE('NONE',#3336,#3289,#3363,.T.);
#3365=ORIENTED_EDGE('',*,*,#3364,.F.);
#3366=ORIENTED_EDGE('',*,*,#3341,.T.);
#3367=EDGE_LOOP('',(#3358,#3359,#3365,#3366));
#3368=FACE_BOUND('',#3367,.T.);
#3369=ADVANCED_FACE('NONE',(#3368),#3357,.F.);
#3370=CARTESIAN_POINT('',(-32.497477846,109.997758513,152.858989489));
#3371=DIRECTION('',(-0.,-1.,0.));
#3372=DIRECTION('',(-1.,0.,0.));
#3373=AXIS2_PLACEMENT_3D('',#3370,#3371,#3372);
#3374=PLANE('',#3373);
#3375=ORIENTED_EDGE('',*,*,#3269,.T.);
#3376=CARTESIAN_POINT('',(-32.497477848,109.997758513,152.858989489));
#3377=VERTEX_POINT('',#3376);
#3378=CARTESIAN_POINT('',(-32.497477848,109.997758513,152.858989489));
#3379=DIRECTION('',(-1.,0.,0.));
#3380=VECTOR('',#3379,1.999999998);
#3381=LINE('',#3378,#3380);
#3382=EDGE_CURVE('NONE',#3377,#3258,#3381,.T.);
#3383=ORIENTED_EDGE('',*,*,#3382,.F.);
#3384=CARTESIAN_POINT('',(-32.497477848,109.997758513,145.658989489));
#3385=VERTEX_POINT('',#3384);
#3386=CARTESIAN_POINT('',(-32.497477848,109.997758513,145.658989489));
#3387=DIRECTION('',(0.,0.,1.));
#3388=VECTOR('',#3387,7.2);
#3389=LINE('',#3386,#3388);
#3390=EDGE_CURVE('NONE',#3385,#3377,#3389,.T.);
#3391=ORIENTED_EDGE('',*,*,#3390,.F.);
#3392=CARTESIAN_POINT('',(-32.497477848,109.997758513,145.658989489));
#3393=DIRECTION('',(-1.,0.,0.));
#3394=VECTOR('',#3393,1.999999997);
#3395=LINE('',#3392,#3394);
#3396=EDGE_CURVE('NONE',#3385,#3242,#3395,.T.);
#3397=ORIENTED_EDGE('',*,*,#3396,.T.);
#3398=EDGE_LOOP('',(#3375,#3383,#3391,#3397));
#3399=FACE_BOUND('',#3398,.T.);
#3400=ADVANCED_FACE('NONE',(#3399),#3374,.F.);
#3401=CARTESIAN_POINT('',(-32.497477846,109.997758513,152.858989489));
#3402=DIRECTION('',(-0.,-0.,-1.));
#3403=DIRECTION('',(1.,-0.,-0.));
#3404=AXIS2_PLACEMENT_3D('',#3401,#3402,#3403);
#3405=PLANE('',#3404);
#3406=ORIENTED_EDGE('',*,*,#3263,.T.);
#3407=CARTESIAN_POINT('',(-32.497477848,102.497758513,152.858989489));
#3408=VERTEX_POINT('',#3407);
#3409=CARTESIAN_POINT('',(-32.497477848,102.497758513,152.858989489));
#3410=DIRECTION('',(-1.,0.,0.));
#3411=VECTOR('',#3410,1.999999997);
#3412=LINE('',#3409,#3411);
#3413=EDGE_CURVE('NONE',#3408,#3250,#3412,.T.);
#3414=ORIENTED_EDGE('',*,*,#3413,.F.);
#3415=CARTESIAN_POINT('',(-32.497477848,109.997758513,152.858989489));
#3416=DIRECTION('',(-0.,-1.,0.));
#3417=VECTOR('',#3416,7.5);
#3418=LINE('',#3415,#3417);
#3419=EDGE_CURVE('NONE',#3377,#3408,#3418,.T.);
#3420=ORIENTED_EDGE('',*,*,#3419,.F.);
#3421=ORIENTED_EDGE('',*,*,#3382,.T.);
#3422=EDGE_LOOP('',(#3406,#3414,#3420,#3421));
#3423=FACE_BOUND('',#3422,.T.);
#3424=ADVANCED_FACE('NONE',(#3423),#3405,.F.);
#3425=CARTESIAN_POINT('',(-32.497477843,102.497758513,145.658989489));
#3426=DIRECTION('',(0.,1.,-0.));
#3427=DIRECTION('',(0.,0.,1.));
#3428=AXIS2_PLACEMENT_3D('',#3425,#3426,#3427);
#3429=PLANE('',#3428);
#3430=ORIENTED_EDGE('',*,*,#3255,.T.);
#3431=CARTESIAN_POINT('',(-32.497477848,102.497758513,145.658989489));
#3432=VERTEX_POINT('',#3431);
#3433=CARTESIAN_POINT('',(-32.497477848,102.497758513,145.658989489));
#3434=DIRECTION('',(-1.,0.,0.));
#3435=VECTOR('',#3434,1.999999996);
#3436=LINE('',#3433,#3435);
#3437=EDGE_CURVE('NONE',#3432,#3240,#3436,.T.);
#3438=ORIENTED_EDGE('',*,*,#3437,.F.);
#3439=CARTESIAN_POINT('',(-32.497477848,102.497758513,152.858989489));
#3440=DIRECTION('',(-0.,-0.,-1.));
#3441=VECTOR('',#3440,7.2);
#3442=LINE('',#3439,#3441);
#3443=EDGE_CURVE('NONE',#3408,#3432,#3442,.T.);
#3444=ORIENTED_EDGE('',*,*,#3443,.F.);
#3445=ORIENTED_EDGE('',*,*,#3413,.T.);
#3446=EDGE_LOOP('',(#3430,#3438,#3444,#3445));
#3447=FACE_BOUND('',#3446,.T.);
#3448=ADVANCED_FACE('NONE',(#3447),#3429,.F.);
#3449=CARTESIAN_POINT('',(-32.497477846,109.997758513,145.658989489));
#3450=DIRECTION('',(0.,0.,1.));
#3451=DIRECTION('',(-1.,0.,0.));
#3452=AXIS2_PLACEMENT_3D('',#3449,#3450,#3451);
#3453=PLANE('',#3452);
#3454=ORIENTED_EDGE('',*,*,#3247,.T.);
#3455=ORIENTED_EDGE('',*,*,#3396,.F.);
#3456=CARTESIAN_POINT('',(-32.497477848,102.497758513,145.658989489));
#3457=DIRECTION('',(0.,1.,-0.));
#3458=VECTOR('',#3457,7.5);
#3459=LINE('',#3456,#3458);
#3460=EDGE_CURVE('NONE',#3432,#3385,#3459,.T.);
#3461=ORIENTED_EDGE('',*,*,#3460,.F.);
#3462=ORIENTED_EDGE('',*,*,#3437,.T.);
#3463=EDGE_LOOP('',(#3454,#3455,#3461,#3462));
#3464=FACE_BOUND('',#3463,.T.);
#3465=ADVANCED_FACE('NONE',(#3464),#3453,.F.);
#3466=CARTESIAN_POINT('',(-32.497477848,114.497758513,149.258989489));
#3467=DIRECTION('',(1.,-0.,-0.));
#3468=DIRECTION('',(-0.,-1.,0.));
#3469=AXIS2_PLACEMENT_3D('',#3466,#3467,#3468);
#3470=PLANE('',#3469);
#3471=ORIENTED_EDGE('',*,*,#305,.F.);
#3472=ORIENTED_EDGE('',*,*,#312,.F.);
#3473=EDGE_LOOP('',(#3471,#3472));
#3474=FACE_BOUND('',#3473,.T.);
#3475=ORIENTED_EDGE('',*,*,#3390,.T.);
#3476=ORIENTED_EDGE('',*,*,#3419,.T.);
#3477=ORIENTED_EDGE('',*,*,#3443,.T.);
#3478=ORIENTED_EDGE('',*,*,#3460,.T.);
#3479=EDGE_LOOP('',(#3475,#3476,#3477,#3478));
#3480=FACE_BOUND('',#3479,.T.);
#3481=ADVANCED_FACE('NONE',(#3474,#3480),#3470,.T.);
#3482=CARTESIAN_POINT('',(-32.497477848,114.497758513,149.258989489));
#3483=DIRECTION('',(1.,-0.,-0.));
#3484=DIRECTION('',(-0.,-1.,0.));
#3485=AXIS2_PLACEMENT_3D('',#3482,#3483,#3484);
#3486=PLANE('',#3485);
#3487=CARTESIAN_POINT('',(-32.497477838,97.847758512,146.158989489));
#3488=VERTEX_POINT('',#3487);
#3489=CARTESIAN_POINT('',(-32.497477841,97.847758512,152.358989489));
#3490=VERTEX_POINT('',#3489);
#3491=CARTESIAN_POINT('',(-32.497477841,97.847758512,146.158989489));
#3492=DIRECTION('',(0.,0.,1.));
#3493=VECTOR('',#3492,6.2);
#3494=LINE('',#3491,#3493);
#3495=EDGE_CURVE('NONE',#3488,#3490,#3494,.T.);
#3496=ORIENTED_EDGE('',*,*,#3495,.F.);
#3497=CARTESIAN_POINT('',(-32.497477835,82.497758513,146.158989489));
#3498=VERTEX_POINT('',#3497);
#3499=CARTESIAN_POINT('',(-32.497477835,82.497758513,146.158989489));
#3500=DIRECTION('',(0.,1.,-0.));
#3501=VECTOR('',#3500,15.349999999);
#3502=LINE('',#3499,#3501);
#3503=EDGE_CURVE('NONE',#3498,#3488,#3502,.T.);
#3504=ORIENTED_EDGE('',*,*,#3503,.F.);
#3505=CARTESIAN_POINT('',(-32.497477838,82.497758512,152.358989489));
#3506=VERTEX_POINT('',#3505);
#3507=CARTESIAN_POINT('',(-32.497477835,82.497758512,152.358989489));
#3508=DIRECTION('',(-0.,-0.,-1.));
#3509=VECTOR('',#3508,6.2);
#3510=LINE('',#3507,#3509);
#3511=EDGE_CURVE('NONE',#3506,#3498,#3510,.T.);
#3512=ORIENTED_EDGE('',*,*,#3511,.F.);
#3513=CARTESIAN_POINT('',(-32.497477841,97.847758512,152.358989489));
#3514=DIRECTION('',(-0.,-1.,0.));
#3515=VECTOR('',#3514,15.35);
#3516=LINE('',#3513,#3515);
#3517=EDGE_CURVE('NONE',#3490,#3506,#3516,.T.);
#3518=ORIENTED_EDGE('',*,*,#3517,.F.);
#3519=EDGE_LOOP('',(#3496,#3504,#3512,#3518));
#3520=FACE_BOUND('',#3519,.T.);
#3521=ORIENTED_EDGE('',*,*,#3294,.T.);
#3522=ORIENTED_EDGE('',*,*,#3323,.T.);
#3523=ORIENTED_EDGE('',*,*,#3347,.T.);
#3524=ORIENTED_EDGE('',*,*,#3364,.T.);
#3525=EDGE_LOOP('',(#3521,#3522,#3523,#3524));
#3526=FACE_BOUND('',#3525,.T.);
#3527=ADVANCED_FACE('NONE',(#3520,#3526),#3486,.T.);
#3528=CARTESIAN_POINT('',(-32.497477845,106.247758513,149.258989489));
#3529=CARTESIAN_POINT('',(-32.497477845,106.247758513,149.258989489));
#3530=CARTESIAN_POINT('',(-32.497477845,106.247758513,149.258989489));
#3531=CARTESIAN_POINT('',(-32.497477845,106.247758513,149.258989489));
#3532=CARTESIAN_POINT('',(-32.497477845,107.91442518,149.258989489));
#3533=CARTESIAN_POINT('',(-32.497477845,107.91442518,145.925656156));
#3534=CARTESIAN_POINT('',(-32.497477844,104.581091846,145.925656156));
#3535=CARTESIAN_POINT('',(-32.497477844,104.581091846,149.258989489));
#3536=CARTESIAN_POINT('',(-34.497477846,108.968777571,149.258989489));
#3537=CARTESIAN_POINT('',(-34.497477846,108.968777571,143.816951373));
#3538=CARTESIAN_POINT('',(-34.497477843,103.526739454,143.816951373));
#3539=CARTESIAN_POINT('',(-34.497477843,103.526739454,149.258989489));
#3540=CARTESIAN_POINT('',(-35.497477846,108.96877757,149.258989489));
#3541=CARTESIAN_POINT('',(-35.497477846,108.96877757,143.816951373));
#3542=CARTESIAN_POINT('',(-35.497477844,103.526739454,143.816951373));
#3543=CARTESIAN_POINT('',(-35.497477844,103.526739454,149.258989489));
#3544=(BOUNDED_SURFACE()
B_SPLINE_SURFACE(3,3,((#3528,#3529,#3530,#3531),(#3532,#3533,#3534,#3535),(#3536,#3537,#3538,#3539),(#3540,#3541,#3542,#3543)),.UNSPECIFIED.,.F.,.F.,.U.)
B_SPLINE_SURFACE_WITH_KNOTS((4,4),(4,4),(0.,1.),(0.,1.),.UNSPECIFIED.)
GEOMETRIC_REPRESENTATION_ITEM()
RATIONAL_B_SPLINE_SURFACE(((1.,0.333333333,0.333333333,1.),(1.,0.333333333,0.333333333,1.),(1.,0.333333333,0.333333333,1.),(1.,0.333333333,0.333333333,1.)))
REPRESENTATION_ITEM('')
SURFACE()
);
#3545=ORIENTED_EDGE('',*,*,#109,.F.);
#3546=ORIENTED_EDGE('',*,*,#100,.T.);
#3547=ORIENTED_EDGE('',*,*,#321,.T.);
#3548=EDGE_LOOP('',(#3545,#3546,#3547));
#3549=FACE_BOUND('',#3548,.T.);
#3550=ADVANCED_FACE('NONE',(#3549),#3544,.F.);
#3551=CARTESIAN_POINT('',(-34.497477841,97.847758512,152.358989489));
#3552=DIRECTION('',(0.,1.,-0.));
#3553=DIRECTION('',(1.,-0.,-0.));
#3554=AXIS2_PLACEMENT_3D('',#3551,#3552,#3553);
#3555=PLANE('',#3554);
#3556=CARTESIAN_POINT('',(-34.492477838,97.847758512,152.358989489));
#3557=VERTEX_POINT('',#3556);
#3558=CARTESIAN_POINT('',(-34.492477838,97.847758512,152.358989489));
#3559=DIRECTION('',(1.,-0.,-0.));
#3560=VECTOR('',#3559,1.994999997);
#3561=LINE('',#3558,#3560);
#3562=EDGE_CURVE('NONE',#3557,#3490,#3561,.T.);
#3563=ORIENTED_EDGE('',*,*,#3562,.F.);
#3564=CARTESIAN_POINT('',(-34.49747784,97.847758512,152.353989489));
#3565=VERTEX_POINT('',#3564);
#3566=CARTESIAN_POINT('',(-34.492477841,97.847758512,152.353989489));
#3567=DIRECTION('',(-0.,-1.,0.));
#3568=DIRECTION('',(-1.,0.,0.));
#3569=AXIS2_PLACEMENT_3D('',#3566,#3567,#3568);
#3570=CIRCLE('',#3569,0.005);
#3571=EDGE_CURVE('NONE',#3557,#3565,#3570,.T.);
#3572=ORIENTED_EDGE('',*,*,#3571,.T.);
#3573=CARTESIAN_POINT('',(-34.49747784,97.847758512,146.158989489));
#3574=VERTEX_POINT('',#3573);
#3575=CARTESIAN_POINT('',(-34.49747784,97.847758512,146.158989489));
#3576=DIRECTION('',(0.,0.,1.));
#3577=VECTOR('',#3576,6.195);
#3578=LINE('',#3575,#3577);
#3579=EDGE_CURVE('NONE',#3574,#3565,#3578,.T.);
#3580=ORIENTED_EDGE('',*,*,#3579,.F.);
#3581=CARTESIAN_POINT('',(-34.49747784,97.847758512,146.158989489));
#3582=DIRECTION('',(1.,-0.,-0.));
#3583=VECTOR('',#3582,2.000000002);
#3584=LINE('',#3581,#3583);
#3585=EDGE_CURVE('NONE',#3574,#3488,#3584,.T.);
#3586=ORIENTED_EDGE('',*,*,#3585,.T.);
#3587=ORIENTED_EDGE('',*,*,#3495,.T.);
#3588=EDGE_LOOP('',(#3563,#3572,#3580,#3586,#3587));
#3589=FACE_BOUND('',#3588,.T.);
#3590=ADVANCED_FACE('NONE',(#3589),#3555,.F.);
#3591=CARTESIAN_POINT('',(-34.497477841,97.847758512,146.158989489));
#3592=DIRECTION('',(-0.,-0.,-1.));
#3593=DIRECTION('',(1.,-0.,-0.));
#3594=AXIS2_PLACEMENT_3D('',#3591,#3592,#3593);
#3595=PLANE('',#3594);
#3596=CARTESIAN_POINT('',(-34.49747784,90.484797563,146.158989489));
#3597=DIRECTION('',(0.,1.,-0.));
#3598=VECTOR('',#3597,7.362960949);
#3599=LINE('',#3596,#3598);
#3600=EDGE_CURVE('NONE',#165,#3574,#3599,.T.);
#3601=ORIENTED_EDGE('',*,*,#3600,.F.);
#3602=ORIENTED_EDGE('',*,*,#198,.T.);
#3603=CARTESIAN_POINT('',(-34.497477839,82.497758512,146.158989489));
#3604=VERTEX_POINT('',#3603);
#3605=CARTESIAN_POINT('',(-34.88203849,82.497758513,146.158989489));
#3606=DIRECTION('',(1.,-0.,-0.));
#3607=VECTOR('',#3606,0.384560651);
#3608=LINE('',#3605,#3607);
#3609=EDGE_CURVE('NONE',#135,#3604,#3608,.T.);
#3610=ORIENTED_EDGE('',*,*,#3609,.T.);
#3611=CARTESIAN_POINT('',(-34.497477839,82.502758513,146.158989489));
#3612=VERTEX_POINT('',#3611);
#3613=CARTESIAN_POINT('',(-34.497477839,82.502758513,146.158989489));
#3614=DIRECTION('',(-0.,-1.,0.));
#3615=VECTOR('',#3614,0.005);
#3616=LINE('',#3613,#3615);
#3617=EDGE_CURVE('NONE',#3612,#3604,#3616,.T.);
#3618=ORIENTED_EDGE('',*,*,#3617,.F.);
#3619=CARTESIAN_POINT('',(-34.492477835,82.497758513,146.158989489));
#3620=VERTEX_POINT('',#3619);
#3621=CARTESIAN_POINT('',(-34.492477835,82.502758512,146.158989489));
#3622=DIRECTION('',(0.,0.,1.));
#3623=DIRECTION('',(-0.105396307,-0.994430298,0.));
#3624=AXIS2_PLACEMENT_3D('',#3621,#3622,#3623);
#3625=CIRCLE('',#3624,0.005);
#3626=EDGE_CURVE('NONE',#3612,#3620,#3625,.T.);
#3627=ORIENTED_EDGE('',*,*,#3626,.T.);
#3628=CARTESIAN_POINT('',(-34.492477835,82.497758513,146.158989489));
#3629=DIRECTION('',(1.,-0.,-0.));
#3630=VECTOR('',#3629,1.995);
#3631=LINE('',#3628,#3630);
#3632=EDGE_CURVE('NONE',#3620,#3498,#3631,.T.);
#3633=ORIENTED_EDGE('',*,*,#3632,.T.);
#3634=ORIENTED_EDGE('',*,*,#3503,.T.);
#3635=ORIENTED_EDGE('',*,*,#3585,.F.);
#3636=EDGE_LOOP('',(#3601,#3602,#3610,#3618,#3627,#3633,#3634,#3635));
#3637=FACE_BOUND('',#3636,.T.);
#3638=ADVANCED_FACE('NONE',(#3637),#3595,.F.);
#3639=CARTESIAN_POINT('',(-34.497477835,82.497758512,152.358989489));
#3640=DIRECTION('',(-0.,-1.,0.));
#3641=DIRECTION('',(-1.,0.,0.));
#3642=AXIS2_PLACEMENT_3D('',#3639,#3640,#3641);
#3643=PLANE('',#3642);
#3644=ORIENTED_EDGE('',*,*,#3632,.F.);
#3645=CARTESIAN_POINT('',(-34.492477835,82.497758513,152.358989489));
#3646=VERTEX_POINT('',#3645);
#3647=CARTESIAN_POINT('',(-34.492477835,82.497758512,146.158989489));
#3648=DIRECTION('',(0.,0.,1.));
#3649=VECTOR('',#3648,6.2);
#3650=LINE('',#3647,#3649);
#3651=EDGE_CURVE('NONE',#3620,#3646,#3650,.T.);
#3652=ORIENTED_EDGE('',*,*,#3651,.T.);
#3653=CARTESIAN_POINT('',(-34.492477835,82.497758512,152.358989489));
#3654=DIRECTION('',(1.,-0.,-0.));
#3655=VECTOR('',#3654,1.994999997);
#3656=LINE('',#3653,#3655);
#3657=EDGE_CURVE('NONE',#3646,#3506,#3656,.T.);
#3658=ORIENTED_EDGE('',*,*,#3657,.T.);
#3659=ORIENTED_EDGE('',*,*,#3511,.T.);
#3660=EDGE_LOOP('',(#3644,#3652,#3658,#3659));
#3661=FACE_BOUND('',#3660,.T.);
#3662=ADVANCED_FACE('NONE',(#3661),#3643,.F.);
#3663=CARTESIAN_POINT('',(-34.497477841,97.847758512,152.358989489));
#3664=DIRECTION('',(0.,0.,1.));
#3665=DIRECTION('',(-1.,0.,0.));
#3666=AXIS2_PLACEMENT_3D('',#3663,#3664,#3665);
#3667=PLANE('',#3666);
#3668=ORIENTED_EDGE('',*,*,#3657,.F.);
#3669=CARTESIAN_POINT('',(-34.492477835,82.497758513,152.358989489));
#3670=DIRECTION('',(0.,1.,-0.));
#3671=VECTOR('',#3670,15.35);
#3672=LINE('',#3669,#3671);
#3673=EDGE_CURVE('NONE',#3646,#3557,#3672,.T.);
#3674=ORIENTED_EDGE('',*,*,#3673,.T.);
#3675=ORIENTED_EDGE('',*,*,#3562,.T.);
#3676=ORIENTED_EDGE('',*,*,#3517,.T.);
#3677=EDGE_LOOP('',(#3668,#3674,#3675,#3676));
#3678=FACE_BOUND('',#3677,.T.);
#3679=ADVANCED_FACE('NONE',(#3678),#3667,.F.);
#3680=CARTESIAN_POINT('',(-34.49747784,95.997758512,149.258989489));
#3681=DIRECTION('',(-1.,0.,0.));
#3682=DIRECTION('',(0.,1.,-0.));
#3683=AXIS2_PLACEMENT_3D('',#3680,#3681,#3682);
#3684=PLANE('',#3683);
#3685=CARTESIAN_POINT('',(-34.49747784,97.847758512,152.353989489));
#3686=DIRECTION('',(-0.,-1.,0.));
#3687=VECTOR('',#3686,7.359307253);
#3688=LINE('',#3685,#3687);
#3689=EDGE_CURVE('NONE',#3565,#201,#3688,.T.);
#3690=ORIENTED_EDGE('',*,*,#3689,.T.);
#3691=ORIENTED_EDGE('',*,*,#207,.F.);
#3692=ORIENTED_EDGE('',*,*,#3600,.T.);
#3693=ORIENTED_EDGE('',*,*,#3579,.T.);
#3694=EDGE_LOOP('',(#3690,#3691,#3692,#3693));
#3695=FACE_BOUND('',#3694,.T.);
#3696=ADVANCED_FACE('NONE',(#3695),#3684,.F.);
#3697=CARTESIAN_POINT('',(-41.497477843,101.047758509,155.758989489));
#3698=DIRECTION('',(0.,1.,-0.));
#3699=DIRECTION('',(0.,0.,1.));
#3700=AXIS2_PLACEMENT_3D('',#3697,#3698,#3699);
#3701=PLANE('',#3700);
#3702=CARTESIAN_POINT('',(-42.69747784,101.047758509,161.658989489));
#3703=DIRECTION('',(-0.,-0.,-1.));
#3704=VECTOR('',#3703,5.9);
#3705=LINE('',#3702,#3704);
#3706=EDGE_CURVE('NONE',#2406,#2719,#3705,.T.);
#3707=ORIENTED_EDGE('',*,*,#3706,.F.);
#3708=ORIENTED_EDGE('',*,*,#2411,.F.);
#3709=CARTESIAN_POINT('',(-41.497477843,101.047758509,161.658989489));
#3710=DIRECTION('',(-0.,-0.,-1.));
#3711=VECTOR('',#3710,5.9);
#3712=LINE('',#3709,#3711);
#3713=EDGE_CURVE('NONE',#2398,#2727,#3712,.T.);
#3714=ORIENTED_EDGE('',*,*,#3713,.T.);
#3715=ORIENTED_EDGE('',*,*,#2732,.T.);
#3716=EDGE_LOOP('',(#3707,#3708,#3714,#3715));
#3717=FACE_BOUND('',#3716,.T.);
#3718=ADVANCED_FACE('NONE',(#3717),#3701,.T.);
#3719=CARTESIAN_POINT('',(-41.497477843,101.047758509,161.658989489));
#3720=DIRECTION('',(0.,0.,1.));
#3721=DIRECTION('',(-1.,0.,0.));
#3722=AXIS2_PLACEMENT_3D('',#3719,#3720,#3721);
#3723=PLANE('',#3722);
#3724=CARTESIAN_POINT('',(-37.302477839,92.242758512,161.658989489));
#3725=VERTEX_POINT('',#3724);
#3726=CARTESIAN_POINT('',(-41.202477839,92.242758511,161.658989489));
#3727=VERTEX_POINT('',#3726);
#3728=CARTESIAN_POINT('',(-37.302477839,92.242758512,161.658989489));
#3729=DIRECTION('',(-1.,0.,0.));
#3730=VECTOR('',#3729,3.9);
#3731=LINE('',#3728,#3730);
#3732=EDGE_CURVE('NONE',#3725,#3727,#3731,.T.);
#3733=ORIENTED_EDGE('',*,*,#3732,.T.);
#3734=CARTESIAN_POINT('',(-41.20247784,99.75275851,161.658989489));
#3735=VERTEX_POINT('',#3734);
#3736=CARTESIAN_POINT('',(-41.202477839,92.242758511,161.658989489));
#3737=DIRECTION('',(0.,1.,-0.));
#3738=VECTOR('',#3737,7.509999999);
#3739=LINE('',#3736,#3738);
#3740=EDGE_CURVE('NONE',#3727,#3735,#3739,.T.);
#3741=ORIENTED_EDGE('',*,*,#3740,.T.);
#3742=CARTESIAN_POINT('',(-37.302477842,99.752758511,161.658989489));
#3743=VERTEX_POINT('',#3742);
#3744=CARTESIAN_POINT('',(-41.20247784,99.75275851,161.658989489));
#3745=DIRECTION('',(1.,-0.,-0.));
#3746=VECTOR('',#3745,3.899999998);
#3747=LINE('',#3744,#3746);
#3748=EDGE_CURVE('NONE',#3735,#3743,#3747,.T.);
#3749=ORIENTED_EDGE('',*,*,#3748,.T.);
#3750=CARTESIAN_POINT('',(-37.292477842,99.742758512,161.658989489));
#3751=VERTEX_POINT('',#3750);
#3752=CARTESIAN_POINT('',(-37.302477842,99.742758512,161.658989489));
#3753=DIRECTION('',(0.,0.,1.));
#3754=DIRECTION('',(-0.105396307,-0.994430298,0.));
#3755=AXIS2_PLACEMENT_3D('',#3752,#3753,#3754);
#3756=CIRCLE('',#3755,0.01);
#3757=EDGE_CURVE('NONE',#3751,#3743,#3756,.T.);
#3758=ORIENTED_EDGE('',*,*,#3757,.F.);
#3759=CARTESIAN_POINT('',(-37.292477841,96.75275851,161.658989489));
#3760=VERTEX_POINT('',#3759);
#3761=CARTESIAN_POINT('',(-37.292477842,99.742758512,161.658989489));
#3762=DIRECTION('',(-0.,-1.,0.));
#3763=VECTOR('',#3762,2.990000001);
#3764=LINE('',#3761,#3763);
#3765=EDGE_CURVE('NONE',#3751,#3760,#3764,.T.);
#3766=ORIENTED_EDGE('',*,*,#3765,.T.);
#3767=CARTESIAN_POINT('',(-37.002477841,96.752758511,161.658989489));
#3768=VERTEX_POINT('',#3767);
#3769=CARTESIAN_POINT('',(-37.292477841,96.752758511,161.658989489));
#3770=DIRECTION('',(1.,-0.,-0.));
#3771=VECTOR('',#3770,0.290000001);
#3772=LINE('',#3769,#3771);
#3773=EDGE_CURVE('NONE',#3760,#3768,#3772,.T.);
#3774=ORIENTED_EDGE('',*,*,#3773,.T.);
#3775=CARTESIAN_POINT('',(-37.002477841,100.04275851,161.658989489));
#3776=VERTEX_POINT('',#3775);
#3777=CARTESIAN_POINT('',(-37.002477841,96.752758511,161.658989489));
#3778=DIRECTION('',(0.,1.,-0.));
#3779=VECTOR('',#3778,3.289999998);
#3780=LINE('',#3777,#3779);
#3781=EDGE_CURVE('NONE',#3768,#3776,#3780,.T.);
#3782=ORIENTED_EDGE('',*,*,#3781,.T.);
#3783=CARTESIAN_POINT('',(-41.392477842,100.042758511,161.658989489));
#3784=VERTEX_POINT('',#3783);
#3785=CARTESIAN_POINT('',(-37.002477841,100.042758511,161.658989489));
#3786=DIRECTION('',(-1.,0.,0.));
#3787=VECTOR('',#3786,4.39);
#3788=LINE('',#3785,#3787);
#3789=EDGE_CURVE('NONE',#3776,#3784,#3788,.T.);
#3790=ORIENTED_EDGE('',*,*,#3789,.T.);
#3791=CARTESIAN_POINT('',(-41.392477841,91.95275851,161.658989489));
#3792=VERTEX_POINT('',#3791);
#3793=CARTESIAN_POINT('',(-41.392477842,100.042758511,161.658989489));
#3794=DIRECTION('',(-0.,-1.,0.));
#3795=VECTOR('',#3794,8.09);
#3796=LINE('',#3793,#3795);
#3797=EDGE_CURVE('NONE',#3784,#3792,#3796,.T.);
#3798=ORIENTED_EDGE('',*,*,#3797,.T.);
#3799=CARTESIAN_POINT('',(-37.002477839,91.95275851,161.658989489));
#3800=VERTEX_POINT('',#3799);
#3801=CARTESIAN_POINT('',(-41.392477841,91.95275851,161.658989489));
#3802=DIRECTION('',(1.,-0.,-0.));
#3803=VECTOR('',#3802,4.390000002);
#3804=LINE('',#3801,#3803);
#3805=EDGE_CURVE('NONE',#3792,#3800,#3804,.T.);
#3806=ORIENTED_EDGE('',*,*,#3805,.T.);
#3807=CARTESIAN_POINT('',(-37.00247784,95.242758512,161.658989489));
#3808=VERTEX_POINT('',#3807);
#3809=CARTESIAN_POINT('',(-37.002477839,91.95275851,161.658989489));
#3810=DIRECTION('',(0.,1.,-0.));
#3811=VECTOR('',#3810,3.290000001);
#3812=LINE('',#3809,#3811);
#3813=EDGE_CURVE('NONE',#3800,#3808,#3812,.T.);
#3814=ORIENTED_EDGE('',*,*,#3813,.T.);
#3815=CARTESIAN_POINT('',(-37.29247784,95.242758511,161.658989489));
#3816=VERTEX_POINT('',#3815);
#3817=CARTESIAN_POINT('',(-37.00247784,95.242758511,161.658989489));
#3818=DIRECTION('',(-1.,0.,0.));
#3819=VECTOR('',#3818,0.29);
#3820=LINE('',#3817,#3819);
#3821=EDGE_CURVE('NONE',#3808,#3816,#3820,.T.);
#3822=ORIENTED_EDGE('',*,*,#3821,.T.);
#3823=CARTESIAN_POINT('',(-37.292477841,92.252758512,161.658989489));
#3824=VERTEX_POINT('',#3823);
#3825=CARTESIAN_POINT('',(-37.29247784,95.242758511,161.658989489));
#3826=DIRECTION('',(-0.,-1.,0.));
#3827=VECTOR('',#3826,2.989999999);
#3828=LINE('',#3825,#3827);
#3829=EDGE_CURVE('NONE',#3816,#3824,#3828,.T.);
#3830=ORIENTED_EDGE('',*,*,#3829,.T.);
#3831=CARTESIAN_POINT('',(-37.302477839,92.252758512,161.658989489));
#3832=DIRECTION('',(0.,0.,1.));
#3833=DIRECTION('',(-0.105396307,-0.994430298,0.));
#3834=AXIS2_PLACEMENT_3D('',#3831,#3832,#3833);
#3835=CIRCLE('',#3834,0.01);
#3836=EDGE_CURVE('NONE',#3725,#3824,#3835,.T.);
#3837=ORIENTED_EDGE('',*,*,#3836,.F.);
#3838=EDGE_LOOP('',(#3733,#3741,#3749,#3758,#3766,#3774,#3782,#3790,#3798,#3806,#3814,#3822,#3830,#3837));
#3839=FACE_BOUND('',#3838,.T.);
#3840=ADVANCED_FACE('NONE',(#3839),#3723,.T.);
#3841=CARTESIAN_POINT('',(-41.497477839,90.947758509,155.758989489));
#3842=DIRECTION('',(-0.,-1.,0.));
#3843=DIRECTION('',(-0.,-0.,-1.));
#3844=AXIS2_PLACEMENT_3D('',#3841,#3842,#3843);
#3845=PLANE('',#3844);
#3846=CARTESIAN_POINT('',(-42.69747784,90.94775851,155.758989489));
#3847=DIRECTION('',(0.,0.,1.));
#3848=VECTOR('',#3847,5.9);
#3849=LINE('',#3846,#3848);
#3850=EDGE_CURVE('NONE',#2711,#2414,#3849,.T.);
#3851=ORIENTED_EDGE('',*,*,#3850,.F.);
#3852=ORIENTED_EDGE('',*,*,#2716,.F.);
#3853=CARTESIAN_POINT('',(-41.497477839,90.947758509,155.758989489));
#3854=DIRECTION('',(0.,0.,1.));
#3855=VECTOR('',#3854,5.9);
#3856=LINE('',#3853,#3855);
#3857=EDGE_CURVE('NONE',#2703,#2396,#3856,.T.);
#3858=ORIENTED_EDGE('',*,*,#3857,.T.);
#3859=ORIENTED_EDGE('',*,*,#2425,.T.);
#3860=EDGE_LOOP('',(#3851,#3852,#3858,#3859));
#3861=FACE_BOUND('',#3860,.T.);
#3862=ADVANCED_FACE('NONE',(#3861),#3845,.T.);
#3863=CARTESIAN_POINT('',(-41.497477841,95.997758509,149.258989489));
#3864=DIRECTION('',(1.,-0.,-0.));
#3865=DIRECTION('',(-0.,-1.,0.));
#3866=AXIS2_PLACEMENT_3D('',#3863,#3864,#3865);
#3867=PLANE('',#3866);
#3868=CARTESIAN_POINT('',(-41.497477841,100.04275851,154.114209483));
#3869=VERTEX_POINT('',#3868);
#3870=CARTESIAN_POINT('',(-41.497477841,99.547758508,154.114209483));
#3871=VERTEX_POINT('',#3870);
#3872=CARTESIAN_POINT('',(-41.497477841,100.04275851,154.114209483));
#3873=DIRECTION('',(-0.,-1.,0.));
#3874=VECTOR('',#3873,0.495000002);
#3875=LINE('',#3872,#3874);
#3876=EDGE_CURVE('NONE',#3869,#3871,#3875,.T.);
#3877=ORIENTED_EDGE('',*,*,#3876,.T.);
#3878=CARTESIAN_POINT('',(-41.49747784,99.547758508,155.019209483));
#3879=VERTEX_POINT('',#3878);
#3880=CARTESIAN_POINT('',(-41.497477841,99.547758506,155.019209483));
#3881=DIRECTION('',(-0.,-0.,-1.));
#3882=VECTOR('',#3881,0.905);
#3883=LINE('',#3880,#3882);
#3884=EDGE_CURVE('NONE',#3879,#3871,#3883,.T.);
#3885=ORIENTED_EDGE('',*,*,#3884,.F.);
#3886=CARTESIAN_POINT('',(-41.497477839,92.447758507,155.019209483));
#3887=VERTEX_POINT('',#3886);
#3888=CARTESIAN_POINT('',(-41.497477839,92.447758507,155.019209483));
#3889=DIRECTION('',(0.,1.,-0.));
#3890=VECTOR('',#3889,7.100000001);
#3891=LINE('',#3888,#3890);
#3892=EDGE_CURVE('NONE',#3887,#3879,#3891,.T.);
#3893=ORIENTED_EDGE('',*,*,#3892,.F.);
#3894=CARTESIAN_POINT('',(-41.497477839,92.447758508,154.058989489));
#3895=VERTEX_POINT('',#3894);
#3896=CARTESIAN_POINT('',(-41.497477839,92.447758507,154.058989489));
#3897=DIRECTION('',(0.,0.,1.));
#3898=VECTOR('',#3897,0.960219994);
#3899=LINE('',#3896,#3898);
#3900=EDGE_CURVE('NONE',#3895,#3887,#3899,.T.);
#3901=ORIENTED_EDGE('',*,*,#3900,.F.);
#3902=CARTESIAN_POINT('',(-41.497477839,91.947758508,154.058989489));
#3903=VERTEX_POINT('',#3902);
#3904=CARTESIAN_POINT('',(-41.497477839,91.947758508,154.058989489));
#3905=DIRECTION('',(0.,1.,-0.));
#3906=VECTOR('',#3905,0.500000001);
#3907=LINE('',#3904,#3906);
#3908=EDGE_CURVE('NONE',#3903,#3895,#3907,.T.);
#3909=ORIENTED_EDGE('',*,*,#3908,.F.);
#3910=CARTESIAN_POINT('',(-41.497477839,91.947758509,161.563989489));
#3911=VERTEX_POINT('',#3910);
#3912=CARTESIAN_POINT('',(-41.497477839,91.947758508,161.563989489));
#3913=DIRECTION('',(-0.,-0.,-1.));
#3914=VECTOR('',#3913,7.505);
#3915=LINE('',#3912,#3914);
#3916=EDGE_CURVE('NONE',#3911,#3903,#3915,.T.);
#3917=ORIENTED_EDGE('',*,*,#3916,.F.);
#3918=CARTESIAN_POINT('',(-41.497477841,100.04275851,161.563989489));
#3919=VERTEX_POINT('',#3918);
#3920=CARTESIAN_POINT('',(-41.497477841,91.947758509,161.563989489));
#3921=DIRECTION('',(0.,1.,-0.));
#3922=VECTOR('',#3921,8.095000001);
#3923=LINE('',#3920,#3922);
#3924=EDGE_CURVE('NONE',#3911,#3919,#3923,.T.);
#3925=ORIENTED_EDGE('',*,*,#3924,.T.);
#3926=CARTESIAN_POINT('',(-41.497477841,100.052758509,161.553989489));
#3927=VERTEX_POINT('',#3926);
#3928=CARTESIAN_POINT('',(-41.497477842,100.04275851,161.553989489));
#3929=DIRECTION('',(1.,-0.,-0.));
#3930=DIRECTION('',(0.,1.,-0.));
#3931=AXIS2_PLACEMENT_3D('',#3928,#3929,#3930);
#3932=CIRCLE('',#3931,0.01);
#3933=EDGE_CURVE('NONE',#3927,#3919,#3932,.T.);
#3934=ORIENTED_EDGE('',*,*,#3933,.F.);
#3935=CARTESIAN_POINT('',(-41.497477841,100.052758509,154.124209483));
#3936=VERTEX_POINT('',#3935);
#3937=CARTESIAN_POINT('',(-41.497477841,100.052758509,161.553989489));
#3938=DIRECTION('',(-0.,-0.,-1.));
#3939=VECTOR('',#3938,7.429780006);
#3940=LINE('',#3937,#3939);
#3941=EDGE_CURVE('NONE',#3927,#3936,#3940,.T.);
#3942=ORIENTED_EDGE('',*,*,#3941,.T.);
#3943=CARTESIAN_POINT('',(-41.497477842,100.04275851,154.124209483));
#3944=DIRECTION('',(1.,-0.,-0.));
#3945=DIRECTION('',(0.,1.,-0.));
#3946=AXIS2_PLACEMENT_3D('',#3943,#3944,#3945);
#3947=CIRCLE('',#3946,0.01);
#3948=EDGE_CURVE('NONE',#3869,#3936,#3947,.T.);
#3949=ORIENTED_EDGE('',*,*,#3948,.F.);
#3950=EDGE_LOOP('',(#3877,#3885,#3893,#3901,#3909,#3917,#3925,#3934,#3942,#3949));
#3951=FACE_BOUND('',#3950,.T.);
#3952=ORIENTED_EDGE('',*,*,#3713,.F.);
#3953=ORIENTED_EDGE('',*,*,#2403,.F.);
#3954=ORIENTED_EDGE('',*,*,#3857,.F.);
#3955=CARTESIAN_POINT('',(-41.497477839,90.947758509,153.458989489));
#3956=DIRECTION('',(0.,0.,1.));
#3957=VECTOR('',#3956,2.3);
#3958=LINE('',#3955,#3957);
#3959=EDGE_CURVE('NONE',#552,#2703,#3958,.T.);
#3960=ORIENTED_EDGE('',*,*,#3959,.F.);
#3961=ORIENTED_EDGE('',*,*,#557,.T.);
#3962=CARTESIAN_POINT('',(-41.497477841,101.047758509,153.458989489));
#3963=DIRECTION('',(0.,0.,1.));
#3964=VECTOR('',#3963,2.3);
#3965=LINE('',#3962,#3964);
#3966=EDGE_CURVE('NONE',#544,#2727,#3965,.T.);
#3967=ORIENTED_EDGE('',*,*,#3966,.T.);
#3968=EDGE_LOOP('',(#3952,#3953,#3954,#3960,#3961,#3967));
#3969=FACE_BOUND('',#3968,.T.);
#3970=ADVANCED_FACE('NONE',(#3951,#3969),#3867,.T.);
#3971=CARTESIAN_POINT('',(-42.69747784,95.997758509,149.258989489));
#3972=DIRECTION('',(1.,-0.,-0.));
#3973=DIRECTION('',(-0.,-1.,0.));
#3974=AXIS2_PLACEMENT_3D('',#3971,#3972,#3973);
#3975=PLANE('',#3974);
#3976=ORIENTED_EDGE('',*,*,#3706,.T.);
#3977=ORIENTED_EDGE('',*,*,#2724,.T.);
#3978=ORIENTED_EDGE('',*,*,#3850,.T.);
#3979=ORIENTED_EDGE('',*,*,#2419,.T.);
#3980=EDGE_LOOP('',(#3976,#3977,#3978,#3979));
#3981=FACE_BOUND('',#3980,.T.);
#3982=ADVANCED_FACE('NONE',(#3981),#3975,.F.);
#3983=CARTESIAN_POINT('',(-41.497477839,90.947758509,143.004325458));
#3984=DIRECTION('',(-0.,-1.,0.));
#3985=DIRECTION('',(-1.,0.,0.));
#3986=AXIS2_PLACEMENT_3D('',#3983,#3984,#3985);
#3987=PLANE('',#3986);
#3988=ORIENTED_EDGE('',*,*,#565,.T.);
#3989=ORIENTED_EDGE('',*,*,#3959,.T.);
#3990=ORIENTED_EDGE('',*,*,#2708,.T.);
#3991=ORIENTED_EDGE('',*,*,#2684,.F.);
#3992=EDGE_LOOP('',(#3988,#3989,#3990,#3991));
#3993=FACE_BOUND('',#3992,.T.);
#3994=ADVANCED_FACE('NONE',(#3993),#3987,.F.);
#3995=CARTESIAN_POINT('',(-41.497477843,101.047758509,143.004325458));
#3996=DIRECTION('',(0.,1.,-0.));
#3997=DIRECTION('',(1.,-0.,-0.));
#3998=AXIS2_PLACEMENT_3D('',#3995,#3996,#3997);
#3999=PLANE('',#3998);
#4000=ORIENTED_EDGE('',*,*,#549,.T.);
#4001=ORIENTED_EDGE('',*,*,#3170,.T.);
#4002=ORIENTED_EDGE('',*,*,#2740,.T.);
#4003=ORIENTED_EDGE('',*,*,#3966,.F.);
#4004=EDGE_LOOP('',(#4000,#4001,#4002,#4003));
#4005=FACE_BOUND('',#4004,.T.);
#4006=ADVANCED_FACE('NONE',(#4005),#3999,.F.);
#4007=CARTESIAN_POINT('',(-45.997477839,91.947758508,161.658989489));
#4008=DIRECTION('',(0.,1.,-0.));
#4009=DIRECTION('',(1.,-0.,-0.));
#4010=AXIS2_PLACEMENT_3D('',#4007,#4008,#4009);
#4011=PLANE('',#4010);
#4012=CARTESIAN_POINT('',(-37.002477839,91.947758509,154.058989489));
#4013=VERTEX_POINT('',#4012);
#4014=CARTESIAN_POINT('',(-41.497477839,91.947758508,154.058989489));
#4015=DIRECTION('',(1.,-0.,-0.));
#4016=VECTOR('',#4015,4.495);
#4017=LINE('',#4014,#4016);
#4018=EDGE_CURVE('NONE',#3903,#4013,#4017,.T.);
#4019=ORIENTED_EDGE('',*,*,#4018,.T.);
#4020=CARTESIAN_POINT('',(-37.002477839,91.947758509,161.653989489));
#4021=VERTEX_POINT('',#4020);
#4022=CARTESIAN_POINT('',(-37.002477839,91.947758508,154.058989489));
#4023=DIRECTION('',(0.,0.,1.));
#4024=VECTOR('',#4023,7.595);
#4025=LINE('',#4022,#4024);
#4026=EDGE_CURVE('NONE',#4013,#4021,#4025,.T.);
#4027=ORIENTED_EDGE('',*,*,#4026,.T.);
#4028=CARTESIAN_POINT('',(-41.397477839,91.947758509,161.653989489));
#4029=VERTEX_POINT('',#4028);
#4030=CARTESIAN_POINT('',(-37.002477839,91.947758508,161.653989489));
#4031=DIRECTION('',(-1.,0.,0.));
#4032=VECTOR('',#4031,4.395);
#4033=LINE('',#4030,#4032);
#4034=EDGE_CURVE('NONE',#4021,#4029,#4033,.T.);
#4035=ORIENTED_EDGE('',*,*,#4034,.T.);
#4036=CARTESIAN_POINT('',(-41.397477839,91.94775851,161.558989489));
#4037=VERTEX_POINT('',#4036);
#4038=CARTESIAN_POINT('',(-41.397477839,91.94775851,161.558989489));
#4039=DIRECTION('',(0.,0.,1.));
#4040=VECTOR('',#4039,0.095);
#4041=LINE('',#4038,#4040);
#4042=EDGE_CURVE('NONE',#4037,#4029,#4041,.T.);
#4043=ORIENTED_EDGE('',*,*,#4042,.F.);
#4044=CARTESIAN_POINT('',(-41.492477841,91.947758509,161.558989489));
#4045=VERTEX_POINT('',#4044);
#4046=CARTESIAN_POINT('',(-41.492477841,91.947758509,161.558989489));
#4047=DIRECTION('',(1.,-0.,-0.));
#4048=VECTOR('',#4047,0.095000003);
#4049=LINE('',#4046,#4048);
#4050=EDGE_CURVE('NONE',#4045,#4037,#4049,.T.);
#4051=ORIENTED_EDGE('',*,*,#4050,.F.);
#4052=CARTESIAN_POINT('',(-41.492477841,91.94775851,161.563989489));
#4053=DIRECTION('',(0.,1.,-0.));
#4054=DIRECTION('',(-1.,0.,0.));
#4055=AXIS2_PLACEMENT_3D('',#4052,#4053,#4054);
#4056=CIRCLE('',#4055,0.005);
#4057=EDGE_CURVE('NONE',#4045,#3911,#4056,.T.);
#4058=ORIENTED_EDGE('',*,*,#4057,.T.);
#4059=ORIENTED_EDGE('',*,*,#3916,.T.);
#4060=EDGE_LOOP('',(#4019,#4027,#4035,#4043,#4051,#4058,#4059));
#4061=FACE_BOUND('',#4060,.T.);
#4062=ADVANCED_FACE('NONE',(#4061),#4011,.F.);
#4063=CARTESIAN_POINT('',(-36.99747784,95.997758512,161.658989489));
#4064=DIRECTION('',(1.,-0.,-0.));
#4065=DIRECTION('',(-0.,-1.,0.));
#4066=AXIS2_PLACEMENT_3D('',#4063,#4064,#4065);
#4067=PLANE('',#4066);
#4068=CARTESIAN_POINT('',(-36.99747784,92.942758511,157.653989489));
#4069=VERTEX_POINT('',#4068);
#4070=CARTESIAN_POINT('',(-36.99747784,92.942758511,159.663989489));
#4071=VERTEX_POINT('',#4070);
#4072=CARTESIAN_POINT('',(-36.99747784,92.942758511,157.653989489));
#4073=DIRECTION('',(0.,0.,1.));
#4074=VECTOR('',#4073,2.01);
#4075=LINE('',#4072,#4074);
#4076=EDGE_CURVE('NONE',#4069,#4071,#4075,.T.);
#4077=ORIENTED_EDGE('',*,*,#4076,.T.);
#4078=CARTESIAN_POINT('',(-36.99747784,93.952758512,159.663989489));
#4079=VERTEX_POINT('',#4078);
#4080=CARTESIAN_POINT('',(-36.99747784,92.942758511,159.663989489));
#4081=DIRECTION('',(0.,1.,-0.));
#4082=VECTOR('',#4081,1.010000001);
#4083=LINE('',#4080,#4082);
#4084=EDGE_CURVE('NONE',#4071,#4079,#4083,.T.);
#4085=ORIENTED_EDGE('',*,*,#4084,.T.);
#4086=CARTESIAN_POINT('',(-36.99747784,93.952758512,157.653989489));
#4087=VERTEX_POINT('',#4086);
#4088=CARTESIAN_POINT('',(-36.99747784,93.952758512,159.663989489));
#4089=DIRECTION('',(-0.,-0.,-1.));
#4090=VECTOR('',#4089,2.01);
#4091=LINE('',#4088,#4090);
#4092=EDGE_CURVE('NONE',#4079,#4087,#4091,.T.);
#4093=ORIENTED_EDGE('',*,*,#4092,.T.);
#4094=CARTESIAN_POINT('',(-36.99747784,93.952758512,157.653989489));
#4095=DIRECTION('',(-0.,-1.,0.));
#4096=VECTOR('',#4095,1.010000001);
#4097=LINE('',#4094,#4096);
#4098=EDGE_CURVE('NONE',#4087,#4069,#4097,.T.);
#4099=ORIENTED_EDGE('',*,*,#4098,.T.);
#4100=EDGE_LOOP('',(#4077,#4085,#4093,#4099));
#4101=FACE_BOUND('',#4100,.T.);
#4102=CARTESIAN_POINT('',(-36.997477841,98.042758511,157.653989489));
#4103=VERTEX_POINT('',#4102);
#4104=CARTESIAN_POINT('',(-36.997477841,98.042758511,159.663989489));
#4105=VERTEX_POINT('',#4104);
#4106=CARTESIAN_POINT('',(-36.99747784,98.042758511,157.653989489));
#4107=DIRECTION('',(0.,0.,1.));
#4108=VECTOR('',#4107,2.01);
#4109=LINE('',#4106,#4108);
#4110=EDGE_CURVE('NONE',#4103,#4105,#4109,.T.);
#4111=ORIENTED_EDGE('',*,*,#4110,.T.);
#4112=CARTESIAN_POINT('',(-36.997477841,99.052758511,159.663989489));
#4113=VERTEX_POINT('',#4112);
#4114=CARTESIAN_POINT('',(-36.99747784,98.042758511,159.663989489));
#4115=DIRECTION('',(0.,1.,-0.));
#4116=VECTOR('',#4115,1.01);
#4117=LINE('',#4114,#4116);
#4118=EDGE_CURVE('NONE',#4105,#4113,#4117,.T.);
#4119=ORIENTED_EDGE('',*,*,#4118,.T.);
#4120=CARTESIAN_POINT('',(-36.997477841,99.052758511,157.653989489));
#4121=VERTEX_POINT('',#4120);
#4122=CARTESIAN_POINT('',(-36.99747784,99.052758511,159.663989489));
#4123=DIRECTION('',(-0.,-0.,-1.));
#4124=VECTOR('',#4123,2.01);
#4125=LINE('',#4122,#4124);
#4126=EDGE_CURVE('NONE',#4113,#4121,#4125,.T.);
#4127=ORIENTED_EDGE('',*,*,#4126,.T.);
#4128=CARTESIAN_POINT('',(-36.99747784,99.052758511,157.653989489));
#4129=DIRECTION('',(-0.,-1.,0.));
#4130=VECTOR('',#4129,1.01);
#4131=LINE('',#4128,#4130);
#4132=EDGE_CURVE('NONE',#4121,#4103,#4131,.T.);
#4133=ORIENTED_EDGE('',*,*,#4132,.T.);
#4134=EDGE_LOOP('',(#4111,#4119,#4127,#4133));
#4135=FACE_BOUND('',#4134,.T.);
#4136=CARTESIAN_POINT('',(-36.99747784,92.442758511,154.063989489));
#4137=VERTEX_POINT('',#4136);
#4138=CARTESIAN_POINT('',(-36.997477841,92.442758511,155.024209483));
#4139=VERTEX_POINT('',#4138);
#4140=CARTESIAN_POINT('',(-36.99747784,92.442758511,154.063989489));
#4141=DIRECTION('',(0.,0.,1.));
#4142=VECTOR('',#4141,0.960219994);
#4143=LINE('',#4140,#4142);
#4144=EDGE_CURVE('NONE',#4137,#4139,#4143,.T.);
#4145=ORIENTED_EDGE('',*,*,#4144,.T.);
#4146=CARTESIAN_POINT('',(-36.997477841,99.552758512,155.024209483));
#4147=VERTEX_POINT('',#4146);
#4148=CARTESIAN_POINT('',(-36.99747784,92.442758511,155.024209483));
#4149=DIRECTION('',(0.,1.,-0.));
#4150=VECTOR('',#4149,7.11);
#4151=LINE('',#4148,#4150);
#4152=EDGE_CURVE('NONE',#4139,#4147,#4151,.T.);
#4153=ORIENTED_EDGE('',*,*,#4152,.T.);
#4154=CARTESIAN_POINT('',(-36.997477841,99.552758512,154.124209483));
#4155=VERTEX_POINT('',#4154);
#4156=CARTESIAN_POINT('',(-36.99747784,99.552758512,155.024209483));
#4157=DIRECTION('',(-0.,-0.,-1.));
#4158=VECTOR('',#4157,0.9);
#4159=LINE('',#4156,#4158);
#4160=EDGE_CURVE('NONE',#4147,#4155,#4159,.T.);
#4161=ORIENTED_EDGE('',*,*,#4160,.T.);
#4162=CARTESIAN_POINT('',(-36.997477841,100.042758511,154.124209483));
#4163=VERTEX_POINT('',#4162);
#4164=CARTESIAN_POINT('',(-36.99747784,99.552758512,154.124209483));
#4165=DIRECTION('',(0.,1.,-0.));
#4166=VECTOR('',#4165,0.489999999);
#4167=LINE('',#4164,#4166);
#4168=EDGE_CURVE('NONE',#4155,#4163,#4167,.T.);
#4169=ORIENTED_EDGE('',*,*,#4168,.T.);
#4170=CARTESIAN_POINT('',(-36.997477841,100.042758511,161.653989489));
#4171=VERTEX_POINT('',#4170);
#4172=CARTESIAN_POINT('',(-36.99747784,100.042758512,154.124209483));
#4173=DIRECTION('',(0.,0.,1.));
#4174=VECTOR('',#4173,7.529780006);
#4175=LINE('',#4172,#4174);
#4176=EDGE_CURVE('NONE',#4163,#4171,#4175,.T.);
#4177=ORIENTED_EDGE('',*,*,#4176,.T.);
#4178=CARTESIAN_POINT('',(-36.997477841,96.752758512,161.653989489));
#4179=VERTEX_POINT('',#4178);
#4180=CARTESIAN_POINT('',(-36.99747784,100.042758511,161.653989489));
#4181=DIRECTION('',(-0.,-1.,0.));
#4182=VECTOR('',#4181,3.29);
#4183=LINE('',#4180,#4182);
#4184=EDGE_CURVE('NONE',#4171,#4179,#4183,.T.);
#4185=ORIENTED_EDGE('',*,*,#4184,.T.);
#4186=CARTESIAN_POINT('',(-36.997477841,96.752758511,157.653989489));
#4187=VERTEX_POINT('',#4186);
#4188=CARTESIAN_POINT('',(-36.99747784,96.752758511,161.653989489));
#4189=DIRECTION('',(-0.,-0.,-1.));
#4190=VECTOR('',#4189,4.);
#4191=LINE('',#4188,#4190);
#4192=EDGE_CURVE('NONE',#4179,#4187,#4191,.T.);
#4193=ORIENTED_EDGE('',*,*,#4192,.T.);
#4194=CARTESIAN_POINT('',(-36.99747784,95.242758512,157.653989489));
#4195=VERTEX_POINT('',#4194);
#4196=CARTESIAN_POINT('',(-36.99747784,96.752758511,157.653989489));
#4197=DIRECTION('',(-0.,-1.,0.));
#4198=VECTOR('',#4197,1.51);
#4199=LINE('',#4196,#4198);
#4200=EDGE_CURVE('NONE',#4187,#4195,#4199,.T.);
#4201=ORIENTED_EDGE('',*,*,#4200,.T.);
#4202=CARTESIAN_POINT('',(-36.99747784,95.242758512,161.653989489));
#4203=VERTEX_POINT('',#4202);
#4204=CARTESIAN_POINT('',(-36.99747784,95.242758512,157.653989489));
#4205=DIRECTION('',(0.,0.,1.));
#4206=VECTOR('',#4205,4.);
#4207=LINE('',#4204,#4206);
#4208=EDGE_CURVE('NONE',#4195,#4203,#4207,.T.);
#4209=ORIENTED_EDGE('',*,*,#4208,.T.);
#4210=CARTESIAN_POINT('',(-36.99747784,91.952758511,161.653989489));
#4211=VERTEX_POINT('',#4210);
#4212=CARTESIAN_POINT('',(-36.99747784,95.242758512,161.653989489));
#4213=DIRECTION('',(-0.,-1.,0.));
#4214=VECTOR('',#4213,3.29);
#4215=LINE('',#4212,#4214);
#4216=EDGE_CURVE('NONE',#4203,#4211,#4215,.T.);
#4217=ORIENTED_EDGE('',*,*,#4216,.T.);
#4218=CARTESIAN_POINT('',(-36.99747784,91.952758512,154.063989489));
#4219=VERTEX_POINT('',#4218);
#4220=CARTESIAN_POINT('',(-36.99747784,91.952758512,161.653989489));
#4221=DIRECTION('',(-0.,-0.,-1.));
#4222=VECTOR('',#4221,7.59);
#4223=LINE('',#4220,#4222);
#4224=EDGE_CURVE('NONE',#4211,#4219,#4223,.T.);
#4225=ORIENTED_EDGE('',*,*,#4224,.T.);
#4226=CARTESIAN_POINT('',(-36.99747784,91.952758512,154.063989489));
#4227=DIRECTION('',(0.,1.,-0.));
#4228=VECTOR('',#4227,0.49);
#4229=LINE('',#4226,#4228);
#4230=EDGE_CURVE('NONE',#4219,#4137,#4229,.T.);
#4231=ORIENTED_EDGE('',*,*,#4230,.T.);
#4232=EDGE_LOOP('',(#4145,#4153,#4161,#4169,#4177,#4185,#4193,#4201,#4209,#4217,#4225,#4231));
#4233=FACE_BOUND('',#4232,.T.);
#4234=ADVANCED_FACE('NONE',(#4101,#4135,#4233),#4067,.T.);
#4235=CARTESIAN_POINT('',(-45.997477842,100.047758508,161.658989489));
#4236=DIRECTION('',(0.,1.,-0.));
#4237=DIRECTION('',(1.,-0.,-0.));
#4238=AXIS2_PLACEMENT_3D('',#4235,#4236,#4237);
#4239=PLANE('',#4238);
#4240=CARTESIAN_POINT('',(-41.492477842,100.047758509,154.124209483));
#4241=VERTEX_POINT('',#4240);
#4242=CARTESIAN_POINT('',(-41.492477842,100.047758509,161.553989489));
#4243=VERTEX_POINT('',#4242);
#4244=CARTESIAN_POINT('',(-41.492477842,100.047758508,154.124209483));
#4245=DIRECTION('',(0.,0.,1.));
#4246=VECTOR('',#4245,7.429780006);
#4247=LINE('',#4244,#4246);
#4248=EDGE_CURVE('NONE',#4241,#4243,#4247,.T.);
#4249=ORIENTED_EDGE('',*,*,#4248,.T.);
#4250=CARTESIAN_POINT('',(-41.392477842,100.047758508,161.553989489));
#4251=VERTEX_POINT('',#4250);
#4252=CARTESIAN_POINT('',(-41.492477842,100.047758508,161.553989489));
#4253=DIRECTION('',(1.,-0.,-0.));
#4254=VECTOR('',#4253,0.1);
#4255=LINE('',#4252,#4254);
#4256=EDGE_CURVE('NONE',#4243,#4251,#4255,.T.);
#4257=ORIENTED_EDGE('',*,*,#4256,.T.);
#4258=CARTESIAN_POINT('',(-41.392477842,100.047758509,161.653989489));
#4259=VERTEX_POINT('',#4258);
#4260=CARTESIAN_POINT('',(-41.392477842,100.047758508,161.553989489));
#4261=DIRECTION('',(0.,0.,1.));
#4262=VECTOR('',#4261,0.1);
#4263=LINE('',#4260,#4262);
#4264=EDGE_CURVE('NONE',#4251,#4259,#4263,.T.);
#4265=ORIENTED_EDGE('',*,*,#4264,.T.);
#4266=CARTESIAN_POINT('',(-37.002477842,100.047758509,161.653989489));
#4267=VERTEX_POINT('',#4266);
#4268=CARTESIAN_POINT('',(-41.392477842,100.047758508,161.653989489));
#4269=DIRECTION('',(1.,-0.,-0.));
#4270=VECTOR('',#4269,4.39);
#4271=LINE('',#4268,#4270);
#4272=EDGE_CURVE('NONE',#4259,#4267,#4271,.T.);
#4273=ORIENTED_EDGE('',*,*,#4272,.T.);
#4274=CARTESIAN_POINT('',(-37.002477842,100.047758508,154.124209483));
#4275=VERTEX_POINT('',#4274);
#4276=CARTESIAN_POINT('',(-37.002477842,100.047758508,161.653989489));
#4277=DIRECTION('',(-0.,-0.,-1.));
#4278=VECTOR('',#4277,7.529780006);
#4279=LINE('',#4276,#4278);
#4280=EDGE_CURVE('NONE',#4267,#4275,#4279,.T.);
#4281=ORIENTED_EDGE('',*,*,#4280,.T.);
#4282=CARTESIAN_POINT('',(-37.002477842,100.047758508,154.124209483));
#4283=DIRECTION('',(-1.,0.,0.));
#4284=VECTOR('',#4283,4.49);
#4285=LINE('',#4282,#4284);
#4286=EDGE_CURVE('NONE',#4275,#4241,#4285,.T.);
#4287=ORIENTED_EDGE('',*,*,#4286,.T.);
#4288=EDGE_LOOP('',(#4249,#4257,#4265,#4273,#4281,#4287));
#4289=FACE_BOUND('',#4288,.T.);
#4290=ADVANCED_FACE('NONE',(#4289),#4239,.T.);
#4291=CARTESIAN_POINT('',(-45.997477841,95.997758508,155.958989489));
#4292=DIRECTION('',(-0.,-0.,-1.));
#4293=DIRECTION('',(1.,-0.,-0.));
#4294=AXIS2_PLACEMENT_3D('',#4291,#4292,#4293);
#4295=PLANE('',#4294);
#4296=CARTESIAN_POINT('',(-39.49747784,95.747758508,155.958989489));
#4297=VERTEX_POINT('',#4296);
#4298=CARTESIAN_POINT('',(-38.99747784,95.747758509,155.958989489));
#4299=VERTEX_POINT('',#4298);
#4300=CARTESIAN_POINT('',(-39.49747784,95.747758508,155.958989489));
#4301=DIRECTION('',(1.,-0.,-0.));
#4302=VECTOR('',#4301,0.5);
#4303=LINE('',#4300,#4302);
#4304=EDGE_CURVE('NONE',#4297,#4299,#4303,.T.);
#4305=ORIENTED_EDGE('',*,*,#4304,.F.);
#4306=CARTESIAN_POINT('',(-39.49747784,96.247758511,155.958989489));
#4307=VERTEX_POINT('',#4306);
#4308=CARTESIAN_POINT('',(-39.49747784,95.747758508,155.958989489));
#4309=DIRECTION('',(0.,1.,-0.));
#4310=VECTOR('',#4309,0.500000003);
#4311=LINE('',#4308,#4310);
#4312=EDGE_CURVE('NONE',#4297,#4307,#4311,.T.);
#4313=ORIENTED_EDGE('',*,*,#4312,.T.);
#4314=CARTESIAN_POINT('',(-38.997477841,96.24775851,155.958989489));
#4315=VERTEX_POINT('',#4314);
#4316=CARTESIAN_POINT('',(-39.49747784,96.247758511,155.958989489));
#4317=DIRECTION('',(1.,-0.,-0.));
#4318=VECTOR('',#4317,0.5);
#4319=LINE('',#4316,#4318);
#4320=EDGE_CURVE('NONE',#4307,#4315,#4319,.T.);
#4321=ORIENTED_EDGE('',*,*,#4320,.T.);
#4322=CARTESIAN_POINT('',(-38.99747784,95.747758509,155.958989489));
#4323=DIRECTION('',(0.,1.,-0.));
#4324=VECTOR('',#4323,0.500000001);
#4325=LINE('',#4322,#4324);
#4326=EDGE_CURVE('NONE',#4299,#4315,#4325,.T.);
#4327=ORIENTED_EDGE('',*,*,#4326,.F.);
#4328=EDGE_LOOP('',(#4305,#4313,#4321,#4327));
#4329=FACE_BOUND('',#4328,.T.);
#4330=CARTESIAN_POINT('',(-38.99747784,93.20775851,155.958989489));
#4331=VERTEX_POINT('',#4330);
#4332=CARTESIAN_POINT('',(-38.99747784,93.707758511,155.958989489));
#4333=VERTEX_POINT('',#4332);
#4334=CARTESIAN_POINT('',(-38.99747784,93.20775851,155.958989489));
#4335=DIRECTION('',(0.,1.,-0.));
#4336=VECTOR('',#4335,0.500000001);
#4337=LINE('',#4334,#4336);
#4338=EDGE_CURVE('NONE',#4331,#4333,#4337,.T.);
#4339=ORIENTED_EDGE('',*,*,#4338,.F.);
#4340=CARTESIAN_POINT('',(-39.49747784,93.20775851,155.958989489));
#4341=VERTEX_POINT('',#4340);
#4342=CARTESIAN_POINT('',(-39.49747784,93.20775851,155.958989489));
#4343=DIRECTION('',(1.,-0.,-0.));
#4344=VECTOR('',#4343,0.5);
#4345=LINE('',#4342,#4344);
#4346=EDGE_CURVE('NONE',#4341,#4331,#4345,.T.);
#4347=ORIENTED_EDGE('',*,*,#4346,.F.);
#4348=CARTESIAN_POINT('',(-39.49747784,93.707758511,155.958989489));
#4349=VERTEX_POINT('',#4348);
#4350=CARTESIAN_POINT('',(-39.49747784,93.20775851,155.958989489));
#4351=DIRECTION('',(0.,1.,-0.));
#4352=VECTOR('',#4351,0.5);
#4353=LINE('',#4350,#4352);
#4354=EDGE_CURVE('NONE',#4341,#4349,#4353,.T.);
#4355=ORIENTED_EDGE('',*,*,#4354,.T.);
#4356=CARTESIAN_POINT('',(-39.49747784,93.707758511,155.958989489));
#4357=DIRECTION('',(1.,-0.,-0.));
#4358=VECTOR('',#4357,0.5);
#4359=LINE('',#4356,#4358);
#4360=EDGE_CURVE('NONE',#4349,#4333,#4359,.T.);
#4361=ORIENTED_EDGE('',*,*,#4360,.T.);
#4362=EDGE_LOOP('',(#4339,#4347,#4355,#4361));
#4363=FACE_BOUND('',#4362,.T.);
#4364=ORIENTED_EDGE('',*,*,#2459,.T.);
#4365=CARTESIAN_POINT('',(-37.302477839,92.24775851,155.958989489));
#4366=DIRECTION('',(0.,1.,-0.));
#4367=VECTOR('',#4366,7.5);
#4368=LINE('',#4365,#4367);
#4369=EDGE_CURVE('NONE',#2446,#2507,#4368,.T.);
#4370=ORIENTED_EDGE('',*,*,#4369,.T.);
#4371=ORIENTED_EDGE('',*,*,#2512,.T.);
#4372=ORIENTED_EDGE('',*,*,#2496,.T.);
#4373=EDGE_LOOP('',(#4364,#4370,#4371,#4372));
#4374=FACE_BOUND('',#4373,.T.);
#4375=CARTESIAN_POINT('',(-39.497477841,98.28775851,155.958989489));
#4376=VERTEX_POINT('',#4375);
#4377=CARTESIAN_POINT('',(-39.497477841,98.787758511,155.958989489));
#4378=VERTEX_POINT('',#4377);
#4379=CARTESIAN_POINT('',(-39.497477841,98.28775851,155.958989489));
#4380=DIRECTION('',(0.,1.,-0.));
#4381=VECTOR('',#4380,0.5);
#4382=LINE('',#4379,#4381);
#4383=EDGE_CURVE('NONE',#4376,#4378,#4382,.T.);
#4384=ORIENTED_EDGE('',*,*,#4383,.T.);
#4385=CARTESIAN_POINT('',(-38.997477842,98.787758511,155.958989489));
#4386=VERTEX_POINT('',#4385);
#4387=CARTESIAN_POINT('',(-39.497477841,98.787758511,155.958989489));
#4388=DIRECTION('',(1.,-0.,-0.));
#4389=VECTOR('',#4388,0.5);
#4390=LINE('',#4387,#4389);
#4391=EDGE_CURVE('NONE',#4378,#4386,#4390,.T.);
#4392=ORIENTED_EDGE('',*,*,#4391,.T.);
#4393=CARTESIAN_POINT('',(-38.997477842,98.28775851,155.958989489));
#4394=VERTEX_POINT('',#4393);
#4395=CARTESIAN_POINT('',(-38.997477842,98.28775851,155.958989489));
#4396=DIRECTION('',(0.,1.,-0.));
#4397=VECTOR('',#4396,0.500000001);
#4398=LINE('',#4395,#4397);
#4399=EDGE_CURVE('NONE',#4394,#4386,#4398,.T.);
#4400=ORIENTED_EDGE('',*,*,#4399,.F.);
#4401=CARTESIAN_POINT('',(-39.497477841,98.28775851,155.958989489));
#4402=DIRECTION('',(1.,-0.,-0.));
#4403=VECTOR('',#4402,0.499999999);
#4404=LINE('',#4401,#4403);
#4405=EDGE_CURVE('NONE',#4376,#4394,#4404,.T.);
#4406=ORIENTED_EDGE('',*,*,#4405,.F.);
#4407=EDGE_LOOP('',(#4384,#4392,#4400,#4406));
#4408=FACE_BOUND('',#4407,.T.);
#4409=ADVANCED_FACE('NONE',(#4329,#4363,#4374,#4408),#4295,.F.);
#4410=CARTESIAN_POINT('',(-45.997477841,95.997758508,161.658989489));
#4411=DIRECTION('',(-0.,-0.,-1.));
#4412=DIRECTION('',(1.,-0.,-0.));
#4413=AXIS2_PLACEMENT_3D('',#4410,#4411,#4412);
#4414=PLANE('',#4413);
#4415=CARTESIAN_POINT('',(-39.04747784,93.25775851,161.658989489));
#4416=VERTEX_POINT('',#4415);
#4417=CARTESIAN_POINT('',(-39.04747784,93.657758512,161.658989489));
#4418=VERTEX_POINT('',#4417);
#4419=CARTESIAN_POINT('',(-39.04747784,93.25775851,161.658989489));
#4420=DIRECTION('',(0.,1.,-0.));
#4421=VECTOR('',#4420,0.400000001);
#4422=LINE('',#4419,#4421);
#4423=EDGE_CURVE('NONE',#4416,#4418,#4422,.T.);
#4424=ORIENTED_EDGE('',*,*,#4423,.T.);
#4425=CARTESIAN_POINT('',(-39.44747784,93.657758512,161.658989489));
#4426=VERTEX_POINT('',#4425);
#4427=CARTESIAN_POINT('',(-39.04747784,93.65775851,161.658989489));
#4428=DIRECTION('',(-1.,0.,0.));
#4429=VECTOR('',#4428,0.4);
#4430=LINE('',#4427,#4429);
#4431=EDGE_CURVE('NONE',#4418,#4426,#4430,.T.);
#4432=ORIENTED_EDGE('',*,*,#4431,.T.);
#4433=CARTESIAN_POINT('',(-39.447477839,93.257758511,161.658989489));
#4434=VERTEX_POINT('',#4433);
#4435=CARTESIAN_POINT('',(-39.44747784,93.657758512,161.658989489));
#4436=DIRECTION('',(-0.,-1.,0.));
#4437=VECTOR('',#4436,0.400000001);
#4438=LINE('',#4435,#4437);
#4439=EDGE_CURVE('NONE',#4426,#4434,#4438,.T.);
#4440=ORIENTED_EDGE('',*,*,#4439,.T.);
#4441=CARTESIAN_POINT('',(-39.447477839,93.257758511,161.658989489));
#4442=DIRECTION('',(1.,-0.,-0.));
#4443=VECTOR('',#4442,0.399999999);
#4444=LINE('',#4441,#4443);
#4445=EDGE_CURVE('NONE',#4434,#4416,#4444,.T.);
#4446=ORIENTED_EDGE('',*,*,#4445,.T.);
#4447=EDGE_LOOP('',(#4424,#4432,#4440,#4446));
#4448=FACE_BOUND('',#4447,.T.);
#4449=ADVANCED_FACE('NONE',(#4448),#4414,.F.);
#4450=CARTESIAN_POINT('',(-38.997477839,93.20775851,161.658989489));
#4451=DIRECTION('',(-0.,-1.,0.));
#4452=DIRECTION('',(-1.,0.,0.));
#4453=AXIS2_PLACEMENT_3D('',#4450,#4451,#4452);
#4454=PLANE('',#4453);
#4455=CARTESIAN_POINT('',(-38.997477839,93.20775851,161.608989489));
#4456=VERTEX_POINT('',#4455);
#4457=CARTESIAN_POINT('',(-38.99747784,93.20775851,161.608989489));
#4458=DIRECTION('',(-0.,-0.,-1.));
#4459=VECTOR('',#4458,5.65);
#4460=LINE('',#4457,#4459);
#4461=EDGE_CURVE('NONE',#4456,#4331,#4460,.T.);
#4462=ORIENTED_EDGE('',*,*,#4461,.F.);
#4463=CARTESIAN_POINT('',(-39.497477839,93.20775851,161.608989488));
#4464=VERTEX_POINT('',#4463);
#4465=CARTESIAN_POINT('',(-38.997477839,93.20775851,161.608989489));
#4466=DIRECTION('',(-1.,0.,0.));
#4467=VECTOR('',#4466,0.5);
#4468=LINE('',#4465,#4467);
#4469=EDGE_CURVE('NONE',#4456,#4464,#4468,.T.);
#4470=ORIENTED_EDGE('',*,*,#4469,.T.);
#4471=CARTESIAN_POINT('',(-39.49747784,93.20775851,161.608989488));
#4472=DIRECTION('',(-0.,-0.,-1.));
#4473=VECTOR('',#4472,5.649999999);
#4474=LINE('',#4471,#4473);
#4475=EDGE_CURVE('NONE',#4464,#4341,#4474,.T.);
#4476=ORIENTED_EDGE('',*,*,#4475,.T.);
#4477=ORIENTED_EDGE('',*,*,#4346,.T.);
#4478=EDGE_LOOP('',(#4462,#4470,#4476,#4477));
#4479=FACE_BOUND('',#4478,.T.);
#4480=ADVANCED_FACE('NONE',(#4479),#4454,.T.);
#4481=CARTESIAN_POINT('',(-39.497477839,93.707758511,161.658989489));
#4482=DIRECTION('',(1.,-0.,-0.));
#4483=DIRECTION('',(-0.,-1.,0.));
#4484=AXIS2_PLACEMENT_3D('',#4481,#4482,#4483);
#4485=PLANE('',#4484);
#4486=ORIENTED_EDGE('',*,*,#4475,.F.);
#4487=CARTESIAN_POINT('',(-39.497477839,93.707758512,161.608989491));
#4488=VERTEX_POINT('',#4487);
#4489=CARTESIAN_POINT('',(-39.497477839,93.20775851,161.608989489));
#4490=DIRECTION('',(0.,1.,-0.));
#4491=VECTOR('',#4490,0.500000002);
#4492=LINE('',#4489,#4491);
#4493=EDGE_CURVE('NONE',#4464,#4488,#4492,.T.);
#4494=ORIENTED_EDGE('',*,*,#4493,.T.);
#4495=CARTESIAN_POINT('',(-39.497477839,93.707758511,161.608989491));
#4496=DIRECTION('',(-0.,-0.,-1.));
#4497=VECTOR('',#4496,5.650000001);
#4498=LINE('',#4495,#4497);
#4499=EDGE_CURVE('NONE',#4488,#4349,#4498,.T.);
#4500=ORIENTED_EDGE('',*,*,#4499,.T.);
#4501=ORIENTED_EDGE('',*,*,#4354,.F.);
#4502=EDGE_LOOP('',(#4486,#4494,#4500,#4501));
#4503=FACE_BOUND('',#4502,.T.);
#4504=ADVANCED_FACE('NONE',(#4503),#4485,.F.);
#4505=CARTESIAN_POINT('',(-38.99747784,93.707758511,161.658989489));
#4506=DIRECTION('',(-0.,-1.,0.));
#4507=DIRECTION('',(-1.,0.,0.));
#4508=AXIS2_PLACEMENT_3D('',#4505,#4506,#4507);
#4509=PLANE('',#4508);
#4510=ORIENTED_EDGE('',*,*,#4499,.F.);
#4511=CARTESIAN_POINT('',(-38.99747784,93.707758513,161.608989491));
#4512=VERTEX_POINT('',#4511);
#4513=CARTESIAN_POINT('',(-39.497477839,93.707758511,161.608989489));
#4514=DIRECTION('',(1.,-0.,-0.));
#4515=VECTOR('',#4514,0.5);
#4516=LINE('',#4513,#4515);
#4517=EDGE_CURVE('NONE',#4488,#4512,#4516,.T.);
#4518=ORIENTED_EDGE('',*,*,#4517,.T.);
#4519=CARTESIAN_POINT('',(-38.99747784,93.707758511,161.608989491));
#4520=DIRECTION('',(-0.,-0.,-1.));
#4521=VECTOR('',#4520,5.650000001);
#4522=LINE('',#4519,#4521);
#4523=EDGE_CURVE('NONE',#4512,#4333,#4522,.T.);
#4524=ORIENTED_EDGE('',*,*,#4523,.T.);
#4525=ORIENTED_EDGE('',*,*,#4360,.F.);
#4526=EDGE_LOOP('',(#4510,#4518,#4524,#4525));
#4527=FACE_BOUND('',#4526,.T.);
#4528=ADVANCED_FACE('NONE',(#4527),#4509,.F.);
#4529=CARTESIAN_POINT('',(-38.99747784,93.707758511,161.658989489));
#4530=DIRECTION('',(1.,-0.,-0.));
#4531=DIRECTION('',(-0.,-1.,0.));
#4532=AXIS2_PLACEMENT_3D('',#4529,#4530,#4531);
#4533=PLANE('',#4532);
#4534=ORIENTED_EDGE('',*,*,#4523,.F.);
#4535=CARTESIAN_POINT('',(-38.99747784,93.707758513,161.608989489));
#4536=DIRECTION('',(-0.,-1.,0.));
#4537=VECTOR('',#4536,0.500000002);
#4538=LINE('',#4535,#4537);
#4539=EDGE_CURVE('NONE',#4512,#4456,#4538,.T.);
#4540=ORIENTED_EDGE('',*,*,#4539,.T.);
#4541=ORIENTED_EDGE('',*,*,#4461,.T.);
#4542=ORIENTED_EDGE('',*,*,#4338,.T.);
#4543=EDGE_LOOP('',(#4534,#4540,#4541,#4542));
#4544=FACE_BOUND('',#4543,.T.);
#4545=ADVANCED_FACE('NONE',(#4544),#4533,.T.);
#4546=CARTESIAN_POINT('',(-45.997477841,95.997758508,161.658989489));
#4547=DIRECTION('',(0.,0.,1.));
#4548=DIRECTION('',(-1.,0.,0.));
#4549=AXIS2_PLACEMENT_3D('',#4546,#4547,#4548);
#4550=PLANE('',#4549);
#4551=CARTESIAN_POINT('',(-39.04747784,95.797758511,161.658989489));
#4552=VERTEX_POINT('',#4551);
#4553=CARTESIAN_POINT('',(-39.04747784,96.197758512,161.658989489));
#4554=VERTEX_POINT('',#4553);
#4555=CARTESIAN_POINT('',(-39.04747784,95.797758511,161.658989489));
#4556=DIRECTION('',(0.,1.,-0.));
#4557=VECTOR('',#4556,0.400000001);
#4558=LINE('',#4555,#4557);
#4559=EDGE_CURVE('NONE',#4552,#4554,#4558,.T.);
#4560=ORIENTED_EDGE('',*,*,#4559,.T.);
#4561=CARTESIAN_POINT('',(-39.447477841,96.197758512,161.658989489));
#4562=VERTEX_POINT('',#4561);
#4563=CARTESIAN_POINT('',(-39.04747784,96.19775851,161.658989489));
#4564=DIRECTION('',(-1.,0.,0.));
#4565=VECTOR('',#4564,0.400000001);
#4566=LINE('',#4563,#4565);
#4567=EDGE_CURVE('NONE',#4554,#4562,#4566,.T.);
#4568=ORIENTED_EDGE('',*,*,#4567,.T.);
#4569=CARTESIAN_POINT('',(-39.44747784,95.797758511,161.658989489));
#4570=VERTEX_POINT('',#4569);
#4571=CARTESIAN_POINT('',(-39.447477841,96.197758512,161.658989489));
#4572=DIRECTION('',(-0.,-1.,0.));
#4573=VECTOR('',#4572,0.400000001);
#4574=LINE('',#4571,#4573);
#4575=EDGE_CURVE('NONE',#4562,#4570,#4574,.T.);
#4576=ORIENTED_EDGE('',*,*,#4575,.T.);
#4577=CARTESIAN_POINT('',(-39.44747784,95.797758511,161.658989489));
#4578=DIRECTION('',(1.,-0.,-0.));
#4579=VECTOR('',#4578,0.4);
#4580=LINE('',#4577,#4579);
#4581=EDGE_CURVE('NONE',#4570,#4552,#4580,.T.);
#4582=ORIENTED_EDGE('',*,*,#4581,.T.);
#4583=EDGE_LOOP('',(#4560,#4568,#4576,#4582));
#4584=FACE_BOUND('',#4583,.T.);
#4585=ADVANCED_FACE('NONE',(#4584),#4550,.T.);
#4586=CARTESIAN_POINT('',(-39.49747784,95.99775851,161.658989489));
#4587=DIRECTION('',(1.,-0.,-0.));
#4588=DIRECTION('',(-0.,-1.,0.));
#4589=AXIS2_PLACEMENT_3D('',#4586,#4587,#4588);
#4590=PLANE('',#4589);
#4591=CARTESIAN_POINT('',(-39.49747784,95.747758509,161.608989489));
#4592=VERTEX_POINT('',#4591);
#4593=CARTESIAN_POINT('',(-39.49747784,95.747758508,161.608989489));
#4594=DIRECTION('',(-0.,-0.,-1.));
#4595=VECTOR('',#4594,5.65);
#4596=LINE('',#4593,#4595);
#4597=EDGE_CURVE('NONE',#4592,#4297,#4596,.T.);
#4598=ORIENTED_EDGE('',*,*,#4597,.F.);
#4599=CARTESIAN_POINT('',(-39.497477841,96.247758511,161.608989489));
#4600=VERTEX_POINT('',#4599);
#4601=CARTESIAN_POINT('',(-39.49747784,95.747758509,161.608989489));
#4602=DIRECTION('',(0.,1.,-0.));
#4603=VECTOR('',#4602,0.500000002);
#4604=LINE('',#4601,#4603);
#4605=EDGE_CURVE('NONE',#4592,#4600,#4604,.T.);
#4606=ORIENTED_EDGE('',*,*,#4605,.T.);
#4607=CARTESIAN_POINT('',(-39.49747784,96.247758511,161.608989489));
#4608=DIRECTION('',(-0.,-0.,-1.));
#4609=VECTOR('',#4608,5.65);
#4610=LINE('',#4607,#4609);
#4611=EDGE_CURVE('NONE',#4600,#4307,#4610,.T.);
#4612=ORIENTED_EDGE('',*,*,#4611,.T.);
#4613=ORIENTED_EDGE('',*,*,#4312,.F.);
#4614=EDGE_LOOP('',(#4598,#4606,#4612,#4613));
#4615=FACE_BOUND('',#4614,.T.);
#4616=ADVANCED_FACE('NONE',(#4615),#4590,.F.);
#4617=CARTESIAN_POINT('',(-45.997477841,96.247758508,161.658989489));
#4618=DIRECTION('',(-0.,-1.,0.));
#4619=DIRECTION('',(-1.,0.,0.));
#4620=AXIS2_PLACEMENT_3D('',#4617,#4618,#4619);
#4621=PLANE('',#4620);
#4622=ORIENTED_EDGE('',*,*,#4611,.F.);
#4623=CARTESIAN_POINT('',(-38.997477841,96.247758512,161.608989491));
#4624=VERTEX_POINT('',#4623);
#4625=CARTESIAN_POINT('',(-39.497477841,96.247758508,161.608989489));
#4626=DIRECTION('',(1.,-0.,-0.));
#4627=VECTOR('',#4626,0.5);
#4628=LINE('',#4625,#4627);
#4629=EDGE_CURVE('NONE',#4600,#4624,#4628,.T.);
#4630=ORIENTED_EDGE('',*,*,#4629,.T.);
#4631=CARTESIAN_POINT('',(-38.997477841,96.247758508,161.608989491));
#4632=DIRECTION('',(-0.,-0.,-1.));
#4633=VECTOR('',#4632,5.650000002);
#4634=LINE('',#4631,#4633);
#4635=EDGE_CURVE('NONE',#4624,#4315,#4634,.T.);
#4636=ORIENTED_EDGE('',*,*,#4635,.T.);
#4637=ORIENTED_EDGE('',*,*,#4320,.F.);
#4638=EDGE_LOOP('',(#4622,#4630,#4636,#4637));
#4639=FACE_BOUND('',#4638,.T.);
#4640=ADVANCED_FACE('NONE',(#4639),#4621,.F.);
#4641=CARTESIAN_POINT('',(-38.99747784,95.997758511,161.658989489));
#4642=DIRECTION('',(1.,-0.,-0.));
#4643=DIRECTION('',(-0.,-1.,0.));
#4644=AXIS2_PLACEMENT_3D('',#4641,#4642,#4643);
#4645=PLANE('',#4644);
#4646=ORIENTED_EDGE('',*,*,#4635,.F.);
#4647=CARTESIAN_POINT('',(-38.99747784,95.747758509,161.608989489));
#4648=VERTEX_POINT('',#4647);
#4649=CARTESIAN_POINT('',(-38.99747784,96.247758512,161.608989489));
#4650=DIRECTION('',(-0.,-1.,0.));
#4651=VECTOR('',#4650,0.500000002);
#4652=LINE('',#4649,#4651);
#4653=EDGE_CURVE('NONE',#4624,#4648,#4652,.T.);
#4654=ORIENTED_EDGE('',*,*,#4653,.T.);
#4655=CARTESIAN_POINT('',(-38.99747784,95.74775851,161.608989489));
#4656=DIRECTION('',(-0.,-0.,-1.));
#4657=VECTOR('',#4656,5.65);
#4658=LINE('',#4655,#4657);
#4659=EDGE_CURVE('NONE',#4648,#4299,#4658,.T.);
#4660=ORIENTED_EDGE('',*,*,#4659,.T.);
#4661=ORIENTED_EDGE('',*,*,#4326,.T.);
#4662=EDGE_LOOP('',(#4646,#4654,#4660,#4661));
#4663=FACE_BOUND('',#4662,.T.);
#4664=ADVANCED_FACE('NONE',(#4663),#4645,.T.);
#4665=CARTESIAN_POINT('',(-45.99747784,95.747758508,161.658989489));
#4666=DIRECTION('',(-0.,-1.,0.));
#4667=DIRECTION('',(-1.,0.,0.));
#4668=AXIS2_PLACEMENT_3D('',#4665,#4666,#4667);
#4669=PLANE('',#4668);
#4670=ORIENTED_EDGE('',*,*,#4659,.F.);
#4671=CARTESIAN_POINT('',(-38.99747784,95.747758508,161.608989489));
#4672=DIRECTION('',(-1.,0.,0.));
#4673=VECTOR('',#4672,0.5);
#4674=LINE('',#4671,#4673);
#4675=EDGE_CURVE('NONE',#4648,#4592,#4674,.T.);
#4676=ORIENTED_EDGE('',*,*,#4675,.T.);
#4677=ORIENTED_EDGE('',*,*,#4597,.T.);
#4678=ORIENTED_EDGE('',*,*,#4304,.T.);
#4679=EDGE_LOOP('',(#4670,#4676,#4677,#4678));
#4680=FACE_BOUND('',#4679,.T.);
#4681=ADVANCED_FACE('NONE',(#4680),#4669,.T.);
#4682=CARTESIAN_POINT('',(-45.997477841,95.997758508,161.658989489));
#4683=DIRECTION('',(0.,0.,1.));
#4684=DIRECTION('',(-1.,0.,0.));
#4685=AXIS2_PLACEMENT_3D('',#4682,#4683,#4684);
#4686=PLANE('',#4685);
#4687=CARTESIAN_POINT('',(-39.047477841,98.337758511,161.658989489));
#4688=VERTEX_POINT('',#4687);
#4689=CARTESIAN_POINT('',(-39.047477841,98.737758512,161.658989489));
#4690=VERTEX_POINT('',#4689);
#4691=CARTESIAN_POINT('',(-39.047477841,98.337758511,161.658989489));
#4692=DIRECTION('',(0.,1.,-0.));
#4693=VECTOR('',#4692,0.400000001);
#4694=LINE('',#4691,#4693);
#4695=EDGE_CURVE('NONE',#4688,#4690,#4694,.T.);
#4696=ORIENTED_EDGE('',*,*,#4695,.T.);
#4697=CARTESIAN_POINT('',(-39.447477842,98.737758512,161.658989489));
#4698=VERTEX_POINT('',#4697);
#4699=CARTESIAN_POINT('',(-39.047477841,98.73775851,161.658989489));
#4700=DIRECTION('',(-1.,0.,0.));
#4701=VECTOR('',#4700,0.400000001);
#4702=LINE('',#4699,#4701);
#4703=EDGE_CURVE('NONE',#4690,#4698,#4702,.T.);
#4704=ORIENTED_EDGE('',*,*,#4703,.T.);
#4705=CARTESIAN_POINT('',(-39.447477842,98.337758511,161.658989489));
#4706=VERTEX_POINT('',#4705);
#4707=CARTESIAN_POINT('',(-39.447477842,98.737758512,161.658989489));
#4708=DIRECTION('',(-0.,-1.,0.));
#4709=VECTOR('',#4708,0.400000001);
#4710=LINE('',#4707,#4709);
#4711=EDGE_CURVE('NONE',#4698,#4706,#4710,.T.);
#4712=ORIENTED_EDGE('',*,*,#4711,.T.);
#4713=CARTESIAN_POINT('',(-39.447477842,98.337758511,161.658989489));
#4714=DIRECTION('',(1.,-0.,-0.));
#4715=VECTOR('',#4714,0.400000001);
#4716=LINE('',#4713,#4715);
#4717=EDGE_CURVE('NONE',#4706,#4688,#4716,.T.);
#4718=ORIENTED_EDGE('',*,*,#4717,.T.);
#4719=EDGE_LOOP('',(#4696,#4704,#4712,#4718));
#4720=FACE_BOUND('',#4719,.T.);
#4721=ADVANCED_FACE('NONE',(#4720),#4686,.T.);
#4722=CARTESIAN_POINT('',(-38.997477842,98.787758511,161.658989489));
#4723=DIRECTION('',(1.,-0.,-0.));
#4724=DIRECTION('',(-0.,-1.,0.));
#4725=AXIS2_PLACEMENT_3D('',#4722,#4723,#4724);
#4726=PLANE('',#4725);
#4727=CARTESIAN_POINT('',(-38.997477842,98.787758513,161.608989491));
#4728=VERTEX_POINT('',#4727);
#4729=CARTESIAN_POINT('',(-38.997477842,98.787758511,161.608989491));
#4730=DIRECTION('',(-0.,-0.,-1.));
#4731=VECTOR('',#4730,5.650000001);
#4732=LINE('',#4729,#4731);
#4733=EDGE_CURVE('NONE',#4728,#4386,#4732,.T.);
#4734=ORIENTED_EDGE('',*,*,#4733,.F.);
#4735=CARTESIAN_POINT('',(-38.997477842,98.28775851,161.608989489));
#4736=VERTEX_POINT('',#4735);
#4737=CARTESIAN_POINT('',(-38.997477842,98.787758513,161.608989489));
#4738=DIRECTION('',(-0.,-1.,0.));
#4739=VECTOR('',#4738,0.500000002);
#4740=LINE('',#4737,#4739);
#4741=EDGE_CURVE('NONE',#4728,#4736,#4740,.T.);
#4742=ORIENTED_EDGE('',*,*,#4741,.T.);
#4743=CARTESIAN_POINT('',(-38.997477842,98.28775851,161.608989489));
#4744=DIRECTION('',(-0.,-0.,-1.));
#4745=VECTOR('',#4744,5.65);
#4746=LINE('',#4743,#4745);
#4747=EDGE_CURVE('NONE',#4736,#4394,#4746,.T.);
#4748=ORIENTED_EDGE('',*,*,#4747,.T.);
#4749=ORIENTED_EDGE('',*,*,#4399,.T.);
#4750=EDGE_LOOP('',(#4734,#4742,#4748,#4749));
#4751=FACE_BOUND('',#4750,.T.);
#4752=ADVANCED_FACE('NONE',(#4751),#4726,.T.);
#4753=CARTESIAN_POINT('',(-38.997477841,98.28775851,161.658989489));
#4754=DIRECTION('',(-0.,-1.,0.));
#4755=DIRECTION('',(-1.,0.,0.));
#4756=AXIS2_PLACEMENT_3D('',#4753,#4754,#4755);
#4757=PLANE('',#4756);
#4758=ORIENTED_EDGE('',*,*,#4747,.F.);
#4759=CARTESIAN_POINT('',(-39.497477842,98.28775851,161.608989489));
#4760=VERTEX_POINT('',#4759);
#4761=CARTESIAN_POINT('',(-38.997477842,98.28775851,161.608989489));
#4762=DIRECTION('',(-1.,0.,0.));
#4763=VECTOR('',#4762,0.5);
#4764=LINE('',#4761,#4763);
#4765=EDGE_CURVE('NONE',#4736,#4760,#4764,.T.);
#4766=ORIENTED_EDGE('',*,*,#4765,.T.);
#4767=CARTESIAN_POINT('',(-39.497477841,98.28775851,161.608989489));
#4768=DIRECTION('',(-0.,-0.,-1.));
#4769=VECTOR('',#4768,5.65);
#4770=LINE('',#4767,#4769);
#4771=EDGE_CURVE('NONE',#4760,#4376,#4770,.T.);
#4772=ORIENTED_EDGE('',*,*,#4771,.T.);
#4773=ORIENTED_EDGE('',*,*,#4405,.T.);
#4774=EDGE_LOOP('',(#4758,#4766,#4772,#4773));
#4775=FACE_BOUND('',#4774,.T.);
#4776=ADVANCED_FACE('NONE',(#4775),#4757,.T.);
#4777=CARTESIAN_POINT('',(-39.497477842,98.787758511,161.658989489));
#4778=DIRECTION('',(1.,-0.,-0.));
#4779=DIRECTION('',(-0.,-1.,0.));
#4780=AXIS2_PLACEMENT_3D('',#4777,#4778,#4779);
#4781=PLANE('',#4780);
#4782=ORIENTED_EDGE('',*,*,#4771,.F.);
#4783=CARTESIAN_POINT('',(-39.497477842,98.787758512,161.608989491));
#4784=VERTEX_POINT('',#4783);
#4785=CARTESIAN_POINT('',(-39.497477842,98.28775851,161.608989489));
#4786=DIRECTION('',(0.,1.,-0.));
#4787=VECTOR('',#4786,0.500000002);
#4788=LINE('',#4785,#4787);
#4789=EDGE_CURVE('NONE',#4760,#4784,#4788,.T.);
#4790=ORIENTED_EDGE('',*,*,#4789,.T.);
#4791=CARTESIAN_POINT('',(-39.497477842,98.787758511,161.608989491));
#4792=DIRECTION('',(-0.,-0.,-1.));
#4793=VECTOR('',#4792,5.650000001);
#4794=LINE('',#4791,#4793);
#4795=EDGE_CURVE('NONE',#4784,#4378,#4794,.T.);
#4796=ORIENTED_EDGE('',*,*,#4795,.T.);
#4797=ORIENTED_EDGE('',*,*,#4383,.F.);
#4798=EDGE_LOOP('',(#4782,#4790,#4796,#4797));
#4799=FACE_BOUND('',#4798,.T.);
#4800=ADVANCED_FACE('NONE',(#4799),#4781,.F.);
#4801=CARTESIAN_POINT('',(-38.997477842,98.787758511,161.658989489));
#4802=DIRECTION('',(-0.,-1.,0.));
#4803=DIRECTION('',(-1.,0.,0.));
#4804=AXIS2_PLACEMENT_3D('',#4801,#4802,#4803);
#4805=PLANE('',#4804);
#4806=ORIENTED_EDGE('',*,*,#4795,.F.);
#4807=CARTESIAN_POINT('',(-39.497477842,98.787758511,161.608989489));
#4808=DIRECTION('',(1.,-0.,-0.));
#4809=VECTOR('',#4808,0.5);
#4810=LINE('',#4807,#4809);
#4811=EDGE_CURVE('NONE',#4784,#4728,#4810,.T.);
#4812=ORIENTED_EDGE('',*,*,#4811,.T.);
#4813=ORIENTED_EDGE('',*,*,#4733,.T.);
#4814=ORIENTED_EDGE('',*,*,#4391,.F.);
#4815=EDGE_LOOP('',(#4806,#4812,#4813,#4814));
#4816=FACE_BOUND('',#4815,.T.);
#4817=ADVANCED_FACE('NONE',(#4816),#4805,.F.);
#4818=CARTESIAN_POINT('',(-49.746373912,92.447758507,155.019209483));
#4819=DIRECTION('',(-0.,-1.,0.));
#4820=DIRECTION('',(-0.,-0.,-1.));
#4821=AXIS2_PLACEMENT_3D('',#4818,#4819,#4820);
#4822=PLANE('',#4821);
#4823=CARTESIAN_POINT('',(-37.00247784,92.447758509,155.019209483));
#4824=VERTEX_POINT('',#4823);
#4825=CARTESIAN_POINT('',(-41.497477839,92.447758507,155.019209483));
#4826=DIRECTION('',(1.,-0.,-0.));
#4827=VECTOR('',#4826,4.495);
#4828=LINE('',#4825,#4827);
#4829=EDGE_CURVE('NONE',#3887,#4824,#4828,.T.);
#4830=ORIENTED_EDGE('',*,*,#4829,.T.);
#4831=CARTESIAN_POINT('',(-37.002477839,92.447758509,154.058989489));
#4832=VERTEX_POINT('',#4831);
#4833=CARTESIAN_POINT('',(-37.002477839,92.447758507,155.019209483));
#4834=DIRECTION('',(-0.,-0.,-1.));
#4835=VECTOR('',#4834,0.960219994);
#4836=LINE('',#4833,#4835);
#4837=EDGE_CURVE('NONE',#4824,#4832,#4836,.T.);
#4838=ORIENTED_EDGE('',*,*,#4837,.T.);
#4839=CARTESIAN_POINT('',(-37.297477841,92.447758511,154.058989489));
#4840=VERTEX_POINT('',#4839);
#4841=CARTESIAN_POINT('',(-37.297477841,92.447758511,154.058989489));
#4842=DIRECTION('',(1.,-0.,-0.));
#4843=VECTOR('',#4842,0.295000002);
#4844=LINE('',#4841,#4843);
#4845=EDGE_CURVE('NONE',#4840,#4832,#4844,.T.);
#4846=ORIENTED_EDGE('',*,*,#4845,.F.);
#4847=CARTESIAN_POINT('',(-37.297477841,92.447758509,154.958989489));
#4848=VERTEX_POINT('',#4847);
#4849=CARTESIAN_POINT('',(-37.297477841,92.447758511,154.958989489));
#4850=DIRECTION('',(-0.,-0.,-1.));
#4851=VECTOR('',#4850,0.9);
#4852=LINE('',#4849,#4851);
#4853=EDGE_CURVE('NONE',#4848,#4840,#4852,.T.);
#4854=ORIENTED_EDGE('',*,*,#4853,.F.);
#4855=CARTESIAN_POINT('',(-41.19747784,92.447758507,154.958989489));
#4856=VERTEX_POINT('',#4855);
#4857=CARTESIAN_POINT('',(-37.297477841,92.447758507,154.958989489));
#4858=DIRECTION('',(-1.,0.,0.));
#4859=VECTOR('',#4858,3.899999999);
#4860=LINE('',#4857,#4859);
#4861=EDGE_CURVE('NONE',#4848,#4856,#4860,.T.);
#4862=ORIENTED_EDGE('',*,*,#4861,.T.);
#4863=CARTESIAN_POINT('',(-41.197477839,92.447758508,154.058989489));
#4864=VERTEX_POINT('',#4863);
#4865=CARTESIAN_POINT('',(-41.197477839,92.447758507,154.958989489));
#4866=DIRECTION('',(-0.,-0.,-1.));
#4867=VECTOR('',#4866,0.9);
#4868=LINE('',#4865,#4867);
#4869=EDGE_CURVE('NONE',#4856,#4864,#4868,.T.);
#4870=ORIENTED_EDGE('',*,*,#4869,.T.);
#4871=CARTESIAN_POINT('',(-41.497477839,92.44775851,154.058989489));
#4872=DIRECTION('',(1.,-0.,-0.));
#4873=VECTOR('',#4872,0.3);
#4874=LINE('',#4871,#4873);
#4875=EDGE_CURVE('NONE',#3895,#4864,#4874,.T.);
#4876=ORIENTED_EDGE('',*,*,#4875,.F.);
#4877=ORIENTED_EDGE('',*,*,#3900,.T.);
#4878=EDGE_LOOP('',(#4830,#4838,#4846,#4854,#4862,#4870,#4876,#4877));
#4879=FACE_BOUND('',#4878,.T.);
#4880=ADVANCED_FACE('NONE',(#4879),#4822,.F.);
#4881=CARTESIAN_POINT('',(-49.746373915,99.547758506,154.119209483));
#4882=DIRECTION('',(0.,1.,-0.));
#4883=DIRECTION('',(0.,0.,1.));
#4884=AXIS2_PLACEMENT_3D('',#4881,#4882,#4883);
#4885=PLANE('',#4884);
#4886=CARTESIAN_POINT('',(-37.297477841,99.547758509,154.119209483));
#4887=VERTEX_POINT('',#4886);
#4888=CARTESIAN_POINT('',(-37.002477842,99.547758509,154.119209483));
#4889=VERTEX_POINT('',#4888);
#4890=CARTESIAN_POINT('',(-37.297477841,99.547758506,154.119209483));
#4891=DIRECTION('',(1.,-0.,-0.));
#4892=VECTOR('',#4891,0.294999999);
#4893=LINE('',#4890,#4892);
#4894=EDGE_CURVE('NONE',#4887,#4889,#4893,.T.);
#4895=ORIENTED_EDGE('',*,*,#4894,.T.);
#4896=CARTESIAN_POINT('',(-37.002477842,99.547758509,155.019209483));
#4897=VERTEX_POINT('',#4896);
#4898=CARTESIAN_POINT('',(-37.002477842,99.547758506,154.119209483));
#4899=DIRECTION('',(0.,0.,1.));
#4900=VECTOR('',#4899,0.9);
#4901=LINE('',#4898,#4900);
#4902=EDGE_CURVE('NONE',#4889,#4897,#4901,.T.);
#4903=ORIENTED_EDGE('',*,*,#4902,.T.);
#4904=CARTESIAN_POINT('',(-41.49747784,99.54775851,155.019209483));
#4905=DIRECTION('',(1.,-0.,-0.));
#4906=VECTOR('',#4905,4.494999998);
#4907=LINE('',#4904,#4906);
#4908=EDGE_CURVE('NONE',#3879,#4897,#4907,.T.);
#4909=ORIENTED_EDGE('',*,*,#4908,.F.);
#4910=ORIENTED_EDGE('',*,*,#3884,.T.);
#4911=CARTESIAN_POINT('',(-41.492477842,99.547758508,154.119209483));
#4912=VERTEX_POINT('',#4911);
#4913=CARTESIAN_POINT('',(-41.492477842,99.547758509,154.114209483));
#4914=DIRECTION('',(0.,1.,-0.));
#4915=DIRECTION('',(-1.,0.,0.));
#4916=AXIS2_PLACEMENT_3D('',#4913,#4914,#4915);
#4917=CIRCLE('',#4916,0.005);
#4918=EDGE_CURVE('NONE',#3871,#4912,#4917,.T.);
#4919=ORIENTED_EDGE('',*,*,#4918,.T.);
#4920=CARTESIAN_POINT('',(-41.197477842,99.547758506,154.119209483));
#4921=VERTEX_POINT('',#4920);
#4922=CARTESIAN_POINT('',(-41.492477842,99.547758506,154.119209483));
#4923=DIRECTION('',(1.,-0.,-0.));
#4924=VECTOR('',#4923,0.295);
#4925=LINE('',#4922,#4924);
#4926=EDGE_CURVE('NONE',#4912,#4921,#4925,.T.);
#4927=ORIENTED_EDGE('',*,*,#4926,.T.);
#4928=CARTESIAN_POINT('',(-41.197477841,99.547758506,154.958989489));
#4929=VERTEX_POINT('',#4928);
#4930=CARTESIAN_POINT('',(-41.197477842,99.547758506,154.119209483));
#4931=DIRECTION('',(0.,0.,1.));
#4932=VECTOR('',#4931,0.839780006);
#4933=LINE('',#4930,#4932);
#4934=EDGE_CURVE('NONE',#4921,#4929,#4933,.T.);
#4935=ORIENTED_EDGE('',*,*,#4934,.T.);
#4936=CARTESIAN_POINT('',(-37.297477841,99.547758509,154.958989489));
#4937=VERTEX_POINT('',#4936);
#4938=CARTESIAN_POINT('',(-41.197477841,99.547758506,154.958989489));
#4939=DIRECTION('',(1.,-0.,-0.));
#4940=VECTOR('',#4939,3.900000001);
#4941=LINE('',#4938,#4940);
#4942=EDGE_CURVE('NONE',#4929,#4937,#4941,.T.);
#4943=ORIENTED_EDGE('',*,*,#4942,.T.);
#4944=CARTESIAN_POINT('',(-37.297477841,99.547758511,154.119209483));
#4945=DIRECTION('',(0.,0.,1.));
#4946=VECTOR('',#4945,0.839780006);
#4947=LINE('',#4944,#4946);
#4948=EDGE_CURVE('NONE',#4887,#4937,#4947,.T.);
#4949=ORIENTED_EDGE('',*,*,#4948,.F.);
#4950=EDGE_LOOP('',(#4895,#4903,#4909,#4910,#4919,#4927,#4935,#4943,#4949));
#4951=FACE_BOUND('',#4950,.T.);
#4952=ADVANCED_FACE('NONE',(#4951),#4885,.F.);
#4953=CARTESIAN_POINT('',(-49.746373916,100.047758506,154.119209483));
#4954=DIRECTION('',(0.,0.,1.));
#4955=DIRECTION('',(-1.,0.,0.));
#4956=AXIS2_PLACEMENT_3D('',#4953,#4954,#4955);
#4957=PLANE('',#4956);
#4958=ORIENTED_EDGE('',*,*,#4926,.F.);
#4959=CARTESIAN_POINT('',(-41.492477842,100.04275851,154.119209483));
#4960=VERTEX_POINT('',#4959);
#4961=CARTESIAN_POINT('',(-41.492477842,99.547758508,154.119209483));
#4962=DIRECTION('',(0.,1.,-0.));
#4963=VECTOR('',#4962,0.495000002);
#4964=LINE('',#4961,#4963);
#4965=EDGE_CURVE('NONE',#4912,#4960,#4964,.T.);
#4966=ORIENTED_EDGE('',*,*,#4965,.T.);
#4967=CARTESIAN_POINT('',(-37.002477842,100.042758509,154.119209483));
#4968=VERTEX_POINT('',#4967);
#4969=CARTESIAN_POINT('',(-41.492477842,100.04275851,154.119209483));
#4970=DIRECTION('',(1.,-0.,-0.));
#4971=VECTOR('',#4970,4.49);
#4972=LINE('',#4969,#4971);
#4973=EDGE_CURVE('NONE',#4960,#4968,#4972,.T.);
#4974=ORIENTED_EDGE('',*,*,#4973,.T.);
#4975=CARTESIAN_POINT('',(-37.002477842,100.042758509,154.119209483));
#4976=DIRECTION('',(-0.,-1.,0.));
#4977=VECTOR('',#4976,0.495);
#4978=LINE('',#4975,#4977);
#4979=EDGE_CURVE('NONE',#4968,#4889,#4978,.T.);
#4980=ORIENTED_EDGE('',*,*,#4979,.T.);
#4981=ORIENTED_EDGE('',*,*,#4894,.F.);
#4982=CARTESIAN_POINT('',(-37.297477841,99.74775851,154.119209483));
#4983=VERTEX_POINT('',#4982);
#4984=CARTESIAN_POINT('',(-37.297477841,99.74775851,154.119209483));
#4985=DIRECTION('',(-0.,-1.,0.));
#4986=VECTOR('',#4985,0.200000001);
#4987=LINE('',#4984,#4986);
#4988=EDGE_CURVE('NONE',#4983,#4887,#4987,.T.);
#4989=ORIENTED_EDGE('',*,*,#4988,.F.);
#4990=CARTESIAN_POINT('',(-41.197477842,99.747758508,154.119209483));
#4991=VERTEX_POINT('',#4990);
#4992=CARTESIAN_POINT('',(-41.197477842,99.747758508,154.119209483));
#4993=DIRECTION('',(1.,-0.,-0.));
#4994=VECTOR('',#4993,3.900000001);
#4995=LINE('',#4992,#4994);
#4996=EDGE_CURVE('NONE',#4991,#4983,#4995,.T.);
#4997=ORIENTED_EDGE('',*,*,#4996,.F.);
#4998=CARTESIAN_POINT('',(-41.197477842,99.747758508,154.119209483));
#4999=DIRECTION('',(-0.,-1.,0.));
#5000=VECTOR('',#4999,0.200000002);
#5001=LINE('',#4998,#5000);
#5002=EDGE_CURVE('NONE',#4991,#4921,#5001,.T.);
#5003=ORIENTED_EDGE('',*,*,#5002,.T.);
#5004=EDGE_LOOP('',(#4958,#4966,#4974,#4980,#4981,#4989,#4997,#5003));
#5005=FACE_BOUND('',#5004,.T.);
#5006=ADVANCED_FACE('NONE',(#5005),#4957,.F.);
#5007=CARTESIAN_POINT('',(-49.746373912,92.447758507,154.058989489));
#5008=DIRECTION('',(0.,0.,1.));
#5009=DIRECTION('',(-1.,0.,0.));
#5010=AXIS2_PLACEMENT_3D('',#5007,#5008,#5009);
#5011=PLANE('',#5010);
#5012=ORIENTED_EDGE('',*,*,#4845,.T.);
#5013=CARTESIAN_POINT('',(-37.002477839,92.447758509,154.058989489));
#5014=DIRECTION('',(-0.,-1.,0.));
#5015=VECTOR('',#5014,0.5);
#5016=LINE('',#5013,#5015);
#5017=EDGE_CURVE('NONE',#4832,#4013,#5016,.T.);
#5018=ORIENTED_EDGE('',*,*,#5017,.T.);
#5019=ORIENTED_EDGE('',*,*,#4018,.F.);
#5020=ORIENTED_EDGE('',*,*,#3908,.T.);
#5021=ORIENTED_EDGE('',*,*,#4875,.T.);
#5022=CARTESIAN_POINT('',(-41.19747784,92.24775851,154.058989489));
#5023=VERTEX_POINT('',#5022);
#5024=CARTESIAN_POINT('',(-41.197477839,92.447758508,154.058989489));
#5025=DIRECTION('',(-0.,-1.,0.));
#5026=VECTOR('',#5025,0.199999998);
#5027=LINE('',#5024,#5026);
#5028=EDGE_CURVE('NONE',#4864,#5023,#5027,.T.);
#5029=ORIENTED_EDGE('',*,*,#5028,.T.);
#5030=CARTESIAN_POINT('',(-37.29747784,92.247758509,154.058989489));
#5031=VERTEX_POINT('',#5030);
#5032=CARTESIAN_POINT('',(-41.19747784,92.24775851,154.058989489));
#5033=DIRECTION('',(1.,-0.,-0.));
#5034=VECTOR('',#5033,3.9);
#5035=LINE('',#5032,#5034);
#5036=EDGE_CURVE('NONE',#5023,#5031,#5035,.T.);
#5037=ORIENTED_EDGE('',*,*,#5036,.T.);
#5038=CARTESIAN_POINT('',(-37.297477841,92.447758511,154.058989489));
#5039=DIRECTION('',(-0.,-1.,0.));
#5040=VECTOR('',#5039,0.200000002);
#5041=LINE('',#5038,#5040);
#5042=EDGE_CURVE('NONE',#4840,#5031,#5041,.T.);
#5043=ORIENTED_EDGE('',*,*,#5042,.F.);
#5044=EDGE_LOOP('',(#5012,#5018,#5019,#5020,#5021,#5029,#5037,#5043));
#5045=FACE_BOUND('',#5044,.T.);
#5046=ADVANCED_FACE('NONE',(#5045),#5011,.F.);
#5047=CARTESIAN_POINT('',(-49.746373915,99.547758506,155.019209483));
#5048=DIRECTION('',(0.,0.,1.));
#5049=DIRECTION('',(-1.,0.,0.));
#5050=AXIS2_PLACEMENT_3D('',#5047,#5048,#5049);
#5051=PLANE('',#5050);
#5052=ORIENTED_EDGE('',*,*,#4908,.T.);
#5053=CARTESIAN_POINT('',(-37.002477842,99.547758509,155.019209483));
#5054=DIRECTION('',(-0.,-1.,0.));
#5055=VECTOR('',#5054,7.1);
#5056=LINE('',#5053,#5055);
#5057=EDGE_CURVE('NONE',#4897,#4824,#5056,.T.);
#5058=ORIENTED_EDGE('',*,*,#5057,.T.);
#5059=ORIENTED_EDGE('',*,*,#4829,.F.);
#5060=ORIENTED_EDGE('',*,*,#3892,.T.);
#5061=EDGE_LOOP('',(#5052,#5058,#5059,#5060));
#5062=FACE_BOUND('',#5061,.T.);
#5063=ADVANCED_FACE('NONE',(#5062),#5051,.F.);
#5064=CARTESIAN_POINT('',(-45.997477841,95.997758508,154.958989489));
#5065=DIRECTION('',(-0.,-0.,-1.));
#5066=DIRECTION('',(1.,-0.,-0.));
#5067=AXIS2_PLACEMENT_3D('',#5064,#5065,#5066);
#5068=PLANE('',#5067);
#5069=ORIENTED_EDGE('',*,*,#4942,.F.);
#5070=CARTESIAN_POINT('',(-41.197477841,99.747758508,154.958989489));
#5071=VERTEX_POINT('',#5070);
#5072=CARTESIAN_POINT('',(-41.197477841,99.747758508,154.958989489));
#5073=DIRECTION('',(-0.,-1.,0.));
#5074=VECTOR('',#5073,0.200000002);
#5075=LINE('',#5072,#5074);
#5076=EDGE_CURVE('NONE',#5071,#4929,#5075,.T.);
#5077=ORIENTED_EDGE('',*,*,#5076,.F.);
#5078=CARTESIAN_POINT('',(-37.297477841,99.74775851,154.958989489));
#5079=VERTEX_POINT('',#5078);
#5080=CARTESIAN_POINT('',(-37.297477841,99.747758508,154.958989489));
#5081=DIRECTION('',(-1.,0.,0.));
#5082=VECTOR('',#5081,3.900000001);
#5083=LINE('',#5080,#5082);
#5084=EDGE_CURVE('NONE',#5079,#5071,#5083,.T.);
#5085=ORIENTED_EDGE('',*,*,#5084,.F.);
#5086=CARTESIAN_POINT('',(-37.297477841,99.547758509,154.958989489));
#5087=DIRECTION('',(0.,1.,-0.));
#5088=VECTOR('',#5087,0.200000001);
#5089=LINE('',#5086,#5088);
#5090=EDGE_CURVE('NONE',#4937,#5079,#5089,.T.);
#5091=ORIENTED_EDGE('',*,*,#5090,.F.);
#5092=EDGE_LOOP('',(#5069,#5077,#5085,#5091));
#5093=FACE_BOUND('',#5092,.T.);
#5094=ADVANCED_FACE('NONE',(#5093),#5068,.T.);
#5095=CARTESIAN_POINT('',(-37.297477841,95.997758512,161.658989489));
#5096=DIRECTION('',(1.,-0.,-0.));
#5097=DIRECTION('',(-0.,-1.,0.));
#5098=AXIS2_PLACEMENT_3D('',#5095,#5096,#5097);
#5099=PLANE('',#5098);
#5100=ORIENTED_EDGE('',*,*,#4988,.T.);
#5101=ORIENTED_EDGE('',*,*,#4948,.T.);
#5102=ORIENTED_EDGE('',*,*,#5090,.T.);
#5103=CARTESIAN_POINT('',(-37.297477841,99.747758512,154.958989489));
#5104=DIRECTION('',(-0.,-0.,-1.));
#5105=VECTOR('',#5104,0.839780006);
#5106=LINE('',#5103,#5105);
#5107=EDGE_CURVE('NONE',#5079,#4983,#5106,.T.);
#5108=ORIENTED_EDGE('',*,*,#5107,.T.);
#5109=EDGE_LOOP('',(#5100,#5101,#5102,#5108));
#5110=FACE_BOUND('',#5109,.T.);
#5111=ADVANCED_FACE('NONE',(#5110),#5099,.F.);
#5112=CARTESIAN_POINT('',(-45.997477842,99.747758508,161.658989489));
#5113=DIRECTION('',(0.,1.,-0.));
#5114=DIRECTION('',(1.,-0.,-0.));
#5115=AXIS2_PLACEMENT_3D('',#5112,#5113,#5114);
#5116=PLANE('',#5115);
#5117=CARTESIAN_POINT('',(-41.197477842,99.747758508,154.958989489));
#5118=DIRECTION('',(-0.,-0.,-1.));
#5119=VECTOR('',#5118,0.839780006);
#5120=LINE('',#5117,#5119);
#5121=EDGE_CURVE('NONE',#5071,#4991,#5120,.T.);
#5122=ORIENTED_EDGE('',*,*,#5121,.T.);
#5123=ORIENTED_EDGE('',*,*,#4996,.T.);
#5124=ORIENTED_EDGE('',*,*,#5107,.F.);
#5125=ORIENTED_EDGE('',*,*,#5084,.T.);
#5126=EDGE_LOOP('',(#5122,#5123,#5124,#5125));
#5127=FACE_BOUND('',#5126,.T.);
#5128=ADVANCED_FACE('NONE',(#5127),#5116,.F.);
#5129=CARTESIAN_POINT('',(-41.197477841,95.99775851,161.658989489));
#5130=DIRECTION('',(1.,-0.,-0.));
#5131=DIRECTION('',(-0.,-1.,0.));
#5132=AXIS2_PLACEMENT_3D('',#5129,#5130,#5131);
#5133=PLANE('',#5132);
#5134=ORIENTED_EDGE('',*,*,#4934,.F.);
#5135=ORIENTED_EDGE('',*,*,#5002,.F.);
#5136=ORIENTED_EDGE('',*,*,#5121,.F.);
#5137=ORIENTED_EDGE('',*,*,#5076,.T.);
#5138=EDGE_LOOP('',(#5134,#5135,#5136,#5137));
#5139=FACE_BOUND('',#5138,.T.);
#5140=ADVANCED_FACE('NONE',(#5139),#5133,.T.);
#5141=CARTESIAN_POINT('',(-45.997477839,92.247758508,161.658989489));
#5142=DIRECTION('',(0.,1.,-0.));
#5143=DIRECTION('',(1.,-0.,-0.));
#5144=AXIS2_PLACEMENT_3D('',#5141,#5142,#5143);
#5145=PLANE('',#5144);
#5146=ORIENTED_EDGE('',*,*,#5036,.F.);
#5147=CARTESIAN_POINT('',(-41.197477841,92.247758509,154.958989489));
#5148=VERTEX_POINT('',#5147);
#5149=CARTESIAN_POINT('',(-41.197477841,92.24775851,154.958989489));
#5150=DIRECTION('',(-0.,-0.,-1.));
#5151=VECTOR('',#5150,0.9);
#5152=LINE('',#5149,#5151);
#5153=EDGE_CURVE('NONE',#5148,#5023,#5152,.T.);
#5154=ORIENTED_EDGE('',*,*,#5153,.F.);
#5155=CARTESIAN_POINT('',(-37.29747784,92.247758508,154.958989489));
#5156=VERTEX_POINT('',#5155);
#5157=CARTESIAN_POINT('',(-41.197477841,92.247758508,154.958989489));
#5158=DIRECTION('',(1.,-0.,-0.));
#5159=VECTOR('',#5158,3.900000001);
#5160=LINE('',#5157,#5159);
#5161=EDGE_CURVE('NONE',#5148,#5156,#5160,.T.);
#5162=ORIENTED_EDGE('',*,*,#5161,.T.);
#5163=CARTESIAN_POINT('',(-37.297477839,92.247758508,154.958989489));
#5164=DIRECTION('',(-0.,-0.,-1.));
#5165=VECTOR('',#5164,0.9);
#5166=LINE('',#5163,#5165);
#5167=EDGE_CURVE('NONE',#5156,#5031,#5166,.T.);
#5168=ORIENTED_EDGE('',*,*,#5167,.T.);
#5169=EDGE_LOOP('',(#5146,#5154,#5162,#5168));
#5170=FACE_BOUND('',#5169,.T.);
#5171=ADVANCED_FACE('NONE',(#5170),#5145,.T.);
#5172=CARTESIAN_POINT('',(-41.197477841,95.99775851,161.658989489));
#5173=DIRECTION('',(1.,-0.,-0.));
#5174=DIRECTION('',(-0.,-1.,0.));
#5175=AXIS2_PLACEMENT_3D('',#5172,#5173,#5174);
#5176=PLANE('',#5175);
#5177=ORIENTED_EDGE('',*,*,#5028,.F.);
#5178=ORIENTED_EDGE('',*,*,#4869,.F.);
#5179=CARTESIAN_POINT('',(-41.197477841,92.447758507,154.958989489));
#5180=DIRECTION('',(-0.,-1.,0.));
#5181=VECTOR('',#5180,0.199999998);
#5182=LINE('',#5179,#5181);
#5183=EDGE_CURVE('NONE',#4856,#5148,#5182,.T.);
#5184=ORIENTED_EDGE('',*,*,#5183,.T.);
#5185=ORIENTED_EDGE('',*,*,#5153,.T.);
#5186=EDGE_LOOP('',(#5177,#5178,#5184,#5185));
#5187=FACE_BOUND('',#5186,.T.);
#5188=ADVANCED_FACE('NONE',(#5187),#5176,.T.);
#5189=CARTESIAN_POINT('',(-37.297477841,95.997758512,161.658989489));
#5190=DIRECTION('',(1.,-0.,-0.));
#5191=DIRECTION('',(-0.,-1.,0.));
#5192=AXIS2_PLACEMENT_3D('',#5189,#5190,#5191);
#5193=PLANE('',#5192);
#5194=ORIENTED_EDGE('',*,*,#4853,.T.);
#5195=ORIENTED_EDGE('',*,*,#5042,.T.);
#5196=ORIENTED_EDGE('',*,*,#5167,.F.);
#5197=CARTESIAN_POINT('',(-37.297477841,92.247758508,154.958989489));
#5198=DIRECTION('',(0.,1.,-0.));
#5199=VECTOR('',#5198,0.200000001);
#5200=LINE('',#5197,#5199);
#5201=EDGE_CURVE('NONE',#5156,#4848,#5200,.T.);
#5202=ORIENTED_EDGE('',*,*,#5201,.T.);
#5203=EDGE_LOOP('',(#5194,#5195,#5196,#5202));
#5204=FACE_BOUND('',#5203,.T.);
#5205=ADVANCED_FACE('NONE',(#5204),#5193,.F.);
#5206=CARTESIAN_POINT('',(-45.997477841,95.997758508,154.958989489));
#5207=DIRECTION('',(-0.,-0.,-1.));
#5208=DIRECTION('',(1.,-0.,-0.));
#5209=AXIS2_PLACEMENT_3D('',#5206,#5207,#5208);
#5210=PLANE('',#5209);
#5211=ORIENTED_EDGE('',*,*,#4861,.F.);
#5212=ORIENTED_EDGE('',*,*,#5201,.F.);
#5213=ORIENTED_EDGE('',*,*,#5161,.F.);
#5214=ORIENTED_EDGE('',*,*,#5183,.F.);
#5215=EDGE_LOOP('',(#5211,#5212,#5213,#5214));
#5216=FACE_BOUND('',#5215,.T.);
#5217=ADVANCED_FACE('NONE',(#5216),#5210,.T.);
#5218=CARTESIAN_POINT('',(-41.397477839,91.94775851,161.558989489));
#5219=DIRECTION('',(1.,-0.,-0.));
#5220=DIRECTION('',(-0.,-1.,0.));
#5221=AXIS2_PLACEMENT_3D('',#5218,#5219,#5220);
#5222=PLANE('',#5221);
#5223=CARTESIAN_POINT('',(-41.39747784,100.04275851,161.653989489));
#5224=VERTEX_POINT('',#5223);
#5225=CARTESIAN_POINT('',(-41.397477839,91.947758509,161.653989489));
#5226=DIRECTION('',(0.,1.,-0.));
#5227=VECTOR('',#5226,8.095000001);
#5228=LINE('',#5225,#5227);
#5229=EDGE_CURVE('NONE',#4029,#5224,#5228,.T.);
#5230=ORIENTED_EDGE('',*,*,#5229,.T.);
#5231=CARTESIAN_POINT('',(-41.397477841,100.04275851,161.558989489));
#5232=VERTEX_POINT('',#5231);
#5233=CARTESIAN_POINT('',(-41.397477839,100.04275851,161.653989489));
#5234=DIRECTION('',(-0.,-0.,-1.));
#5235=VECTOR('',#5234,0.095);
#5236=LINE('',#5233,#5235);
#5237=EDGE_CURVE('NONE',#5224,#5232,#5236,.T.);
#5238=ORIENTED_EDGE('',*,*,#5237,.T.);
#5239=CARTESIAN_POINT('',(-41.397477839,91.94775851,161.558989489));
#5240=DIRECTION('',(0.,1.,-0.));
#5241=VECTOR('',#5240,8.095);
#5242=LINE('',#5239,#5241);
#5243=EDGE_CURVE('NONE',#4037,#5232,#5242,.T.);
#5244=ORIENTED_EDGE('',*,*,#5243,.F.);
#5245=ORIENTED_EDGE('',*,*,#4042,.T.);
#5246=EDGE_LOOP('',(#5230,#5238,#5244,#5245));
#5247=FACE_BOUND('',#5246,.T.);
#5248=ADVANCED_FACE('NONE',(#5247),#5222,.F.);
#5249=CARTESIAN_POINT('',(-45.997477841,95.997758508,161.558989489));
#5250=DIRECTION('',(0.,0.,1.));
#5251=DIRECTION('',(-1.,0.,0.));
#5252=AXIS2_PLACEMENT_3D('',#5249,#5250,#5251);
#5253=PLANE('',#5252);
#5254=CARTESIAN_POINT('',(-41.492477841,100.04275851,161.558989489));
#5255=VERTEX_POINT('',#5254);
#5256=CARTESIAN_POINT('',(-41.397477841,100.04275851,161.558989489));
#5257=DIRECTION('',(-1.,0.,0.));
#5258=VECTOR('',#5257,0.095000001);
#5259=LINE('',#5256,#5258);
#5260=EDGE_CURVE('NONE',#5232,#5255,#5259,.T.);
#5261=ORIENTED_EDGE('',*,*,#5260,.T.);
#5262=CARTESIAN_POINT('',(-41.492477842,100.04275851,161.558989489));
#5263=DIRECTION('',(-0.,-1.,0.));
#5264=VECTOR('',#5263,8.095);
#5265=LINE('',#5262,#5264);
#5266=EDGE_CURVE('NONE',#5255,#4045,#5265,.T.);
#5267=ORIENTED_EDGE('',*,*,#5266,.T.);
#5268=ORIENTED_EDGE('',*,*,#4050,.T.);
#5269=ORIENTED_EDGE('',*,*,#5243,.T.);
#5270=EDGE_LOOP('',(#5261,#5267,#5268,#5269));
#5271=FACE_BOUND('',#5270,.T.);
#5272=ADVANCED_FACE('NONE',(#5271),#5253,.T.);
#5273=CARTESIAN_POINT('',(-38.997477839,93.20775851,161.608989489));
#5274=DIRECTION('',(0.000000001,-0.707106781,0.707106781));
#5275=DIRECTION('',(1.,0.,-0.));
#5276=AXIS2_PLACEMENT_3D('',#5273,#5274,#5275);
#5277=PLANE('',#5276);
#5278=CARTESIAN_POINT('',(-39.497477839,93.207758511,161.608989488));
#5279=DIRECTION('',(0.577350271,0.577350265,0.577350271));
#5280=VECTOR('',#5279,0.086602541);
#5281=LINE('',#5278,#5280);
#5282=EDGE_CURVE('NONE',#4464,#4434,#5281,.T.);
#5283=ORIENTED_EDGE('',*,*,#5282,.F.);
#5284=ORIENTED_EDGE('',*,*,#4469,.F.);
#5285=CARTESIAN_POINT('',(-39.047477839,93.257758511,161.658989489));
#5286=DIRECTION('',(0.577350269,-0.57735027,-0.577350268));
#5287=VECTOR('',#5286,0.086602541);
#5288=LINE('',#5285,#5287);
#5289=EDGE_CURVE('NONE',#4416,#4456,#5288,.T.);
#5290=ORIENTED_EDGE('',*,*,#5289,.F.);
#5291=ORIENTED_EDGE('',*,*,#4445,.F.);
#5292=EDGE_LOOP('',(#5283,#5284,#5290,#5291));
#5293=FACE_BOUND('',#5292,.T.);
#5294=ADVANCED_FACE('NONE',(#5293),#5277,.T.);
#5295=CARTESIAN_POINT('',(-38.99747784,93.707758511,161.608989489));
#5296=DIRECTION('',(0.707106781,0.000000001,0.707106781));
#5297=DIRECTION('',(-0.,1.,-0.));
#5298=AXIS2_PLACEMENT_3D('',#5295,#5296,#5297);
#5299=PLANE('',#5298);
#5300=ORIENTED_EDGE('',*,*,#5289,.T.);
#5301=ORIENTED_EDGE('',*,*,#4539,.F.);
#5302=CARTESIAN_POINT('',(-39.047477839,93.657758513,161.658989491));
#5303=DIRECTION('',(0.57735027,0.577350269,-0.577350268));
#5304=VECTOR('',#5303,0.08660254);
#5305=LINE('',#5302,#5304);
#5306=EDGE_CURVE('NONE',#4418,#4512,#5305,.T.);
#5307=ORIENTED_EDGE('',*,*,#5306,.F.);
#5308=ORIENTED_EDGE('',*,*,#4423,.F.);
#5309=EDGE_LOOP('',(#5300,#5301,#5307,#5308));
#5310=FACE_BOUND('',#5309,.T.);
#5311=ADVANCED_FACE('NONE',(#5310),#5299,.T.);
#5312=CARTESIAN_POINT('',(-39.44747784,95.997758511,161.658989489));
#5313=DIRECTION('',(0.707106781,0.000000001,-0.707106781));
#5314=DIRECTION('',(0.,-1.,-0.));
#5315=AXIS2_PLACEMENT_3D('',#5312,#5313,#5314);
#5316=PLANE('',#5315);
#5317=ORIENTED_EDGE('',*,*,#5282,.T.);
#5318=ORIENTED_EDGE('',*,*,#4439,.F.);
#5319=CARTESIAN_POINT('',(-39.497477839,93.707758512,161.608989491));
#5320=DIRECTION('',(0.577350265,-0.577350271,0.577350271));
#5321=VECTOR('',#5320,0.08660254);
#5322=LINE('',#5319,#5321);
#5323=EDGE_CURVE('NONE',#4488,#4426,#5322,.T.);
#5324=ORIENTED_EDGE('',*,*,#5323,.F.);
#5325=ORIENTED_EDGE('',*,*,#4493,.F.);
#5326=EDGE_LOOP('',(#5317,#5318,#5324,#5325));
#5327=FACE_BOUND('',#5326,.T.);
#5328=ADVANCED_FACE('NONE',(#5327),#5316,.F.);
#5329=CARTESIAN_POINT('',(-45.997477839,93.657758508,161.658989489));
#5330=DIRECTION('',(0.000000001,-0.707106781,-0.707106781));
#5331=DIRECTION('',(-1.,-0.,-0.));
#5332=AXIS2_PLACEMENT_3D('',#5329,#5330,#5331);
#5333=PLANE('',#5332);
#5334=ORIENTED_EDGE('',*,*,#5306,.T.);
#5335=ORIENTED_EDGE('',*,*,#4517,.F.);
#5336=ORIENTED_EDGE('',*,*,#5323,.T.);
#5337=ORIENTED_EDGE('',*,*,#4431,.F.);
#5338=EDGE_LOOP('',(#5334,#5335,#5336,#5337));
#5339=FACE_BOUND('',#5338,.T.);
#5340=ADVANCED_FACE('NONE',(#5339),#5333,.F.);
#5341=CARTESIAN_POINT('',(-45.99747784,95.747758508,161.608989489));
#5342=DIRECTION('',(-0.000000001,0.707106781,-0.707106781));
#5343=DIRECTION('',(-1.,-0.,0.));
#5344=AXIS2_PLACEMENT_3D('',#5341,#5342,#5343);
#5345=PLANE('',#5344);
#5346=CARTESIAN_POINT('',(-39.497477841,95.74775851,161.608989489));
#5347=DIRECTION('',(0.577350269,0.57735027,0.577350269));
#5348=VECTOR('',#5347,0.086602541);
#5349=LINE('',#5346,#5348);
#5350=EDGE_CURVE('NONE',#4592,#4570,#5349,.T.);
#5351=ORIENTED_EDGE('',*,*,#5350,.F.);
#5352=ORIENTED_EDGE('',*,*,#4675,.F.);
#5353=CARTESIAN_POINT('',(-39.04747784,95.797758511,161.658989489));
#5354=DIRECTION('',(0.577350267,-0.577350273,-0.577350267));
#5355=VECTOR('',#5354,0.086602541);
#5356=LINE('',#5353,#5355);
#5357=EDGE_CURVE('NONE',#4552,#4648,#5356,.T.);
#5358=ORIENTED_EDGE('',*,*,#5357,.F.);
#5359=ORIENTED_EDGE('',*,*,#4581,.F.);
#5360=EDGE_LOOP('',(#5351,#5352,#5358,#5359));
#5361=FACE_BOUND('',#5360,.T.);
#5362=ADVANCED_FACE('NONE',(#5361),#5345,.F.);
#5363=CARTESIAN_POINT('',(-38.99747784,95.997758511,161.608989489));
#5364=DIRECTION('',(-0.707106781,-0.000000001,-0.707106781));
#5365=DIRECTION('',(0.,-1.,0.));
#5366=AXIS2_PLACEMENT_3D('',#5363,#5364,#5365);
#5367=PLANE('',#5366);
#5368=ORIENTED_EDGE('',*,*,#5357,.T.);
#5369=ORIENTED_EDGE('',*,*,#4653,.F.);
#5370=CARTESIAN_POINT('',(-39.04747784,96.197758513,161.658989491));
#5371=DIRECTION('',(0.577350262,0.577350273,-0.577350272));
#5372=VECTOR('',#5371,0.086602538);
#5373=LINE('',#5370,#5372);
#5374=EDGE_CURVE('NONE',#4554,#4624,#5373,.T.);
#5375=ORIENTED_EDGE('',*,*,#5374,.F.);
#5376=ORIENTED_EDGE('',*,*,#4559,.F.);
#5377=EDGE_LOOP('',(#5368,#5369,#5375,#5376));
#5378=FACE_BOUND('',#5377,.T.);
#5379=ADVANCED_FACE('NONE',(#5378),#5367,.F.);
#5380=CARTESIAN_POINT('',(-39.44747784,95.997758511,161.658989489));
#5381=DIRECTION('',(-0.707106781,-0.000000001,0.707106781));
#5382=DIRECTION('',(-0.,1.,0.));
#5383=AXIS2_PLACEMENT_3D('',#5380,#5381,#5382);
#5384=PLANE('',#5383);
#5385=ORIENTED_EDGE('',*,*,#5350,.T.);
#5386=ORIENTED_EDGE('',*,*,#4575,.F.);
#5387=CARTESIAN_POINT('',(-39.49747784,96.247758512,161.608989491));
#5388=DIRECTION('',(0.577350265,-0.577350271,0.577350271));
#5389=VECTOR('',#5388,0.08660254);
#5390=LINE('',#5387,#5389);
#5391=EDGE_CURVE('NONE',#4600,#4562,#5390,.T.);
#5392=ORIENTED_EDGE('',*,*,#5391,.F.);
#5393=ORIENTED_EDGE('',*,*,#4605,.F.);
#5394=EDGE_LOOP('',(#5385,#5386,#5392,#5393));
#5395=FACE_BOUND('',#5394,.T.);
#5396=ADVANCED_FACE('NONE',(#5395),#5384,.T.);
#5397=CARTESIAN_POINT('',(-45.99747784,96.197758508,161.658989489));
#5398=DIRECTION('',(-0.000000001,0.707106781,0.707106781));
#5399=DIRECTION('',(1.,0.,0.));
#5400=AXIS2_PLACEMENT_3D('',#5397,#5398,#5399);
#5401=PLANE('',#5400);
#5402=ORIENTED_EDGE('',*,*,#5374,.T.);
#5403=ORIENTED_EDGE('',*,*,#4629,.F.);
#5404=ORIENTED_EDGE('',*,*,#5391,.T.);
#5405=ORIENTED_EDGE('',*,*,#4567,.F.);
#5406=EDGE_LOOP('',(#5402,#5403,#5404,#5405));
#5407=FACE_BOUND('',#5406,.T.);
#5408=ADVANCED_FACE('NONE',(#5407),#5401,.T.);
#5409=CARTESIAN_POINT('',(-38.997477841,98.28775851,161.608989489));
#5410=DIRECTION('',(-0.000000001,0.707106781,-0.707106781));
#5411=DIRECTION('',(-1.,-0.,0.));
#5412=AXIS2_PLACEMENT_3D('',#5409,#5410,#5411);
#5413=PLANE('',#5412);
#5414=CARTESIAN_POINT('',(-39.497477842,98.287758511,161.608989489));
#5415=DIRECTION('',(0.577350269,0.57735027,0.577350269));
#5416=VECTOR('',#5415,0.08660254);
#5417=LINE('',#5414,#5416);
#5418=EDGE_CURVE('NONE',#4760,#4706,#5417,.T.);
#5419=ORIENTED_EDGE('',*,*,#5418,.F.);
#5420=ORIENTED_EDGE('',*,*,#4765,.F.);
#5421=CARTESIAN_POINT('',(-39.047477841,98.337758511,161.658989489));
#5422=DIRECTION('',(0.577350267,-0.577350273,-0.577350267));
#5423=VECTOR('',#5422,0.08660254);
#5424=LINE('',#5421,#5423);
#5425=EDGE_CURVE('NONE',#4688,#4736,#5424,.T.);
#5426=ORIENTED_EDGE('',*,*,#5425,.F.);
#5427=ORIENTED_EDGE('',*,*,#4717,.F.);
#5428=EDGE_LOOP('',(#5419,#5420,#5426,#5427));
#5429=FACE_BOUND('',#5428,.T.);
#5430=ADVANCED_FACE('NONE',(#5429),#5413,.F.);
#5431=CARTESIAN_POINT('',(-38.997477842,98.787758511,161.608989489));
#5432=DIRECTION('',(-0.707106781,-0.000000001,-0.707106781));
#5433=DIRECTION('',(0.,-1.,0.));
#5434=AXIS2_PLACEMENT_3D('',#5431,#5432,#5433);
#5435=PLANE('',#5434);
#5436=ORIENTED_EDGE('',*,*,#5425,.T.);
#5437=ORIENTED_EDGE('',*,*,#4741,.F.);
#5438=CARTESIAN_POINT('',(-39.047477841,98.737758513,161.658989491));
#5439=DIRECTION('',(0.577350262,0.577350273,-0.577350272));
#5440=VECTOR('',#5439,0.08660254);
#5441=LINE('',#5438,#5440);
#5442=EDGE_CURVE('NONE',#4690,#4728,#5441,.T.);
#5443=ORIENTED_EDGE('',*,*,#5442,.F.);
#5444=ORIENTED_EDGE('',*,*,#4695,.F.);
#5445=EDGE_LOOP('',(#5436,#5437,#5443,#5444));
#5446=FACE_BOUND('',#5445,.T.);
#5447=ADVANCED_FACE('NONE',(#5446),#5435,.F.);
#5448=CARTESIAN_POINT('',(-39.44747784,95.997758511,161.658989489));
#5449=DIRECTION('',(-0.707106781,-0.000000001,0.707106781));
#5450=DIRECTION('',(-0.,1.,0.));
#5451=AXIS2_PLACEMENT_3D('',#5448,#5449,#5450);
#5452=PLANE('',#5451);
#5453=ORIENTED_EDGE('',*,*,#5418,.T.);
#5454=ORIENTED_EDGE('',*,*,#4711,.F.);
#5455=CARTESIAN_POINT('',(-39.497477842,98.787758512,161.608989491));
#5456=DIRECTION('',(0.577350265,-0.577350271,0.577350271));
#5457=VECTOR('',#5456,0.08660254);
#5458=LINE('',#5455,#5457);
#5459=EDGE_CURVE('NONE',#4784,#4698,#5458,.T.);
#5460=ORIENTED_EDGE('',*,*,#5459,.F.);
#5461=ORIENTED_EDGE('',*,*,#4789,.F.);
#5462=EDGE_LOOP('',(#5453,#5454,#5460,#5461));
#5463=FACE_BOUND('',#5462,.T.);
#5464=ADVANCED_FACE('NONE',(#5463),#5452,.T.);
#5465=CARTESIAN_POINT('',(-45.997477841,98.737758508,161.658989489));
#5466=DIRECTION('',(-0.000000001,0.707106781,0.707106781));
#5467=DIRECTION('',(1.,0.,0.));
#5468=AXIS2_PLACEMENT_3D('',#5465,#5466,#5467);
#5469=PLANE('',#5468);
#5470=ORIENTED_EDGE('',*,*,#5442,.T.);
#5471=ORIENTED_EDGE('',*,*,#4811,.F.);
#5472=ORIENTED_EDGE('',*,*,#5459,.T.);
#5473=ORIENTED_EDGE('',*,*,#4703,.F.);
#5474=EDGE_LOOP('',(#5470,#5471,#5472,#5473));
#5475=FACE_BOUND('',#5474,.T.);
#5476=ADVANCED_FACE('NONE',(#5475),#5469,.T.);
#5477=CARTESIAN_POINT('',(-41.569479713,96.74775851,161.658989489));
#5478=DIRECTION('',(0.,1.,-0.));
#5479=DIRECTION('',(1.,-0.,-0.));
#5480=AXIS2_PLACEMENT_3D('',#5477,#5478,#5479);
#5481=PLANE('',#5480);
#5482=CARTESIAN_POINT('',(-37.002477841,96.747758511,161.653989489));
#5483=VERTEX_POINT('',#5482);
#5484=CARTESIAN_POINT('',(-37.292477841,96.74775851,161.653989489));
#5485=VERTEX_POINT('',#5484);
#5486=CARTESIAN_POINT('',(-37.002477841,96.74775851,161.653989489));
#5487=DIRECTION('',(-1.,0.,0.));
#5488=VECTOR('',#5487,0.29);
#5489=LINE('',#5486,#5488);
#5490=EDGE_CURVE('NONE',#5483,#5485,#5489,.T.);
#5491=ORIENTED_EDGE('',*,*,#5490,.T.);
#5492=CARTESIAN_POINT('',(-37.292477841,96.74775851,157.658989489));
#5493=VERTEX_POINT('',#5492);
#5494=CARTESIAN_POINT('',(-37.292477841,96.74775851,161.653989489));
#5495=DIRECTION('',(-0.,-0.,-1.));
#5496=VECTOR('',#5495,3.995);
#5497=LINE('',#5494,#5496);
#5498=EDGE_CURVE('NONE',#5485,#5493,#5497,.T.);
#5499=ORIENTED_EDGE('',*,*,#5498,.T.);
#5500=CARTESIAN_POINT('',(-37.00247784,96.747758511,157.658989489));
#5501=VERTEX_POINT('',#5500);
#5502=CARTESIAN_POINT('',(-37.292477841,96.74775851,157.658989489));
#5503=DIRECTION('',(1.,-0.,-0.));
#5504=VECTOR('',#5503,0.290000001);
#5505=LINE('',#5502,#5504);
#5506=EDGE_CURVE('NONE',#5493,#5501,#5505,.T.);
#5507=ORIENTED_EDGE('',*,*,#5506,.T.);
#5508=CARTESIAN_POINT('',(-37.002477841,96.74775851,157.658989489));
#5509=DIRECTION('',(0.,0.,1.));
#5510=VECTOR('',#5509,3.995);
#5511=LINE('',#5508,#5510);
#5512=EDGE_CURVE('NONE',#5501,#5483,#5511,.T.);
#5513=ORIENTED_EDGE('',*,*,#5512,.T.);
#5514=EDGE_LOOP('',(#5491,#5499,#5507,#5513));
#5515=FACE_BOUND('',#5514,.T.);
#5516=ADVANCED_FACE('NONE',(#5515),#5481,.F.);
#5517=CARTESIAN_POINT('',(-41.569479713,96.74775851,157.658989489));
#5518=DIRECTION('',(-0.,-0.,-1.));
#5519=DIRECTION('',(1.,-0.,-0.));
#5520=AXIS2_PLACEMENT_3D('',#5517,#5518,#5519);
#5521=PLANE('',#5520);
#5522=ORIENTED_EDGE('',*,*,#5506,.F.);
#5523=CARTESIAN_POINT('',(-37.292477841,95.247758511,157.658989489));
#5524=VERTEX_POINT('',#5523);
#5525=CARTESIAN_POINT('',(-37.292477841,96.74775851,157.658989489));
#5526=DIRECTION('',(-0.,-1.,0.));
#5527=VECTOR('',#5526,1.5);
#5528=LINE('',#5525,#5527);
#5529=EDGE_CURVE('NONE',#5493,#5524,#5528,.T.);
#5530=ORIENTED_EDGE('',*,*,#5529,.T.);
#5531=CARTESIAN_POINT('',(-37.00247784,95.247758511,157.658989489));
#5532=VERTEX_POINT('',#5531);
#5533=CARTESIAN_POINT('',(-37.292477841,95.247758511,157.658989489));
#5534=DIRECTION('',(1.,-0.,-0.));
#5535=VECTOR('',#5534,0.290000001);
#5536=LINE('',#5533,#5535);
#5537=EDGE_CURVE('NONE',#5524,#5532,#5536,.T.);
#5538=ORIENTED_EDGE('',*,*,#5537,.T.);
#5539=CARTESIAN_POINT('',(-37.00247784,95.247758511,157.658989489));
#5540=DIRECTION('',(0.,1.,-0.));
#5541=VECTOR('',#5540,1.5);
#5542=LINE('',#5539,#5541);
#5543=EDGE_CURVE('NONE',#5532,#5501,#5542,.T.);
#5544=ORIENTED_EDGE('',*,*,#5543,.T.);
#5545=EDGE_LOOP('',(#5522,#5530,#5538,#5544));
#5546=FACE_BOUND('',#5545,.T.);
#5547=ADVANCED_FACE('NONE',(#5546),#5521,.F.);
#5548=CARTESIAN_POINT('',(-41.569479713,95.24775851,161.658989489));
#5549=DIRECTION('',(-0.,-1.,0.));
#5550=DIRECTION('',(-0.,-0.,-1.));
#5551=AXIS2_PLACEMENT_3D('',#5548,#5549,#5550);
#5552=PLANE('',#5551);
#5553=ORIENTED_EDGE('',*,*,#5537,.F.);
#5554=CARTESIAN_POINT('',(-37.29247784,95.24775851,161.653989489));
#5555=VERTEX_POINT('',#5554);
#5556=CARTESIAN_POINT('',(-37.292477841,95.24775851,157.658989489));
#5557=DIRECTION('',(0.,0.,1.));
#5558=VECTOR('',#5557,3.995);
#5559=LINE('',#5556,#5558);
#5560=EDGE_CURVE('NONE',#5524,#5555,#5559,.T.);
#5561=ORIENTED_EDGE('',*,*,#5560,.T.);
#5562=CARTESIAN_POINT('',(-37.00247784,95.247758511,161.653989489));
#5563=VERTEX_POINT('',#5562);
#5564=CARTESIAN_POINT('',(-37.29247784,95.24775851,161.653989489));
#5565=DIRECTION('',(1.,-0.,-0.));
#5566=VECTOR('',#5565,0.29);
#5567=LINE('',#5564,#5566);
#5568=EDGE_CURVE('NONE',#5555,#5563,#5567,.T.);
#5569=ORIENTED_EDGE('',*,*,#5568,.T.);
#5570=CARTESIAN_POINT('',(-37.00247784,95.24775851,161.653989489));
#5571=DIRECTION('',(-0.,-0.,-1.));
#5572=VECTOR('',#5571,3.995);
#5573=LINE('',#5570,#5572);
#5574=EDGE_CURVE('NONE',#5563,#5532,#5573,.T.);
#5575=ORIENTED_EDGE('',*,*,#5574,.T.);
#5576=EDGE_LOOP('',(#5553,#5561,#5569,#5575));
#5577=FACE_BOUND('',#5576,.T.);
#5578=ADVANCED_FACE('NONE',(#5577),#5552,.F.);
#5579=CARTESIAN_POINT('',(-41.569479714,99.04775851,157.658989489));
#5580=DIRECTION('',(0.,1.,-0.));
#5581=DIRECTION('',(0.,0.,1.));
#5582=AXIS2_PLACEMENT_3D('',#5579,#5580,#5581);
#5583=PLANE('',#5582);
#5584=CARTESIAN_POINT('',(-37.292477842,99.04775851,157.658989489));
#5585=VERTEX_POINT('',#5584);
#5586=CARTESIAN_POINT('',(-37.002477841,99.047758511,157.658989489));
#5587=VERTEX_POINT('',#5586);
#5588=CARTESIAN_POINT('',(-37.292477842,99.04775851,157.658989489));
#5589=DIRECTION('',(1.,-0.,-0.));
#5590=VECTOR('',#5589,0.29);
#5591=LINE('',#5588,#5590);
#5592=EDGE_CURVE('NONE',#5585,#5587,#5591,.T.);
#5593=ORIENTED_EDGE('',*,*,#5592,.T.);
#5594=CARTESIAN_POINT('',(-37.002477841,99.04775851,159.658989489));
#5595=VERTEX_POINT('',#5594);
#5596=CARTESIAN_POINT('',(-37.002477841,99.04775851,157.658989489));
#5597=DIRECTION('',(0.,0.,1.));
#5598=VECTOR('',#5597,2.);
#5599=LINE('',#5596,#5598);
#5600=EDGE_CURVE('NONE',#5587,#5595,#5599,.T.);
#5601=ORIENTED_EDGE('',*,*,#5600,.T.);
#5602=CARTESIAN_POINT('',(-37.292477842,99.04775851,159.658989489));
#5603=VERTEX_POINT('',#5602);
#5604=CARTESIAN_POINT('',(-37.292477842,99.047758511,159.658989489));
#5605=DIRECTION('',(1.,-0.,-0.));
#5606=VECTOR('',#5605,0.29);
#5607=LINE('',#5604,#5606);
#5608=EDGE_CURVE('NONE',#5603,#5595,#5607,.T.);
#5609=ORIENTED_EDGE('',*,*,#5608,.F.);
#5610=CARTESIAN_POINT('',(-37.292477842,99.04775851,159.658989489));
#5611=DIRECTION('',(-0.,-0.,-1.));
#5612=VECTOR('',#5611,2.);
#5613=LINE('',#5610,#5612);
#5614=EDGE_CURVE('NONE',#5603,#5585,#5613,.T.);
#5615=ORIENTED_EDGE('',*,*,#5614,.T.);
#5616=EDGE_LOOP('',(#5593,#5601,#5609,#5615));
#5617=FACE_BOUND('',#5616,.T.);
#5618=ADVANCED_FACE('NONE',(#5617),#5583,.F.);
#5619=CARTESIAN_POINT('',(-41.569479714,99.04775851,157.658989489));
#5620=DIRECTION('',(-0.,-0.,-1.));
#5621=DIRECTION('',(1.,-0.,-0.));
#5622=AXIS2_PLACEMENT_3D('',#5619,#5620,#5621);
#5623=PLANE('',#5622);
#5624=CARTESIAN_POINT('',(-37.292477842,98.047758511,157.658989489));
#5625=VERTEX_POINT('',#5624);
#5626=CARTESIAN_POINT('',(-37.002477841,98.047758511,157.658989489));
#5627=VERTEX_POINT('',#5626);
#5628=CARTESIAN_POINT('',(-37.292477842,98.047758512,157.658989489));
#5629=DIRECTION('',(1.,-0.,-0.));
#5630=VECTOR('',#5629,0.29);
#5631=LINE('',#5628,#5630);
#5632=EDGE_CURVE('NONE',#5625,#5627,#5631,.T.);
#5633=ORIENTED_EDGE('',*,*,#5632,.T.);
#5634=CARTESIAN_POINT('',(-37.002477841,98.047758511,157.658989489));
#5635=DIRECTION('',(0.,1.,-0.));
#5636=VECTOR('',#5635,1.);
#5637=LINE('',#5634,#5636);
#5638=EDGE_CURVE('NONE',#5627,#5587,#5637,.T.);
#5639=ORIENTED_EDGE('',*,*,#5638,.T.);
#5640=ORIENTED_EDGE('',*,*,#5592,.F.);
#5641=CARTESIAN_POINT('',(-37.292477842,99.04775851,157.658989489));
#5642=DIRECTION('',(-0.,-1.,0.));
#5643=VECTOR('',#5642,1.);
#5644=LINE('',#5641,#5643);
#5645=EDGE_CURVE('NONE',#5585,#5625,#5644,.T.);
#5646=ORIENTED_EDGE('',*,*,#5645,.T.);
#5647=EDGE_LOOP('',(#5633,#5639,#5640,#5646));
#5648=FACE_BOUND('',#5647,.T.);
#5649=ADVANCED_FACE('NONE',(#5648),#5623,.F.);
#5650=CARTESIAN_POINT('',(-41.569479714,98.04775851,157.658989489));
#5651=DIRECTION('',(-0.,-1.,0.));
#5652=DIRECTION('',(-0.,-0.,-1.));
#5653=AXIS2_PLACEMENT_3D('',#5650,#5651,#5652);
#5654=PLANE('',#5653);
#5655=CARTESIAN_POINT('',(-37.292477842,98.047758511,159.658989489));
#5656=VERTEX_POINT('',#5655);
#5657=CARTESIAN_POINT('',(-37.002477841,98.047758511,159.658989489));
#5658=VERTEX_POINT('',#5657);
#5659=CARTESIAN_POINT('',(-37.292477842,98.04775851,159.658989489));
#5660=DIRECTION('',(1.,-0.,-0.));
#5661=VECTOR('',#5660,0.29);
#5662=LINE('',#5659,#5661);
#5663=EDGE_CURVE('NONE',#5656,#5658,#5662,.T.);
#5664=ORIENTED_EDGE('',*,*,#5663,.T.);
#5665=CARTESIAN_POINT('',(-37.002477841,98.04775851,159.658989489));
#5666=DIRECTION('',(-0.,-0.,-1.));
#5667=VECTOR('',#5666,2.);
#5668=LINE('',#5665,#5667);
#5669=EDGE_CURVE('NONE',#5658,#5627,#5668,.T.);
#5670=ORIENTED_EDGE('',*,*,#5669,.T.);
#5671=ORIENTED_EDGE('',*,*,#5632,.F.);
#5672=CARTESIAN_POINT('',(-37.292477842,98.04775851,157.658989489));
#5673=DIRECTION('',(0.,0.,1.));
#5674=VECTOR('',#5673,2.);
#5675=LINE('',#5672,#5674);
#5676=EDGE_CURVE('NONE',#5625,#5656,#5675,.T.);
#5677=ORIENTED_EDGE('',*,*,#5676,.T.);
#5678=EDGE_LOOP('',(#5664,#5670,#5671,#5677));
#5679=FACE_BOUND('',#5678,.T.);
#5680=ADVANCED_FACE('NONE',(#5679),#5654,.F.);
#5681=CARTESIAN_POINT('',(-41.569479714,99.04775851,159.658989489));
#5682=DIRECTION('',(0.,0.,1.));
#5683=DIRECTION('',(-1.,0.,0.));
#5684=AXIS2_PLACEMENT_3D('',#5681,#5682,#5683);
#5685=PLANE('',#5684);
#5686=ORIENTED_EDGE('',*,*,#5608,.T.);
#5687=CARTESIAN_POINT('',(-37.002477841,99.04775851,159.658989489));
#5688=DIRECTION('',(-0.,-1.,0.));
#5689=VECTOR('',#5688,1.);
#5690=LINE('',#5687,#5689);
#5691=EDGE_CURVE('NONE',#5595,#5658,#5690,.T.);
#5692=ORIENTED_EDGE('',*,*,#5691,.T.);
#5693=ORIENTED_EDGE('',*,*,#5663,.F.);
#5694=CARTESIAN_POINT('',(-37.292477842,98.047758511,159.658989489));
#5695=DIRECTION('',(0.,1.,-0.));
#5696=VECTOR('',#5695,1.);
#5697=LINE('',#5694,#5696);
#5698=EDGE_CURVE('NONE',#5656,#5603,#5697,.T.);
#5699=ORIENTED_EDGE('',*,*,#5698,.T.);
#5700=EDGE_LOOP('',(#5686,#5692,#5693,#5699));
#5701=FACE_BOUND('',#5700,.T.);
#5702=ADVANCED_FACE('NONE',(#5701),#5685,.F.);
#5703=CARTESIAN_POINT('',(-41.569479713,93.94775851,157.658989489));
#5704=DIRECTION('',(0.,1.,-0.));
#5705=DIRECTION('',(0.,0.,1.));
#5706=AXIS2_PLACEMENT_3D('',#5703,#5704,#5705);
#5707=PLANE('',#5706);
#5708=CARTESIAN_POINT('',(-37.29247784,93.94775851,157.658989489));
#5709=VERTEX_POINT('',#5708);
#5710=CARTESIAN_POINT('',(-37.00247784,93.94775851,157.658989489));
#5711=VERTEX_POINT('',#5710);
#5712=CARTESIAN_POINT('',(-37.29247784,93.94775851,157.658989489));
#5713=DIRECTION('',(1.,-0.,-0.));
#5714=VECTOR('',#5713,0.29);
#5715=LINE('',#5712,#5714);
#5716=EDGE_CURVE('NONE',#5709,#5711,#5715,.T.);
#5717=ORIENTED_EDGE('',*,*,#5716,.T.);
#5718=CARTESIAN_POINT('',(-37.00247784,93.947758511,159.658989489));
#5719=VERTEX_POINT('',#5718);
#5720=CARTESIAN_POINT('',(-37.00247784,93.94775851,157.658989489));
#5721=DIRECTION('',(0.,0.,1.));
#5722=VECTOR('',#5721,2.);
#5723=LINE('',#5720,#5722);
#5724=EDGE_CURVE('NONE',#5711,#5719,#5723,.T.);
#5725=ORIENTED_EDGE('',*,*,#5724,.T.);
#5726=CARTESIAN_POINT('',(-37.29247784,93.94775851,159.658989489));
#5727=VERTEX_POINT('',#5726);
#5728=CARTESIAN_POINT('',(-37.29247784,93.947758511,159.658989489));
#5729=DIRECTION('',(1.,-0.,-0.));
#5730=VECTOR('',#5729,0.29);
#5731=LINE('',#5728,#5730);
#5732=EDGE_CURVE('NONE',#5727,#5719,#5731,.T.);
#5733=ORIENTED_EDGE('',*,*,#5732,.F.);
#5734=CARTESIAN_POINT('',(-37.29247784,93.94775851,159.658989489));
#5735=DIRECTION('',(-0.,-0.,-1.));
#5736=VECTOR('',#5735,2.);
#5737=LINE('',#5734,#5736);
#5738=EDGE_CURVE('NONE',#5727,#5709,#5737,.T.);
#5739=ORIENTED_EDGE('',*,*,#5738,.T.);
#5740=EDGE_LOOP('',(#5717,#5725,#5733,#5739));
#5741=FACE_BOUND('',#5740,.T.);
#5742=ADVANCED_FACE('NONE',(#5741),#5707,.F.);
#5743=CARTESIAN_POINT('',(-41.569479713,93.94775851,157.658989489));
#5744=DIRECTION('',(-0.,-0.,-1.));
#5745=DIRECTION('',(1.,-0.,-0.));
#5746=AXIS2_PLACEMENT_3D('',#5743,#5744,#5745);
#5747=PLANE('',#5746);
#5748=CARTESIAN_POINT('',(-37.29247784,92.947758511,157.658989489));
#5749=VERTEX_POINT('',#5748);
#5750=CARTESIAN_POINT('',(-37.002477839,92.947758511,157.658989489));
#5751=VERTEX_POINT('',#5750);
#5752=CARTESIAN_POINT('',(-37.29247784,92.947758511,157.658989489));
#5753=DIRECTION('',(1.,-0.,-0.));
#5754=VECTOR('',#5753,0.29);
#5755=LINE('',#5752,#5754);
#5756=EDGE_CURVE('NONE',#5749,#5751,#5755,.T.);
#5757=ORIENTED_EDGE('',*,*,#5756,.T.);
#5758=CARTESIAN_POINT('',(-37.002477839,92.947758511,157.658989489));
#5759=DIRECTION('',(0.,1.,-0.));
#5760=VECTOR('',#5759,1.);
#5761=LINE('',#5758,#5760);
#5762=EDGE_CURVE('NONE',#5751,#5711,#5761,.T.);
#5763=ORIENTED_EDGE('',*,*,#5762,.T.);
#5764=ORIENTED_EDGE('',*,*,#5716,.F.);
#5765=CARTESIAN_POINT('',(-37.29247784,93.94775851,157.658989489));
#5766=DIRECTION('',(-0.,-1.,0.));
#5767=VECTOR('',#5766,0.999999999);
#5768=LINE('',#5765,#5767);
#5769=EDGE_CURVE('NONE',#5709,#5749,#5768,.T.);
#5770=ORIENTED_EDGE('',*,*,#5769,.T.);
#5771=EDGE_LOOP('',(#5757,#5763,#5764,#5770));
#5772=FACE_BOUND('',#5771,.T.);
#5773=ADVANCED_FACE('NONE',(#5772),#5747,.F.);
#5774=CARTESIAN_POINT('',(-41.569479712,92.94775851,157.658989489));
#5775=DIRECTION('',(-0.,-1.,0.));
#5776=DIRECTION('',(-1.,0.,0.));
#5777=AXIS2_PLACEMENT_3D('',#5774,#5775,#5776);
#5778=PLANE('',#5777);
#5779=CARTESIAN_POINT('',(-37.29247784,92.947758511,159.658989489));
#5780=VERTEX_POINT('',#5779);
#5781=CARTESIAN_POINT('',(-37.00247784,92.947758511,159.658989489));
#5782=VERTEX_POINT('',#5781);
#5783=CARTESIAN_POINT('',(-37.29247784,92.94775851,159.658989489));
#5784=DIRECTION('',(1.,-0.,-0.));
#5785=VECTOR('',#5784,0.29);
#5786=LINE('',#5783,#5785);
#5787=EDGE_CURVE('NONE',#5780,#5782,#5786,.T.);
#5788=ORIENTED_EDGE('',*,*,#5787,.T.);
#5789=CARTESIAN_POINT('',(-37.002477839,92.94775851,159.658989489));
#5790=DIRECTION('',(-0.,-0.,-1.));
#5791=VECTOR('',#5790,2.);
#5792=LINE('',#5789,#5791);
#5793=EDGE_CURVE('NONE',#5782,#5751,#5792,.T.);
#5794=ORIENTED_EDGE('',*,*,#5793,.T.);
#5795=ORIENTED_EDGE('',*,*,#5756,.F.);
#5796=CARTESIAN_POINT('',(-37.29247784,92.94775851,157.658989489));
#5797=DIRECTION('',(0.,0.,1.));
#5798=VECTOR('',#5797,2.);
#5799=LINE('',#5796,#5798);
#5800=EDGE_CURVE('NONE',#5749,#5780,#5799,.T.);
#5801=ORIENTED_EDGE('',*,*,#5800,.T.);
#5802=EDGE_LOOP('',(#5788,#5794,#5795,#5801));
#5803=FACE_BOUND('',#5802,.T.);
#5804=ADVANCED_FACE('NONE',(#5803),#5778,.F.);
#5805=CARTESIAN_POINT('',(-41.569479713,93.94775851,159.658989489));
#5806=DIRECTION('',(0.,0.,1.));
#5807=DIRECTION('',(-1.,0.,0.));
#5808=AXIS2_PLACEMENT_3D('',#5805,#5806,#5807);
#5809=PLANE('',#5808);
#5810=ORIENTED_EDGE('',*,*,#5732,.T.);
#5811=CARTESIAN_POINT('',(-37.00247784,93.947758511,159.658989489));
#5812=DIRECTION('',(-0.,-1.,0.));
#5813=VECTOR('',#5812,1.);
#5814=LINE('',#5811,#5813);
#5815=EDGE_CURVE('NONE',#5719,#5782,#5814,.T.);
#5816=ORIENTED_EDGE('',*,*,#5815,.T.);
#5817=ORIENTED_EDGE('',*,*,#5787,.F.);
#5818=CARTESIAN_POINT('',(-37.29247784,92.947758511,159.658989489));
#5819=DIRECTION('',(0.,1.,-0.));
#5820=VECTOR('',#5819,0.999999999);
#5821=LINE('',#5818,#5820);
#5822=EDGE_CURVE('NONE',#5780,#5727,#5821,.T.);
#5823=ORIENTED_EDGE('',*,*,#5822,.T.);
#5824=EDGE_LOOP('',(#5810,#5816,#5817,#5823));
#5825=FACE_BOUND('',#5824,.T.);
#5826=ADVANCED_FACE('NONE',(#5825),#5809,.F.);
#5827=CARTESIAN_POINT('',(-37.30247784,95.997758511,155.963989489));
#5828=DIRECTION('',(-0.,-1.,0.));
#5829=DIRECTION('',(-1.,0.,0.));
#5830=AXIS2_PLACEMENT_3D('',#5827,#5828,#5829);
#5831=CYLINDRICAL_SURFACE('',#5830,0.005);
#5832=CARTESIAN_POINT('',(-37.302477842,99.747758512,155.958989489));
#5833=CARTESIAN_POINT('',(-37.301888586,99.747758512,155.958989489));
#5834=CARTESIAN_POINT('',(-37.301252853,99.747651118,155.959096882));
#5835=CARTESIAN_POINT('',(-37.300637368,99.747407453,155.959340547));
#5836=CARTESIAN_POINT('',(-37.300021883,99.747163788,155.959584212));
#5837=CARTESIAN_POINT('',(-37.299430464,99.746782201,155.9599658));
#5838=CARTESIAN_POINT('',(-37.298942308,99.746294045,155.960453955));
#5839=CARTESIAN_POINT('',(-37.298454153,99.74580589,155.96094211));
#5840=CARTESIAN_POINT('',(-37.298072565,99.74521447,155.961533531));
#5841=CARTESIAN_POINT('',(-37.297828901,99.744598985,155.962149015));
#5842=CARTESIAN_POINT('',(-37.297585236,99.7439835,155.962764499));
#5843=CARTESIAN_POINT('',(-37.297477842,99.743347767,155.963400233));
#5844=CARTESIAN_POINT('',(-37.297477842,99.742758511,155.963989489));
#5845=B_SPLINE_CURVE_WITH_KNOTS('',3,(#5832,#5833,#5834,#5835,#5836,#5837,#5838,#5839,#5840,#5841,#5842,#5843,#5844),.UNSPECIFIED.,.F.,.F.,(4,3,3,3,4),(3.141592654,3.534291736,3.926990817,4.319689899,4.71238898),.UNSPECIFIED.);
#5846=EDGE_CURVE('NONE',#2507,#2580,#5845,.T.);
#5847=ORIENTED_EDGE('',*,*,#5846,.F.);
#5848=ORIENTED_EDGE('',*,*,#4369,.F.);
#5849=CARTESIAN_POINT('',(-37.297477839,92.252758511,155.963989489));
#5850=CARTESIAN_POINT('',(-37.297477839,92.252169255,155.963400233));
#5851=CARTESIAN_POINT('',(-37.297585233,92.251533522,155.9627645));
#5852=CARTESIAN_POINT('',(-37.297828898,92.250918038,155.962149015));
#5853=CARTESIAN_POINT('',(-37.298072563,92.250302553,155.96153353));
#5854=CARTESIAN_POINT('',(-37.29845415,92.249711133,155.96094211));
#5855=CARTESIAN_POINT('',(-37.298942305,92.249222978,155.960453955));
#5856=CARTESIAN_POINT('',(-37.299430461,92.248734822,155.9599658));
#5857=CARTESIAN_POINT('',(-37.300021882,92.248353235,155.959584211));
#5858=CARTESIAN_POINT('',(-37.300637366,92.24810957,155.959340547));
#5859=CARTESIAN_POINT('',(-37.30125285,92.247865906,155.959096883));
#5860=CARTESIAN_POINT('',(-37.301888584,92.247758512,155.958989489));
#5861=CARTESIAN_POINT('',(-37.302477839,92.247758512,155.958989489));
#5862=B_SPLINE_CURVE_WITH_KNOTS('',3,(#5849,#5850,#5851,#5852,#5853,#5854,#5855,#5856,#5857,#5858,#5859,#5860,#5861),.UNSPECIFIED.,.F.,.F.,(4,3,3,3,4),(4.71238898,5.105088062,5.497787144,5.890486225,6.283185307),.UNSPECIFIED.);
#5863=EDGE_CURVE('NONE',#2588,#2446,#5862,.T.);
#5864=ORIENTED_EDGE('',*,*,#5863,.F.);
#5865=ORIENTED_EDGE('',*,*,#2593,.F.);
#5866=EDGE_LOOP('',(#5847,#5848,#5864,#5865));
#5867=FACE_BOUND('',#5866,.T.);
#5868=ADVANCED_FACE('NONE',(#5867),#5831,.F.);
#5869=CARTESIAN_POINT('',(-41.202477841,95.99775851,161.653989489));
#5870=DIRECTION('',(-0.,-1.,0.));
#5871=DIRECTION('',(-1.,0.,0.));
#5872=AXIS2_PLACEMENT_3D('',#5869,#5870,#5871);
#5873=CYLINDRICAL_SURFACE('',#5872,0.005);
#5874=CARTESIAN_POINT('',(-41.202477842,99.75275851,161.658989489));
#5875=CARTESIAN_POINT('',(-41.201888586,99.752169254,161.658989489));
#5876=CARTESIAN_POINT('',(-41.201252853,99.751533521,161.658882095));
#5877=CARTESIAN_POINT('',(-41.200637369,99.750918036,161.658638431));
#5878=CARTESIAN_POINT('',(-41.200021885,99.750302552,161.658394766));
#5879=CARTESIAN_POINT('',(-41.199430463,99.749711131,161.658013178));
#5880=CARTESIAN_POINT('',(-41.198942308,99.749222976,161.657525023));
#5881=CARTESIAN_POINT('',(-41.198454153,99.748734821,161.657036868));
#5882=CARTESIAN_POINT('',(-41.198072565,99.748353234,161.656445448));
#5883=CARTESIAN_POINT('',(-41.197828901,99.748109568,161.655829963));
#5884=CARTESIAN_POINT('',(-41.197585236,99.747865903,161.655214478));
#5885=CARTESIAN_POINT('',(-41.197477842,99.74775851,161.654578745));
#5886=CARTESIAN_POINT('',(-41.197477842,99.74775851,161.653989489));
#5887=B_SPLINE_CURVE_WITH_KNOTS('',3,(#5874,#5875,#5876,#5877,#5878,#5879,#5880,#5881,#5882,#5883,#5884,#5885,#5886),.UNSPECIFIED.,.F.,.F.,(4,3,3,3,4),(4.71238898,5.105088062,5.497787144,5.890486225,6.283185307),.UNSPECIFIED.);
#5888=EDGE_CURVE('NONE',#3735,#2476,#5887,.T.);
#5889=ORIENTED_EDGE('',*,*,#5888,.F.);
#5890=ORIENTED_EDGE('',*,*,#3740,.F.);
#5891=CARTESIAN_POINT('',(-41.197477839,92.247758507,161.653989489));
#5892=CARTESIAN_POINT('',(-41.197477839,92.247758507,161.654578745));
#5893=CARTESIAN_POINT('',(-41.197585232,92.247651114,161.655214478));
#5894=CARTESIAN_POINT('',(-41.197828898,92.247407449,161.655829962));
#5895=CARTESIAN_POINT('',(-41.198072563,92.247163784,161.656445447));
#5896=CARTESIAN_POINT('',(-41.19845415,92.246782197,161.657036867));
#5897=CARTESIAN_POINT('',(-41.198942305,92.246294043,161.657525022));
#5898=CARTESIAN_POINT('',(-41.199430461,92.245805888,161.658013177));
#5899=CARTESIAN_POINT('',(-41.200021881,92.245214466,161.658394765));
#5900=CARTESIAN_POINT('',(-41.200637365,92.244598983,161.65863843));
#5901=CARTESIAN_POINT('',(-41.20125285,92.243983499,161.658882095));
#5902=CARTESIAN_POINT('',(-41.201888583,92.243347765,161.658989489));
#5903=CARTESIAN_POINT('',(-41.202477839,92.242758511,161.658989489));
#5904=B_SPLINE_CURVE_WITH_KNOTS('',3,(#5891,#5892,#5893,#5894,#5895,#5896,#5897,#5898,#5899,#5900,#5901,#5902,#5903),.UNSPECIFIED.,.F.,.F.,(4,3,3,3,4),(0.,0.392699082,0.785398164,1.178097245,1.570796327),.UNSPECIFIED.);
#5905=EDGE_CURVE('NONE',#2436,#3727,#5904,.T.);
#5906=ORIENTED_EDGE('',*,*,#5905,.F.);
#5907=ORIENTED_EDGE('',*,*,#2489,.F.);
#5908=EDGE_LOOP('',(#5889,#5890,#5906,#5907));
#5909=FACE_BOUND('',#5908,.T.);
#5910=ADVANCED_FACE('NONE',(#5909),#5873,.T.);
#5911=CARTESIAN_POINT('',(-45.997477839,92.242758507,161.653989489));
#5912=DIRECTION('',(1.,-0.,-0.));
#5913=DIRECTION('',(-0.,-1.,0.));
#5914=AXIS2_PLACEMENT_3D('',#5911,#5912,#5913);
#5915=CYLINDRICAL_SURFACE('',#5914,0.005);
#5916=ORIENTED_EDGE('',*,*,#5905,.T.);
#5917=ORIENTED_EDGE('',*,*,#3732,.F.);
#5918=CARTESIAN_POINT('',(-37.302477839,92.242758512,161.653989489));
#5919=DIRECTION('',(1.,0.000000034,-0.));
#5920=DIRECTION('',(0.000000034,-1.,0.));
#5921=AXIS2_PLACEMENT_3D('',#5918,#5919,#5920);
#5922=CIRCLE('',#5921,0.005);
#5923=EDGE_CURVE('NONE',#2438,#3725,#5922,.T.);
#5924=ORIENTED_EDGE('',*,*,#5923,.F.);
#5925=ORIENTED_EDGE('',*,*,#2443,.F.);
#5926=EDGE_LOOP('',(#5916,#5917,#5924,#5925));
#5927=FACE_BOUND('',#5926,.T.);
#5928=ADVANCED_FACE('NONE',(#5927),#5915,.T.);
#5929=CARTESIAN_POINT('',(-37.302477839,92.252758512,161.658989489));
#5930=DIRECTION('',(-0.,-0.,-1.));
#5931=DIRECTION('',(1.,-0.,-0.));
#5932=AXIS2_PLACEMENT_3D('',#5929,#5930,#5931);
#5933=CYLINDRICAL_SURFACE('',#5932,0.005);
#5934=ORIENTED_EDGE('',*,*,#5863,.T.);
#5935=ORIENTED_EDGE('',*,*,#2451,.F.);
#5936=CARTESIAN_POINT('',(-37.302477839,92.252758512,161.653989489));
#5937=DIRECTION('',(-0.,-0.,-1.));
#5938=DIRECTION('',(-0.105396307,-0.994430298,0.));
#5939=AXIS2_PLACEMENT_3D('',#5936,#5937,#5938);
#5940=CIRCLE('',#5939,0.005);
#5941=EDGE_CURVE('NONE',#2538,#2438,#5940,.T.);
#5942=ORIENTED_EDGE('',*,*,#5941,.F.);
#5943=ORIENTED_EDGE('',*,*,#2599,.F.);
#5944=EDGE_LOOP('',(#5934,#5935,#5942,#5943));
#5945=FACE_BOUND('',#5944,.T.);
#5946=ADVANCED_FACE('NONE',(#5945),#5933,.F.);
#5947=CARTESIAN_POINT('',(-37.302477842,99.742758512,161.658989489));
#5948=DIRECTION('',(0.,0.,1.));
#5949=DIRECTION('',(-1.,0.,0.));
#5950=AXIS2_PLACEMENT_3D('',#5947,#5948,#5949);
#5951=CYLINDRICAL_SURFACE('',#5950,0.005);
#5952=ORIENTED_EDGE('',*,*,#5846,.T.);
#5953=ORIENTED_EDGE('',*,*,#2585,.F.);
#5954=CARTESIAN_POINT('',(-37.302477842,99.742758512,161.653989489));
#5955=DIRECTION('',(-0.,-0.,-1.));
#5956=DIRECTION('',(-0.105396307,-0.994430298,0.));
#5957=AXIS2_PLACEMENT_3D('',#5954,#5955,#5956);
#5958=CIRCLE('',#5957,0.005);
#5959=EDGE_CURVE('NONE',#2515,#2572,#5958,.T.);
#5960=ORIENTED_EDGE('',*,*,#5959,.F.);
#5961=ORIENTED_EDGE('',*,*,#2520,.F.);
#5962=EDGE_LOOP('',(#5952,#5953,#5960,#5961));
#5963=FACE_BOUND('',#5962,.T.);
#5964=ADVANCED_FACE('NONE',(#5963),#5951,.F.);
#5965=CARTESIAN_POINT('',(-41.497477842,99.75275851,161.653989489));
#5966=DIRECTION('',(-1.,0.,0.));
#5967=DIRECTION('',(0.,1.,-0.));
#5968=AXIS2_PLACEMENT_3D('',#5965,#5966,#5967);
#5969=CYLINDRICAL_SURFACE('',#5968,0.005);
#5970=ORIENTED_EDGE('',*,*,#5888,.T.);
#5971=ORIENTED_EDGE('',*,*,#2526,.F.);
#5972=CARTESIAN_POINT('',(-37.302477842,99.752758512,161.653989489));
#5973=DIRECTION('',(1.,-0.000000007,-0.));
#5974=DIRECTION('',(0.000000007,1.,-0.));
#5975=AXIS2_PLACEMENT_3D('',#5972,#5973,#5974);
#5976=CIRCLE('',#5975,0.005);
#5977=EDGE_CURVE('NONE',#3743,#2515,#5976,.T.);
#5978=ORIENTED_EDGE('',*,*,#5977,.F.);
#5979=ORIENTED_EDGE('',*,*,#3748,.F.);
#5980=EDGE_LOOP('',(#5970,#5971,#5978,#5979));
#5981=FACE_BOUND('',#5980,.T.);
#5982=ADVANCED_FACE('NONE',(#5981),#5969,.T.);
#5983=CARTESIAN_POINT('',(-37.302477839,92.252758512,161.653989489));
#5984=DIRECTION('',(0.,0.,1.));
#5985=DIRECTION('',(-1.,0.,0.));
#5986=AXIS2_PLACEMENT_3D('',#5983,#5984,#5985);
#5987=TOROIDAL_SURFACE('',#5986,0.01,0.005);
#5988=ORIENTED_EDGE('',*,*,#5923,.T.);
#5989=ORIENTED_EDGE('',*,*,#3836,.T.);
#5990=CARTESIAN_POINT('',(-37.292477843,92.252758511,161.653989489));
#5991=DIRECTION('',(0.,1.,-0.));
#5992=DIRECTION('',(-1.,0.,0.));
#5993=AXIS2_PLACEMENT_3D('',#5990,#5991,#5992);
#5994=CIRCLE('',#5993,0.005);
#5995=EDGE_CURVE('NONE',#2538,#3824,#5994,.T.);
#5996=ORIENTED_EDGE('',*,*,#5995,.F.);
#5997=ORIENTED_EDGE('',*,*,#5941,.T.);
#5998=EDGE_LOOP('',(#5988,#5989,#5996,#5997));
#5999=FACE_BOUND('',#5998,.T.);
#6000=ADVANCED_FACE('NONE',(#5999),#5987,.T.);
#6001=CARTESIAN_POINT('',(-37.292477841,96.747758511,157.653989489));
#6002=DIRECTION('',(-0.,-1.,0.));
#6003=DIRECTION('',(-1.,0.,0.));
#6004=AXIS2_PLACEMENT_3D('',#6001,#6002,#6003);
#6005=CYLINDRICAL_SURFACE('',#6004,0.005);
#6006=CARTESIAN_POINT('',(-37.29747784,96.752758511,157.653989489));
#6007=CARTESIAN_POINT('',(-37.297477841,96.752169256,157.654578745));
#6008=CARTESIAN_POINT('',(-37.297370447,96.751533524,157.655214479));
#6009=CARTESIAN_POINT('',(-37.297126782,96.750918038,157.655829963));
#6010=CARTESIAN_POINT('',(-37.296883117,96.750302553,157.656445447));
#6011=CARTESIAN_POINT('',(-37.29650153,96.749711133,157.657036868));
#6012=CARTESIAN_POINT('',(-37.296013375,96.749222977,157.657525023));
#6013=CARTESIAN_POINT('',(-37.295525219,96.748734822,157.658013178));
#6014=CARTESIAN_POINT('',(-37.294933799,96.748353235,157.658394767));
#6015=CARTESIAN_POINT('',(-37.294318315,96.74810957,157.658638431));
#6016=CARTESIAN_POINT('',(-37.29370283,96.747865905,157.658882095));
#6017=CARTESIAN_POINT('',(-37.293067097,96.747758511,157.658989489));
#6018=CARTESIAN_POINT('',(-37.292477841,96.747758511,157.658989489));
#6019=B_SPLINE_CURVE_WITH_KNOTS('',3,(#6006,#6007,#6008,#6009,#6010,#6011,#6012,#6013,#6014,#6015,#6016,#6017,#6018),.UNSPECIFIED.,.F.,.F.,(4,3,3,3,4),(1.570796327,1.963495409,2.356194491,2.748893572,3.141592654),.UNSPECIFIED.);
#6020=EDGE_CURVE('NONE',#2556,#5493,#6019,.T.);
#6021=ORIENTED_EDGE('',*,*,#6020,.F.);
#6022=ORIENTED_EDGE('',*,*,#2561,.F.);
#6023=CARTESIAN_POINT('',(-37.292477841,95.247758511,157.658989489));
#6024=CARTESIAN_POINT('',(-37.293067096,95.247758511,157.658989489));
#6025=CARTESIAN_POINT('',(-37.293702829,95.247651118,157.658882095));
#6026=CARTESIAN_POINT('',(-37.294318314,95.247407453,157.658638431));
#6027=CARTESIAN_POINT('',(-37.294933798,95.247163788,157.658394767));
#6028=CARTESIAN_POINT('',(-37.295525218,95.246782201,157.658013178));
#6029=CARTESIAN_POINT('',(-37.296013374,95.246294046,157.657525023));
#6030=CARTESIAN_POINT('',(-37.29650153,95.24580589,157.657036868));
#6031=CARTESIAN_POINT('',(-37.296883117,95.245214469,157.656445448));
#6032=CARTESIAN_POINT('',(-37.297126782,95.244598985,157.655829963));
#6033=CARTESIAN_POINT('',(-37.297370446,95.2439835,157.655214478));
#6034=CARTESIAN_POINT('',(-37.29747784,95.243347767,157.654578745));
#6035=CARTESIAN_POINT('',(-37.29747784,95.242758511,157.653989489));
#6036=B_SPLINE_CURVE_WITH_KNOTS('',3,(#6023,#6024,#6025,#6026,#6027,#6028,#6029,#6030,#6031,#6032,#6033,#6034,#6035),.UNSPECIFIED.,.F.,.F.,(4,3,3,3,4),(0.,0.392699082,0.785398164,1.178097245,1.570796327),.UNSPECIFIED.);
#6037=EDGE_CURVE('NONE',#5524,#2548,#6036,.T.);
#6038=ORIENTED_EDGE('',*,*,#6037,.F.);
#6039=ORIENTED_EDGE('',*,*,#5529,.F.);
#6040=EDGE_LOOP('',(#6021,#6022,#6038,#6039));
#6041=FACE_BOUND('',#6040,.T.);
#6042=ADVANCED_FACE('NONE',(#6041),#6005,.T.);
#6043=CARTESIAN_POINT('',(-37.302477842,99.742758512,161.653989489));
#6044=DIRECTION('',(0.,0.,1.));
#6045=DIRECTION('',(-1.,0.,0.));
#6046=AXIS2_PLACEMENT_3D('',#6043,#6044,#6045);
#6047=TOROIDAL_SURFACE('',#6046,0.01,0.005);
#6048=ORIENTED_EDGE('',*,*,#5977,.T.);
#6049=ORIENTED_EDGE('',*,*,#5959,.T.);
#6050=CARTESIAN_POINT('',(-37.292477843,99.742758512,161.653989489));
#6051=DIRECTION('',(-0.,-1.,0.));
#6052=DIRECTION('',(-1.,0.,0.));
#6053=AXIS2_PLACEMENT_3D('',#6050,#6051,#6052);
#6054=CIRCLE('',#6053,0.005);
#6055=EDGE_CURVE('NONE',#3751,#2572,#6054,.T.);
#6056=ORIENTED_EDGE('',*,*,#6055,.F.);
#6057=ORIENTED_EDGE('',*,*,#3757,.T.);
#6058=EDGE_LOOP('',(#6048,#6049,#6056,#6057));
#6059=FACE_BOUND('',#6058,.T.);
#6060=ADVANCED_FACE('NONE',(#6059),#6047,.T.);
#6061=CARTESIAN_POINT('',(-37.292477843,101.047758511,161.653989489));
#6062=DIRECTION('',(0.,1.,-0.));
#6063=DIRECTION('',(1.,-0.,-0.));
#6064=AXIS2_PLACEMENT_3D('',#6061,#6062,#6063);
#6065=CYLINDRICAL_SURFACE('',#6064,0.005);
#6066=ORIENTED_EDGE('',*,*,#5995,.T.);
#6067=ORIENTED_EDGE('',*,*,#3829,.F.);
#6068=CARTESIAN_POINT('',(-37.29247784,95.242758511,161.653989489));
#6069=DIRECTION('',(-0.000000041,1.,-0.));
#6070=DIRECTION('',(1.,0.000000041,-0.));
#6071=AXIS2_PLACEMENT_3D('',#6068,#6069,#6070);
#6072=CIRCLE('',#6071,0.005);
#6073=EDGE_CURVE('NONE',#2540,#3816,#6072,.T.);
#6074=ORIENTED_EDGE('',*,*,#6073,.F.);
#6075=ORIENTED_EDGE('',*,*,#2545,.F.);
#6076=EDGE_LOOP('',(#6066,#6067,#6074,#6075));
#6077=FACE_BOUND('',#6076,.T.);
#6078=ADVANCED_FACE('NONE',(#6077),#6065,.T.);
#6079=CARTESIAN_POINT('',(-37.29247784,95.242758511,161.658989489));
#6080=DIRECTION('',(0.,0.,1.));
#6081=DIRECTION('',(-0.,-1.,0.));
#6082=AXIS2_PLACEMENT_3D('',#6079,#6080,#6081);
#6083=CYLINDRICAL_SURFACE('',#6082,0.005);
#6084=ORIENTED_EDGE('',*,*,#6037,.T.);
#6085=ORIENTED_EDGE('',*,*,#2553,.F.);
#6086=CARTESIAN_POINT('',(-37.29247784,95.242758511,161.653989489));
#6087=DIRECTION('',(0.,0.,1.));
#6088=DIRECTION('',(0.105396307,0.994430298,-0.));
#6089=AXIS2_PLACEMENT_3D('',#6086,#6087,#6088);
#6090=CIRCLE('',#6089,0.005);
#6091=EDGE_CURVE('NONE',#5555,#2540,#6090,.T.);
#6092=ORIENTED_EDGE('',*,*,#6091,.F.);
#6093=ORIENTED_EDGE('',*,*,#5560,.F.);
#6094=EDGE_LOOP('',(#6084,#6085,#6092,#6093));
#6095=FACE_BOUND('',#6094,.T.);
#6096=ADVANCED_FACE('NONE',(#6095),#6083,.T.);
#6097=CARTESIAN_POINT('',(-37.29247784,96.752758511,161.658989489));
#6098=DIRECTION('',(-0.,-0.,-1.));
#6099=DIRECTION('',(1.,-0.,-0.));
#6100=AXIS2_PLACEMENT_3D('',#6097,#6098,#6099);
#6101=CYLINDRICAL_SURFACE('',#6100,0.005);
#6102=ORIENTED_EDGE('',*,*,#6020,.T.);
#6103=ORIENTED_EDGE('',*,*,#5498,.F.);
#6104=CARTESIAN_POINT('',(-37.29247784,96.752758511,161.653989489));
#6105=DIRECTION('',(0.,0.,1.));
#6106=DIRECTION('',(0.105396307,0.994430298,-0.));
#6107=AXIS2_PLACEMENT_3D('',#6104,#6105,#6106);
#6108=CIRCLE('',#6107,0.005);
#6109=EDGE_CURVE('NONE',#2564,#5485,#6108,.T.);
#6110=ORIENTED_EDGE('',*,*,#6109,.F.);
#6111=ORIENTED_EDGE('',*,*,#2569,.F.);
#6112=EDGE_LOOP('',(#6102,#6103,#6110,#6111));
#6113=FACE_BOUND('',#6112,.T.);
#6114=ADVANCED_FACE('NONE',(#6113),#6101,.T.);
#6115=CARTESIAN_POINT('',(-37.292477843,101.047758511,161.653989489));
#6116=DIRECTION('',(0.,1.,-0.));
#6117=DIRECTION('',(1.,-0.,-0.));
#6118=AXIS2_PLACEMENT_3D('',#6115,#6116,#6117);
#6119=CYLINDRICAL_SURFACE('',#6118,0.005);
#6120=ORIENTED_EDGE('',*,*,#6055,.T.);
#6121=ORIENTED_EDGE('',*,*,#2577,.F.);
#6122=CARTESIAN_POINT('',(-37.29247784,96.752758511,161.653989489));
#6123=DIRECTION('',(-0.,-1.,0.));
#6124=DIRECTION('',(1.,-0.,-0.));
#6125=AXIS2_PLACEMENT_3D('',#6122,#6123,#6124);
#6126=CIRCLE('',#6125,0.005);
#6127=EDGE_CURVE('NONE',#3760,#2564,#6126,.T.);
#6128=ORIENTED_EDGE('',*,*,#6127,.F.);
#6129=ORIENTED_EDGE('',*,*,#3765,.F.);
#6130=EDGE_LOOP('',(#6120,#6121,#6128,#6129));
#6131=FACE_BOUND('',#6130,.T.);
#6132=ADVANCED_FACE('NONE',(#6131),#6119,.T.);
#6133=CARTESIAN_POINT('',(-37.29247784,95.242758511,161.653989489));
#6134=DIRECTION('',(-0.,-0.,-1.));
#6135=DIRECTION('',(-0.,-1.,0.));
#6136=AXIS2_PLACEMENT_3D('',#6133,#6134,#6135);
#6137=SPHERICAL_SURFACE('',#6136,0.005);
#6138=ORIENTED_EDGE('',*,*,#6091,.T.);
#6139=ORIENTED_EDGE('',*,*,#6073,.T.);
#6140=CARTESIAN_POINT('',(-37.29247784,95.24275851,161.653989489));
#6141=DIRECTION('',(1.,-0.,-0.));
#6142=DIRECTION('',(-0.,-1.,0.));
#6143=AXIS2_PLACEMENT_3D('',#6140,#6141,#6142);
#6144=CIRCLE('',#6143,0.005);
#6145=EDGE_CURVE('NONE',#5555,#3816,#6144,.T.);
#6146=ORIENTED_EDGE('',*,*,#6145,.F.);
#6147=EDGE_LOOP('',(#6138,#6139,#6146));
#6148=FACE_BOUND('',#6147,.T.);
#6149=ADVANCED_FACE('NONE',(#6148),#6137,.T.);
#6150=CARTESIAN_POINT('',(-37.002477841,96.747758511,157.653989489));
#6151=DIRECTION('',(-0.,-1.,0.));
#6152=DIRECTION('',(-1.,0.,0.));
#6153=AXIS2_PLACEMENT_3D('',#6150,#6151,#6152);
#6154=CYLINDRICAL_SURFACE('',#6153,0.005);
#6155=CARTESIAN_POINT('',(-37.002477841,96.747758512,157.658989489));
#6156=CARTESIAN_POINT('',(-37.001888586,96.747758512,157.658989489));
#6157=CARTESIAN_POINT('',(-37.001252852,96.747865906,157.658882095));
#6158=CARTESIAN_POINT('',(-37.000637368,96.74810957,157.658638431));
#6159=CARTESIAN_POINT('',(-37.000021883,96.748353235,157.658394767));
#6160=CARTESIAN_POINT('',(-36.999430463,96.748734822,157.658013178));
#6161=CARTESIAN_POINT('',(-36.998942307,96.749222978,157.657525023));
#6162=CARTESIAN_POINT('',(-36.998454152,96.749711133,157.657036868));
#6163=CARTESIAN_POINT('',(-36.998072564,96.750302554,157.656445448));
#6164=CARTESIAN_POINT('',(-36.9978289,96.750918038,157.655829963));
#6165=CARTESIAN_POINT('',(-36.997585235,96.751533522,157.655214478));
#6166=CARTESIAN_POINT('',(-36.997477841,96.752169256,157.654578745));
#6167=CARTESIAN_POINT('',(-36.997477841,96.752758512,157.653989489));
#6168=B_SPLINE_CURVE_WITH_KNOTS('',3,(#6155,#6156,#6157,#6158,#6159,#6160,#6161,#6162,#6163,#6164,#6165,#6166,#6167),.UNSPECIFIED.,.F.,.F.,(4,3,3,3,4),(0.,0.392699082,0.785398164,1.178097245,1.570796327),.UNSPECIFIED.);
#6169=EDGE_CURVE('NONE',#5501,#4187,#6168,.T.);
#6170=ORIENTED_EDGE('',*,*,#6169,.F.);
#6171=ORIENTED_EDGE('',*,*,#5543,.F.);
#6172=CARTESIAN_POINT('',(-36.997477841,95.242758512,157.653989489));
#6173=CARTESIAN_POINT('',(-36.997477841,95.243347767,157.654578745));
#6174=CARTESIAN_POINT('',(-36.997585234,95.243983501,157.655214478));
#6175=CARTESIAN_POINT('',(-36.997828899,95.244598985,157.655829963));
#6176=CARTESIAN_POINT('',(-36.998072564,95.245214469,157.656445448));
#6177=CARTESIAN_POINT('',(-36.998454152,95.24580589,157.657036868));
#6178=CARTESIAN_POINT('',(-36.998942306,95.246294045,157.657525023));
#6179=CARTESIAN_POINT('',(-36.999430461,95.2467822,157.658013178));
#6180=CARTESIAN_POINT('',(-37.000021882,95.247163788,157.658394767));
#6181=CARTESIAN_POINT('',(-37.000637366,95.247407453,157.658638431));
#6182=CARTESIAN_POINT('',(-37.001252851,95.247651118,157.658882095));
#6183=CARTESIAN_POINT('',(-37.001888584,95.247758511,157.658989489));
#6184=CARTESIAN_POINT('',(-37.00247784,95.247758511,157.658989489));
#6185=B_SPLINE_CURVE_WITH_KNOTS('',3,(#6172,#6173,#6174,#6175,#6176,#6177,#6178,#6179,#6180,#6181,#6182,#6183,#6184),.UNSPECIFIED.,.F.,.F.,(4,3,3,3,4),(4.71238898,5.105088062,5.497787144,5.890486225,6.283185307),.UNSPECIFIED.);
#6186=EDGE_CURVE('NONE',#4195,#5532,#6185,.T.);
#6187=ORIENTED_EDGE('',*,*,#6186,.F.);
#6188=ORIENTED_EDGE('',*,*,#4200,.F.);
#6189=EDGE_LOOP('',(#6170,#6171,#6187,#6188));
#6190=FACE_BOUND('',#6189,.T.);
#6191=ADVANCED_FACE('NONE',(#6190),#6154,.T.);
#6192=CARTESIAN_POINT('',(-37.29247784,96.752758511,161.653989489));
#6193=DIRECTION('',(-0.,-0.,-1.));
#6194=DIRECTION('',(-0.,-1.,0.));
#6195=AXIS2_PLACEMENT_3D('',#6192,#6193,#6194);
#6196=SPHERICAL_SURFACE('',#6195,0.005);
#6197=ORIENTED_EDGE('',*,*,#6127,.T.);
#6198=ORIENTED_EDGE('',*,*,#6109,.T.);
#6199=CARTESIAN_POINT('',(-37.29247784,96.75275851,161.653989489));
#6200=DIRECTION('',(1.,-0.,-0.));
#6201=DIRECTION('',(-0.,-1.,0.));
#6202=AXIS2_PLACEMENT_3D('',#6199,#6200,#6201);
#6203=CIRCLE('',#6202,0.005);
#6204=EDGE_CURVE('NONE',#3760,#5485,#6203,.T.);
#6205=ORIENTED_EDGE('',*,*,#6204,.F.);
#6206=EDGE_LOOP('',(#6197,#6198,#6205));
#6207=FACE_BOUND('',#6206,.T.);
#6208=ADVANCED_FACE('NONE',(#6207),#6196,.T.);
#6209=CARTESIAN_POINT('',(-41.569479713,95.24275851,161.653989489));
#6210=DIRECTION('',(-1.,0.,0.));
#6211=DIRECTION('',(0.,1.,-0.));
#6212=AXIS2_PLACEMENT_3D('',#6209,#6210,#6211);
#6213=CYLINDRICAL_SURFACE('',#6212,0.005);
#6214=ORIENTED_EDGE('',*,*,#6145,.T.);
#6215=ORIENTED_EDGE('',*,*,#3821,.F.);
#6216=CARTESIAN_POINT('',(-37.002477841,95.242758511,161.653989489));
#6217=DIRECTION('',(1.,-0.000000059,-0.));
#6218=DIRECTION('',(-0.000000059,-1.,0.));
#6219=AXIS2_PLACEMENT_3D('',#6216,#6217,#6218);
#6220=CIRCLE('',#6219,0.005);
#6221=EDGE_CURVE('NONE',#5563,#3808,#6220,.T.);
#6222=ORIENTED_EDGE('',*,*,#6221,.F.);
#6223=ORIENTED_EDGE('',*,*,#5568,.F.);
#6224=EDGE_LOOP('',(#6214,#6215,#6222,#6223));
#6225=FACE_BOUND('',#6224,.T.);
#6226=ADVANCED_FACE('NONE',(#6225),#6213,.T.);
#6227=CARTESIAN_POINT('',(-37.002477841,95.242758511,161.658989489));
#6228=DIRECTION('',(0.,0.,1.));
#6229=DIRECTION('',(-0.,-1.,0.));
#6230=AXIS2_PLACEMENT_3D('',#6227,#6228,#6229);
#6231=CYLINDRICAL_SURFACE('',#6230,0.005);
#6232=ORIENTED_EDGE('',*,*,#6186,.T.);
#6233=ORIENTED_EDGE('',*,*,#5574,.F.);
#6234=CARTESIAN_POINT('',(-37.002477841,95.242758511,161.653989489));
#6235=DIRECTION('',(0.,0.,1.));
#6236=DIRECTION('',(0.105396307,0.994430298,-0.));
#6237=AXIS2_PLACEMENT_3D('',#6234,#6235,#6236);
#6238=CIRCLE('',#6237,0.005);
#6239=EDGE_CURVE('NONE',#4203,#5563,#6238,.T.);
#6240=ORIENTED_EDGE('',*,*,#6239,.F.);
#6241=ORIENTED_EDGE('',*,*,#4208,.F.);
#6242=EDGE_LOOP('',(#6232,#6233,#6240,#6241));
#6243=FACE_BOUND('',#6242,.T.);
#6244=ADVANCED_FACE('NONE',(#6243),#6231,.T.);
#6245=CARTESIAN_POINT('',(-37.002477839,92.442758512,155.019209483));
#6246=DIRECTION('',(0.,0.,1.));
#6247=DIRECTION('',(-0.,-1.,0.));
#6248=AXIS2_PLACEMENT_3D('',#6245,#6246,#6247);
#6249=CYLINDRICAL_SURFACE('',#6248,0.005);
#6250=CARTESIAN_POINT('',(-36.997477842,92.442758511,155.024209483));
#6251=CARTESIAN_POINT('',(-36.997477842,92.443347767,155.023620227));
#6252=CARTESIAN_POINT('',(-36.997585235,92.443983499,155.022984495));
#6253=CARTESIAN_POINT('',(-36.9978289,92.444598985,155.022369011));
#6254=CARTESIAN_POINT('',(-36.998072564,92.44521447,155.021753526));
#6255=CARTESIAN_POINT('',(-36.998454152,92.445805891,155.021162106));
#6256=CARTESIAN_POINT('',(-36.998942307,92.446294046,155.020673951));
#6257=CARTESIAN_POINT('',(-36.999430461,92.4467822,155.020185795));
#6258=CARTESIAN_POINT('',(-37.000021881,92.447163788,155.019804208));
#6259=CARTESIAN_POINT('',(-37.000637365,92.447407453,155.019560543));
#6260=CARTESIAN_POINT('',(-37.00125285,92.447651118,155.019316878));
#6261=CARTESIAN_POINT('',(-37.001888579,92.447758511,155.019209483));
#6262=CARTESIAN_POINT('',(-37.00247784,92.447758511,155.019209483));
#6263=B_SPLINE_CURVE_WITH_KNOTS('',3,(#6250,#6251,#6252,#6253,#6254,#6255,#6256,#6257,#6258,#6259,#6260,#6261,#6262),.UNSPECIFIED.,.F.,.F.,(4,3,3,3,4),(1.570796327,1.963495409,2.356194491,2.748893572,3.141592654),.UNSPECIFIED.);
#6264=EDGE_CURVE('NONE',#4139,#4824,#6263,.T.);
#6265=ORIENTED_EDGE('',*,*,#6264,.F.);
#6266=ORIENTED_EDGE('',*,*,#4144,.F.);
#6267=CARTESIAN_POINT('',(-37.002477839,92.447758511,154.058989489));
#6268=CARTESIAN_POINT('',(-37.001888584,92.447758511,154.058989489));
#6269=CARTESIAN_POINT('',(-37.00125285,92.447651118,154.059096883));
#6270=CARTESIAN_POINT('',(-37.000637365,92.447407453,154.059340548));
#6271=CARTESIAN_POINT('',(-37.000021881,92.447163788,154.059584212));
#6272=CARTESIAN_POINT('',(-36.99943046,92.4467822,154.0599658));
#6273=CARTESIAN_POINT('',(-36.998942305,92.446294046,154.060453955));
#6274=CARTESIAN_POINT('',(-36.99845415,92.445805891,154.06094211));
#6275=CARTESIAN_POINT('',(-36.998072562,92.44521447,154.061533531));
#6276=CARTESIAN_POINT('',(-36.997828898,92.444598985,154.062149015));
#6277=CARTESIAN_POINT('',(-36.997585233,92.443983499,154.062764499));
#6278=CARTESIAN_POINT('',(-36.997477839,92.443347767,154.063400233));
#6279=CARTESIAN_POINT('',(-36.997477839,92.442758511,154.063989489));
#6280=B_SPLINE_CURVE_WITH_KNOTS('',3,(#6267,#6268,#6269,#6270,#6271,#6272,#6273,#6274,#6275,#6276,#6277,#6278,#6279),.UNSPECIFIED.,.F.,.F.,(4,3,3,3,4),(3.141592654,3.534291736,3.926990817,4.319689899,4.71238898),.UNSPECIFIED.);
#6281=EDGE_CURVE('NONE',#4832,#4137,#6280,.T.);
#6282=ORIENTED_EDGE('',*,*,#6281,.F.);
#6283=ORIENTED_EDGE('',*,*,#4837,.F.);
#6284=EDGE_LOOP('',(#6265,#6266,#6282,#6283));
#6285=FACE_BOUND('',#6284,.T.);
#6286=ADVANCED_FACE('NONE',(#6285),#6249,.T.);
#6287=CARTESIAN_POINT('',(-37.002477841,96.752758512,161.658989489));
#6288=DIRECTION('',(-0.,-0.,-1.));
#6289=DIRECTION('',(1.,-0.,-0.));
#6290=AXIS2_PLACEMENT_3D('',#6287,#6288,#6289);
#6291=CYLINDRICAL_SURFACE('',#6290,0.005);
#6292=ORIENTED_EDGE('',*,*,#6169,.T.);
#6293=ORIENTED_EDGE('',*,*,#4192,.F.);
#6294=CARTESIAN_POINT('',(-37.002477841,96.752758512,161.653989489));
#6295=DIRECTION('',(0.,0.,1.));
#6296=DIRECTION('',(0.105396307,0.994430298,-0.));
#6297=AXIS2_PLACEMENT_3D('',#6294,#6295,#6296);
#6298=CIRCLE('',#6297,0.005);
#6299=EDGE_CURVE('NONE',#5483,#4179,#6298,.T.);
#6300=ORIENTED_EDGE('',*,*,#6299,.F.);
#6301=ORIENTED_EDGE('',*,*,#5512,.F.);
#6302=EDGE_LOOP('',(#6292,#6293,#6300,#6301));
#6303=FACE_BOUND('',#6302,.T.);
#6304=ADVANCED_FACE('NONE',(#6303),#6291,.T.);
#6305=CARTESIAN_POINT('',(-41.497477841,96.75275851,161.653989489));
#6306=DIRECTION('',(-1.,0.,0.));
#6307=DIRECTION('',(0.,1.,-0.));
#6308=AXIS2_PLACEMENT_3D('',#6305,#6306,#6307);
#6309=CYLINDRICAL_SURFACE('',#6308,0.005);
#6310=ORIENTED_EDGE('',*,*,#6204,.T.);
#6311=ORIENTED_EDGE('',*,*,#5490,.F.);
#6312=CARTESIAN_POINT('',(-37.002477841,96.752758512,161.653989489));
#6313=DIRECTION('',(1.,-0.,-0.));
#6314=DIRECTION('',(0.,1.,-0.));
#6315=AXIS2_PLACEMENT_3D('',#6312,#6313,#6314);
#6316=CIRCLE('',#6315,0.005);
#6317=EDGE_CURVE('NONE',#3768,#5483,#6316,.T.);
#6318=ORIENTED_EDGE('',*,*,#6317,.F.);
#6319=ORIENTED_EDGE('',*,*,#3773,.F.);
#6320=EDGE_LOOP('',(#6310,#6311,#6318,#6319));
#6321=FACE_BOUND('',#6320,.T.);
#6322=ADVANCED_FACE('NONE',(#6321),#6309,.T.);
#6323=CARTESIAN_POINT('',(-37.002477841,95.242758511,161.653989489));
#6324=DIRECTION('',(-0.,-0.,-1.));
#6325=DIRECTION('',(-0.,-1.,0.));
#6326=AXIS2_PLACEMENT_3D('',#6323,#6324,#6325);
#6327=SPHERICAL_SURFACE('',#6326,0.005);
#6328=ORIENTED_EDGE('',*,*,#6239,.T.);
#6329=ORIENTED_EDGE('',*,*,#6221,.T.);
#6330=CARTESIAN_POINT('',(-37.002477841,95.242758512,161.653989489));
#6331=DIRECTION('',(-0.,-1.,0.));
#6332=DIRECTION('',(1.,-0.,-0.));
#6333=AXIS2_PLACEMENT_3D('',#6330,#6331,#6332);
#6334=CIRCLE('',#6333,0.005);
#6335=EDGE_CURVE('NONE',#4203,#3808,#6334,.T.);
#6336=ORIENTED_EDGE('',*,*,#6335,.F.);
#6337=EDGE_LOOP('',(#6328,#6329,#6336));
#6338=FACE_BOUND('',#6337,.T.);
#6339=ADVANCED_FACE('NONE',(#6338),#6327,.T.);
#6340=CARTESIAN_POINT('',(-37.002477839,92.447758511,154.063989489));
#6341=DIRECTION('',(0.,1.,-0.));
#6342=DIRECTION('',(1.,-0.,-0.));
#6343=AXIS2_PLACEMENT_3D('',#6340,#6341,#6342);
#6344=CYLINDRICAL_SURFACE('',#6343,0.005);
#6345=ORIENTED_EDGE('',*,*,#6281,.T.);
#6346=ORIENTED_EDGE('',*,*,#4230,.F.);
#6347=CARTESIAN_POINT('',(-37.002477839,91.947758511,154.058989489));
#6348=CARTESIAN_POINT('',(-37.001888583,91.947758511,154.058989489));
#6349=CARTESIAN_POINT('',(-37.00125285,91.947865905,154.059096882));
#6350=CARTESIAN_POINT('',(-37.000637365,91.94810957,154.059340547));
#6351=CARTESIAN_POINT('',(-37.00002188,91.948353235,154.059584212));
#6352=CARTESIAN_POINT('',(-36.999430461,91.948734822,154.0599658));
#6353=CARTESIAN_POINT('',(-36.998942305,91.949222977,154.060453955));
#6354=CARTESIAN_POINT('',(-36.99845415,91.949711132,154.06094211));
#6355=CARTESIAN_POINT('',(-36.998072562,91.950302553,154.061533531));
#6356=CARTESIAN_POINT('',(-36.997828897,91.950918038,154.062149015));
#6357=CARTESIAN_POINT('',(-36.997585232,91.951533523,154.062764499));
#6358=CARTESIAN_POINT('',(-36.997477839,91.952169256,154.063400233));
#6359=CARTESIAN_POINT('',(-36.997477839,91.952758512,154.063989489));
#6360=B_SPLINE_CURVE_WITH_KNOTS('',3,(#6347,#6348,#6349,#6350,#6351,#6352,#6353,#6354,#6355,#6356,#6357,#6358,#6359),.UNSPECIFIED.,.F.,.F.,(4,3,3,3,4),(3.141592654,3.534291736,3.926990817,4.319689899,4.71238898),.UNSPECIFIED.);
#6361=EDGE_CURVE('NONE',#4013,#4219,#6360,.T.);
#6362=ORIENTED_EDGE('',*,*,#6361,.F.);
#6363=ORIENTED_EDGE('',*,*,#5017,.F.);
#6364=EDGE_LOOP('',(#6345,#6346,#6362,#6363));
#6365=FACE_BOUND('',#6364,.T.);
#6366=ADVANCED_FACE('NONE',(#6365),#6344,.T.);
#6367=CARTESIAN_POINT('',(-37.002477842,99.547758512,155.024209483));
#6368=DIRECTION('',(0.,1.,-0.));
#6369=DIRECTION('',(1.,-0.,-0.));
#6370=AXIS2_PLACEMENT_3D('',#6367,#6368,#6369);
#6371=CYLINDRICAL_SURFACE('',#6370,0.005);
#6372=ORIENTED_EDGE('',*,*,#6264,.T.);
#6373=ORIENTED_EDGE('',*,*,#5057,.F.);
#6374=CARTESIAN_POINT('',(-36.997477842,99.552758512,155.024209483));
#6375=CARTESIAN_POINT('',(-36.997477842,99.552169256,155.023620227));
#6376=CARTESIAN_POINT('',(-36.997585236,99.551533523,155.022984495));
#6377=CARTESIAN_POINT('',(-36.997828901,99.550918038,155.02236901));
#6378=CARTESIAN_POINT('',(-36.998072565,99.550302554,155.021753525));
#6379=CARTESIAN_POINT('',(-36.998454153,99.549711133,155.021162104));
#6380=CARTESIAN_POINT('',(-36.998942308,99.549222978,155.020673949));
#6381=CARTESIAN_POINT('',(-36.999430463,99.548734822,155.020185794));
#6382=CARTESIAN_POINT('',(-37.000021884,99.548353235,155.019804207));
#6383=CARTESIAN_POINT('',(-37.000637369,99.54810957,155.019560542));
#6384=CARTESIAN_POINT('',(-37.001252853,99.547865905,155.019316877));
#6385=CARTESIAN_POINT('',(-37.001888586,99.547758511,155.019209483));
#6386=CARTESIAN_POINT('',(-37.002477842,99.547758511,155.019209483));
#6387=B_SPLINE_CURVE_WITH_KNOTS('',3,(#6374,#6375,#6376,#6377,#6378,#6379,#6380,#6381,#6382,#6383,#6384,#6385,#6386),.UNSPECIFIED.,.F.,.F.,(4,3,3,3,4),(1.570796327,1.963495409,2.356194491,2.748893572,3.141592654),.UNSPECIFIED.);
#6388=EDGE_CURVE('NONE',#4147,#4897,#6387,.T.);
#6389=ORIENTED_EDGE('',*,*,#6388,.F.);
#6390=ORIENTED_EDGE('',*,*,#4152,.F.);
#6391=EDGE_LOOP('',(#6372,#6373,#6389,#6390));
#6392=FACE_BOUND('',#6391,.T.);
#6393=ADVANCED_FACE('NONE',(#6392),#6371,.T.);
#6394=CARTESIAN_POINT('',(-37.002477841,96.752758512,161.653989489));
#6395=DIRECTION('',(-0.,-0.,-1.));
#6396=DIRECTION('',(-0.,-1.,0.));
#6397=AXIS2_PLACEMENT_3D('',#6394,#6395,#6396);
#6398=SPHERICAL_SURFACE('',#6397,0.005);
#6399=ORIENTED_EDGE('',*,*,#6317,.T.);
#6400=ORIENTED_EDGE('',*,*,#6299,.T.);
#6401=CARTESIAN_POINT('',(-37.002477841,96.752758512,161.653989489));
#6402=DIRECTION('',(0.,1.,-0.));
#6403=DIRECTION('',(1.,-0.,-0.));
#6404=AXIS2_PLACEMENT_3D('',#6401,#6402,#6403);
#6405=CIRCLE('',#6404,0.005);
#6406=EDGE_CURVE('NONE',#3768,#4179,#6405,.T.);
#6407=ORIENTED_EDGE('',*,*,#6406,.F.);
#6408=EDGE_LOOP('',(#6399,#6400,#6407));
#6409=FACE_BOUND('',#6408,.T.);
#6410=ADVANCED_FACE('NONE',(#6409),#6398,.T.);
#6411=CARTESIAN_POINT('',(-37.002477841,95.997758511,161.653989489));
#6412=DIRECTION('',(-0.,-1.,0.));
#6413=DIRECTION('',(-1.,0.,0.));
#6414=AXIS2_PLACEMENT_3D('',#6411,#6412,#6413);
#6415=CYLINDRICAL_SURFACE('',#6414,0.005);
#6416=ORIENTED_EDGE('',*,*,#6335,.T.);
#6417=ORIENTED_EDGE('',*,*,#3813,.F.);
#6418=CARTESIAN_POINT('',(-37.002477839,91.952758511,161.653989489));
#6419=DIRECTION('',(0.000000051,-1.,0.));
#6420=DIRECTION('',(-1.,-0.000000051,0.));
#6421=AXIS2_PLACEMENT_3D('',#6418,#6419,#6420);
#6422=CIRCLE('',#6421,0.005);
#6423=EDGE_CURVE('NONE',#4211,#3800,#6422,.T.);
#6424=ORIENTED_EDGE('',*,*,#6423,.F.);
#6425=ORIENTED_EDGE('',*,*,#4216,.F.);
#6426=EDGE_LOOP('',(#6416,#6417,#6424,#6425));
#6427=FACE_BOUND('',#6426,.T.);
#6428=ADVANCED_FACE('NONE',(#6427),#6415,.T.);
#6429=CARTESIAN_POINT('',(-37.002477839,91.952758511,161.658989489));
#6430=DIRECTION('',(0.,0.,1.));
#6431=DIRECTION('',(-1.,0.,0.));
#6432=AXIS2_PLACEMENT_3D('',#6429,#6430,#6431);
#6433=CYLINDRICAL_SURFACE('',#6432,0.005);
#6434=ORIENTED_EDGE('',*,*,#6361,.T.);
#6435=ORIENTED_EDGE('',*,*,#4224,.F.);
#6436=CARTESIAN_POINT('',(-37.002477839,91.952758511,161.653989489));
#6437=DIRECTION('',(0.,0.,1.));
#6438=DIRECTION('',(0.105396307,0.994430298,-0.));
#6439=AXIS2_PLACEMENT_3D('',#6436,#6437,#6438);
#6440=CIRCLE('',#6439,0.005);
#6441=EDGE_CURVE('NONE',#4021,#4211,#6440,.T.);
#6442=ORIENTED_EDGE('',*,*,#6441,.F.);
#6443=ORIENTED_EDGE('',*,*,#4026,.F.);
#6444=EDGE_LOOP('',(#6434,#6435,#6442,#6443));
#6445=FACE_BOUND('',#6444,.T.);
#6446=ADVANCED_FACE('NONE',(#6445),#6433,.T.);
#6447=CARTESIAN_POINT('',(-37.002477842,99.552758511,154.119209483));
#6448=DIRECTION('',(-0.,-0.,-1.));
#6449=DIRECTION('',(0.,1.,-0.));
#6450=AXIS2_PLACEMENT_3D('',#6447,#6448,#6449);
#6451=CYLINDRICAL_SURFACE('',#6450,0.005);
#6452=ORIENTED_EDGE('',*,*,#6388,.T.);
#6453=ORIENTED_EDGE('',*,*,#4902,.F.);
#6454=CARTESIAN_POINT('',(-36.997477842,99.552758512,154.124209483));
#6455=CARTESIAN_POINT('',(-36.997477842,99.552169256,154.123620227));
#6456=CARTESIAN_POINT('',(-36.997585236,99.551533523,154.122984495));
#6457=CARTESIAN_POINT('',(-36.9978289,99.550918038,154.12236901));
#6458=CARTESIAN_POINT('',(-36.998072565,99.550302553,154.121753525));
#6459=CARTESIAN_POINT('',(-36.998454153,99.549711132,154.121162105));
#6460=CARTESIAN_POINT('',(-36.998942308,99.549222977,154.12067395));
#6461=CARTESIAN_POINT('',(-36.999430463,99.548734822,154.120185794));
#6462=CARTESIAN_POINT('',(-37.000021884,99.548353235,154.119804207));
#6463=CARTESIAN_POINT('',(-37.000637368,99.54810957,154.119560542));
#6464=CARTESIAN_POINT('',(-37.001252853,99.547865905,154.119316877));
#6465=CARTESIAN_POINT('',(-37.001888586,99.547758511,154.119209483));
#6466=CARTESIAN_POINT('',(-37.002477842,99.547758512,154.119209483));
#6467=B_SPLINE_CURVE_WITH_KNOTS('',3,(#6454,#6455,#6456,#6457,#6458,#6459,#6460,#6461,#6462,#6463,#6464,#6465,#6466),.UNSPECIFIED.,.F.,.F.,(4,3,3,3,4),(1.570796327,1.963495409,2.356194491,2.748893572,3.141592654),.UNSPECIFIED.);
#6468=EDGE_CURVE('NONE',#4155,#4889,#6467,.T.);
#6469=ORIENTED_EDGE('',*,*,#6468,.F.);
#6470=ORIENTED_EDGE('',*,*,#4160,.F.);
#6471=EDGE_LOOP('',(#6452,#6453,#6469,#6470));
#6472=FACE_BOUND('',#6471,.T.);
#6473=ADVANCED_FACE('NONE',(#6472),#6451,.T.);
#6474=CARTESIAN_POINT('',(-37.002477841,95.997758511,161.653989489));
#6475=DIRECTION('',(-0.,-1.,0.));
#6476=DIRECTION('',(-1.,0.,0.));
#6477=AXIS2_PLACEMENT_3D('',#6474,#6475,#6476);
#6478=CYLINDRICAL_SURFACE('',#6477,0.005);
#6479=ORIENTED_EDGE('',*,*,#6406,.T.);
#6480=ORIENTED_EDGE('',*,*,#4184,.F.);
#6481=CARTESIAN_POINT('',(-37.002477842,100.042758511,161.653989489));
#6482=DIRECTION('',(-0.,1.,-0.));
#6483=DIRECTION('',(-1.,-0.,0.));
#6484=AXIS2_PLACEMENT_3D('',#6481,#6482,#6483);
#6485=CIRCLE('',#6484,0.005);
#6486=EDGE_CURVE('NONE',#3776,#4171,#6485,.T.);
#6487=ORIENTED_EDGE('',*,*,#6486,.F.);
#6488=ORIENTED_EDGE('',*,*,#3781,.F.);
#6489=EDGE_LOOP('',(#6479,#6480,#6487,#6488));
#6490=FACE_BOUND('',#6489,.T.);
#6491=ADVANCED_FACE('NONE',(#6490),#6478,.T.);
#6492=CARTESIAN_POINT('',(-37.002477839,91.952758511,161.653989489));
#6493=DIRECTION('',(-0.,-0.,-1.));
#6494=DIRECTION('',(-0.,-1.,0.));
#6495=AXIS2_PLACEMENT_3D('',#6492,#6493,#6494);
#6496=SPHERICAL_SURFACE('',#6495,0.005);
#6497=ORIENTED_EDGE('',*,*,#6441,.T.);
#6498=ORIENTED_EDGE('',*,*,#6423,.T.);
#6499=CARTESIAN_POINT('',(-37.002477839,91.952758509,161.653989489));
#6500=DIRECTION('',(-1.,0.,0.));
#6501=DIRECTION('',(-0.,-1.,0.));
#6502=AXIS2_PLACEMENT_3D('',#6499,#6500,#6501);
#6503=CIRCLE('',#6502,0.005);
#6504=EDGE_CURVE('NONE',#4021,#3800,#6503,.T.);
#6505=ORIENTED_EDGE('',*,*,#6504,.F.);
#6506=EDGE_LOOP('',(#6497,#6498,#6505));
#6507=FACE_BOUND('',#6506,.T.);
#6508=ADVANCED_FACE('NONE',(#6507),#6496,.T.);
#6509=CARTESIAN_POINT('',(-37.002477842,100.047758512,154.124209483));
#6510=DIRECTION('',(0.,1.,-0.));
#6511=DIRECTION('',(1.,-0.,-0.));
#6512=AXIS2_PLACEMENT_3D('',#6509,#6510,#6511);
#6513=CYLINDRICAL_SURFACE('',#6512,0.005);
#6514=ORIENTED_EDGE('',*,*,#6468,.T.);
#6515=ORIENTED_EDGE('',*,*,#4979,.F.);
#6516=CARTESIAN_POINT('',(-37.002477842,100.042758511,154.124209483));
#6517=DIRECTION('',(-0.000000051,1.,-0.));
#6518=DIRECTION('',(-1.,-0.000000051,0.));
#6519=AXIS2_PLACEMENT_3D('',#6516,#6517,#6518);
#6520=CIRCLE('',#6519,0.005);
#6521=EDGE_CURVE('NONE',#4163,#4968,#6520,.T.);
#6522=ORIENTED_EDGE('',*,*,#6521,.F.);
#6523=ORIENTED_EDGE('',*,*,#4168,.F.);
#6524=EDGE_LOOP('',(#6514,#6515,#6522,#6523));
#6525=FACE_BOUND('',#6524,.T.);
#6526=ADVANCED_FACE('NONE',(#6525),#6513,.T.);
#6527=CARTESIAN_POINT('',(-37.002477842,100.042758511,161.658989489));
#6528=DIRECTION('',(-0.,-0.,-1.));
#6529=DIRECTION('',(1.,-0.,-0.));
#6530=AXIS2_PLACEMENT_3D('',#6527,#6528,#6529);
#6531=CYLINDRICAL_SURFACE('',#6530,0.005);
#6532=CARTESIAN_POINT('',(-37.002477842,100.042758511,161.653989489));
#6533=DIRECTION('',(0.,0.,1.));
#6534=DIRECTION('',(0.105396307,0.994430298,-0.));
#6535=AXIS2_PLACEMENT_3D('',#6532,#6533,#6534);
#6536=CIRCLE('',#6535,0.005);
#6537=EDGE_CURVE('NONE',#4171,#4267,#6536,.T.);
#6538=ORIENTED_EDGE('',*,*,#6537,.F.);
#6539=ORIENTED_EDGE('',*,*,#4176,.F.);
#6540=CARTESIAN_POINT('',(-37.002477842,100.042758511,154.124209483));
#6541=DIRECTION('',(-0.,-0.,-1.));
#6542=DIRECTION('',(0.105396307,0.994430298,-0.));
#6543=AXIS2_PLACEMENT_3D('',#6540,#6541,#6542);
#6544=CIRCLE('',#6543,0.005);
#6545=EDGE_CURVE('NONE',#4275,#4163,#6544,.T.);
#6546=ORIENTED_EDGE('',*,*,#6545,.F.);
#6547=ORIENTED_EDGE('',*,*,#4280,.F.);
#6548=EDGE_LOOP('',(#6538,#6539,#6546,#6547));
#6549=FACE_BOUND('',#6548,.T.);
#6550=ADVANCED_FACE('NONE',(#6549),#6531,.T.);
#6551=CARTESIAN_POINT('',(-37.002477842,100.042758511,161.653989489));
#6552=DIRECTION('',(-0.,-0.,-1.));
#6553=DIRECTION('',(-0.,-1.,0.));
#6554=AXIS2_PLACEMENT_3D('',#6551,#6552,#6553);
#6555=SPHERICAL_SURFACE('',#6554,0.005);
#6556=ORIENTED_EDGE('',*,*,#6486,.T.);
#6557=ORIENTED_EDGE('',*,*,#6537,.T.);
#6558=CARTESIAN_POINT('',(-37.002477842,100.042758508,161.653989489));
#6559=DIRECTION('',(-1.,0.,0.));
#6560=DIRECTION('',(0.,1.,-0.));
#6561=AXIS2_PLACEMENT_3D('',#6558,#6559,#6560);
#6562=CIRCLE('',#6561,0.005);
#6563=EDGE_CURVE('NONE',#3776,#4267,#6562,.T.);
#6564=ORIENTED_EDGE('',*,*,#6563,.F.);
#6565=EDGE_LOOP('',(#6556,#6557,#6564));
#6566=FACE_BOUND('',#6565,.T.);
#6567=ADVANCED_FACE('NONE',(#6566),#6555,.T.);
#6568=CARTESIAN_POINT('',(-41.497477839,91.952758509,161.653989489));
#6569=DIRECTION('',(-1.,0.,0.));
#6570=DIRECTION('',(0.,1.,-0.));
#6571=AXIS2_PLACEMENT_3D('',#6568,#6569,#6570);
#6572=CYLINDRICAL_SURFACE('',#6571,0.005);
#6573=ORIENTED_EDGE('',*,*,#6504,.T.);
#6574=ORIENTED_EDGE('',*,*,#3805,.F.);
#6575=CARTESIAN_POINT('',(-41.397477839,91.94775851,161.653989489));
#6576=CARTESIAN_POINT('',(-41.397477839,91.94775851,161.654578745));
#6577=CARTESIAN_POINT('',(-41.397370446,91.947865903,161.655214478));
#6578=CARTESIAN_POINT('',(-41.397126781,91.948109568,161.655829963));
#6579=CARTESIAN_POINT('',(-41.396883116,91.948353233,161.656445448));
#6580=CARTESIAN_POINT('',(-41.396501528,91.948734819,161.657036868));
#6581=CARTESIAN_POINT('',(-41.396013373,91.949222975,161.657525023));
#6582=CARTESIAN_POINT('',(-41.395525218,91.949711132,161.658013179));
#6583=CARTESIAN_POINT('',(-41.394933797,91.950302552,161.658394766));
#6584=CARTESIAN_POINT('',(-41.394318313,91.950918036,161.658638431));
#6585=CARTESIAN_POINT('',(-41.393702828,91.951533521,161.658882095));
#6586=CARTESIAN_POINT('',(-41.393067093,91.952169254,161.658989489));
#6587=CARTESIAN_POINT('',(-41.39247784,91.95275851,161.658989489));
#6588=B_SPLINE_CURVE_WITH_KNOTS('',3,(#6575,#6576,#6577,#6578,#6579,#6580,#6581,#6582,#6583,#6584,#6585,#6586,#6587),.UNSPECIFIED.,.F.,.F.,(4,3,3,3,4),(0.,0.392699082,0.785398164,1.178097245,1.570796327),.UNSPECIFIED.);
#6589=EDGE_CURVE('NONE',#4029,#3792,#6588,.T.);
#6590=ORIENTED_EDGE('',*,*,#6589,.F.);
#6591=ORIENTED_EDGE('',*,*,#4034,.F.);
#6592=EDGE_LOOP('',(#6573,#6574,#6590,#6591));
#6593=FACE_BOUND('',#6592,.T.);
#6594=ADVANCED_FACE('NONE',(#6593),#6572,.T.);
#6595=CARTESIAN_POINT('',(-37.002477842,100.042758511,154.124209483));
#6596=DIRECTION('',(-0.,-0.,-1.));
#6597=DIRECTION('',(-0.,-1.,0.));
#6598=AXIS2_PLACEMENT_3D('',#6595,#6596,#6597);
#6599=SPHERICAL_SURFACE('',#6598,0.005);
#6600=ORIENTED_EDGE('',*,*,#6545,.T.);
#6601=ORIENTED_EDGE('',*,*,#6521,.T.);
#6602=CARTESIAN_POINT('',(-37.002477842,100.042758507,154.124209483));
#6603=DIRECTION('',(-1.,0.,0.));
#6604=DIRECTION('',(-0.,-1.,0.));
#6605=AXIS2_PLACEMENT_3D('',#6602,#6603,#6604);
#6606=CIRCLE('',#6605,0.005);
#6607=EDGE_CURVE('NONE',#4275,#4968,#6606,.T.);
#6608=ORIENTED_EDGE('',*,*,#6607,.F.);
#6609=EDGE_LOOP('',(#6600,#6601,#6608));
#6610=FACE_BOUND('',#6609,.T.);
#6611=ADVANCED_FACE('NONE',(#6610),#6599,.T.);
#6612=CARTESIAN_POINT('',(-45.997477842,100.042758508,161.653989489));
#6613=DIRECTION('',(1.,-0.,-0.));
#6614=DIRECTION('',(-0.,-1.,0.));
#6615=AXIS2_PLACEMENT_3D('',#6612,#6613,#6614);
#6616=CYLINDRICAL_SURFACE('',#6615,0.005);
#6617=ORIENTED_EDGE('',*,*,#6563,.T.);
#6618=ORIENTED_EDGE('',*,*,#4272,.F.);
#6619=CARTESIAN_POINT('',(-41.392477842,100.04275851,161.653989489));
#6620=DIRECTION('',(-1.,-0.,0.));
#6621=DIRECTION('',(0.,-1.,0.));
#6622=AXIS2_PLACEMENT_3D('',#6619,#6620,#6621);
#6623=CIRCLE('',#6622,0.005);
#6624=EDGE_CURVE('NONE',#3784,#4259,#6623,.T.);
#6625=ORIENTED_EDGE('',*,*,#6624,.F.);
#6626=ORIENTED_EDGE('',*,*,#3789,.F.);
#6627=EDGE_LOOP('',(#6617,#6618,#6625,#6626));
#6628=FACE_BOUND('',#6627,.T.);
#6629=ADVANCED_FACE('NONE',(#6628),#6616,.T.);
#6630=CARTESIAN_POINT('',(-41.392477839,91.94775851,161.653989489));
#6631=DIRECTION('',(-0.,-1.,0.));
#6632=DIRECTION('',(-1.,0.,0.));
#6633=AXIS2_PLACEMENT_3D('',#6630,#6631,#6632);
#6634=CYLINDRICAL_SURFACE('',#6633,0.005);
#6635=ORIENTED_EDGE('',*,*,#6589,.T.);
#6636=ORIENTED_EDGE('',*,*,#3797,.F.);
#6637=CARTESIAN_POINT('',(-41.392477842,100.04275851,161.653989489));
#6638=DIRECTION('',(-0.000000041,1.,-0.));
#6639=DIRECTION('',(1.,0.000000041,-0.));
#6640=AXIS2_PLACEMENT_3D('',#6637,#6638,#6639);
#6641=CIRCLE('',#6640,0.005);
#6642=EDGE_CURVE('NONE',#5224,#3784,#6641,.T.);
#6643=ORIENTED_EDGE('',*,*,#6642,.F.);
#6644=ORIENTED_EDGE('',*,*,#5229,.F.);
#6645=EDGE_LOOP('',(#6635,#6636,#6643,#6644));
#6646=FACE_BOUND('',#6645,.T.);
#6647=ADVANCED_FACE('NONE',(#6646),#6634,.T.);
#6648=CARTESIAN_POINT('',(-41.492477842,100.047758509,154.114209483));
#6649=DIRECTION('',(0.,1.,-0.));
#6650=DIRECTION('',(1.,-0.,-0.));
#6651=AXIS2_PLACEMENT_3D('',#6648,#6649,#6650);
#6652=CYLINDRICAL_SURFACE('',#6651,0.005);
#6653=ORIENTED_EDGE('',*,*,#4918,.F.);
#6654=ORIENTED_EDGE('',*,*,#3876,.F.);
#6655=CARTESIAN_POINT('',(-41.492477842,100.04275851,154.114209483));
#6656=DIRECTION('',(0.,-1.,-0.));
#6657=DIRECTION('',(1.,0.,-0.));
#6658=AXIS2_PLACEMENT_3D('',#6655,#6656,#6657);
#6659=CIRCLE('',#6658,0.005);
#6660=EDGE_CURVE('NONE',#4960,#3869,#6659,.T.);
#6661=ORIENTED_EDGE('',*,*,#6660,.F.);
#6662=ORIENTED_EDGE('',*,*,#4965,.F.);
#6663=EDGE_LOOP('',(#6653,#6654,#6661,#6662));
#6664=FACE_BOUND('',#6663,.T.);
#6665=ADVANCED_FACE('NONE',(#6664),#6652,.F.);
#6666=CARTESIAN_POINT('',(-49.746373915,100.042758507,154.124209483));
#6667=DIRECTION('',(-1.,0.,0.));
#6668=DIRECTION('',(0.,1.,-0.));
#6669=AXIS2_PLACEMENT_3D('',#6666,#6667,#6668);
#6670=CYLINDRICAL_SURFACE('',#6669,0.005);
#6671=ORIENTED_EDGE('',*,*,#6607,.T.);
#6672=ORIENTED_EDGE('',*,*,#4973,.F.);
#6673=CARTESIAN_POINT('',(-41.492477842,100.04275851,154.124209483));
#6674=DIRECTION('',(-1.,0.,0.));
#6675=DIRECTION('',(0.,1.,-0.));
#6676=AXIS2_PLACEMENT_3D('',#6673,#6674,#6675);
#6677=CIRCLE('',#6676,0.005);
#6678=EDGE_CURVE('NONE',#4241,#4960,#6677,.T.);
#6679=ORIENTED_EDGE('',*,*,#6678,.F.);
#6680=ORIENTED_EDGE('',*,*,#4286,.F.);
#6681=EDGE_LOOP('',(#6671,#6672,#6679,#6680));
#6682=FACE_BOUND('',#6681,.T.);
#6683=ADVANCED_FACE('NONE',(#6682),#6670,.T.);
#6684=CARTESIAN_POINT('',(-41.392477842,100.04275851,161.653989489));
#6685=DIRECTION('',(-0.,-0.,-1.));
#6686=DIRECTION('',(-0.,-1.,0.));
#6687=AXIS2_PLACEMENT_3D('',#6684,#6685,#6686);
#6688=SPHERICAL_SURFACE('',#6687,0.005);
#6689=ORIENTED_EDGE('',*,*,#6642,.T.);
#6690=ORIENTED_EDGE('',*,*,#6624,.T.);
#6691=CARTESIAN_POINT('',(-41.392477842,100.04275851,161.653989489));
#6692=DIRECTION('',(-0.,-0.,-1.));
#6693=DIRECTION('',(0.105396307,0.994430298,-0.));
#6694=AXIS2_PLACEMENT_3D('',#6691,#6692,#6693);
#6695=CIRCLE('',#6694,0.005);
#6696=EDGE_CURVE('NONE',#5224,#4259,#6695,.T.);
#6697=ORIENTED_EDGE('',*,*,#6696,.F.);
#6698=EDGE_LOOP('',(#6689,#6690,#6697));
#6699=FACE_BOUND('',#6698,.T.);
#6700=ADVANCED_FACE('NONE',(#6699),#6688,.T.);
#6701=CARTESIAN_POINT('',(-41.492477842,100.04275851,154.124209483));
#6702=DIRECTION('',(1.,-0.,-0.));
#6703=DIRECTION('',(-0.,-1.,0.));
#6704=AXIS2_PLACEMENT_3D('',#6701,#6702,#6703);
#6705=TOROIDAL_SURFACE('',#6704,0.01,0.005);
#6706=ORIENTED_EDGE('',*,*,#6660,.T.);
#6707=ORIENTED_EDGE('',*,*,#3948,.T.);
#6708=CARTESIAN_POINT('',(-41.492477842,100.05275851,154.124209483));
#6709=DIRECTION('',(-0.,-0.,-1.));
#6710=DIRECTION('',(-0.105396307,-0.994430298,0.));
#6711=AXIS2_PLACEMENT_3D('',#6708,#6709,#6710);
#6712=CIRCLE('',#6711,0.005);
#6713=EDGE_CURVE('NONE',#4241,#3936,#6712,.T.);
#6714=ORIENTED_EDGE('',*,*,#6713,.F.);
#6715=ORIENTED_EDGE('',*,*,#6678,.T.);
#6716=EDGE_LOOP('',(#6706,#6707,#6714,#6715));
#6717=FACE_BOUND('',#6716,.T.);
#6718=ADVANCED_FACE('NONE',(#6717),#6705,.F.);
#6719=CARTESIAN_POINT('',(-41.392477842,100.04275851,161.658989489));
#6720=DIRECTION('',(-0.,-0.,-1.));
#6721=DIRECTION('',(1.,-0.,-0.));
#6722=AXIS2_PLACEMENT_3D('',#6719,#6720,#6721);
#6723=CYLINDRICAL_SURFACE('',#6722,0.005);
#6724=ORIENTED_EDGE('',*,*,#6696,.T.);
#6725=ORIENTED_EDGE('',*,*,#4264,.F.);
#6726=CARTESIAN_POINT('',(-41.397477842,100.04275851,161.558989489));
#6727=CARTESIAN_POINT('',(-41.397477842,100.043347766,161.558989489));
#6728=CARTESIAN_POINT('',(-41.397370449,100.043983499,161.558882095));
#6729=CARTESIAN_POINT('',(-41.397126784,100.044598983,161.55863843));
#6730=CARTESIAN_POINT('',(-41.396883119,100.045214467,161.558394765));
#6731=CARTESIAN_POINT('',(-41.396501532,100.045805888,161.558013177));
#6732=CARTESIAN_POINT('',(-41.396013376,100.046294043,161.557525022));
#6733=CARTESIAN_POINT('',(-41.395525221,100.046782198,161.557036867));
#6734=CARTESIAN_POINT('',(-41.3949338,100.047163785,161.556445447));
#6735=CARTESIAN_POINT('',(-41.394318315,100.04740745,161.555829962));
#6736=CARTESIAN_POINT('',(-41.393702831,100.047651114,161.555214478));
#6737=CARTESIAN_POINT('',(-41.393067098,100.047758508,161.554578745));
#6738=CARTESIAN_POINT('',(-41.392477842,100.047758508,161.553989489));
#6739=B_SPLINE_CURVE_WITH_KNOTS('',3,(#6726,#6727,#6728,#6729,#6730,#6731,#6732,#6733,#6734,#6735,#6736,#6737,#6738),.UNSPECIFIED.,.F.,.F.,(4,3,3,3,4),(0.,0.392699082,0.785398164,1.178097245,1.570796327),.UNSPECIFIED.);
#6740=EDGE_CURVE('NONE',#5232,#4251,#6739,.T.);
#6741=ORIENTED_EDGE('',*,*,#6740,.F.);
#6742=ORIENTED_EDGE('',*,*,#5237,.F.);
#6743=EDGE_LOOP('',(#6724,#6725,#6741,#6742));
#6744=FACE_BOUND('',#6743,.T.);
#6745=ADVANCED_FACE('NONE',(#6744),#6723,.T.);
#6746=CARTESIAN_POINT('',(-41.492477842,100.05275851,149.258989489));
#6747=DIRECTION('',(0.,0.,1.));
#6748=DIRECTION('',(-1.,0.,0.));
#6749=AXIS2_PLACEMENT_3D('',#6746,#6747,#6748);
#6750=CYLINDRICAL_SURFACE('',#6749,0.005);
#6751=ORIENTED_EDGE('',*,*,#6713,.T.);
#6752=ORIENTED_EDGE('',*,*,#3941,.F.);
#6753=CARTESIAN_POINT('',(-41.492477842,100.05275851,161.553989489));
#6754=DIRECTION('',(-0.,-0.,-1.));
#6755=DIRECTION('',(0.105396307,0.994430298,-0.));
#6756=AXIS2_PLACEMENT_3D('',#6753,#6754,#6755);
#6757=CIRCLE('',#6756,0.005);
#6758=EDGE_CURVE('NONE',#4243,#3927,#6757,.T.);
#6759=ORIENTED_EDGE('',*,*,#6758,.F.);
#6760=ORIENTED_EDGE('',*,*,#4248,.F.);
#6761=EDGE_LOOP('',(#6751,#6752,#6759,#6760));
#6762=FACE_BOUND('',#6761,.T.);
#6763=ADVANCED_FACE('NONE',(#6762),#6750,.F.);
#6764=CARTESIAN_POINT('',(-45.997477842,100.042758508,161.553989489));
#6765=DIRECTION('',(-1.,0.,0.));
#6766=DIRECTION('',(0.,1.,-0.));
#6767=AXIS2_PLACEMENT_3D('',#6764,#6765,#6766);
#6768=CYLINDRICAL_SURFACE('',#6767,0.005);
#6769=ORIENTED_EDGE('',*,*,#6740,.T.);
#6770=ORIENTED_EDGE('',*,*,#4256,.F.);
#6771=CARTESIAN_POINT('',(-41.492477842,100.04275851,161.553989489));
#6772=DIRECTION('',(-1.,0.,0.));
#6773=DIRECTION('',(0.,1.,-0.));
#6774=AXIS2_PLACEMENT_3D('',#6771,#6772,#6773);
#6775=CIRCLE('',#6774,0.005);
#6776=EDGE_CURVE('NONE',#5255,#4243,#6775,.T.);
#6777=ORIENTED_EDGE('',*,*,#6776,.F.);
#6778=ORIENTED_EDGE('',*,*,#5260,.F.);
#6779=EDGE_LOOP('',(#6769,#6770,#6777,#6778));
#6780=FACE_BOUND('',#6779,.T.);
#6781=ADVANCED_FACE('NONE',(#6780),#6768,.T.);
#6782=CARTESIAN_POINT('',(-41.492477842,100.04275851,161.553989489));
#6783=DIRECTION('',(1.,-0.,-0.));
#6784=DIRECTION('',(-0.,-1.,0.));
#6785=AXIS2_PLACEMENT_3D('',#6782,#6783,#6784);
#6786=TOROIDAL_SURFACE('',#6785,0.01,0.005);
#6787=ORIENTED_EDGE('',*,*,#6758,.T.);
#6788=ORIENTED_EDGE('',*,*,#3933,.T.);
#6789=CARTESIAN_POINT('',(-41.492477841,100.04275851,161.563989489));
#6790=DIRECTION('',(0.,1.,-0.));
#6791=DIRECTION('',(-1.,0.,0.));
#6792=AXIS2_PLACEMENT_3D('',#6789,#6790,#6791);
#6793=CIRCLE('',#6792,0.005);
#6794=EDGE_CURVE('NONE',#5255,#3919,#6793,.T.);
#6795=ORIENTED_EDGE('',*,*,#6794,.F.);
#6796=ORIENTED_EDGE('',*,*,#6776,.T.);
#6797=EDGE_LOOP('',(#6787,#6788,#6795,#6796));
#6798=FACE_BOUND('',#6797,.T.);
#6799=ADVANCED_FACE('NONE',(#6798),#6786,.F.);
#6800=CARTESIAN_POINT('',(-41.492477841,95.99775851,161.563989489));
#6801=DIRECTION('',(0.,1.,-0.));
#6802=DIRECTION('',(1.,-0.,-0.));
#6803=AXIS2_PLACEMENT_3D('',#6800,#6801,#6802);
#6804=CYLINDRICAL_SURFACE('',#6803,0.005);
#6805=ORIENTED_EDGE('',*,*,#6794,.T.);
#6806=ORIENTED_EDGE('',*,*,#3924,.F.);
#6807=ORIENTED_EDGE('',*,*,#4057,.F.);
#6808=ORIENTED_EDGE('',*,*,#5266,.F.);
#6809=EDGE_LOOP('',(#6805,#6806,#6807,#6808));
#6810=FACE_BOUND('',#6809,.T.);
#6811=ADVANCED_FACE('NONE',(#6810),#6804,.F.);
#6812=CARTESIAN_POINT('',(-37.00247784,93.947758512,157.653989489));
#6813=DIRECTION('',(-0.,-1.,0.));
#6814=DIRECTION('',(-1.,0.,0.));
#6815=AXIS2_PLACEMENT_3D('',#6812,#6813,#6814);
#6816=CYLINDRICAL_SURFACE('',#6815,0.005);
#6817=CARTESIAN_POINT('',(-36.99747784,92.942758511,157.653989489));
#6818=CARTESIAN_POINT('',(-36.99747784,92.943347767,157.654578745));
#6819=CARTESIAN_POINT('',(-36.997585233,92.9439835,157.655214478));
#6820=CARTESIAN_POINT('',(-36.997828898,92.944598985,157.655829963));
#6821=CARTESIAN_POINT('',(-36.998072563,92.94521447,157.656445448));
#6822=CARTESIAN_POINT('',(-36.99845415,92.94580589,157.657036868));
#6823=CARTESIAN_POINT('',(-36.998942306,92.946294046,157.657525023));
#6824=CARTESIAN_POINT('',(-36.999430462,92.946782201,157.658013178));
#6825=CARTESIAN_POINT('',(-37.000021881,92.947163788,157.658394767));
#6826=CARTESIAN_POINT('',(-37.000637366,92.947407453,157.658638431));
#6827=CARTESIAN_POINT('',(-37.00125285,92.947651118,157.658882095));
#6828=CARTESIAN_POINT('',(-37.001888583,92.947758512,157.658989489));
#6829=CARTESIAN_POINT('',(-37.002477839,92.947758512,157.658989489));
#6830=B_SPLINE_CURVE_WITH_KNOTS('',3,(#6817,#6818,#6819,#6820,#6821,#6822,#6823,#6824,#6825,#6826,#6827,#6828,#6829),.UNSPECIFIED.,.F.,.F.,(4,3,3,3,4),(4.71238898,5.105088062,5.497787144,5.890486225,6.283185307),.UNSPECIFIED.);
#6831=EDGE_CURVE('NONE',#4069,#5751,#6830,.T.);
#6832=ORIENTED_EDGE('',*,*,#6831,.F.);
#6833=ORIENTED_EDGE('',*,*,#4098,.F.);
#6834=CARTESIAN_POINT('',(-37.00247784,93.947758511,157.658989489));
#6835=CARTESIAN_POINT('',(-37.001888584,93.947758511,157.658989489));
#6836=CARTESIAN_POINT('',(-37.001252851,93.947865905,157.658882095));
#6837=CARTESIAN_POINT('',(-37.000637366,93.94810957,157.658638431));
#6838=CARTESIAN_POINT('',(-37.000021881,93.948353235,157.658394767));
#6839=CARTESIAN_POINT('',(-36.999430462,93.948734821,157.658013178));
#6840=CARTESIAN_POINT('',(-36.998942306,93.949222977,157.657525023));
#6841=CARTESIAN_POINT('',(-36.99845415,93.949711133,157.657036868));
#6842=CARTESIAN_POINT('',(-36.998072563,93.950302553,157.656445448));
#6843=CARTESIAN_POINT('',(-36.997828898,93.950918038,157.655829963));
#6844=CARTESIAN_POINT('',(-36.997585233,93.951533523,157.655214478));
#6845=CARTESIAN_POINT('',(-36.99747784,93.952169256,157.654578745));
#6846=CARTESIAN_POINT('',(-36.99747784,93.952758512,157.653989489));
#6847=B_SPLINE_CURVE_WITH_KNOTS('',3,(#6834,#6835,#6836,#6837,#6838,#6839,#6840,#6841,#6842,#6843,#6844,#6845,#6846),.UNSPECIFIED.,.F.,.F.,(4,3,3,3,4),(0.,0.392699082,0.785398164,1.178097245,1.570796327),.UNSPECIFIED.);
#6848=EDGE_CURVE('NONE',#5711,#4087,#6847,.T.);
#6849=ORIENTED_EDGE('',*,*,#6848,.F.);
#6850=ORIENTED_EDGE('',*,*,#5762,.F.);
#6851=EDGE_LOOP('',(#6832,#6833,#6849,#6850));
#6852=FACE_BOUND('',#6851,.T.);
#6853=ADVANCED_FACE('NONE',(#6852),#6816,.T.);
#6854=CARTESIAN_POINT('',(-37.00247784,93.952758511,157.658989489));
#6855=DIRECTION('',(-0.,-0.,-1.));
#6856=DIRECTION('',(0.,1.,-0.));
#6857=AXIS2_PLACEMENT_3D('',#6854,#6855,#6856);
#6858=CYLINDRICAL_SURFACE('',#6857,0.005);
#6859=ORIENTED_EDGE('',*,*,#6848,.T.);
#6860=ORIENTED_EDGE('',*,*,#4092,.F.);
#6861=CARTESIAN_POINT('',(-37.00247784,93.947758512,159.658989489));
#6862=CARTESIAN_POINT('',(-37.001888584,93.947758512,159.658989489));
#6863=CARTESIAN_POINT('',(-37.001252851,93.947865906,159.659096883));
#6864=CARTESIAN_POINT('',(-37.000637366,93.94810957,159.659340548));
#6865=CARTESIAN_POINT('',(-37.000021882,93.948353234,159.659584212));
#6866=CARTESIAN_POINT('',(-36.999430461,93.948734822,159.6599658));
#6867=CARTESIAN_POINT('',(-36.998942306,93.949222977,159.660453955));
#6868=CARTESIAN_POINT('',(-36.998454151,93.949711133,159.66094211));
#6869=CARTESIAN_POINT('',(-36.998072563,93.950302553,159.661533531));
#6870=CARTESIAN_POINT('',(-36.997828899,93.950918038,159.662149015));
#6871=CARTESIAN_POINT('',(-36.997585234,93.951533523,159.662764499));
#6872=CARTESIAN_POINT('',(-36.99747784,93.952169256,159.663400233));
#6873=CARTESIAN_POINT('',(-36.99747784,93.952758512,159.663989489));
#6874=B_SPLINE_CURVE_WITH_KNOTS('',3,(#6861,#6862,#6863,#6864,#6865,#6866,#6867,#6868,#6869,#6870,#6871,#6872,#6873),.UNSPECIFIED.,.F.,.F.,(4,3,3,3,4),(3.141592654,3.534291736,3.926990817,4.319689899,4.71238898),.UNSPECIFIED.);
#6875=EDGE_CURVE('NONE',#5719,#4079,#6874,.T.);
#6876=ORIENTED_EDGE('',*,*,#6875,.F.);
#6877=ORIENTED_EDGE('',*,*,#5724,.F.);
#6878=EDGE_LOOP('',(#6859,#6860,#6876,#6877));
#6879=FACE_BOUND('',#6878,.T.);
#6880=ADVANCED_FACE('NONE',(#6879),#6858,.T.);
#6881=CARTESIAN_POINT('',(-37.00247784,92.942758512,157.658989489));
#6882=DIRECTION('',(0.,0.,1.));
#6883=DIRECTION('',(-1.,0.,0.));
#6884=AXIS2_PLACEMENT_3D('',#6881,#6882,#6883);
#6885=CYLINDRICAL_SURFACE('',#6884,0.005);
#6886=ORIENTED_EDGE('',*,*,#6831,.T.);
#6887=ORIENTED_EDGE('',*,*,#5793,.F.);
#6888=CARTESIAN_POINT('',(-36.99747784,92.942758511,159.663989489));
#6889=CARTESIAN_POINT('',(-36.99747784,92.943347767,159.663400233));
#6890=CARTESIAN_POINT('',(-36.997585234,92.9439835,159.6627645));
#6891=CARTESIAN_POINT('',(-36.997828899,92.944598985,159.662149016));
#6892=CARTESIAN_POINT('',(-36.998072563,92.945214471,159.661533531));
#6893=CARTESIAN_POINT('',(-36.998454151,92.94580589,159.660942111));
#6894=CARTESIAN_POINT('',(-36.998942306,92.946294045,159.660453955));
#6895=CARTESIAN_POINT('',(-36.999430462,92.946782201,159.6599658));
#6896=CARTESIAN_POINT('',(-37.000021882,92.947163788,159.659584213));
#6897=CARTESIAN_POINT('',(-37.000637366,92.947407453,159.659340548));
#6898=CARTESIAN_POINT('',(-37.00125285,92.947651118,159.659096883));
#6899=CARTESIAN_POINT('',(-37.001888582,92.947758512,159.658989489));
#6900=CARTESIAN_POINT('',(-37.00247784,92.947758511,159.658989489));
#6901=B_SPLINE_CURVE_WITH_KNOTS('',3,(#6888,#6889,#6890,#6891,#6892,#6893,#6894,#6895,#6896,#6897,#6898,#6899,#6900),.UNSPECIFIED.,.F.,.F.,(4,3,3,3,4),(4.71238898,5.105088062,5.497787144,5.890486225,6.283185307),.UNSPECIFIED.);
#6902=EDGE_CURVE('NONE',#4071,#5782,#6901,.T.);
#6903=ORIENTED_EDGE('',*,*,#6902,.F.);
#6904=ORIENTED_EDGE('',*,*,#4076,.F.);
#6905=EDGE_LOOP('',(#6886,#6887,#6903,#6904));
#6906=FACE_BOUND('',#6905,.T.);
#6907=ADVANCED_FACE('NONE',(#6906),#6885,.T.);
#6908=CARTESIAN_POINT('',(-37.00247784,93.947758512,159.663989489));
#6909=DIRECTION('',(0.,1.,-0.));
#6910=DIRECTION('',(1.,-0.,-0.));
#6911=AXIS2_PLACEMENT_3D('',#6908,#6909,#6910);
#6912=CYLINDRICAL_SURFACE('',#6911,0.005);
#6913=ORIENTED_EDGE('',*,*,#6875,.T.);
#6914=ORIENTED_EDGE('',*,*,#4084,.F.);
#6915=ORIENTED_EDGE('',*,*,#6902,.T.);
#6916=ORIENTED_EDGE('',*,*,#5815,.F.);
#6917=EDGE_LOOP('',(#6913,#6914,#6915,#6916));
#6918=FACE_BOUND('',#6917,.T.);
#6919=ADVANCED_FACE('NONE',(#6918),#6912,.T.);
#6920=CARTESIAN_POINT('',(-37.002477841,99.047758511,157.653989489));
#6921=DIRECTION('',(-0.,-1.,0.));
#6922=DIRECTION('',(-1.,0.,0.));
#6923=AXIS2_PLACEMENT_3D('',#6920,#6921,#6922);
#6924=CYLINDRICAL_SURFACE('',#6923,0.005);
#6925=CARTESIAN_POINT('',(-36.997477841,98.042758511,157.653989489));
#6926=CARTESIAN_POINT('',(-36.997477841,98.043347767,157.654578745));
#6927=CARTESIAN_POINT('',(-36.997585235,98.0439835,157.655214478));
#6928=CARTESIAN_POINT('',(-36.997828899,98.044598985,157.655829963));
#6929=CARTESIAN_POINT('',(-36.998072564,98.045214469,157.656445448));
#6930=CARTESIAN_POINT('',(-36.998454151,98.04580589,157.657036868));
#6931=CARTESIAN_POINT('',(-36.998942307,98.046294046,157.657525023));
#6932=CARTESIAN_POINT('',(-36.999430463,98.046782202,157.658013178));
#6933=CARTESIAN_POINT('',(-37.000021883,98.047163789,157.658394767));
#6934=CARTESIAN_POINT('',(-37.000637368,98.047407453,157.658638431));
#6935=CARTESIAN_POINT('',(-37.001252852,98.047651118,157.658882095));
#6936=CARTESIAN_POINT('',(-37.001888585,98.047758512,157.658989489));
#6937=CARTESIAN_POINT('',(-37.002477841,98.047758512,157.658989489));
#6938=B_SPLINE_CURVE_WITH_KNOTS('',3,(#6925,#6926,#6927,#6928,#6929,#6930,#6931,#6932,#6933,#6934,#6935,#6936,#6937),.UNSPECIFIED.,.F.,.F.,(4,3,3,3,4),(4.71238898,5.105088062,5.497787144,5.890486225,6.283185307),.UNSPECIFIED.);
#6939=EDGE_CURVE('NONE',#4103,#5627,#6938,.T.);
#6940=ORIENTED_EDGE('',*,*,#6939,.F.);
#6941=ORIENTED_EDGE('',*,*,#4132,.F.);
#6942=CARTESIAN_POINT('',(-37.002477841,99.047758512,157.658989489));
#6943=CARTESIAN_POINT('',(-37.001888586,99.047758512,157.658989489));
#6944=CARTESIAN_POINT('',(-37.001252853,99.047865905,157.658882095));
#6945=CARTESIAN_POINT('',(-37.000637368,99.04810957,157.658638431));
#6946=CARTESIAN_POINT('',(-37.000021883,99.048353235,157.658394767));
#6947=CARTESIAN_POINT('',(-36.999430463,99.048734822,157.658013178));
#6948=CARTESIAN_POINT('',(-36.998942308,99.049222977,157.657525023));
#6949=CARTESIAN_POINT('',(-36.998454153,99.049711133,157.657036868));
#6950=CARTESIAN_POINT('',(-36.998072565,99.050302553,157.656445448));
#6951=CARTESIAN_POINT('',(-36.9978289,99.050918038,157.655829963));
#6952=CARTESIAN_POINT('',(-36.997585235,99.051533523,157.655214478));
#6953=CARTESIAN_POINT('',(-36.997477842,99.052169256,157.654578745));
#6954=CARTESIAN_POINT('',(-36.997477842,99.052758511,157.653989489));
#6955=B_SPLINE_CURVE_WITH_KNOTS('',3,(#6942,#6943,#6944,#6945,#6946,#6947,#6948,#6949,#6950,#6951,#6952,#6953,#6954),.UNSPECIFIED.,.F.,.F.,(4,3,3,3,4),(0.,0.392699082,0.785398164,1.178097245,1.570796327),.UNSPECIFIED.);
#6956=EDGE_CURVE('NONE',#5587,#4121,#6955,.T.);
#6957=ORIENTED_EDGE('',*,*,#6956,.F.);
#6958=ORIENTED_EDGE('',*,*,#5638,.F.);
#6959=EDGE_LOOP('',(#6940,#6941,#6957,#6958));
#6960=FACE_BOUND('',#6959,.T.);
#6961=ADVANCED_FACE('NONE',(#6960),#6924,.T.);
#6962=CARTESIAN_POINT('',(-37.002477842,99.052758512,157.658989489));
#6963=DIRECTION('',(-0.,-0.,-1.));
#6964=DIRECTION('',(0.,1.,-0.));
#6965=AXIS2_PLACEMENT_3D('',#6962,#6963,#6964);
#6966=CYLINDRICAL_SURFACE('',#6965,0.005);
#6967=ORIENTED_EDGE('',*,*,#6956,.T.);
#6968=ORIENTED_EDGE('',*,*,#4126,.F.);
#6969=CARTESIAN_POINT('',(-37.002477841,99.047758511,159.658989489));
#6970=CARTESIAN_POINT('',(-37.001888586,99.047758512,159.658989489));
#6971=CARTESIAN_POINT('',(-37.001252853,99.047865906,159.659096883));
#6972=CARTESIAN_POINT('',(-37.000637368,99.04810957,159.659340547));
#6973=CARTESIAN_POINT('',(-37.000021884,99.048353235,159.659584212));
#6974=CARTESIAN_POINT('',(-36.999430463,99.048734822,159.6599658));
#6975=CARTESIAN_POINT('',(-36.998942308,99.049222977,159.660453955));
#6976=CARTESIAN_POINT('',(-36.998454153,99.049711133,159.66094211));
#6977=CARTESIAN_POINT('',(-36.998072565,99.050302554,159.661533531));
#6978=CARTESIAN_POINT('',(-36.9978289,99.050918038,159.662149015));
#6979=CARTESIAN_POINT('',(-36.997585236,99.051533523,159.662764499));
#6980=CARTESIAN_POINT('',(-36.997477841,99.052169256,159.663400233));
#6981=CARTESIAN_POINT('',(-36.997477841,99.052758511,159.663989489));
#6982=B_SPLINE_CURVE_WITH_KNOTS('',3,(#6969,#6970,#6971,#6972,#6973,#6974,#6975,#6976,#6977,#6978,#6979,#6980,#6981),.UNSPECIFIED.,.F.,.F.,(4,3,3,3,4),(3.141592654,3.534291736,3.926990817,4.319689899,4.71238898),.UNSPECIFIED.);
#6983=EDGE_CURVE('NONE',#5595,#4113,#6982,.T.);
#6984=ORIENTED_EDGE('',*,*,#6983,.F.);
#6985=ORIENTED_EDGE('',*,*,#5600,.F.);
#6986=EDGE_LOOP('',(#6967,#6968,#6984,#6985));
#6987=FACE_BOUND('',#6986,.T.);
#6988=ADVANCED_FACE('NONE',(#6987),#6966,.T.);
#6989=CARTESIAN_POINT('',(-37.002477841,98.042758512,157.658989489));
#6990=DIRECTION('',(0.,0.,1.));
#6991=DIRECTION('',(-0.,-1.,0.));
#6992=AXIS2_PLACEMENT_3D('',#6989,#6990,#6991);
#6993=CYLINDRICAL_SURFACE('',#6992,0.005);
#6994=ORIENTED_EDGE('',*,*,#6939,.T.);
#6995=ORIENTED_EDGE('',*,*,#5669,.F.);
#6996=CARTESIAN_POINT('',(-36.997477841,98.042758511,159.663989489));
#6997=CARTESIAN_POINT('',(-36.997477841,98.043347767,159.663400233));
#6998=CARTESIAN_POINT('',(-36.997585235,98.0439835,159.6627645));
#6999=CARTESIAN_POINT('',(-36.9978289,98.044598985,159.662149015));
#7000=CARTESIAN_POINT('',(-36.998072565,98.045214469,159.661533531));
#7001=CARTESIAN_POINT('',(-36.998454152,98.04580589,159.660942111));
#7002=CARTESIAN_POINT('',(-36.998942308,98.046294046,159.660453955));
#7003=CARTESIAN_POINT('',(-36.999430463,98.046782201,159.6599658));
#7004=CARTESIAN_POINT('',(-37.000021884,98.047163788,159.659584212));
#7005=CARTESIAN_POINT('',(-37.000637368,98.047407453,159.659340548));
#7006=CARTESIAN_POINT('',(-37.001252852,98.047651118,159.659096883));
#7007=CARTESIAN_POINT('',(-37.001888585,98.047758511,159.658989489));
#7008=CARTESIAN_POINT('',(-37.002477841,98.047758511,159.658989489));
#7009=B_SPLINE_CURVE_WITH_KNOTS('',3,(#6996,#6997,#6998,#6999,#7000,#7001,#7002,#7003,#7004,#7005,#7006,#7007,#7008),.UNSPECIFIED.,.F.,.F.,(4,3,3,3,4),(4.71238898,5.105088062,5.497787144,5.890486225,6.283185307),.UNSPECIFIED.);
#7010=EDGE_CURVE('NONE',#4105,#5658,#7009,.T.);
#7011=ORIENTED_EDGE('',*,*,#7010,.F.);
#7012=ORIENTED_EDGE('',*,*,#4110,.F.);
#7013=EDGE_LOOP('',(#6994,#6995,#7011,#7012));
#7014=FACE_BOUND('',#7013,.T.);
#7015=ADVANCED_FACE('NONE',(#7014),#6993,.T.);
#7016=CARTESIAN_POINT('',(-37.002477841,99.047758511,159.663989489));
#7017=DIRECTION('',(0.,1.,-0.));
#7018=DIRECTION('',(1.,-0.,-0.));
#7019=AXIS2_PLACEMENT_3D('',#7016,#7017,#7018);
#7020=CYLINDRICAL_SURFACE('',#7019,0.005);
#7021=ORIENTED_EDGE('',*,*,#6983,.T.);
#7022=ORIENTED_EDGE('',*,*,#4118,.F.);
#7023=ORIENTED_EDGE('',*,*,#7010,.T.);
#7024=ORIENTED_EDGE('',*,*,#5691,.F.);
#7025=EDGE_LOOP('',(#7021,#7022,#7023,#7024));
#7026=FACE_BOUND('',#7025,.T.);
#7027=ADVANCED_FACE('NONE',(#7026),#7020,.T.);
#7028=CARTESIAN_POINT('',(-37.292477841,99.052758512,157.658989489));
#7029=DIRECTION('',(-0.,-0.,-1.));
#7030=DIRECTION('',(0.,1.,-0.));
#7031=AXIS2_PLACEMENT_3D('',#7028,#7029,#7030);
#7032=CYLINDRICAL_SURFACE('',#7031,0.005);
#7033=CARTESIAN_POINT('',(-37.297477842,99.052758511,159.663989489));
#7034=CARTESIAN_POINT('',(-37.297477842,99.052169256,159.663400233));
#7035=CARTESIAN_POINT('',(-37.297370448,99.051533522,159.6627645));
#7036=CARTESIAN_POINT('',(-37.297126783,99.050918038,159.662149015));
#7037=CARTESIAN_POINT('',(-37.296883119,99.050302554,159.661533531));
#7038=CARTESIAN_POINT('',(-37.296501531,99.049711134,159.66094211));
#7039=CARTESIAN_POINT('',(-37.296013375,99.049222978,159.660453955));
#7040=CARTESIAN_POINT('',(-37.29552522,99.048734822,159.6599658));
#7041=CARTESIAN_POINT('',(-37.2949338,99.048353233,159.659584212));
#7042=CARTESIAN_POINT('',(-37.294318315,99.04810957,159.659340548));
#7043=CARTESIAN_POINT('',(-37.293702831,99.047865906,159.659096883));
#7044=CARTESIAN_POINT('',(-37.293067098,99.047758511,159.658989489));
#7045=CARTESIAN_POINT('',(-37.292477842,99.047758511,159.658989489));
#7046=B_SPLINE_CURVE_WITH_KNOTS('',3,(#7033,#7034,#7035,#7036,#7037,#7038,#7039,#7040,#7041,#7042,#7043,#7044,#7045),.UNSPECIFIED.,.F.,.F.,(4,3,3,3,4),(1.570796327,1.963495409,2.356194491,2.748893572,3.141592654),.UNSPECIFIED.);
#7047=EDGE_CURVE('NONE',#2604,#5603,#7046,.T.);
#7048=ORIENTED_EDGE('',*,*,#7047,.F.);
#7049=ORIENTED_EDGE('',*,*,#2633,.F.);
#7050=CARTESIAN_POINT('',(-37.292477842,99.047758511,157.658989489));
#7051=CARTESIAN_POINT('',(-37.293067098,99.047758511,157.658989489));
#7052=CARTESIAN_POINT('',(-37.293702831,99.047865905,157.658882095));
#7053=CARTESIAN_POINT('',(-37.294318315,99.04810957,157.658638431));
#7054=CARTESIAN_POINT('',(-37.2949338,99.048353234,157.658394766));
#7055=CARTESIAN_POINT('',(-37.29552522,99.048734822,157.658013178));
#7056=CARTESIAN_POINT('',(-37.296013375,99.049222978,157.657525023));
#7057=CARTESIAN_POINT('',(-37.296501531,99.049711134,157.657036868));
#7058=CARTESIAN_POINT('',(-37.296883119,99.050302554,157.656445447));
#7059=CARTESIAN_POINT('',(-37.297126783,99.050918038,157.655829963));
#7060=CARTESIAN_POINT('',(-37.297370448,99.051533522,157.655214479));
#7061=CARTESIAN_POINT('',(-37.297477842,99.052169256,157.654578745));
#7062=CARTESIAN_POINT('',(-37.297477842,99.052758511,157.653989489));
#7063=B_SPLINE_CURVE_WITH_KNOTS('',3,(#7050,#7051,#7052,#7053,#7054,#7055,#7056,#7057,#7058,#7059,#7060,#7061,#7062),.UNSPECIFIED.,.F.,.F.,(4,3,3,3,4),(3.141592654,3.534291736,3.926990817,4.319689899,4.71238898),.UNSPECIFIED.);
#7064=EDGE_CURVE('NONE',#5585,#2622,#7063,.T.);
#7065=ORIENTED_EDGE('',*,*,#7064,.F.);
#7066=ORIENTED_EDGE('',*,*,#5614,.F.);
#7067=EDGE_LOOP('',(#7048,#7049,#7065,#7066));
#7068=FACE_BOUND('',#7067,.T.);
#7069=ADVANCED_FACE('NONE',(#7068),#7032,.T.);
#7070=CARTESIAN_POINT('',(-37.292477842,99.047758511,157.653989489));
#7071=DIRECTION('',(-0.,-1.,0.));
#7072=DIRECTION('',(-1.,0.,0.));
#7073=AXIS2_PLACEMENT_3D('',#7070,#7071,#7072);
#7074=CYLINDRICAL_SURFACE('',#7073,0.005);
#7075=ORIENTED_EDGE('',*,*,#7064,.T.);
#7076=ORIENTED_EDGE('',*,*,#2627,.F.);
#7077=CARTESIAN_POINT('',(-37.292477842,98.047758511,157.658989489));
#7078=CARTESIAN_POINT('',(-37.293067097,98.047758511,157.658989489));
#7079=CARTESIAN_POINT('',(-37.29370283,98.047651117,157.658882095));
#7080=CARTESIAN_POINT('',(-37.294318315,98.047407453,157.658638431));
#7081=CARTESIAN_POINT('',(-37.294933799,98.047163788,157.658394767));
#7082=CARTESIAN_POINT('',(-37.29552522,98.0467822,157.658013178));
#7083=CARTESIAN_POINT('',(-37.296013375,98.046294045,157.657525023));
#7084=CARTESIAN_POINT('',(-37.29650153,98.04580589,157.657036868));
#7085=CARTESIAN_POINT('',(-37.296883118,98.04521447,157.656445448));
#7086=CARTESIAN_POINT('',(-37.297126783,98.044598985,157.655829963));
#7087=CARTESIAN_POINT('',(-37.297370448,98.0439835,157.655214478));
#7088=CARTESIAN_POINT('',(-37.297477841,98.043347768,157.654578745));
#7089=CARTESIAN_POINT('',(-37.297477841,98.042758511,157.653989489));
#7090=B_SPLINE_CURVE_WITH_KNOTS('',3,(#7077,#7078,#7079,#7080,#7081,#7082,#7083,#7084,#7085,#7086,#7087,#7088,#7089),.UNSPECIFIED.,.F.,.F.,(4,3,3,3,4),(0.,0.392699082,0.785398164,1.178097245,1.570796327),.UNSPECIFIED.);
#7091=EDGE_CURVE('NONE',#5625,#2614,#7090,.T.);
#7092=ORIENTED_EDGE('',*,*,#7091,.F.);
#7093=ORIENTED_EDGE('',*,*,#5645,.F.);
#7094=EDGE_LOOP('',(#7075,#7076,#7092,#7093));
#7095=FACE_BOUND('',#7094,.T.);
#7096=ADVANCED_FACE('NONE',(#7095),#7074,.T.);
#7097=CARTESIAN_POINT('',(-37.292477842,99.047758511,159.663989489));
#7098=DIRECTION('',(0.,1.,-0.));
#7099=DIRECTION('',(1.,-0.,-0.));
#7100=AXIS2_PLACEMENT_3D('',#7097,#7098,#7099);
#7101=CYLINDRICAL_SURFACE('',#7100,0.005);
#7102=ORIENTED_EDGE('',*,*,#7047,.T.);
#7103=ORIENTED_EDGE('',*,*,#5698,.F.);
#7104=CARTESIAN_POINT('',(-37.297477841,98.042758511,159.663989489));
#7105=CARTESIAN_POINT('',(-37.297477841,98.043347768,159.663400233));
#7106=CARTESIAN_POINT('',(-37.297370447,98.043983501,159.662764499));
#7107=CARTESIAN_POINT('',(-37.297126783,98.044598985,159.662149015));
#7108=CARTESIAN_POINT('',(-37.296883118,98.04521447,159.661533531));
#7109=CARTESIAN_POINT('',(-37.29650153,98.04580589,159.66094211));
#7110=CARTESIAN_POINT('',(-37.296013375,98.046294045,159.660453955));
#7111=CARTESIAN_POINT('',(-37.29552522,98.0467822,159.6599658));
#7112=CARTESIAN_POINT('',(-37.294933799,98.047163788,159.659584211));
#7113=CARTESIAN_POINT('',(-37.294318315,98.047407453,159.659340547));
#7114=CARTESIAN_POINT('',(-37.29370283,98.047651117,159.659096883));
#7115=CARTESIAN_POINT('',(-37.293067097,98.047758511,159.658989489));
#7116=CARTESIAN_POINT('',(-37.292477842,98.047758511,159.658989489));
#7117=B_SPLINE_CURVE_WITH_KNOTS('',3,(#7104,#7105,#7106,#7107,#7108,#7109,#7110,#7111,#7112,#7113,#7114,#7115,#7116),.UNSPECIFIED.,.F.,.F.,(4,3,3,3,4),(1.570796327,1.963495409,2.356194491,2.748893572,3.141592654),.UNSPECIFIED.);
#7118=EDGE_CURVE('NONE',#2606,#5656,#7117,.T.);
#7119=ORIENTED_EDGE('',*,*,#7118,.F.);
#7120=ORIENTED_EDGE('',*,*,#2611,.F.);
#7121=EDGE_LOOP('',(#7102,#7103,#7119,#7120));
#7122=FACE_BOUND('',#7121,.T.);
#7123=ADVANCED_FACE('NONE',(#7122),#7101,.T.);
#7124=CARTESIAN_POINT('',(-37.292477841,98.042758511,157.658989489));
#7125=DIRECTION('',(0.,0.,1.));
#7126=DIRECTION('',(-0.,-1.,0.));
#7127=AXIS2_PLACEMENT_3D('',#7124,#7125,#7126);
#7128=CYLINDRICAL_SURFACE('',#7127,0.005);
#7129=ORIENTED_EDGE('',*,*,#7091,.T.);
#7130=ORIENTED_EDGE('',*,*,#2619,.F.);
#7131=ORIENTED_EDGE('',*,*,#7118,.T.);
#7132=ORIENTED_EDGE('',*,*,#5676,.F.);
#7133=EDGE_LOOP('',(#7129,#7130,#7131,#7132));
#7134=FACE_BOUND('',#7133,.T.);
#7135=ADVANCED_FACE('NONE',(#7134),#7128,.T.);
#7136=CARTESIAN_POINT('',(-37.29247784,93.952758511,157.658989489));
#7137=DIRECTION('',(-0.,-0.,-1.));
#7138=DIRECTION('',(0.,1.,-0.));
#7139=AXIS2_PLACEMENT_3D('',#7136,#7137,#7138);
#7140=CYLINDRICAL_SURFACE('',#7139,0.005);
#7141=CARTESIAN_POINT('',(-37.29747784,93.952758511,159.663989489));
#7142=CARTESIAN_POINT('',(-37.29747784,93.952169256,159.663400233));
#7143=CARTESIAN_POINT('',(-37.297370446,93.951533522,159.6627645));
#7144=CARTESIAN_POINT('',(-37.297126781,93.950918038,159.662149015));
#7145=CARTESIAN_POINT('',(-37.296883116,93.950302553,159.661533531));
#7146=CARTESIAN_POINT('',(-37.296501528,93.949711133,159.66094211));
#7147=CARTESIAN_POINT('',(-37.296013373,93.949222978,159.660453955));
#7148=CARTESIAN_POINT('',(-37.295525218,93.948734822,159.6599658));
#7149=CARTESIAN_POINT('',(-37.294933797,93.948353235,159.659584212));
#7150=CARTESIAN_POINT('',(-37.294318313,93.94810957,159.659340548));
#7151=CARTESIAN_POINT('',(-37.293702829,93.947865905,159.659096883));
#7152=CARTESIAN_POINT('',(-37.293067096,93.947758511,159.658989489));
#7153=CARTESIAN_POINT('',(-37.29247784,93.947758511,159.658989489));
#7154=B_SPLINE_CURVE_WITH_KNOTS('',3,(#7141,#7142,#7143,#7144,#7145,#7146,#7147,#7148,#7149,#7150,#7151,#7152,#7153),.UNSPECIFIED.,.F.,.F.,(4,3,3,3,4),(1.570796327,1.963495409,2.356194491,2.748893572,3.141592654),.UNSPECIFIED.);
#7155=EDGE_CURVE('NONE',#2638,#5727,#7154,.T.);
#7156=ORIENTED_EDGE('',*,*,#7155,.F.);
#7157=ORIENTED_EDGE('',*,*,#2667,.F.);
#7158=CARTESIAN_POINT('',(-37.29247784,93.947758511,157.658989489));
#7159=CARTESIAN_POINT('',(-37.293067096,93.947758511,157.658989489));
#7160=CARTESIAN_POINT('',(-37.293702828,93.947865906,157.658882096));
#7161=CARTESIAN_POINT('',(-37.294318313,93.94810957,157.658638431));
#7162=CARTESIAN_POINT('',(-37.294933798,93.948353234,157.658394766));
#7163=CARTESIAN_POINT('',(-37.295525218,93.948734822,157.658013178));
#7164=CARTESIAN_POINT('',(-37.296013373,93.949222978,157.657525023));
#7165=CARTESIAN_POINT('',(-37.296501528,93.949711133,157.657036868));
#7166=CARTESIAN_POINT('',(-37.296883116,93.950302553,157.656445447));
#7167=CARTESIAN_POINT('',(-37.297126781,93.950918038,157.655829963));
#7168=CARTESIAN_POINT('',(-37.297370446,93.951533522,157.655214479));
#7169=CARTESIAN_POINT('',(-37.29747784,93.952169256,157.654578745));
#7170=CARTESIAN_POINT('',(-37.29747784,93.952758511,157.653989489));
#7171=B_SPLINE_CURVE_WITH_KNOTS('',3,(#7158,#7159,#7160,#7161,#7162,#7163,#7164,#7165,#7166,#7167,#7168,#7169,#7170),.UNSPECIFIED.,.F.,.F.,(4,3,3,3,4),(3.141592654,3.534291736,3.926990817,4.319689899,4.71238898),.UNSPECIFIED.);
#7172=EDGE_CURVE('NONE',#5709,#2656,#7171,.T.);
#7173=ORIENTED_EDGE('',*,*,#7172,.F.);
#7174=ORIENTED_EDGE('',*,*,#5738,.F.);
#7175=EDGE_LOOP('',(#7156,#7157,#7173,#7174));
#7176=FACE_BOUND('',#7175,.T.);
#7177=ADVANCED_FACE('NONE',(#7176),#7140,.T.);
#7178=CARTESIAN_POINT('',(-37.29247784,93.947758511,157.653989489));
#7179=DIRECTION('',(-0.,-1.,0.));
#7180=DIRECTION('',(-1.,0.,0.));
#7181=AXIS2_PLACEMENT_3D('',#7178,#7179,#7180);
#7182=CYLINDRICAL_SURFACE('',#7181,0.005);
#7183=ORIENTED_EDGE('',*,*,#7172,.T.);
#7184=ORIENTED_EDGE('',*,*,#2661,.F.);
#7185=CARTESIAN_POINT('',(-37.29247784,92.947758512,157.658989489));
#7186=CARTESIAN_POINT('',(-37.293067095,92.947758512,157.658989489));
#7187=CARTESIAN_POINT('',(-37.293702829,92.947651118,157.658882095));
#7188=CARTESIAN_POINT('',(-37.294318313,92.947407453,157.658638431));
#7189=CARTESIAN_POINT('',(-37.294933797,92.947163789,157.658394767));
#7190=CARTESIAN_POINT('',(-37.295525218,92.946782201,157.658013178));
#7191=CARTESIAN_POINT('',(-37.296013373,92.946294045,157.657525023));
#7192=CARTESIAN_POINT('',(-37.296501529,92.94580589,157.657036868));
#7193=CARTESIAN_POINT('',(-37.296883116,92.94521447,157.656445448));
#7194=CARTESIAN_POINT('',(-37.297126781,92.944598985,157.655829963));
#7195=CARTESIAN_POINT('',(-37.297370446,92.9439835,157.655214478));
#7196=CARTESIAN_POINT('',(-37.297477839,92.943347767,157.654578745));
#7197=CARTESIAN_POINT('',(-37.297477839,92.942758511,157.653989489));
#7198=B_SPLINE_CURVE_WITH_KNOTS('',3,(#7185,#7186,#7187,#7188,#7189,#7190,#7191,#7192,#7193,#7194,#7195,#7196,#7197),.UNSPECIFIED.,.F.,.F.,(4,3,3,3,4),(0.,0.392699082,0.785398164,1.178097245,1.570796327),.UNSPECIFIED.);
#7199=EDGE_CURVE('NONE',#5749,#2648,#7198,.T.);
#7200=ORIENTED_EDGE('',*,*,#7199,.F.);
#7201=ORIENTED_EDGE('',*,*,#5769,.F.);
#7202=EDGE_LOOP('',(#7183,#7184,#7200,#7201));
#7203=FACE_BOUND('',#7202,.T.);
#7204=ADVANCED_FACE('NONE',(#7203),#7182,.T.);
#7205=CARTESIAN_POINT('',(-37.29247784,93.947758511,159.663989489));
#7206=DIRECTION('',(0.,1.,-0.));
#7207=DIRECTION('',(1.,-0.,-0.));
#7208=AXIS2_PLACEMENT_3D('',#7205,#7206,#7207);
#7209=CYLINDRICAL_SURFACE('',#7208,0.005);
#7210=ORIENTED_EDGE('',*,*,#7155,.T.);
#7211=ORIENTED_EDGE('',*,*,#5822,.F.);
#7212=CARTESIAN_POINT('',(-37.297477839,92.942758511,159.663989489));
#7213=CARTESIAN_POINT('',(-37.297477839,92.943347767,159.663400233));
#7214=CARTESIAN_POINT('',(-37.297370446,92.943983501,159.662764499));
#7215=CARTESIAN_POINT('',(-37.297126781,92.944598985,159.662149015));
#7216=CARTESIAN_POINT('',(-37.296883116,92.94521447,159.661533531));
#7217=CARTESIAN_POINT('',(-37.296501529,92.94580589,159.66094211));
#7218=CARTESIAN_POINT('',(-37.296013373,92.946294045,159.660453955));
#7219=CARTESIAN_POINT('',(-37.295525218,92.946782201,159.6599658));
#7220=CARTESIAN_POINT('',(-37.294933797,92.947163789,159.659584211));
#7221=CARTESIAN_POINT('',(-37.294318313,92.947407453,159.659340547));
#7222=CARTESIAN_POINT('',(-37.293702829,92.947651118,159.659096883));
#7223=CARTESIAN_POINT('',(-37.293067095,92.947758512,159.658989489));
#7224=CARTESIAN_POINT('',(-37.29247784,92.947758512,159.658989489));
#7225=B_SPLINE_CURVE_WITH_KNOTS('',3,(#7212,#7213,#7214,#7215,#7216,#7217,#7218,#7219,#7220,#7221,#7222,#7223,#7224),.UNSPECIFIED.,.F.,.F.,(4,3,3,3,4),(1.570796327,1.963495409,2.356194491,2.748893572,3.141592654),.UNSPECIFIED.);
#7226=EDGE_CURVE('NONE',#2640,#5780,#7225,.T.);
#7227=ORIENTED_EDGE('',*,*,#7226,.F.);
#7228=ORIENTED_EDGE('',*,*,#2645,.F.);
#7229=EDGE_LOOP('',(#7210,#7211,#7227,#7228));
#7230=FACE_BOUND('',#7229,.T.);
#7231=ADVANCED_FACE('NONE',(#7230),#7209,.T.);
#7232=CARTESIAN_POINT('',(-37.292477839,92.942758512,157.658989489));
#7233=DIRECTION('',(0.,0.,1.));
#7234=DIRECTION('',(-1.,0.,0.));
#7235=AXIS2_PLACEMENT_3D('',#7232,#7233,#7234);
#7236=CYLINDRICAL_SURFACE('',#7235,0.005);
#7237=ORIENTED_EDGE('',*,*,#7199,.T.);
#7238=ORIENTED_EDGE('',*,*,#2653,.F.);
#7239=ORIENTED_EDGE('',*,*,#7226,.T.);
#7240=ORIENTED_EDGE('',*,*,#5800,.F.);
#7241=EDGE_LOOP('',(#7237,#7238,#7239,#7240));
#7242=FACE_BOUND('',#7241,.T.);
#7243=ADVANCED_FACE('NONE',(#7242),#7236,.T.);
#7244=CARTESIAN_POINT('',(-34.492477835,82.502758512,149.258989489));
#7245=DIRECTION('',(0.,0.,1.));
#7246=DIRECTION('',(-1.,0.,0.));
#7247=AXIS2_PLACEMENT_3D('',#7244,#7245,#7246);
#7248=CYLINDRICAL_SURFACE('',#7247,0.005);
#7249=ORIENTED_EDGE('',*,*,#3626,.F.);
#7250=CARTESIAN_POINT('',(-34.497477838,82.502758513,152.353989489));
#7251=VERTEX_POINT('',#7250);
#7252=CARTESIAN_POINT('',(-34.497477839,82.502758513,152.353989489));
#7253=DIRECTION('',(-0.,-0.,-1.));
#7254=VECTOR('',#7253,6.195);
#7255=LINE('',#7252,#7254);
#7256=EDGE_CURVE('NONE',#7251,#3612,#7255,.T.);
#7257=ORIENTED_EDGE('',*,*,#7256,.F.);
#7258=CARTESIAN_POINT('',(-34.492477835,82.497758513,152.358989489));
#7259=CARTESIAN_POINT('',(-34.493067091,82.497758512,152.35898949));
#7260=CARTESIAN_POINT('',(-34.493702824,82.497865907,152.358882097));
#7261=CARTESIAN_POINT('',(-34.494318309,82.498109571,152.358638433));
#7262=CARTESIAN_POINT('',(-34.494933794,82.498353235,152.358394768));
#7263=CARTESIAN_POINT('',(-34.495525216,82.498734823,152.358013181));
#7264=CARTESIAN_POINT('',(-34.496013372,82.499222979,152.357525026));
#7265=CARTESIAN_POINT('',(-34.496501528,82.499711135,152.35703687));
#7266=CARTESIAN_POINT('',(-34.496883116,82.500302554,152.356445449));
#7267=CARTESIAN_POINT('',(-34.497126781,82.500918039,152.355829965));
#7268=CARTESIAN_POINT('',(-34.497370446,82.501533523,152.355214481));
#7269=CARTESIAN_POINT('',(-34.497477841,82.502169257,152.354578746));
#7270=CARTESIAN_POINT('',(-34.497477841,82.502758513,152.353989489));
#7271=B_SPLINE_CURVE_WITH_KNOTS('',3,(#7258,#7259,#7260,#7261,#7262,#7263,#7264,#7265,#7266,#7267,#7268,#7269,#7270),.UNSPECIFIED.,.F.,.F.,(4,3,3,3,4),(3.141592654,3.534291736,3.926990817,4.319689899,4.71238898),.UNSPECIFIED.);
#7272=EDGE_CURVE('NONE',#3646,#7251,#7271,.T.);
#7273=ORIENTED_EDGE('',*,*,#7272,.F.);
#7274=ORIENTED_EDGE('',*,*,#3651,.F.);
#7275=EDGE_LOOP('',(#7249,#7257,#7273,#7274));
#7276=FACE_BOUND('',#7275,.T.);
#7277=ADVANCED_FACE('NONE',(#7276),#7248,.F.);
#7278=CARTESIAN_POINT('',(-34.492477841,95.997758513,152.353989489));
#7279=DIRECTION('',(0.,1.,-0.));
#7280=DIRECTION('',(1.,-0.,-0.));
#7281=AXIS2_PLACEMENT_3D('',#7278,#7279,#7280);
#7282=CYLINDRICAL_SURFACE('',#7281,0.005);
#7283=ORIENTED_EDGE('',*,*,#3571,.F.);
#7284=ORIENTED_EDGE('',*,*,#3673,.F.);
#7285=ORIENTED_EDGE('',*,*,#7272,.T.);
#7286=CARTESIAN_POINT('',(-34.497477839,90.488451259,152.353989489));
#7287=DIRECTION('',(-0.,-1.,0.));
#7288=VECTOR('',#7287,7.985692746);
#7289=LINE('',#7286,#7288);
#7290=EDGE_CURVE('NONE',#201,#7251,#7289,.T.);
#7291=ORIENTED_EDGE('',*,*,#7290,.F.);
#7292=ORIENTED_EDGE('',*,*,#3689,.F.);
#7293=EDGE_LOOP('',(#7283,#7284,#7285,#7291,#7292));
#7294=FACE_BOUND('',#7293,.T.);
#7295=ADVANCED_FACE('NONE',(#7294),#7282,.F.);
#7296=CARTESIAN_POINT('',(-32.497477835,81.252758513,142.763989489));
#7297=DIRECTION('',(-1.,0.,0.));
#7298=DIRECTION('',(0.,1.,-0.));
#7299=AXIS2_PLACEMENT_3D('',#7296,#7297,#7298);
#7300=CYLINDRICAL_SURFACE('',#7299,0.005);
#7301=ORIENTED_EDGE('',*,*,#2872,.F.);
#7302=ORIENTED_EDGE('',*,*,#1552,.F.);
#7303=CARTESIAN_POINT('',(-38.797477841,81.247758511,142.763989489));
#7304=CARTESIAN_POINT('',(-38.797477841,81.247758511,142.763400234));
#7305=CARTESIAN_POINT('',(-38.797585234,81.247865905,142.762764502));
#7306=CARTESIAN_POINT('',(-38.797828898,81.248109569,142.762149017));
#7307=CARTESIAN_POINT('',(-38.798072563,81.248353234,142.761533533));
#7308=CARTESIAN_POINT('',(-38.798454149,81.248734821,142.760942114));
#7309=CARTESIAN_POINT('',(-38.798942304,81.249222977,142.760453958));
#7310=CARTESIAN_POINT('',(-38.799430458,81.249711132,142.759965803));
#7311=CARTESIAN_POINT('',(-38.800021879,81.250302552,142.759584215));
#7312=CARTESIAN_POINT('',(-38.800637362,81.250918037,142.75934055));
#7313=CARTESIAN_POINT('',(-38.801252846,81.251533522,142.759096885));
#7314=CARTESIAN_POINT('',(-38.801888574,81.252169255,142.758989489));
#7315=CARTESIAN_POINT('',(-38.802477841,81.252758511,142.758989489));
#7316=B_SPLINE_CURVE_WITH_KNOTS('',3,(#7303,#7304,#7305,#7306,#7307,#7308,#7309,#7310,#7311,#7312,#7313,#7314,#7315),.UNSPECIFIED.,.F.,.F.,(4,3,3,3,4),(0.,0.392699082,0.785398164,1.178097245,1.570796327),.UNSPECIFIED.);
#7317=EDGE_CURVE('NONE',#645,#1541,#7316,.T.);
#7318=ORIENTED_EDGE('',*,*,#7317,.F.);
#7319=ORIENTED_EDGE('',*,*,#650,.F.);
#7320=EDGE_LOOP('',(#7301,#7302,#7318,#7319));
#7321=FACE_BOUND('',#7320,.T.);
#7322=ADVANCED_FACE('NONE',(#7321),#7300,.T.);
#7323=CARTESIAN_POINT('',(-38.802477841,95.997758511,142.763989489));
#7324=DIRECTION('',(-0.,-1.,0.));
#7325=DIRECTION('',(-1.,0.,0.));
#7326=AXIS2_PLACEMENT_3D('',#7323,#7324,#7325);
#7327=CYLINDRICAL_SURFACE('',#7326,0.005);
#7328=ORIENTED_EDGE('',*,*,#7317,.T.);
#7329=ORIENTED_EDGE('',*,*,#1546,.F.);
#7330=CARTESIAN_POINT('',(-38.797477846,110.747758513,142.763989489));
#7331=CARTESIAN_POINT('',(-38.797477846,110.747758513,142.763400233));
#7332=CARTESIAN_POINT('',(-38.79758524,110.747651119,142.762764499));
#7333=CARTESIAN_POINT('',(-38.797828905,110.747407454,142.762149014));
#7334=CARTESIAN_POINT('',(-38.798072569,110.747163789,142.76153353));
#7335=CARTESIAN_POINT('',(-38.798454157,110.746782201,142.760942109));
#7336=CARTESIAN_POINT('',(-38.798942312,110.746294046,142.760453954));
#7337=CARTESIAN_POINT('',(-38.799430468,110.74580589,142.759965799));
#7338=CARTESIAN_POINT('',(-38.800021888,110.745214469,142.759584211));
#7339=CARTESIAN_POINT('',(-38.800637372,110.744598985,142.759340547));
#7340=CARTESIAN_POINT('',(-38.801252856,110.7439835,142.759096882));
#7341=CARTESIAN_POINT('',(-38.801888591,110.743347768,142.758989489));
#7342=CARTESIAN_POINT('',(-38.802477846,110.74275851,142.758989489));
#7343=B_SPLINE_CURVE_WITH_KNOTS('',3,(#7330,#7331,#7332,#7333,#7334,#7335,#7336,#7337,#7338,#7339,#7340,#7341,#7342),.UNSPECIFIED.,.F.,.F.,(4,3,3,3,4),(3.141592654,3.534291736,3.926990817,4.319689899,4.71238898),.UNSPECIFIED.);
#7344=EDGE_CURVE('NONE',#2774,#1533,#7343,.T.);
#7345=ORIENTED_EDGE('',*,*,#7344,.F.);
#7346=ORIENTED_EDGE('',*,*,#3187,.F.);
#7347=EDGE_LOOP('',(#7328,#7329,#7345,#7346));
#7348=FACE_BOUND('',#7347,.T.);
#7349=ADVANCED_FACE('NONE',(#7348),#7327,.T.);
#7350=CARTESIAN_POINT('',(-32.497477847,110.742758513,142.763989489));
#7351=DIRECTION('',(-1.,0.,0.));
#7352=DIRECTION('',(0.,1.,-0.));
#7353=AXIS2_PLACEMENT_3D('',#7350,#7351,#7352);
#7354=CYLINDRICAL_SURFACE('',#7353,0.005);
#7355=ORIENTED_EDGE('',*,*,#7344,.T.);
#7356=ORIENTED_EDGE('',*,*,#1538,.F.);
#7357=ORIENTED_EDGE('',*,*,#2864,.F.);
#7358=ORIENTED_EDGE('',*,*,#2787,.F.);
#7359=EDGE_LOOP('',(#7355,#7356,#7357,#7358));
#7360=FACE_BOUND('',#7359,.T.);
#7361=ADVANCED_FACE('NONE',(#7360),#7354,.T.);
#7362=CARTESIAN_POINT('',(-41.497477841,98.001613943,142.763989489));
#7363=DIRECTION('',(0.,1.,-0.));
#7364=DIRECTION('',(1.,-0.,-0.));
#7365=AXIS2_PLACEMENT_3D('',#7362,#7363,#7364);
#7366=PLANE('',#7365);
#7367=ORIENTED_EDGE('',*,*,#1434,.F.);
#7368=CARTESIAN_POINT('',(-41.497477841,98.001613943,142.763989489));
#7369=VERTEX_POINT('',#7368);
#7370=CARTESIAN_POINT('',(-41.497477841,98.001613943,142.763989489));
#7371=DIRECTION('',(-0.,-0.,-1.));
#7372=VECTOR('',#7371,0.005);
#7373=LINE('',#7370,#7372);
#7374=EDGE_CURVE('NONE',#7369,#1427,#7373,.T.);
#7375=ORIENTED_EDGE('',*,*,#7374,.F.);
#7376=CARTESIAN_POINT('',(-39.997477842,98.001613943,142.763989489));
#7377=VERTEX_POINT('',#7376);
#7378=CARTESIAN_POINT('',(-41.497477841,98.001613943,142.763989489));
#7379=DIRECTION('',(1.,-0.,-0.));
#7380=VECTOR('',#7379,1.5);
#7381=LINE('',#7378,#7380);
#7382=EDGE_CURVE('NONE',#7369,#7377,#7381,.T.);
#7383=ORIENTED_EDGE('',*,*,#7382,.T.);
#7384=CARTESIAN_POINT('',(-39.997477842,98.001613943,142.763989489));
#7385=DIRECTION('',(-0.,-0.,-1.));
#7386=VECTOR('',#7385,0.005);
#7387=LINE('',#7384,#7386);
#7388=EDGE_CURVE('NONE',#7377,#1429,#7387,.T.);
#7389=ORIENTED_EDGE('',*,*,#7388,.T.);
#7390=EDGE_LOOP('',(#7367,#7375,#7383,#7389));
#7391=FACE_BOUND('',#7390,.T.);
#7392=ADVANCED_FACE('NONE',(#7391),#7366,.T.);
#7393=CARTESIAN_POINT('',(-39.997477842,98.001613944,142.763989489));
#7394=DIRECTION('',(-1.,0.,0.));
#7395=DIRECTION('',(0.,1.,-0.));
#7396=AXIS2_PLACEMENT_3D('',#7393,#7394,#7395);
#7397=PLANE('',#7396);
#7398=ORIENTED_EDGE('',*,*,#1442,.F.);
#7399=ORIENTED_EDGE('',*,*,#7388,.F.);
#7400=CARTESIAN_POINT('',(-39.997477842,98.543981732,142.763989489));
#7401=VERTEX_POINT('',#7400);
#7402=CARTESIAN_POINT('',(-39.997477842,98.001613943,142.763989489));
#7403=DIRECTION('',(0.,1.,-0.));
#7404=VECTOR('',#7403,0.542367789);
#7405=LINE('',#7402,#7404);
#7406=EDGE_CURVE('NONE',#7377,#7401,#7405,.T.);
#7407=ORIENTED_EDGE('',*,*,#7406,.T.);
#7408=CARTESIAN_POINT('',(-39.997477842,98.543981732,142.763989489));
#7409=DIRECTION('',(-0.,-0.,-1.));
#7410=VECTOR('',#7409,0.005);
#7411=LINE('',#7408,#7410);
#7412=EDGE_CURVE('NONE',#7401,#1437,#7411,.T.);
#7413=ORIENTED_EDGE('',*,*,#7412,.T.);
#7414=EDGE_LOOP('',(#7398,#7399,#7407,#7413));
#7415=FACE_BOUND('',#7414,.T.);
#7416=ADVANCED_FACE('NONE',(#7415),#7397,.T.);
#7417=CARTESIAN_POINT('',(-39.997477842,98.543981732,142.763989489));
#7418=CARTESIAN_POINT('',(-39.997477842,98.543981732,142.758989489));
#7419=CARTESIAN_POINT('',(-39.997564329,98.579339268,142.763989489));
#7420=CARTESIAN_POINT('',(-39.997564329,98.579339268,142.758989489));
#7421=CARTESIAN_POINT('',(-39.997731194,98.647557218,142.763989489));
#7422=CARTESIAN_POINT('',(-39.997731194,98.647557218,142.758989489));
#7423=CARTESIAN_POINT('',(-39.99980958,98.746132281,142.763989489));
#7424=CARTESIAN_POINT('',(-39.99980958,98.746132281,142.758989489));
#7425=CARTESIAN_POINT('',(-40.003430953,98.836986196,142.763989489));
#7426=CARTESIAN_POINT('',(-40.003430953,98.836986196,142.758989489));
#7427=CARTESIAN_POINT('',(-40.008065449,98.920255646,142.763989489));
#7428=CARTESIAN_POINT('',(-40.008065449,98.920255646,142.758989489));
#7429=CARTESIAN_POINT('',(-40.01435975,98.995694901,142.763989489));
#7430=CARTESIAN_POINT('',(-40.01435975,98.995694901,142.758989489));
#7431=CARTESIAN_POINT('',(-40.021697646,99.063568971,142.763989489));
#7432=CARTESIAN_POINT('',(-40.021697646,99.063568971,142.758989489));
#7433=CARTESIAN_POINT('',(-40.030570425,99.123742448,142.763989489));
#7434=CARTESIAN_POINT('',(-40.030570425,99.123742448,142.758989489));
#7435=CARTESIAN_POINT('',(-40.041100577,99.177102911,142.763989489));
#7436=CARTESIAN_POINT('',(-40.041100577,99.177102911,142.758989489));
#7437=CARTESIAN_POINT('',(-40.05353368,99.225229191,142.763989489));
#7438=CARTESIAN_POINT('',(-40.05353368,99.225229191,142.758989489));
#7439=CARTESIAN_POINT('',(-40.066817587,99.2702006,142.763989489));
#7440=CARTESIAN_POINT('',(-40.066817587,99.2702006,142.758989489));
#7441=CARTESIAN_POINT('',(-40.082536978,99.312443582,142.763989489));
#7442=CARTESIAN_POINT('',(-40.082536978,99.312443582,142.758989489));
#7443=CARTESIAN_POINT('',(-40.099601749,99.352204588,142.763989489));
#7444=CARTESIAN_POINT('',(-40.099601749,99.352204588,142.758989489));
#7445=CARTESIAN_POINT('',(-40.118279069,99.389382797,142.763989489));
#7446=CARTESIAN_POINT('',(-40.118279069,99.389382797,142.758989489));
#7447=CARTESIAN_POINT('',(-40.138633483,99.424006135,142.763989489));
#7448=CARTESIAN_POINT('',(-40.138633483,99.424006135,142.758989489));
#7449=CARTESIAN_POINT('',(-40.161006414,99.455995149,142.763989489));
#7450=CARTESIAN_POINT('',(-40.161006414,99.455995149,142.758989489));
#7451=CARTESIAN_POINT('',(-40.184902427,99.485429554,142.763989489));
#7452=CARTESIAN_POINT('',(-40.184902427,99.485429554,142.758989489));
#7453=CARTESIAN_POINT('',(-40.210324883,99.511777913,142.763989489));
#7454=CARTESIAN_POINT('',(-40.210324883,99.511777913,142.758989489));
#7455=CARTESIAN_POINT('',(-40.236884029,99.534981993,142.763989489));
#7456=CARTESIAN_POINT('',(-40.236884029,99.534981993,142.758989489));
#7457=CARTESIAN_POINT('',(-40.26494371,99.554279045,142.763989489));
#7458=CARTESIAN_POINT('',(-40.26494371,99.554279045,142.758989489));
#7459=CARTESIAN_POINT('',(-40.294309605,99.570011011,142.763989489));
#7460=CARTESIAN_POINT('',(-40.294309605,99.570011011,142.758989489));
#7461=CARTESIAN_POINT('',(-40.324835637,99.582371771,142.763989489));
#7462=CARTESIAN_POINT('',(-40.324835637,99.582371771,142.758989489));
#7463=CARTESIAN_POINT('',(-40.356594492,99.591620448,142.763989489));
#7464=CARTESIAN_POINT('',(-40.356594492,99.591620448,142.758989489));
#7465=CARTESIAN_POINT('',(-40.38974514,99.596638088,142.763989489));
#7466=CARTESIAN_POINT('',(-40.38974514,99.596638088,142.758989489));
#7467=CARTESIAN_POINT('',(-40.412226223,99.597389155,142.763989489));
#7468=CARTESIAN_POINT('',(-40.412226223,99.597389155,142.758989489));
#7469=CARTESIAN_POINT('',(-40.423559573,99.59776779,142.763989489));
#7470=CARTESIAN_POINT('',(-40.423559573,99.59776779,142.758989489));
#7471=B_SPLINE_SURFACE_WITH_KNOTS('',3,1,((#7417,#7418),(#7419,#7420),(#7421,#7422),(#7423,#7424),(#7425,#7426),(#7427,#7428),(#7429,#7430),(#7431,#7432),(#7433,#7434),(#7435,#7436),(#7437,#7438),(#7439,#7440),(#7441,#7442),(#7443,#7444),(#7445,#7446),(#7447,#7448),(#7449,#7450),(#7451,#7452),(#7453,#7454),(#7455,#7456),(#7457,#7458),(#7459,#7460),(#7461,#7462),(#7463,#7464),(#7465,#7466),(#7467,#7468),
(#7469,#7470)),.UNSPECIFIED.,.F.,.F.,.U.,(4,1,1,1,1,1,1,1,1,1,1,1,1,1,1,1,1,1,1,1,1,1,1,1,4),(2,2),(0.,0.08477885,0.163570205,0.236396597,0.302792832,0.363523652,0.417892831,0.466462764,0.509323592,0.548233681,0.585614319,0.62170673,0.656237606,0.689318242,0.721404035,0.752451065,0.782833328,0.812216741,0.840141806,0.867254693,0.893686795,0.919865648,0.946091828,0.972823368,1.),(0.,1.),.UNSPECIFIED.);
#7472=ORIENTED_EDGE('',*,*,#1474,.F.);
#7473=ORIENTED_EDGE('',*,*,#7412,.F.);
#7474=CARTESIAN_POINT('',(-40.423560015,99.597767774,142.763989489));
#7475=VERTEX_POINT('',#7474);
#7476=CARTESIAN_POINT('',(-39.997477842,98.543981732,142.763989489));
#7477=CARTESIAN_POINT('',(-39.997564329,98.579339268,142.763989489));
#7478=CARTESIAN_POINT('',(-39.997731194,98.647557218,142.763989489));
#7479=CARTESIAN_POINT('',(-39.99980958,98.746132281,142.763989489));
#7480=CARTESIAN_POINT('',(-40.003430953,98.836986196,142.763989489));
#7481=CARTESIAN_POINT('',(-40.008065449,98.920255646,142.763989489));
#7482=CARTESIAN_POINT('',(-40.01435975,98.995694901,142.763989489));
#7483=CARTESIAN_POINT('',(-40.021697646,99.063568971,142.763989489));
#7484=CARTESIAN_POINT('',(-40.030570425,99.123742448,142.763989489));
#7485=CARTESIAN_POINT('',(-40.041100577,99.177102911,142.763989489));
#7486=CARTESIAN_POINT('',(-40.05353368,99.225229191,142.763989489));
#7487=CARTESIAN_POINT('',(-40.066817587,99.2702006,142.763989489));
#7488=CARTESIAN_POINT('',(-40.082536978,99.312443582,142.763989489));
#7489=CARTESIAN_POINT('',(-40.099601749,99.352204588,142.763989489));
#7490=CARTESIAN_POINT('',(-40.118279069,99.389382797,142.763989489));
#7491=CARTESIAN_POINT('',(-40.138633483,99.424006135,142.763989489));
#7492=CARTESIAN_POINT('',(-40.161006414,99.455995149,142.763989489));
#7493=CARTESIAN_POINT('',(-40.184902427,99.485429554,142.763989489));
#7494=CARTESIAN_POINT('',(-40.210324883,99.511777913,142.763989489));
#7495=CARTESIAN_POINT('',(-40.236884029,99.534981993,142.763989489));
#7496=CARTESIAN_POINT('',(-40.26494371,99.554279045,142.763989489));
#7497=CARTESIAN_POINT('',(-40.294309605,99.570011011,142.763989489));
#7498=CARTESIAN_POINT('',(-40.324835637,99.582371771,142.763989489));
#7499=CARTESIAN_POINT('',(-40.356594492,99.591620448,142.763989489));
#7500=CARTESIAN_POINT('',(-40.38974514,99.596638088,142.763989489));
#7501=CARTESIAN_POINT('',(-40.412226223,99.597389155,142.763989489));
#7502=CARTESIAN_POINT('',(-40.423559573,99.59776779,142.763989489));
#7503=B_SPLINE_CURVE_WITH_KNOTS('',3,(#7476,#7477,#7478,#7479,#7480,#7481,#7482,#7483,#7484,#7485,#7486,#7487,#7488,#7489,#7490,#7491,#7492,#7493,#7494,#7495,#7496,#7497,#7498,#7499,#7500,#7501,
#7502),.UNSPECIFIED.,.F.,.F.,(4,1,1,1,1,1,1,1,1,1,1,1,1,1,1,1,1,1,1,1,1,1,1,1,4),(0.,0.08477885,0.163570205,0.236396597,0.302792832,0.363523652,0.417892831,0.466462764,0.509323592,0.548233681,0.585614319,0.62170673,0.656237606,0.689318242,0.721404035,0.752451065,0.782833328,0.812216741,0.840141806,0.867254693,0.893686795,0.919865648,0.946091828,0.972823368,1.),.UNSPECIFIED.);
#7504=EDGE_CURVE('NONE',#7401,#7475,#7503,.T.);
#7505=ORIENTED_EDGE('',*,*,#7504,.T.);
#7506=CARTESIAN_POINT('',(-40.423559573,99.59776779,142.763989489));
#7507=DIRECTION('',(-0.,-0.,-1.));
#7508=VECTOR('',#7507,0.005);
#7509=LINE('',#7506,#7508);
#7510=EDGE_CURVE('NONE',#7475,#1445,#7509,.T.);
#7511=ORIENTED_EDGE('',*,*,#7510,.T.);
#7512=EDGE_LOOP('',(#7472,#7473,#7505,#7511));
#7513=FACE_BOUND('',#7512,.T.);
#7514=ADVANCED_FACE('NONE',(#7513),#7471,.T.);
#7515=CARTESIAN_POINT('',(-40.423560015,99.597767774,142.763989489));
#7516=CARTESIAN_POINT('',(-40.423560015,99.597767774,142.758989489));
#7517=CARTESIAN_POINT('',(-40.436113935,99.597299712,142.763989489));
#7518=CARTESIAN_POINT('',(-40.436113935,99.597299712,142.758989489));
#7519=CARTESIAN_POINT('',(-40.460914076,99.596375039,142.763989489));
#7520=CARTESIAN_POINT('',(-40.460914076,99.596375039,142.758989489));
#7521=CARTESIAN_POINT('',(-40.49716623,99.589205685,142.763989489));
#7522=CARTESIAN_POINT('',(-40.49716623,99.589205685,142.758989489));
#7523=CARTESIAN_POINT('',(-40.531994981,99.577877162,142.763989489));
#7524=CARTESIAN_POINT('',(-40.531994981,99.577877162,142.758989489));
#7525=CARTESIAN_POINT('',(-40.564740639,99.560910339,142.763989489));
#7526=CARTESIAN_POINT('',(-40.564740639,99.560910339,142.758989489));
#7527=CARTESIAN_POINT('',(-40.5963827,99.540209142,142.763989489));
#7528=CARTESIAN_POINT('',(-40.5963827,99.540209142,142.758989489));
#7529=CARTESIAN_POINT('',(-40.625822342,99.514210297,142.763989489));
#7530=CARTESIAN_POINT('',(-40.625822342,99.514210297,142.758989489));
#7531=CARTESIAN_POINT('',(-40.654008462,99.484067428,142.763989489));
#7532=CARTESIAN_POINT('',(-40.654008462,99.484067428,142.758989489));
#7533=CARTESIAN_POINT('',(-40.679819805,99.448951136,142.763989489));
#7534=CARTESIAN_POINT('',(-40.679819805,99.448951136,142.758989489));
#7535=CARTESIAN_POINT('',(-40.704511986,99.41030515,142.763989489));
#7536=CARTESIAN_POINT('',(-40.704511986,99.41030515,142.758989489));
#7537=CARTESIAN_POINT('',(-40.72689592,99.367901228,142.763989489));
#7538=CARTESIAN_POINT('',(-40.72689592,99.367901228,142.758989489));
#7539=CARTESIAN_POINT('',(-40.747230472,99.322213179,142.763989489));
#7540=CARTESIAN_POINT('',(-40.747230472,99.322213179,142.758989489));
#7541=CARTESIAN_POINT('',(-40.766394628,99.27364291,142.763989489));
#7542=CARTESIAN_POINT('',(-40.766394628,99.27364291,142.758989489));
#7543=CARTESIAN_POINT('',(-40.782629436,99.221281256,142.763989489));
#7544=CARTESIAN_POINT('',(-40.782629436,99.221281256,142.758989489));
#7545=CARTESIAN_POINT('',(-40.797709357,99.165913029,142.763989489));
#7546=CARTESIAN_POINT('',(-40.797709357,99.165913029,142.758989489));
#7547=CARTESIAN_POINT('',(-40.810698144,99.107155726,142.763989489));
#7548=CARTESIAN_POINT('',(-40.810698144,99.107155726,142.758989489));
#7549=CARTESIAN_POINT('',(-40.817378079,99.066752871,142.763989489));
#7550=CARTESIAN_POINT('',(-40.817378079,99.066752871,142.758989489));
#7551=CARTESIAN_POINT('',(-40.82079515,99.046085097,142.763989489));
#7552=CARTESIAN_POINT('',(-40.82079515,99.046085097,142.758989489));
#7553=B_SPLINE_SURFACE_WITH_KNOTS('',3,1,((#7515,#7516),(#7517,#7518),(#7519,#7520),(#7521,#7522),(#7523,#7524),(#7525,#7526),(#7527,#7528),(#7529,#7530),(#7531,#7532),(#7533,#7534),(#7535,#7536),(#7537,#7538),(#7539,#7540),(#7541,#7542),(#7543,#7544),(#7545,#7546),(#7547,#7548),(#7549,#7550),(#7551,#7552)),.UNSPECIFIED.,.F.,.F.,.U.,(4,1,1,1,1,1,1,1,1,1,1,1,1,1,1,1,4),(2,2),(0.000000598,0.050922033,0.100595385,0.149448436,0.199083509,0.249823457,0.302563109,0.358081373,0.417030327,0.479173152,0.544100742,0.611426527,0.682091635,0.755892622,0.833801869,0.914982609,1.),(0.,1.),.UNSPECIFIED.);
#7554=ORIENTED_EDGE('',*,*,#1492,.F.);
#7555=ORIENTED_EDGE('',*,*,#7510,.F.);
#7556=CARTESIAN_POINT('',(-40.82079515,99.046085097,142.763989489));
#7557=VERTEX_POINT('',#7556);
#7558=CARTESIAN_POINT('',(-40.423560457,99.597767757,142.763989489));
#7559=CARTESIAN_POINT('',(-40.454354631,99.596619625,142.763989489));
#7560=CARTESIAN_POINT('',(-40.485184587,99.593050147,142.763989489));
#7561=CARTESIAN_POINT('',(-40.514456396,99.583360323,142.763989489));
#7562=CARTESIAN_POINT('',(-40.543728204,99.573670498,142.763989489));
#7563=CARTESIAN_POINT('',(-40.570961574,99.558384178,142.763989489));
#7564=CARTESIAN_POINT('',(-40.595461492,99.539754534,142.763989489));
#7565=CARTESIAN_POINT('',(-40.64446133,99.502495246,142.763989489));
#7566=CARTESIAN_POINT('',(-40.681484364,99.451285679,142.763989489));
#7567=CARTESIAN_POINT('',(-40.711149218,99.397237356,142.763989489));
#7568=CARTESIAN_POINT('',(-40.770478928,99.289140711,142.763989489));
#7569=CARTESIAN_POINT('',(-40.80069225,99.167675244,142.763989489));
#7570=CARTESIAN_POINT('',(-40.82079515,99.046085097,142.763989489));
#7571=B_SPLINE_CURVE_WITH_KNOTS('',3,(#7558,#7559,#7560,#7561,#7562,#7563,#7564,#7565,#7566,#7567,#7568,#7569,#7570),.UNSPECIFIED.,.F.,.F.,(4,3,3,3,4),(0.,0.000092447,0.000184893,0.000369786,0.000739572),.UNSPECIFIED.);
#7572=EDGE_CURVE('NONE',#7475,#7557,#7571,.T.);
#7573=ORIENTED_EDGE('',*,*,#7572,.T.);
#7574=CARTESIAN_POINT('',(-40.82079515,99.046085097,142.763989489));
#7575=DIRECTION('',(-0.,-0.,-1.));
#7576=VECTOR('',#7575,0.005);
#7577=LINE('',#7574,#7576);
#7578=EDGE_CURVE('NONE',#7557,#1477,#7577,.T.);
#7579=ORIENTED_EDGE('',*,*,#7578,.T.);
#7580=EDGE_LOOP('',(#7554,#7555,#7573,#7579));
#7581=FACE_BOUND('',#7580,.T.);
#7582=ADVANCED_FACE('NONE',(#7581),#7553,.T.);
#7583=CARTESIAN_POINT('',(-40.82079515,99.046085097,142.763989489));
#7584=CARTESIAN_POINT('',(-40.82079515,99.046085097,142.758989489));
#7585=CARTESIAN_POINT('',(-40.822713001,99.032376439,142.763989489));
#7586=CARTESIAN_POINT('',(-40.822713001,99.032376439,142.758989489));
#7587=CARTESIAN_POINT('',(-40.82690279,99.002428133,142.763989489));
#7588=CARTESIAN_POINT('',(-40.82690279,99.002428133,142.758989489));
#7589=CARTESIAN_POINT('',(-40.831034508,98.953474465,142.763989489));
#7590=CARTESIAN_POINT('',(-40.831034508,98.953474465,142.758989489));
#7591=CARTESIAN_POINT('',(-40.834952599,98.896880028,142.763989489));
#7592=CARTESIAN_POINT('',(-40.834952599,98.896880028,142.758989489));
#7593=CARTESIAN_POINT('',(-40.838252413,98.832669273,142.763989489));
#7594=CARTESIAN_POINT('',(-40.838252413,98.832669273,142.758989489));
#7595=CARTESIAN_POINT('',(-40.840512263,98.760738767,142.763989489));
#7596=CARTESIAN_POINT('',(-40.840512263,98.760738767,142.758989489));
#7597=CARTESIAN_POINT('',(-40.842280016,98.681208,142.763989489));
#7598=CARTESIAN_POINT('',(-40.842280016,98.681208,142.758989489));
#7599=CARTESIAN_POINT('',(-40.843563834,98.593965804,142.763989489));
#7600=CARTESIAN_POINT('',(-40.843563834,98.593965804,142.758989489));
#7601=CARTESIAN_POINT('',(-40.843608433,98.533265093,142.763989489));
#7602=CARTESIAN_POINT('',(-40.843608433,98.533265093,142.758989489));
#7603=CARTESIAN_POINT('',(-40.843631688,98.501613943,142.763989489));
#7604=CARTESIAN_POINT('',(-40.843631688,98.501613943,142.758989489));
#7605=B_SPLINE_SURFACE_WITH_KNOTS('',3,1,((#7583,#7584),(#7585,#7586),(#7587,#7588),(#7589,#7590),(#7591,#7592),(#7593,#7594),(#7595,#7596),(#7597,#7598),(#7599,#7600),(#7601,#7602),(#7603,#7604)),.UNSPECIFIED.,.F.,.F.,.U.,(4,1,1,1,1,1,1,1,4),(2,2),(0.,0.076138004,0.166333152,0.270171573,0.388244724,0.520011361,0.666068087,0.825877996,1.),(0.,1.),.UNSPECIFIED.);
#7606=ORIENTED_EDGE('',*,*,#1504,.F.);
#7607=ORIENTED_EDGE('',*,*,#7578,.F.);
#7608=CARTESIAN_POINT('',(-40.843631688,98.501613943,142.763989489));
#7609=VERTEX_POINT('',#7608);
#7610=CARTESIAN_POINT('',(-40.82079515,99.046085097,142.763989489));
#7611=CARTESIAN_POINT('',(-40.833387518,98.956075764,142.763989489));
#7612=CARTESIAN_POINT('',(-40.837431814,98.865098,142.763989489));
#7613=CARTESIAN_POINT('',(-40.840023361,98.774246008,142.763989489));
#7614=CARTESIAN_POINT('',(-40.842614909,98.683394016,142.763989489));
#7615=CARTESIAN_POINT('',(-40.843564909,98.592502594,142.763989489));
#7616=CARTESIAN_POINT('',(-40.843631688,98.501613943,142.763989489));
#7617=B_SPLINE_CURVE_WITH_KNOTS('',3,(#7610,#7611,#7612,#7613,#7614,#7615,#7616),.UNSPECIFIED.,.F.,.F.,(4,3,4),(0.,0.000272658,0.000545315),.UNSPECIFIED.);
#7618=EDGE_CURVE('NONE',#7557,#7609,#7617,.T.);
#7619=ORIENTED_EDGE('',*,*,#7618,.T.);
#7620=CARTESIAN_POINT('',(-40.843631688,98.501613943,142.763989489));
#7621=DIRECTION('',(-0.,-0.,-1.));
#7622=VECTOR('',#7621,0.005);
#7623=LINE('',#7620,#7622);
#7624=EDGE_CURVE('NONE',#7609,#1495,#7623,.T.);
#7625=ORIENTED_EDGE('',*,*,#7624,.T.);
#7626=EDGE_LOOP('',(#7606,#7607,#7619,#7625));
#7627=FACE_BOUND('',#7626,.T.);
#7628=ADVANCED_FACE('NONE',(#7627),#7605,.T.);
#7629=CARTESIAN_POINT('',(-40.843631688,98.501613943,142.763989489));
#7630=DIRECTION('',(-0.,-1.,0.));
#7631=DIRECTION('',(-1.,0.,0.));
#7632=AXIS2_PLACEMENT_3D('',#7629,#7630,#7631);
#7633=PLANE('',#7632);
#7634=ORIENTED_EDGE('',*,*,#1512,.F.);
#7635=ORIENTED_EDGE('',*,*,#7624,.F.);
#7636=CARTESIAN_POINT('',(-41.497477841,98.501613943,142.763989489));
#7637=VERTEX_POINT('',#7636);
#7638=CARTESIAN_POINT('',(-40.843631688,98.501613943,142.763989489));
#7639=DIRECTION('',(-1.,0.,0.));
#7640=VECTOR('',#7639,0.653846154);
#7641=LINE('',#7638,#7640);
#7642=EDGE_CURVE('NONE',#7609,#7637,#7641,.T.);
#7643=ORIENTED_EDGE('',*,*,#7642,.T.);
#7644=CARTESIAN_POINT('',(-41.497477841,98.501613943,142.763989489));
#7645=DIRECTION('',(-0.,-0.,-1.));
#7646=VECTOR('',#7645,0.005);
#7647=LINE('',#7644,#7646);
#7648=EDGE_CURVE('NONE',#7637,#1507,#7647,.T.);
#7649=ORIENTED_EDGE('',*,*,#7648,.T.);
#7650=EDGE_LOOP('',(#7634,#7635,#7643,#7649));
#7651=FACE_BOUND('',#7650,.T.);
#7652=ADVANCED_FACE('NONE',(#7651),#7633,.T.);
#7653=CARTESIAN_POINT('',(-41.497477841,98.501613943,142.763989489));
#7654=DIRECTION('',(1.,-0.,-0.));
#7655=DIRECTION('',(-0.,-1.,0.));
#7656=AXIS2_PLACEMENT_3D('',#7653,#7654,#7655);
#7657=PLANE('',#7656);
#7658=ORIENTED_EDGE('',*,*,#1518,.F.);
#7659=ORIENTED_EDGE('',*,*,#7648,.F.);
#7660=CARTESIAN_POINT('',(-41.497477841,98.501613943,142.763989489));
#7661=DIRECTION('',(-0.,-1.,0.));
#7662=VECTOR('',#7661,0.5);
#7663=LINE('',#7660,#7662);
#7664=EDGE_CURVE('NONE',#7637,#7369,#7663,.T.);
#7665=ORIENTED_EDGE('',*,*,#7664,.T.);
#7666=ORIENTED_EDGE('',*,*,#7374,.T.);
#7667=EDGE_LOOP('',(#7658,#7659,#7665,#7666));
#7668=FACE_BOUND('',#7667,.T.);
#7669=ADVANCED_FACE('NONE',(#7668),#7657,.T.);
#7670=CARTESIAN_POINT('',(-40.03941768,99.167209601,142.763989489));
#7671=DIRECTION('',(-0.,-0.,-1.));
#7672=DIRECTION('',(1.,-0.,-0.));
#7673=AXIS2_PLACEMENT_3D('',#7670,#7671,#7672);
#7674=PLANE('',#7673);
#7675=CARTESIAN_POINT('',(-40.266708611,98.647347116,142.763989489));
#7676=VERTEX_POINT('',#7675);
#7677=CARTESIAN_POINT('',(-40.266708611,98.501613943,142.763989489));
#7678=VERTEX_POINT('',#7677);
#7679=CARTESIAN_POINT('',(-40.266708611,98.647347116,142.763989489));
#7680=DIRECTION('',(-0.,-1.,0.));
#7681=VECTOR('',#7680,0.145733173);
#7682=LINE('',#7679,#7681);
#7683=EDGE_CURVE('NONE',#7676,#7678,#7682,.T.);
#7684=ORIENTED_EDGE('',*,*,#7683,.F.);
#7685=CARTESIAN_POINT('',(-40.296456207,98.976073079,142.763989489));
#7686=VERTEX_POINT('',#7685);
#7687=CARTESIAN_POINT('',(-40.296456207,98.976073079,142.763989489));
#7688=CARTESIAN_POINT('',(-40.280776709,98.923148829,142.763989489));
#7689=CARTESIAN_POINT('',(-40.275022277,98.867894416,142.763989489));
#7690=CARTESIAN_POINT('',(-40.271357433,98.812826529,142.763989489));
#7691=CARTESIAN_POINT('',(-40.267692588,98.757758643,142.763989489));
#7692=CARTESIAN_POINT('',(-40.267188241,98.70253683,142.763989489));
#7693=CARTESIAN_POINT('',(-40.266708611,98.647347116,142.763989489));
#7694=B_SPLINE_CURVE_WITH_KNOTS('',3,(#7687,#7688,#7689,#7690,#7691,#7692,#7693),.UNSPECIFIED.,.F.,.F.,(4,3,4),(0.,0.000165594,0.000331187),.UNSPECIFIED.);
#7695=EDGE_CURVE('NONE',#7686,#7676,#7694,.T.);
#7696=ORIENTED_EDGE('',*,*,#7695,.F.);
#7697=CARTESIAN_POINT('',(-40.423259685,99.097767753,142.763989489));
#7698=VERTEX_POINT('',#7697);
#7699=CARTESIAN_POINT('',(-40.423260271,99.097767841,142.763989489));
#7700=CARTESIAN_POINT('',(-40.407408523,99.097078322,142.763989489));
#7701=CARTESIAN_POINT('',(-40.391651788,99.094747601,142.763989489));
#7702=CARTESIAN_POINT('',(-40.37739097,99.08788665,142.763989489));
#7703=CARTESIAN_POINT('',(-40.363130152,99.0810257,142.763989489));
#7704=CARTESIAN_POINT('',(-40.35063017,99.070906034,142.763989489));
#7705=CARTESIAN_POINT('',(-40.340176227,99.059241116,142.763989489));
#7706=CARTESIAN_POINT('',(-40.31926834,99.035911278,142.763989489));
#7707=CARTESIAN_POINT('',(-40.306622462,99.005974279,142.763989489));
#7708=CARTESIAN_POINT('',(-40.296456207,98.976073079,142.763989489));
#7709=B_SPLINE_CURVE_WITH_KNOTS('',3,(#7699,#7700,#7701,#7702,#7703,#7704,#7705,#7706,#7707,#7708),.UNSPECIFIED.,.F.,.F.,(4,3,3,4),(0.,0.000047598,0.000095196,0.000190393),.UNSPECIFIED.);
#7710=EDGE_CURVE('NONE',#7698,#7686,#7709,.T.);
#7711=ORIENTED_EDGE('',*,*,#7710,.F.);
#7712=CARTESIAN_POINT('',(-40.574400918,98.665976924,142.763989489));
#7713=VERTEX_POINT('',#7712);
#7714=CARTESIAN_POINT('',(-40.574400918,98.665976924,142.763989489));
#7715=CARTESIAN_POINT('',(-40.573960567,98.749327572,142.763989489));
#7716=CARTESIAN_POINT('',(-40.57477156,98.833160687,142.763989489));
#7717=CARTESIAN_POINT('',(-40.562566853,98.91555919,142.763989489));
#7718=CARTESIAN_POINT('',(-40.556464499,98.956758442,142.763989489));
#7719=CARTESIAN_POINT('',(-40.544901633,98.997749861,142.763989489));
#7720=CARTESIAN_POINT('',(-40.523247309,99.033399812,142.763989489));
#7721=CARTESIAN_POINT('',(-40.512420146,99.051224788,142.763989489));
#7722=CARTESIAN_POINT('',(-40.498720413,99.067557145,142.763989489));
#7723=CARTESIAN_POINT('',(-40.481837416,99.079453899,142.763989489));
#7724=CARTESIAN_POINT('',(-40.473395918,99.085402276,142.763989489));
#7725=CARTESIAN_POINT('',(-40.463952107,99.0902662,142.763989489));
#7726=CARTESIAN_POINT('',(-40.454102012,99.093285459,142.763989489));
#7727=CARTESIAN_POINT('',(-40.444251917,99.096304718,142.763989489));
#7728=CARTESIAN_POINT('',(-40.433712282,99.097118438,142.763989489));
#7729=CARTESIAN_POINT('',(-40.423260277,99.097767716,142.763989489));
#7730=B_SPLINE_CURVE_WITH_KNOTS('',3,(#7714,#7715,#7716,#7717,#7718,#7719,#7720,#7721,#7722,#7723,#7724,#7725,#7726,#7727,#7728,#7729),.UNSPECIFIED.,.F.,.F.,(4,3,3,3,3,4),(0.,0.000250055,0.000375083,0.000437597,0.000468854,0.000500111),.UNSPECIFIED.);
#7731=EDGE_CURVE('NONE',#7713,#7698,#7730,.T.);
#7732=ORIENTED_EDGE('',*,*,#7731,.F.);
#7733=CARTESIAN_POINT('',(-40.574400918,98.501613943,142.763989489));
#7734=VERTEX_POINT('',#7733);
#7735=CARTESIAN_POINT('',(-40.574400918,98.501613943,142.763989489));
#7736=DIRECTION('',(0.,1.,-0.));
#7737=VECTOR('',#7736,0.164362981);
#7738=LINE('',#7735,#7737);
#7739=EDGE_CURVE('NONE',#7734,#7713,#7738,.T.);
#7740=ORIENTED_EDGE('',*,*,#7739,.F.);
#7741=CARTESIAN_POINT('',(-40.266708611,98.501613943,142.763989489));
#7742=DIRECTION('',(-1.,0.,0.));
#7743=VECTOR('',#7742,0.307692308);
#7744=LINE('',#7741,#7743);
#7745=EDGE_CURVE('NONE',#7678,#7734,#7744,.T.);
#7746=ORIENTED_EDGE('',*,*,#7745,.F.);
#7747=EDGE_LOOP('',(#7684,#7696,#7711,#7732,#7740,#7746));
#7748=FACE_BOUND('',#7747,.T.);
#7749=ORIENTED_EDGE('',*,*,#7382,.F.);
#7750=ORIENTED_EDGE('',*,*,#7664,.F.);
#7751=ORIENTED_EDGE('',*,*,#7642,.F.);
#7752=ORIENTED_EDGE('',*,*,#7618,.F.);
#7753=ORIENTED_EDGE('',*,*,#7572,.F.);
#7754=ORIENTED_EDGE('',*,*,#7504,.F.);
#7755=ORIENTED_EDGE('',*,*,#7406,.F.);
#7756=EDGE_LOOP('',(#7749,#7750,#7751,#7752,#7753,#7754,#7755));
#7757=FACE_BOUND('',#7756,.T.);
#7758=ADVANCED_FACE('NONE',(#7748,#7757),#7674,.T.);
#7759=CARTESIAN_POINT('',(-40.266708611,98.501613943,142.763989489));
#7760=DIRECTION('',(-0.,-1.,0.));
#7761=DIRECTION('',(-1.,0.,0.));
#7762=AXIS2_PLACEMENT_3D('',#7759,#7760,#7761);
#7763=PLANE('',#7762);
#7764=CARTESIAN_POINT('',(-40.266708611,98.501613943,142.758989489));
#7765=VERTEX_POINT('',#7764);
#7766=CARTESIAN_POINT('',(-40.574400918,98.501613943,142.758989489));
#7767=VERTEX_POINT('',#7766);
#7768=CARTESIAN_POINT('',(-40.266708611,98.501613943,142.758989489));
#7769=DIRECTION('',(-1.,0.,0.));
#7770=VECTOR('',#7769,0.307692308);
#7771=LINE('',#7768,#7770);
#7772=EDGE_CURVE('NONE',#7765,#7767,#7771,.T.);
#7773=ORIENTED_EDGE('',*,*,#7772,.F.);
#7774=CARTESIAN_POINT('',(-40.266708611,98.501613943,142.763989489));
#7775=DIRECTION('',(-0.,-0.,-1.));
#7776=VECTOR('',#7775,0.005);
#7777=LINE('',#7774,#7776);
#7778=EDGE_CURVE('NONE',#7678,#7765,#7777,.T.);
#7779=ORIENTED_EDGE('',*,*,#7778,.F.);
#7780=ORIENTED_EDGE('',*,*,#7745,.T.);
#7781=CARTESIAN_POINT('',(-40.574400918,98.501613943,142.763989489));
#7782=DIRECTION('',(-0.,-0.,-1.));
#7783=VECTOR('',#7782,0.005);
#7784=LINE('',#7781,#7783);
#7785=EDGE_CURVE('NONE',#7734,#7767,#7784,.T.);
#7786=ORIENTED_EDGE('',*,*,#7785,.T.);
#7787=EDGE_LOOP('',(#7773,#7779,#7780,#7786));
#7788=FACE_BOUND('',#7787,.T.);
#7789=ADVANCED_FACE('NONE',(#7788),#7763,.T.);
#7790=CARTESIAN_POINT('',(-40.266708611,98.647347116,142.763989489));
#7791=DIRECTION('',(1.,-0.,-0.));
#7792=DIRECTION('',(-0.,-1.,0.));
#7793=AXIS2_PLACEMENT_3D('',#7790,#7791,#7792);
#7794=PLANE('',#7793);
#7795=CARTESIAN_POINT('',(-40.266708611,98.647347116,142.758989489));
#7796=VERTEX_POINT('',#7795);
#7797=CARTESIAN_POINT('',(-40.266708611,98.647347116,142.758989489));
#7798=DIRECTION('',(-0.,-1.,0.));
#7799=VECTOR('',#7798,0.145733173);
#7800=LINE('',#7797,#7799);
#7801=EDGE_CURVE('NONE',#7796,#7765,#7800,.T.);
#7802=ORIENTED_EDGE('',*,*,#7801,.F.);
#7803=CARTESIAN_POINT('',(-40.266708611,98.647347116,142.763989489));
#7804=DIRECTION('',(-0.,-0.,-1.));
#7805=VECTOR('',#7804,0.005);
#7806=LINE('',#7803,#7805);
#7807=EDGE_CURVE('NONE',#7676,#7796,#7806,.T.);
#7808=ORIENTED_EDGE('',*,*,#7807,.F.);
#7809=ORIENTED_EDGE('',*,*,#7683,.T.);
#7810=ORIENTED_EDGE('',*,*,#7778,.T.);
#7811=EDGE_LOOP('',(#7802,#7808,#7809,#7810));
#7812=FACE_BOUND('',#7811,.T.);
#7813=ADVANCED_FACE('NONE',(#7812),#7794,.T.);
#7814=CARTESIAN_POINT('',(-40.296456207,98.976073078,142.763989489));
#7815=CARTESIAN_POINT('',(-40.296456207,98.976073078,142.758989489));
#7816=CARTESIAN_POINT('',(-40.294032028,98.967890554,142.763989489));
#7817=CARTESIAN_POINT('',(-40.294032028,98.967890554,142.758989489));
#7818=CARTESIAN_POINT('',(-40.288788696,98.950192326,142.763989489));
#7819=CARTESIAN_POINT('',(-40.288788696,98.950192326,142.758989489));
#7820=CARTESIAN_POINT('',(-40.283032852,98.920818741,142.763989489));
#7821=CARTESIAN_POINT('',(-40.283032852,98.920818741,142.758989489));
#7822=CARTESIAN_POINT('',(-40.277976054,98.886828026,142.763989489));
#7823=CARTESIAN_POINT('',(-40.277976054,98.886828026,142.758989489));
#7824=CARTESIAN_POINT('',(-40.273859018,98.848026688,142.763989489));
#7825=CARTESIAN_POINT('',(-40.273859018,98.848026688,142.758989489));
#7826=CARTESIAN_POINT('',(-40.270651595,98.804534344,142.763989489));
#7827=CARTESIAN_POINT('',(-40.270651595,98.804534344,142.758989489));
#7828=CARTESIAN_POINT('',(-40.268181041,98.756347162,142.763989489));
#7829=CARTESIAN_POINT('',(-40.268181041,98.756347162,142.758989489));
#7830=CARTESIAN_POINT('',(-40.267196096,98.703440644,142.763989489));
#7831=CARTESIAN_POINT('',(-40.267196096,98.703440644,142.758989489));
#7832=CARTESIAN_POINT('',(-40.266875738,98.66657795,142.763989489));
#7833=CARTESIAN_POINT('',(-40.266875738,98.66657795,142.758989489));
#7834=CARTESIAN_POINT('',(-40.266708611,98.647347116,142.763989489));
#7835=CARTESIAN_POINT('',(-40.266708611,98.647347116,142.758989489));
#7836=B_SPLINE_SURFACE_WITH_KNOTS('',3,1,((#7814,#7815),(#7816,#7817),(#7818,#7819),(#7820,#7821),(#7822,#7823),(#7824,#7825),(#7826,#7827),(#7828,#7829),(#7830,#7831),(#7832,#7833),(#7834,#7835)),.UNSPECIFIED.,.F.,.F.,.U.,(4,1,1,1,1,1,1,1,4),(2,2),(0.,0.077288367,0.167169319,0.27087287,0.388630119,0.520598355,0.665982641,0.825747072,1.),(0.,1.),.UNSPECIFIED.);
#7837=CARTESIAN_POINT('',(-40.296456207,98.976073079,142.758989489));
#7838=VERTEX_POINT('',#7837);
#7839=CARTESIAN_POINT('',(-40.296456207,98.976073079,142.758989489));
#7840=CARTESIAN_POINT('',(-40.280776709,98.923148829,142.758989489));
#7841=CARTESIAN_POINT('',(-40.275022277,98.867894416,142.758989489));
#7842=CARTESIAN_POINT('',(-40.271357433,98.812826529,142.758989489));
#7843=CARTESIAN_POINT('',(-40.267692588,98.757758643,142.758989489));
#7844=CARTESIAN_POINT('',(-40.267188241,98.70253683,142.758989489));
#7845=CARTESIAN_POINT('',(-40.266708611,98.647347116,142.758989489));
#7846=B_SPLINE_CURVE_WITH_KNOTS('',3,(#7839,#7840,#7841,#7842,#7843,#7844,#7845),.UNSPECIFIED.,.F.,.F.,(4,3,4),(0.,0.000165594,0.000331187),.UNSPECIFIED.);
#7847=EDGE_CURVE('NONE',#7838,#7796,#7846,.T.);
#7848=ORIENTED_EDGE('',*,*,#7847,.F.);
#7849=CARTESIAN_POINT('',(-40.296456207,98.97607308,142.763989489));
#7850=DIRECTION('',(-0.,-0.,-1.));
#7851=VECTOR('',#7850,0.005);
#7852=LINE('',#7849,#7851);
#7853=EDGE_CURVE('NONE',#7686,#7838,#7852,.T.);
#7854=ORIENTED_EDGE('',*,*,#7853,.F.);
#7855=ORIENTED_EDGE('',*,*,#7695,.T.);
#7856=ORIENTED_EDGE('',*,*,#7807,.T.);
#7857=EDGE_LOOP('',(#7848,#7854,#7855,#7856));
#7858=FACE_BOUND('',#7857,.T.);
#7859=ADVANCED_FACE('NONE',(#7858),#7836,.T.);
#7860=CARTESIAN_POINT('',(-40.423259092,99.09776779,142.763989489));
#7861=CARTESIAN_POINT('',(-40.423259092,99.09776779,142.758989489));
#7862=CARTESIAN_POINT('',(-40.416206871,99.097461032,142.763989489));
#7863=CARTESIAN_POINT('',(-40.416206871,99.097461032,142.758989489));
#7864=CARTESIAN_POINT('',(-40.402357054,99.096858594,142.763989489));
#7865=CARTESIAN_POINT('',(-40.402357054,99.096858594,142.758989489));
#7866=CARTESIAN_POINT('',(-40.382389781,99.090877434,142.763989489));
#7867=CARTESIAN_POINT('',(-40.382389781,99.090877434,142.758989489));
#7868=CARTESIAN_POINT('',(-40.364096881,99.081048729,142.763989489));
#7869=CARTESIAN_POINT('',(-40.364096881,99.081048729,142.758989489));
#7870=CARTESIAN_POINT('',(-40.347293973,99.067427941,142.763989489));
#7871=CARTESIAN_POINT('',(-40.347293973,99.067427941,142.758989489));
#7872=CARTESIAN_POINT('',(-40.331835737,99.050169801,142.763989489));
#7873=CARTESIAN_POINT('',(-40.331835737,99.050169801,142.758989489));
#7874=CARTESIAN_POINT('',(-40.318563669,99.028691817,142.763989489));
#7875=CARTESIAN_POINT('',(-40.318563669,99.028691817,142.758989489));
#7876=CARTESIAN_POINT('',(-40.305953285,99.004006084,142.763989489));
#7877=CARTESIAN_POINT('',(-40.305953285,99.004006084,142.758989489));
#7878=CARTESIAN_POINT('',(-40.299724819,98.985686789,142.763989489));
#7879=CARTESIAN_POINT('',(-40.299724819,98.985686789,142.758989489));
#7880=CARTESIAN_POINT('',(-40.296456207,98.976073078,142.763989489));
#7881=CARTESIAN_POINT('',(-40.296456207,98.976073078,142.758989489));
#7882=B_SPLINE_SURFACE_WITH_KNOTS('',3,1,((#7860,#7861),(#7862,#7863),(#7864,#7865),(#7866,#7867),(#7868,#7869),(#7870,#7871),(#7872,#7873),(#7874,#7875),(#7876,#7877),(#7878,#7879),(#7880,#7881)),.UNSPECIFIED.,.F.,.F.,.U.,(4,1,1,1,1,1,1,1,4),(2,2),(0.,0.111689785,0.219346942,0.327449207,0.43942148,0.561013147,0.693305813,0.839051174,1.),(0.,1.),.UNSPECIFIED.);
#7883=CARTESIAN_POINT('',(-40.423259685,99.097767753,142.758989489));
#7884=VERTEX_POINT('',#7883);
#7885=CARTESIAN_POINT('',(-40.423260271,99.097767841,142.758989489));
#7886=CARTESIAN_POINT('',(-40.407408523,99.097078322,142.758989489));
#7887=CARTESIAN_POINT('',(-40.391651788,99.094747601,142.758989489));
#7888=CARTESIAN_POINT('',(-40.37739097,99.08788665,142.758989489));
#7889=CARTESIAN_POINT('',(-40.363130152,99.0810257,142.758989489));
#7890=CARTESIAN_POINT('',(-40.35063017,99.070906034,142.758989489));
#7891=CARTESIAN_POINT('',(-40.340176227,99.059241116,142.758989489));
#7892=CARTESIAN_POINT('',(-40.31926834,99.035911278,142.758989489));
#7893=CARTESIAN_POINT('',(-40.306622462,99.005974279,142.758989489));
#7894=CARTESIAN_POINT('',(-40.296456207,98.976073079,142.758989489));
#7895=B_SPLINE_CURVE_WITH_KNOTS('',3,(#7885,#7886,#7887,#7888,#7889,#7890,#7891,#7892,#7893,#7894),.UNSPECIFIED.,.F.,.F.,(4,3,3,4),(0.,0.000047598,0.000095196,0.000190393),.UNSPECIFIED.);
#7896=EDGE_CURVE('NONE',#7884,#7838,#7895,.T.);
#7897=ORIENTED_EDGE('',*,*,#7896,.F.);
#7898=CARTESIAN_POINT('',(-40.423259093,99.09776779,142.763989489));
#7899=DIRECTION('',(-0.,0.,-1.));
#7900=VECTOR('',#7899,0.005);
#7901=LINE('',#7898,#7900);
#7902=EDGE_CURVE('NONE',#7698,#7884,#7901,.T.);
#7903=ORIENTED_EDGE('',*,*,#7902,.F.);
#7904=ORIENTED_EDGE('',*,*,#7710,.T.);
#7905=ORIENTED_EDGE('',*,*,#7853,.T.);
#7906=EDGE_LOOP('',(#7897,#7903,#7904,#7905));
#7907=FACE_BOUND('',#7906,.T.);
#7908=ADVANCED_FACE('NONE',(#7907),#7882,.T.);
#7909=CARTESIAN_POINT('',(-40.574400918,98.665976924,142.763989489));
#7910=CARTESIAN_POINT('',(-40.574400918,98.665976924,142.758989489));
#7911=CARTESIAN_POINT('',(-40.574318898,98.681501884,142.763989489));
#7912=CARTESIAN_POINT('',(-40.574318898,98.681501884,142.758989489));
#7913=CARTESIAN_POINT('',(-40.574161202,98.711350974,142.763989489));
#7914=CARTESIAN_POINT('',(-40.574161202,98.711350974,142.758989489));
#7915=CARTESIAN_POINT('',(-40.57364572,98.754224978,142.763989489));
#7916=CARTESIAN_POINT('',(-40.57364572,98.754224978,142.758989489));
#7917=CARTESIAN_POINT('',(-40.572489246,98.793497599,142.763989489));
#7918=CARTESIAN_POINT('',(-40.572489246,98.793497599,142.758989489));
#7919=CARTESIAN_POINT('',(-40.570605878,98.829048836,142.763989489));
#7920=CARTESIAN_POINT('',(-40.570605878,98.829048836,142.758989489));
#7921=CARTESIAN_POINT('',(-40.568700217,98.860930536,142.763989489));
#7922=CARTESIAN_POINT('',(-40.568700217,98.860930536,142.758989489));
#7923=CARTESIAN_POINT('',(-40.565852193,98.889061411,142.763989489));
#7924=CARTESIAN_POINT('',(-40.565852193,98.889061411,142.758989489));
#7925=CARTESIAN_POINT('',(-40.563091593,98.913561156,142.763989489));
#7926=CARTESIAN_POINT('',(-40.563091593,98.913561156,142.758989489));
#7927=CARTESIAN_POINT('',(-40.558349261,98.940743991,142.763989489));
#7928=CARTESIAN_POINT('',(-40.558349261,98.940743991,142.758989489));
#7929=CARTESIAN_POINT('',(-40.550950215,98.970379387,142.763989489));
#7930=CARTESIAN_POINT('',(-40.550950215,98.970379387,142.758989489));
#7931=CARTESIAN_POINT('',(-40.53947181,99.00229456,142.763989489));
#7932=CARTESIAN_POINT('',(-40.53947181,99.00229456,142.758989489));
#7933=CARTESIAN_POINT('',(-40.525878499,99.03049895,142.763989489));
#7934=CARTESIAN_POINT('',(-40.525878499,99.03049895,142.758989489));
#7935=CARTESIAN_POINT('',(-40.509388165,99.054365114,142.763989489));
#7936=CARTESIAN_POINT('',(-40.509388165,99.054365114,142.758989489));
#7937=CARTESIAN_POINT('',(-40.490814789,99.0735865,142.763989489));
#7938=CARTESIAN_POINT('',(-40.490814789,99.0735865,142.758989489));
#7939=CARTESIAN_POINT('',(-40.470183409,99.087710185,142.763989489));
#7940=CARTESIAN_POINT('',(-40.470183409,99.087710185,142.758989489));
#7941=CARTESIAN_POINT('',(-40.447336009,99.096271898,142.763989489));
#7942=CARTESIAN_POINT('',(-40.447336009,99.096271898,142.758989489));
#7943=CARTESIAN_POINT('',(-40.431344059,99.097265552,142.763989489));
#7944=CARTESIAN_POINT('',(-40.431344059,99.097265552,142.758989489));
#7945=CARTESIAN_POINT('',(-40.423261461,99.097767643,142.763989489));
#7946=CARTESIAN_POINT('',(-40.423261461,99.097767643,142.758989489));
#7947=CARTESIAN_POINT('',(-40.423260869,99.097767679,142.763989489));
#7948=CARTESIAN_POINT('',(-40.423260869,99.097767679,142.758989489));
#7949=CARTESIAN_POINT('',(-40.423260277,99.097767716,142.763989489));
#7950=CARTESIAN_POINT('',(-40.423260277,99.097767716,142.758989489));
#7951=CARTESIAN_POINT('',(-40.423259685,99.097767753,142.763989489));
#7952=CARTESIAN_POINT('',(-40.423259685,99.097767753,142.758989489));
#7953=B_SPLINE_SURFACE_WITH_KNOTS('',3,1,((#7909,#7910),(#7911,#7912),(#7913,#7914),(#7915,#7916),(#7917,#7918),(#7919,#7920),(#7921,#7922),(#7923,#7924),(#7925,#7926),(#7927,#7928),(#7929,#7930),(#7931,#7932),(#7933,#7934),(#7935,#7936),(#7937,#7938),(#7939,#7940),(#7941,#7942),(#7943,#7944),(#7945,#7946),(#7947,#7948),(#7949,#7950),(#7951,#7952)),.UNSPECIFIED.,.F.,.F.,.U.,(4,1,1,1,1,1,1,1,1,1,1,1,1,1,1,1,3,4),(2,2),(0.,0.093245231,0.179278099,0.257519161,0.329196881,0.393102151,0.449309489,0.499003654,0.541135007,0.614961595,0.682135671,0.744551237,0.802458367,0.855631813,0.904184109,0.951570844,0.999995268,0.999998816),(0.,1.),.UNSPECIFIED.);
#7954=CARTESIAN_POINT('',(-40.574400918,98.665976924,142.758989489));
#7955=VERTEX_POINT('',#7954);
#7956=CARTESIAN_POINT('',(-40.574400918,98.665976924,142.758989489));
#7957=CARTESIAN_POINT('',(-40.573960567,98.749327572,142.758989489));
#7958=CARTESIAN_POINT('',(-40.57477156,98.833160687,142.758989489));
#7959=CARTESIAN_POINT('',(-40.562566853,98.91555919,142.758989489));
#7960=CARTESIAN_POINT('',(-40.556464499,98.956758442,142.758989489));
#7961=CARTESIAN_POINT('',(-40.544901633,98.997749861,142.758989489));
#7962=CARTESIAN_POINT('',(-40.523247309,99.033399812,142.758989489));
#7963=CARTESIAN_POINT('',(-40.512420146,99.051224788,142.758989489));
#7964=CARTESIAN_POINT('',(-40.498720413,99.067557145,142.758989489));
#7965=CARTESIAN_POINT('',(-40.481837416,99.079453899,142.758989489));
#7966=CARTESIAN_POINT('',(-40.473395918,99.085402276,142.758989489));
#7967=CARTESIAN_POINT('',(-40.463952107,99.0902662,142.758989489));
#7968=CARTESIAN_POINT('',(-40.454102012,99.093285459,142.758989489));
#7969=CARTESIAN_POINT('',(-40.444251917,99.096304718,142.758989489));
#7970=CARTESIAN_POINT('',(-40.433712282,99.097118438,142.758989489));
#7971=CARTESIAN_POINT('',(-40.423260277,99.097767716,142.758989489));
#7972=B_SPLINE_CURVE_WITH_KNOTS('',3,(#7956,#7957,#7958,#7959,#7960,#7961,#7962,#7963,#7964,#7965,#7966,#7967,#7968,#7969,#7970,#7971),.UNSPECIFIED.,.F.,.F.,(4,3,3,3,3,4),(0.,0.000250055,0.000375083,0.000437597,0.000468854,0.000500111),.UNSPECIFIED.);
#7973=EDGE_CURVE('NONE',#7955,#7884,#7972,.T.);
#7974=ORIENTED_EDGE('',*,*,#7973,.F.);
#7975=CARTESIAN_POINT('',(-40.574400918,98.665976924,142.763989489));
#7976=DIRECTION('',(-0.,-0.,-1.));
#7977=VECTOR('',#7976,0.005);
#7978=LINE('',#7975,#7977);
#7979=EDGE_CURVE('NONE',#7713,#7955,#7978,.T.);
#7980=ORIENTED_EDGE('',*,*,#7979,.F.);
#7981=ORIENTED_EDGE('',*,*,#7731,.T.);
#7982=ORIENTED_EDGE('',*,*,#7902,.T.);
#7983=EDGE_LOOP('',(#7974,#7980,#7981,#7982));
#7984=FACE_BOUND('',#7983,.T.);
#7985=ADVANCED_FACE('NONE',(#7984),#7953,.T.);
#7986=CARTESIAN_POINT('',(-40.574400918,98.501613943,142.763989489));
#7987=DIRECTION('',(-1.,0.,0.));
#7988=DIRECTION('',(0.,1.,-0.));
#7989=AXIS2_PLACEMENT_3D('',#7986,#7987,#7988);
#7990=PLANE('',#7989);
#7991=CARTESIAN_POINT('',(-40.574400918,98.501613943,142.758989489));
#7992=DIRECTION('',(0.,1.,-0.));
#7993=VECTOR('',#7992,0.164362981);
#7994=LINE('',#7991,#7993);
#7995=EDGE_CURVE('NONE',#7767,#7955,#7994,.T.);
#7996=ORIENTED_EDGE('',*,*,#7995,.F.);
#7997=ORIENTED_EDGE('',*,*,#7785,.F.);
#7998=ORIENTED_EDGE('',*,*,#7739,.T.);
#7999=ORIENTED_EDGE('',*,*,#7979,.T.);
#8000=EDGE_LOOP('',(#7996,#7997,#7998,#7999));
#8001=FACE_BOUND('',#8000,.T.);
#8002=ADVANCED_FACE('NONE',(#8001),#7990,.T.);
#8003=CARTESIAN_POINT('',(-43.228247082,88.973108199,142.763989489));
#8004=CARTESIAN_POINT('',(-43.228247082,88.973108199,142.758989489));
#8005=CARTESIAN_POINT('',(-43.228499,88.965985724,142.763989489));
#8006=CARTESIAN_POINT('',(-43.228499,88.965985724,142.758989489));
#8007=CARTESIAN_POINT('',(-43.228994961,88.951963869,142.763989489));
#8008=CARTESIAN_POINT('',(-43.228994961,88.951963869,142.758989489));
#8009=CARTESIAN_POINT('',(-43.23229635,88.931352778,142.763989489));
#8010=CARTESIAN_POINT('',(-43.23229635,88.931352778,142.758989489));
#8011=CARTESIAN_POINT('',(-43.238114737,88.911739727,142.763989489));
#8012=CARTESIAN_POINT('',(-43.238114737,88.911739727,142.758989489));
#8013=CARTESIAN_POINT('',(-43.245910556,88.892906536,142.763989489));
#8014=CARTESIAN_POINT('',(-43.245910556,88.892906536,142.758989489));
#8015=CARTESIAN_POINT('',(-43.25624397,88.875054195,142.763989489));
#8016=CARTESIAN_POINT('',(-43.25624397,88.875054195,142.758989489));
#8017=CARTESIAN_POINT('',(-43.26898155,88.858227736,142.763989489));
#8018=CARTESIAN_POINT('',(-43.26898155,88.858227736,142.758989489));
#8019=CARTESIAN_POINT('',(-43.283799604,88.84224987,142.763989489));
#8020=CARTESIAN_POINT('',(-43.283799604,88.84224987,142.758989489));
#8021=CARTESIAN_POINT('',(-43.300651798,88.827193877,142.763989489));
#8022=CARTESIAN_POINT('',(-43.300651798,88.827193877,142.758989489));
#8023=CARTESIAN_POINT('',(-43.319458852,88.813490959,142.763989489));
#8024=CARTESIAN_POINT('',(-43.319458852,88.813490959,142.758989489));
#8025=CARTESIAN_POINT('',(-43.340049001,88.801320077,142.763989489));
#8026=CARTESIAN_POINT('',(-43.340049001,88.801320077,142.758989489));
#8027=CARTESIAN_POINT('',(-43.362409465,88.791256784,142.763989489));
#8028=CARTESIAN_POINT('',(-43.362409465,88.791256784,142.758989489));
#8029=CARTESIAN_POINT('',(-43.386245052,88.782396694,142.763989489));
#8030=CARTESIAN_POINT('',(-43.386245052,88.782396694,142.758989489));
#8031=CARTESIAN_POINT('',(-43.411811773,88.775563369,142.763989489));
#8032=CARTESIAN_POINT('',(-43.411811773,88.775563369,142.758989489));
#8033=CARTESIAN_POINT('',(-43.438956618,88.770587861,142.763989489));
#8034=CARTESIAN_POINT('',(-43.438956618,88.770587861,142.758989489));
#8035=CARTESIAN_POINT('',(-43.467635422,88.766805314,142.763989489));
#8036=CARTESIAN_POINT('',(-43.467635422,88.766805314,142.758989489));
#8037=CARTESIAN_POINT('',(-43.487349404,88.765927402,142.763989489));
#8038=CARTESIAN_POINT('',(-43.487349404,88.765927402,142.758989489));
#8039=CARTESIAN_POINT('',(-43.497477838,88.765476358,142.763989489));
#8040=CARTESIAN_POINT('',(-43.497477838,88.765476358,142.758989489));
#8041=B_SPLINE_SURFACE_WITH_KNOTS('',3,1,((#8003,#8004),(#8005,#8006),(#8007,#8008),(#8009,#8010),(#8011,#8012),(#8013,#8014),(#8015,#8016),(#8017,#8018),(#8019,#8020),(#8021,#8022),(#8023,#8024),(#8025,#8026),(#8027,#8028),(#8029,#8030),(#8031,#8032),(#8033,#8034),(#8035,#8036),(#8037,#8038),(#8039,#8040)),.UNSPECIFIED.,.F.,.F.,.U.,(4,1,1,1,1,1,1,1,1,1,1,1,1,1,1,1,4),(2,2),(0.000000979,0.056466868,0.111164099,0.164937097,0.218321752,0.272392923,0.327976343,0.385291052,0.444902918,0.506843819,0.569488185,0.634153216,0.700976095,0.770897497,0.843625611,0.919659676,1.),(0.,1.),.UNSPECIFIED.);
#8042=ORIENTED_EDGE('',*,*,#1577,.F.);
#8043=CARTESIAN_POINT('',(-43.228247064,88.97310783,142.763989489));
#8044=VERTEX_POINT('',#8043);
#8045=CARTESIAN_POINT('',(-43.228247069,88.97310857,142.763989489));
#8046=DIRECTION('',(-0.,-0.,-1.));
#8047=VECTOR('',#8046,0.005);
#8048=LINE('',#8045,#8047);
#8049=EDGE_CURVE('NONE',#8044,#1557,#8048,.T.);
#8050=ORIENTED_EDGE('',*,*,#8049,.F.);
#8051=CARTESIAN_POINT('',(-43.497477838,88.765476358,142.763989489));
#8052=VERTEX_POINT('',#8051);
#8053=CARTESIAN_POINT('',(-43.228247095,88.973107829,142.763989489));
#8054=CARTESIAN_POINT('',(-43.228805934,88.957307799,142.763989489));
#8055=CARTESIAN_POINT('',(-43.229989119,88.941565004,142.763989489));
#8056=CARTESIAN_POINT('',(-43.233996566,88.926272793,142.763989489));
#8057=CARTESIAN_POINT('',(-43.238004014,88.910980582,142.763989489));
#8058=CARTESIAN_POINT('',(-43.243973128,88.896168751,142.763989489));
#8059=CARTESIAN_POINT('',(-43.252040682,88.882548544,142.763989489));
#8060=CARTESIAN_POINT('',(-43.26817579,88.855308132,142.763989489));
#8061=CARTESIAN_POINT('',(-43.291562359,88.832699352,142.763989489));
#8062=CARTESIAN_POINT('',(-43.31749769,88.815248196,142.763989489));
#8063=CARTESIAN_POINT('',(-43.343433021,88.797797041,142.763989489));
#8064=CARTESIAN_POINT('',(-43.37309228,88.78557079,142.763989489));
#8065=CARTESIAN_POINT('',(-43.403722777,88.777858357,142.763989489));
#8066=CARTESIAN_POINT('',(-43.434353273,88.770145925,142.763989489));
#8067=CARTESIAN_POINT('',(-43.465928519,88.766881326,142.763989489));
#8068=CARTESIAN_POINT('',(-43.497477832,88.765476358,142.763989489));
#8069=B_SPLINE_CURVE_WITH_KNOTS('',3,(#8053,#8054,#8055,#8056,#8057,#8058,#8059,#8060,#8061,#8062,#8063,#8064,#8065,#8066,#8067,#8068),.UNSPECIFIED.,.F.,.F.,(4,3,3,3,3,4),(0.,0.000047429,0.000094858,0.000189717,0.000284575,0.000379434),.UNSPECIFIED.);
#8070=EDGE_CURVE('NONE',#8044,#8052,#8069,.T.);
#8071=ORIENTED_EDGE('',*,*,#8070,.T.);
#8072=CARTESIAN_POINT('',(-43.497477838,88.765476358,142.763989489));
#8073=DIRECTION('',(-0.,-0.,-1.));
#8074=VECTOR('',#8073,0.005);
#8075=LINE('',#8072,#8074);
#8076=EDGE_CURVE('NONE',#8052,#1559,#8075,.T.);
#8077=ORIENTED_EDGE('',*,*,#8076,.T.);
#8078=EDGE_LOOP('',(#8042,#8050,#8071,#8077));
#8079=FACE_BOUND('',#8078,.T.);
#8080=ADVANCED_FACE('NONE',(#8079),#8041,.T.);
#8081=CARTESIAN_POINT('',(-43.497477838,88.765476358,142.763989489));
#8082=DIRECTION('',(1.,-0.,-0.));
#8083=DIRECTION('',(-0.,-1.,0.));
#8084=AXIS2_PLACEMENT_3D('',#8081,#8082,#8083);
#8085=PLANE('',#8084);
#8086=ORIENTED_EDGE('',*,*,#1585,.F.);
#8087=ORIENTED_EDGE('',*,*,#8076,.F.);
#8088=CARTESIAN_POINT('',(-43.497477838,88.496245589,142.763989489));
#8089=VERTEX_POINT('',#8088);
#8090=CARTESIAN_POINT('',(-43.497477838,88.765476358,142.763989489));
#8091=DIRECTION('',(-0.,-1.,0.));
#8092=VECTOR('',#8091,0.269230769);
#8093=LINE('',#8090,#8092);
#8094=EDGE_CURVE('NONE',#8052,#8089,#8093,.T.);
#8095=ORIENTED_EDGE('',*,*,#8094,.T.);
#8096=CARTESIAN_POINT('',(-43.497477838,88.496245589,142.763989489));
#8097=DIRECTION('',(-0.,-0.,-1.));
#8098=VECTOR('',#8097,0.005);
#8099=LINE('',#8096,#8098);
#8100=EDGE_CURVE('NONE',#8089,#1580,#8099,.T.);
#8101=ORIENTED_EDGE('',*,*,#8100,.T.);
#8102=EDGE_LOOP('',(#8086,#8087,#8095,#8101));
#8103=FACE_BOUND('',#8102,.T.);
#8104=ADVANCED_FACE('NONE',(#8103),#8085,.T.);
#8105=CARTESIAN_POINT('',(-43.497477838,88.496245589,142.763989489));
#8106=CARTESIAN_POINT('',(-43.497477838,88.496245589,142.758989489));
#8107=CARTESIAN_POINT('',(-43.477111741,88.497407898,142.763989489));
#8108=CARTESIAN_POINT('',(-43.477111741,88.497407898,142.758989489));
#8109=CARTESIAN_POINT('',(-43.437317611,88.499678982,142.763989489));
#8110=CARTESIAN_POINT('',(-43.437317611,88.499678982,142.758989489));
#8111=CARTESIAN_POINT('',(-43.379518938,88.508722688,142.763989489));
#8112=CARTESIAN_POINT('',(-43.379518938,88.508722688,142.758989489));
#8113=CARTESIAN_POINT('',(-43.324892184,88.520809805,142.763989489));
#8114=CARTESIAN_POINT('',(-43.324892184,88.520809805,142.758989489));
#8115=CARTESIAN_POINT('',(-43.27360158,88.537079363,142.763989489));
#8116=CARTESIAN_POINT('',(-43.27360158,88.537079363,142.758989489));
#8117=CARTESIAN_POINT('',(-43.225625576,88.557118974,142.763989489));
#8118=CARTESIAN_POINT('',(-43.225625576,88.557118974,142.758989489));
#8119=CARTESIAN_POINT('',(-43.18112309,88.581427401,142.763989489));
#8120=CARTESIAN_POINT('',(-43.18112309,88.581427401,142.758989489));
#8121=CARTESIAN_POINT('',(-43.139775242,88.609278879,142.763989489));
#8122=CARTESIAN_POINT('',(-43.139775242,88.609278879,142.758989489));
#8123=CARTESIAN_POINT('',(-43.102307189,88.64123481,142.763989489));
#8124=CARTESIAN_POINT('',(-43.102307189,88.64123481,142.758989489));
#8125=CARTESIAN_POINT('',(-43.06862227,88.675998255,142.763989489));
#8126=CARTESIAN_POINT('',(-43.06862227,88.675998255,142.758989489));
#8127=CARTESIAN_POINT('',(-43.03917403,88.713480092,142.763989489));
#8128=CARTESIAN_POINT('',(-43.03917403,88.713480092,142.758989489));
#8129=CARTESIAN_POINT('',(-43.014522002,88.753573851,142.763989489));
#8130=CARTESIAN_POINT('',(-43.014522002,88.753573851,142.758989489));
#8131=CARTESIAN_POINT('',(-42.994299831,88.796011433,142.763989489));
#8132=CARTESIAN_POINT('',(-42.994299831,88.796011433,142.758989489));
#8133=CARTESIAN_POINT('',(-42.97811949,88.840626148,142.763989489));
#8134=CARTESIAN_POINT('',(-42.97811949,88.840626148,142.758989489));
#8135=CARTESIAN_POINT('',(-42.967307318,88.887868765,142.763989489));
#8136=CARTESIAN_POINT('',(-42.967307318,88.887868765,142.758989489));
#8137=CARTESIAN_POINT('',(-42.959983624,88.93732243,142.763989489));
#8138=CARTESIAN_POINT('',(-42.959983624,88.93732243,142.758989489));
#8139=CARTESIAN_POINT('',(-42.959342875,88.971177768,142.763989489));
#8140=CARTESIAN_POINT('',(-42.959342875,88.971177768,142.758989489));
#8141=CARTESIAN_POINT('',(-42.9590163,88.988433089,142.763989489));
#8142=CARTESIAN_POINT('',(-42.9590163,88.988433089,142.758989489));
#8143=B_SPLINE_SURFACE_WITH_KNOTS('',3,1,((#8105,#8106),(#8107,#8108),(#8109,#8110),(#8111,#8112),(#8113,#8114),(#8115,#8116),(#8117,#8118),(#8119,#8120),(#8121,#8122),(#8123,#8124),(#8125,#8126),(#8127,#8128),(#8129,#8130),(#8131,#8132),(#8133,#8134),(#8135,#8136),(#8137,#8138),(#8139,#8140),(#8141,#8142)),.UNSPECIFIED.,.F.,.F.,.U.,(4,1,1,1,1,1,1,1,1,1,1,1,1,1,1,1,4),(2,2),(0.,0.074933003,0.146414589,0.214733178,0.280395691,0.343911834,0.405520742,0.466476199,0.526809321,0.586167611,0.644122379,0.701640578,0.758775823,0.81664635,0.875666936,0.936630174,1.),(0.,1.),.UNSPECIFIED.);
#8144=ORIENTED_EDGE('',*,*,#1606,.F.);
#8145=ORIENTED_EDGE('',*,*,#8100,.F.);
#8146=CARTESIAN_POINT('',(-42.9590163,88.988433089,142.763989489));
#8147=VERTEX_POINT('',#8146);
#8148=CARTESIAN_POINT('',(-43.497477838,88.496245589,142.763989489));
#8149=CARTESIAN_POINT('',(-43.429415315,88.500129972,142.763989489));
#8150=CARTESIAN_POINT('',(-43.361300135,88.509169903,142.763989489));
#8151=CARTESIAN_POINT('',(-43.296402758,88.530060522,142.763989489));
#8152=CARTESIAN_POINT('',(-43.231505382,88.55095114,142.763989489));
#8153=CARTESIAN_POINT('',(-43.17001823,88.583308811,142.763989489));
#8154=CARTESIAN_POINT('',(-43.118372787,88.627820907,142.763989489));
#8155=CARTESIAN_POINT('',(-43.066727344,88.672333003,142.763989489));
#8156=CARTESIAN_POINT('',(-43.024565072,88.728102775,142.763989489));
#8157=CARTESIAN_POINT('',(-42.997540479,88.790341682,142.763989489));
#8158=CARTESIAN_POINT('',(-42.984028183,88.821461135,142.763989489));
#8159=CARTESIAN_POINT('',(-42.974427446,88.853738341,142.763989489));
#8160=CARTESIAN_POINT('',(-42.968121693,88.886990803,142.763989489));
#8161=CARTESIAN_POINT('',(-42.961815941,88.920243265,142.763989489));
#8162=CARTESIAN_POINT('',(-42.959660291,88.9544064,142.763989489));
#8163=CARTESIAN_POINT('',(-42.9590163,88.988433089,142.763989489));
#8164=B_SPLINE_CURVE_WITH_KNOTS('',3,(#8148,#8149,#8150,#8151,#8152,#8153,#8154,#8155,#8156,#8157,#8158,#8159,#8160,#8161,#8162,#8163),.UNSPECIFIED.,.F.,.F.,(4,3,3,3,3,4),(0.,0.00020452,0.00040904,0.000613559,0.000715819,0.000818079),.UNSPECIFIED.);
#8165=EDGE_CURVE('NONE',#8089,#8147,#8164,.T.);
#8166=ORIENTED_EDGE('',*,*,#8165,.T.);
#8167=CARTESIAN_POINT('',(-42.9590163,88.988433089,142.763989489));
#8168=DIRECTION('',(-0.,-0.,-1.));
#8169=VECTOR('',#8168,0.005);
#8170=LINE('',#8167,#8169);
#8171=EDGE_CURVE('NONE',#8147,#1588,#8170,.T.);
#8172=ORIENTED_EDGE('',*,*,#8171,.T.);
#8173=EDGE_LOOP('',(#8144,#8145,#8166,#8172));
#8174=FACE_BOUND('',#8173,.T.);
#8175=ADVANCED_FACE('NONE',(#8174),#8143,.T.);
#8176=CARTESIAN_POINT('',(-42.9590163,88.988433089,142.763989489));
#8177=CARTESIAN_POINT('',(-42.9590163,88.988433089,142.758989489));
#8178=CARTESIAN_POINT('',(-42.959633848,89.009622794,142.763989489));
#8179=CARTESIAN_POINT('',(-42.959633848,89.009622794,142.758989489));
#8180=CARTESIAN_POINT('',(-42.960839976,89.051008243,142.763989489));
#8181=CARTESIAN_POINT('',(-42.960839976,89.051008243,142.758989489));
#8182=CARTESIAN_POINT('',(-42.972452767,89.110952538,142.763989489));
#8183=CARTESIAN_POINT('',(-42.972452767,89.110952538,142.758989489));
#8184=CARTESIAN_POINT('',(-42.990341022,89.16729293,142.763989489));
#8185=CARTESIAN_POINT('',(-42.990341022,89.16729293,142.758989489));
#8186=CARTESIAN_POINT('',(-43.016069438,89.219472665,142.763989489));
#8187=CARTESIAN_POINT('',(-43.016069438,89.219472665,142.758989489));
#8188=CARTESIAN_POINT('',(-43.048661172,89.267218262,142.763989489));
#8189=CARTESIAN_POINT('',(-43.048661172,89.267218262,142.758989489));
#8190=CARTESIAN_POINT('',(-43.087938404,89.309962126,142.763989489));
#8191=CARTESIAN_POINT('',(-43.087938404,89.309962126,142.758989489));
#8192=CARTESIAN_POINT('',(-43.133419345,89.347900431,142.763989489));
#8193=CARTESIAN_POINT('',(-43.133419345,89.347900431,142.758989489));
#8194=CARTESIAN_POINT('',(-43.184771574,89.379782481,142.763989489));
#8195=CARTESIAN_POINT('',(-43.184771574,89.379782481,142.758989489));
#8196=CARTESIAN_POINT('',(-43.239337892,89.40571414,142.763989489));
#8197=CARTESIAN_POINT('',(-43.239337892,89.40571414,142.758989489));
#8198=CARTESIAN_POINT('',(-43.295431708,89.424437388,142.763989489));
#8199=CARTESIAN_POINT('',(-43.295431708,89.424437388,142.758989489));
#8200=CARTESIAN_POINT('',(-43.351922019,89.436598443,142.763989489));
#8201=CARTESIAN_POINT('',(-43.351922019,89.436598443,142.758989489));
#8202=CARTESIAN_POINT('',(-43.389946213,89.437904469,142.763989489));
#8203=CARTESIAN_POINT('',(-43.389946213,89.437904469,142.758989489));
#8204=CARTESIAN_POINT('',(-43.408836011,89.43855328,142.763989489));
#8205=CARTESIAN_POINT('',(-43.408836011,89.43855328,142.758989489));
#8206=B_SPLINE_SURFACE_WITH_KNOTS('',3,1,((#8176,#8177),(#8178,#8179),(#8180,#8181),(#8182,#8183),(#8184,#8185),(#8186,#8187),(#8188,#8189),(#8190,#8191),(#8192,#8193),(#8194,#8195),(#8196,#8197),(#8198,#8199),(#8200,#8201),(#8202,#8203),(#8204,#8205)),.UNSPECIFIED.,.F.,.F.,.U.,(4,1,1,1,1,1,1,1,1,1,1,1,4),(2,2),(0.,0.089600563,0.174998156,0.257453069,0.339173352,0.420313103,0.501335362,0.584116615,0.670221644,0.756511219,0.839231653,0.920132915,1.),(0.,1.),.UNSPECIFIED.);
#8207=ORIENTED_EDGE('',*,*,#1630,.F.);
#8208=ORIENTED_EDGE('',*,*,#8171,.F.);
#8209=CARTESIAN_POINT('',(-43.408836455,89.438553271,142.763989489));
#8210=VERTEX_POINT('',#8209);
#8211=CARTESIAN_POINT('',(-42.9590163,88.988433089,142.763989489));
#8212=CARTESIAN_POINT('',(-42.959877303,89.0179764,142.763989489));
#8213=CARTESIAN_POINT('',(-42.961093891,89.047580683,142.763989489));
#8214=CARTESIAN_POINT('',(-42.96622702,89.076691807,142.763989489));
#8215=CARTESIAN_POINT('',(-42.971360148,89.10580293,142.763989489));
#8216=CARTESIAN_POINT('',(-42.979157832,89.134467686,142.763989489));
#8217=CARTESIAN_POINT('',(-42.989831365,89.162016548,142.763989489));
#8218=CARTESIAN_POINT('',(-43.011178431,89.217114272,142.763989489));
#8219=CARTESIAN_POINT('',(-43.045145016,89.267155219,142.763989489));
#8220=CARTESIAN_POINT('',(-43.087818741,89.308071357,142.763989489));
#8221=CARTESIAN_POINT('',(-43.130492467,89.348987495,142.763989489));
#8222=CARTESIAN_POINT('',(-43.18160197,89.380613875,142.763989489));
#8223=CARTESIAN_POINT('',(-43.236262982,89.403148716,142.763989489));
#8224=CARTESIAN_POINT('',(-43.263593488,89.414416137,142.763989489));
#8225=CARTESIAN_POINT('',(-43.291899857,89.423353317,142.763989489));
#8226=CARTESIAN_POINT('',(-43.320777791,89.429558531,142.763989489));
#8227=CARTESIAN_POINT('',(-43.349655724,89.435763744,142.763989489));
#8228=CARTESIAN_POINT('',(-43.37929279,89.437538553,142.763989489));
#8229=CARTESIAN_POINT('',(-43.408836897,89.438553311,142.763989489));
#8230=B_SPLINE_CURVE_WITH_KNOTS('',3,(#8211,#8212,#8213,#8214,#8215,#8216,#8217,#8218,#8219,#8220,#8221,#8222,#8223,#8224,#8225,#8226,#8227,#8228,#8229),.UNSPECIFIED.,.F.,.F.,(4,3,3,3,3,3,4),(0.,0.000088668,0.000177335,0.00035467,0.000532005,0.000620673,0.00070934),.UNSPECIFIED.);
#8231=EDGE_CURVE('NONE',#8147,#8210,#8230,.T.);
#8232=ORIENTED_EDGE('',*,*,#8231,.T.);
#8233=CARTESIAN_POINT('',(-43.408836011,89.43855328,142.763989489));
#8234=DIRECTION('',(-0.,-0.,-1.));
#8235=VECTOR('',#8234,0.005);
#8236=LINE('',#8233,#8235);
#8237=EDGE_CURVE('NONE',#8210,#1609,#8236,.T.);
#8238=ORIENTED_EDGE('',*,*,#8237,.T.);
#8239=EDGE_LOOP('',(#8207,#8208,#8232,#8238));
#8240=FACE_BOUND('',#8239,.T.);
#8241=ADVANCED_FACE('NONE',(#8240),#8206,.T.);
#8242=CARTESIAN_POINT('',(-43.408836455,89.438553271,142.763989489));
#8243=CARTESIAN_POINT('',(-43.408836455,89.438553271,142.758989489));
#8244=CARTESIAN_POINT('',(-43.420262853,89.438301618,142.763989489));
#8245=CARTESIAN_POINT('',(-43.420262853,89.438301618,142.758989489));
#8246=CARTESIAN_POINT('',(-43.443261521,89.437795088,142.763989489));
#8247=CARTESIAN_POINT('',(-43.443261521,89.437795088,142.758989489));
#8248=CARTESIAN_POINT('',(-43.478064226,89.434273188,142.763989489));
#8249=CARTESIAN_POINT('',(-43.478064226,89.434273188,142.758989489));
#8250=CARTESIAN_POINT('',(-43.513515002,89.428989621,142.763989489));
#8251=CARTESIAN_POINT('',(-43.513515002,89.428989621,142.758989489));
#8252=CARTESIAN_POINT('',(-43.5495833,89.421023286,142.763989489));
#8253=CARTESIAN_POINT('',(-43.5495833,89.421023286,142.758989489));
#8254=CARTESIAN_POINT('',(-43.586279243,89.411088624,142.763989489));
#8255=CARTESIAN_POINT('',(-43.586279243,89.411088624,142.758989489));
#8256=CARTESIAN_POINT('',(-43.623712615,89.399036404,142.763989489));
#8257=CARTESIAN_POINT('',(-43.623712615,89.399036404,142.758989489));
#8258=CARTESIAN_POINT('',(-43.661671307,89.384587245,142.763989489));
#8259=CARTESIAN_POINT('',(-43.661671307,89.384587245,142.758989489));
#8260=CARTESIAN_POINT('',(-43.700582048,89.367981562,142.763989489));
#8261=CARTESIAN_POINT('',(-43.700582048,89.367981562,142.758989489));
#8262=CARTESIAN_POINT('',(-43.740573133,89.348173334,142.763989489));
#8263=CARTESIAN_POINT('',(-43.740573133,89.348173334,142.758989489));
#8264=CARTESIAN_POINT('',(-43.782235928,89.325099561,142.763989489));
#8265=CARTESIAN_POINT('',(-43.782235928,89.325099561,142.758989489));
#8266=CARTESIAN_POINT('',(-43.825685077,89.298123567,142.763989489));
#8267=CARTESIAN_POINT('',(-43.825685077,89.298123567,142.758989489));
#8268=CARTESIAN_POINT('',(-43.870785309,89.267508715,142.763989489));
#8269=CARTESIAN_POINT('',(-43.870785309,89.267508715,142.758989489));
#8270=CARTESIAN_POINT('',(-43.917886383,89.233470666,142.763989489));
#8271=CARTESIAN_POINT('',(-43.917886383,89.233470666,142.758989489));
#8272=CARTESIAN_POINT('',(-43.966430464,89.195491322,142.763989489));
#8273=CARTESIAN_POINT('',(-43.966430464,89.195491322,142.758989489));
#8274=CARTESIAN_POINT('',(-44.016965607,89.154057109,142.763989489));
#8275=CARTESIAN_POINT('',(-44.016965607,89.154057109,142.758989489));
#8276=CARTESIAN_POINT('',(-44.050738943,89.124640393,142.763989489));
#8277=CARTESIAN_POINT('',(-44.050738943,89.124640393,142.758989489));
#8278=CARTESIAN_POINT('',(-44.068090819,89.109526838,142.763989489));
#8279=CARTESIAN_POINT('',(-44.068090819,89.109526838,142.758989489));
#8280=B_SPLINE_SURFACE_WITH_KNOTS('',3,1,((#8242,#8243),(#8244,#8245),(#8246,#8247),(#8248,#8249),(#8250,#8251),(#8252,#8253),(#8254,#8255),(#8256,#8257),(#8258,#8259),(#8260,#8261),(#8262,#8263),(#8264,#8265),(#8266,#8267),(#8268,#8269),(#8270,#8271),(#8272,#8273),(#8274,#8275),(#8276,#8277),(#8278,#8279)),.UNSPECIFIED.,.F.,.F.,.U.,(4,1,1,1,1,1,1,1,1,1,1,1,1,1,1,1,4),(2,2),(0.000000589,0.045517904,0.091616298,0.139247022,0.188242195,0.238673879,0.290664849,0.344841011,0.400432949,0.459145256,0.522552799,0.590102836,0.662815821,0.739680435,0.821574873,0.908329739,1.),(0.,1.),.UNSPECIFIED.);
#8281=ORIENTED_EDGE('',*,*,#1642,.F.);
#8282=ORIENTED_EDGE('',*,*,#8237,.F.);
#8283=CARTESIAN_POINT('',(-44.068090819,89.109526838,142.763989489));
#8284=VERTEX_POINT('',#8283);
#8285=CARTESIAN_POINT('',(-43.408836899,89.438553261,142.763989489));
#8286=CARTESIAN_POINT('',(-43.534317007,89.435789713,142.763989489));
#8287=CARTESIAN_POINT('',(-43.656998469,89.395321963,142.763989489));
#8288=CARTESIAN_POINT('',(-43.766373121,89.333748064,142.763989489));
#8289=CARTESIAN_POINT('',(-43.875747772,89.272174165,142.763989489));
#8290=CARTESIAN_POINT('',(-43.973438271,89.191969594,142.763989489));
#8291=CARTESIAN_POINT('',(-44.068090819,89.109526838,142.763989489));
#8292=B_SPLINE_CURVE_WITH_KNOTS('',3,(#8285,#8286,#8287,#8288,#8289,#8290,#8291),.UNSPECIFIED.,.F.,.F.,(4,3,4),(0.,0.000376531,0.000753063),.UNSPECIFIED.);
#8293=EDGE_CURVE('NONE',#8210,#8284,#8292,.T.);
#8294=ORIENTED_EDGE('',*,*,#8293,.T.);
#8295=CARTESIAN_POINT('',(-44.068090819,89.109526838,142.763989489));
#8296=DIRECTION('',(-0.,-0.,-1.));
#8297=VECTOR('',#8296,0.005);
#8298=LINE('',#8295,#8297);
#8299=EDGE_CURVE('NONE',#8284,#1633,#8298,.T.);
#8300=ORIENTED_EDGE('',*,*,#8299,.T.);
#8301=EDGE_LOOP('',(#8281,#8282,#8294,#8300));
#8302=FACE_BOUND('',#8301,.T.);
#8303=ADVANCED_FACE('NONE',(#8302),#8280,.T.);
#8304=CARTESIAN_POINT('',(-44.068090819,89.109526838,142.763989489));
#8305=DIRECTION('',(0.657521222,-0.753436025,0.));
#8306=DIRECTION('',(-0.753436025,-0.657521222,0.));
#8307=AXIS2_PLACEMENT_3D('',#8304,#8305,#8306);
#8308=PLANE('',#8307);
#8309=ORIENTED_EDGE('',*,*,#1650,.F.);
#8310=ORIENTED_EDGE('',*,*,#8299,.F.);
#8311=CARTESIAN_POINT('',(-44.247477838,88.952976358,142.763989489));
#8312=VERTEX_POINT('',#8311);
#8313=CARTESIAN_POINT('',(-44.068090819,89.109526838,142.763989489));
#8314=DIRECTION('',(-0.753436025,-0.657521222,0.));
#8315=VECTOR('',#8314,0.238091906);
#8316=LINE('',#8313,#8315);
#8317=EDGE_CURVE('NONE',#8284,#8312,#8316,.T.);
#8318=ORIENTED_EDGE('',*,*,#8317,.T.);
#8319=CARTESIAN_POINT('',(-44.247477838,88.952976358,142.763989489));
#8320=DIRECTION('',(-0.,-0.,-1.));
#8321=VECTOR('',#8320,0.005);
#8322=LINE('',#8319,#8321);
#8323=EDGE_CURVE('NONE',#8312,#1645,#8322,.T.);
#8324=ORIENTED_EDGE('',*,*,#8323,.T.);
#8325=EDGE_LOOP('',(#8309,#8310,#8318,#8324));
#8326=FACE_BOUND('',#8325,.T.);
#8327=ADVANCED_FACE('NONE',(#8326),#8308,.T.);
#8328=CARTESIAN_POINT('',(-44.247477838,88.952976357,142.763989489));
#8329=DIRECTION('',(-1.,0.,0.));
#8330=DIRECTION('',(0.,1.,-0.));
#8331=AXIS2_PLACEMENT_3D('',#8328,#8329,#8330);
#8332=PLANE('',#8331);
#8333=ORIENTED_EDGE('',*,*,#1658,.F.);
#8334=ORIENTED_EDGE('',*,*,#8323,.F.);
#8335=CARTESIAN_POINT('',(-44.247477838,89.45778405,142.763989489));
#8336=VERTEX_POINT('',#8335);
#8337=CARTESIAN_POINT('',(-44.247477838,88.952976358,142.763989489));
#8338=DIRECTION('',(0.,1.,-0.));
#8339=VECTOR('',#8338,0.504807692);
#8340=LINE('',#8337,#8339);
#8341=EDGE_CURVE('NONE',#8312,#8336,#8340,.T.);
#8342=ORIENTED_EDGE('',*,*,#8341,.T.);
#8343=CARTESIAN_POINT('',(-44.247477838,89.45778405,142.763989489));
#8344=DIRECTION('',(-0.,-0.,-1.));
#8345=VECTOR('',#8344,0.005);
#8346=LINE('',#8343,#8345);
#8347=EDGE_CURVE('NONE',#8336,#1653,#8346,.T.);
#8348=ORIENTED_EDGE('',*,*,#8347,.T.);
#8349=EDGE_LOOP('',(#8333,#8334,#8342,#8348));
#8350=FACE_BOUND('',#8349,.T.);
#8351=ADVANCED_FACE('NONE',(#8350),#8332,.T.);
#8352=CARTESIAN_POINT('',(-44.247477838,89.45778405,142.763989489));
#8353=DIRECTION('',(-0.,-1.,0.));
#8354=DIRECTION('',(-1.,0.,0.));
#8355=AXIS2_PLACEMENT_3D('',#8352,#8353,#8354);
#8356=PLANE('',#8355);
#8357=ORIENTED_EDGE('',*,*,#1666,.F.);
#8358=ORIENTED_EDGE('',*,*,#8347,.F.);
#8359=CARTESIAN_POINT('',(-44.497477838,89.45778405,142.763989489));
#8360=VERTEX_POINT('',#8359);
#8361=CARTESIAN_POINT('',(-44.247477838,89.45778405,142.763989489));
#8362=DIRECTION('',(-1.,0.,0.));
#8363=VECTOR('',#8362,0.250000001);
#8364=LINE('',#8361,#8363);
#8365=EDGE_CURVE('NONE',#8336,#8360,#8364,.T.);
#8366=ORIENTED_EDGE('',*,*,#8365,.T.);
#8367=CARTESIAN_POINT('',(-44.497477838,89.45778405,142.763989489));
#8368=DIRECTION('',(-0.,-0.,-1.));
#8369=VECTOR('',#8368,0.005);
#8370=LINE('',#8367,#8369);
#8371=EDGE_CURVE('NONE',#8360,#1661,#8370,.T.);
#8372=ORIENTED_EDGE('',*,*,#8371,.T.);
#8373=EDGE_LOOP('',(#8357,#8358,#8366,#8372));
#8374=FACE_BOUND('',#8373,.T.);
#8375=ADVANCED_FACE('NONE',(#8374),#8356,.T.);
#8376=CARTESIAN_POINT('',(-44.497477838,89.457784049,142.763989489));
#8377=DIRECTION('',(1.,-0.,-0.));
#8378=DIRECTION('',(-0.,-1.,0.));
#8379=AXIS2_PLACEMENT_3D('',#8376,#8377,#8378);
#8380=PLANE('',#8379);
#8381=ORIENTED_EDGE('',*,*,#1674,.F.);
#8382=ORIENTED_EDGE('',*,*,#8371,.F.);
#8383=CARTESIAN_POINT('',(-44.497477838,88.45778405,142.763989489));
#8384=VERTEX_POINT('',#8383);
#8385=CARTESIAN_POINT('',(-44.497477838,89.45778405,142.763989489));
#8386=DIRECTION('',(-0.,-1.,0.));
#8387=VECTOR('',#8386,1.);
#8388=LINE('',#8385,#8387);
#8389=EDGE_CURVE('NONE',#8360,#8384,#8388,.T.);
#8390=ORIENTED_EDGE('',*,*,#8389,.T.);
#8391=CARTESIAN_POINT('',(-44.497477838,88.45778405,142.763989489));
#8392=DIRECTION('',(-0.,-0.,-1.));
#8393=VECTOR('',#8392,0.005);
#8394=LINE('',#8391,#8393);
#8395=EDGE_CURVE('NONE',#8384,#1669,#8394,.T.);
#8396=ORIENTED_EDGE('',*,*,#8395,.T.);
#8397=EDGE_LOOP('',(#8381,#8382,#8390,#8396));
#8398=FACE_BOUND('',#8397,.T.);
#8399=ADVANCED_FACE('NONE',(#8398),#8380,.T.);
#8400=CARTESIAN_POINT('',(-44.497477837,88.45778405,142.763989489));
#8401=DIRECTION('',(0.,1.,-0.));
#8402=DIRECTION('',(1.,-0.,-0.));
#8403=AXIS2_PLACEMENT_3D('',#8400,#8401,#8402);
#8404=PLANE('',#8403);
#8405=ORIENTED_EDGE('',*,*,#1682,.F.);
#8406=ORIENTED_EDGE('',*,*,#8395,.F.);
#8407=CARTESIAN_POINT('',(-44.361059569,88.45778405,142.763989489));
#8408=VERTEX_POINT('',#8407);
#8409=CARTESIAN_POINT('',(-44.497477838,88.45778405,142.763989489));
#8410=DIRECTION('',(1.,-0.,-0.));
#8411=VECTOR('',#8410,0.13641827);
#8412=LINE('',#8409,#8411);
#8413=EDGE_CURVE('NONE',#8384,#8408,#8412,.T.);
#8414=ORIENTED_EDGE('',*,*,#8413,.T.);
#8415=CARTESIAN_POINT('',(-44.361059568,88.45778405,142.763989489));
#8416=DIRECTION('',(-0.,-0.,-1.));
#8417=VECTOR('',#8416,0.005);
#8418=LINE('',#8415,#8417);
#8419=EDGE_CURVE('NONE',#8408,#1677,#8418,.T.);
#8420=ORIENTED_EDGE('',*,*,#8419,.T.);
#8421=EDGE_LOOP('',(#8405,#8406,#8414,#8420));
#8422=FACE_BOUND('',#8421,.T.);
#8423=ADVANCED_FACE('NONE',(#8422),#8404,.T.);
#8424=CARTESIAN_POINT('',(-44.361059568,88.45778405,142.763989489));
#8425=DIRECTION('',(-0.684757496,0.728771001,-0.));
#8426=DIRECTION('',(0.728771001,0.684757496,-0.));
#8427=AXIS2_PLACEMENT_3D('',#8424,#8425,#8426);
#8428=PLANE('',#8427);
#8429=ORIENTED_EDGE('',*,*,#1690,.F.);
#8430=ORIENTED_EDGE('',*,*,#8419,.F.);
#8431=CARTESIAN_POINT('',(-43.888403318,88.901894627,142.763989489));
#8432=VERTEX_POINT('',#8431);
#8433=CARTESIAN_POINT('',(-44.361059569,88.45778405,142.763989489));
#8434=DIRECTION('',(0.728771001,0.684757496,-0.));
#8435=VECTOR('',#8434,0.648566215);
#8436=LINE('',#8433,#8435);
#8437=EDGE_CURVE('NONE',#8408,#8432,#8436,.T.);
#8438=ORIENTED_EDGE('',*,*,#8437,.T.);
#8439=CARTESIAN_POINT('',(-43.888403318,88.901894627,142.763989489));
#8440=DIRECTION('',(-0.,-0.,-1.));
#8441=VECTOR('',#8440,0.005);
#8442=LINE('',#8439,#8441);
#8443=EDGE_CURVE('NONE',#8432,#1685,#8442,.T.);
#8444=ORIENTED_EDGE('',*,*,#8443,.T.);
#8445=EDGE_LOOP('',(#8429,#8430,#8438,#8444));
#8446=FACE_BOUND('',#8445,.T.);
#8447=ADVANCED_FACE('NONE',(#8446),#8428,.T.);
#8448=CARTESIAN_POINT('',(-43.888403318,88.901894627,142.763989489));
#8449=CARTESIAN_POINT('',(-43.888403318,88.901894627,142.758989489));
#8450=CARTESIAN_POINT('',(-43.874615927,88.914752973,142.763989489));
#8451=CARTESIAN_POINT('',(-43.874615927,88.914752973,142.758989489));
#8452=CARTESIAN_POINT('',(-43.847913835,88.939655776,142.763989489));
#8453=CARTESIAN_POINT('',(-43.847913835,88.939655776,142.758989489));
#8454=CARTESIAN_POINT('',(-43.808696735,88.975086592,142.763989489));
#8455=CARTESIAN_POINT('',(-43.808696735,88.975086592,142.758989489));
#8456=CARTESIAN_POINT('',(-43.771488675,89.00716015,142.763989489));
#8457=CARTESIAN_POINT('',(-43.771488675,89.00716015,142.758989489));
#8458=CARTESIAN_POINT('',(-43.735858167,89.03515929,142.763989489));
#8459=CARTESIAN_POINT('',(-43.735858167,89.03515929,142.758989489));
#8460=CARTESIAN_POINT('',(-43.703011612,89.06077804,142.763989489));
#8461=CARTESIAN_POINT('',(-43.703011612,89.06077804,142.758989489));
#8462=CARTESIAN_POINT('',(-43.671707286,89.082210008,142.763989489));
#8463=CARTESIAN_POINT('',(-43.671707286,89.082210008,142.758989489));
#8464=CARTESIAN_POINT('',(-43.642826772,89.100874627,142.763989489));
#8465=CARTESIAN_POINT('',(-43.642826772,89.100874627,142.758989489));
#8466=CARTESIAN_POINT('',(-43.607622576,89.120371793,142.763989489));
#8467=CARTESIAN_POINT('',(-43.607622576,89.120371793,142.758989489));
#8468=CARTESIAN_POINT('',(-43.565952425,89.139313807,142.763989489));
#8469=CARTESIAN_POINT('',(-43.565952425,89.139313807,142.758989489));
#8470=CARTESIAN_POINT('',(-43.517976373,89.15668333,142.763989489));
#8471=CARTESIAN_POINT('',(-43.517976373,89.15668333,142.758989489));
#8472=CARTESIAN_POINT('',(-43.472090163,89.167165123,142.763989489));
#8473=CARTESIAN_POINT('',(-43.472090163,89.167165123,142.758989489));
#8474=CARTESIAN_POINT('',(-43.442136191,89.168623082,142.763989489));
#8475=CARTESIAN_POINT('',(-43.442136191,89.168623082,142.758989489));
#8476=CARTESIAN_POINT('',(-43.427766299,89.169322512,142.763989489));
#8477=CARTESIAN_POINT('',(-43.427766299,89.169322512,142.758989489));
#8478=B_SPLINE_SURFACE_WITH_KNOTS('',3,1,((#8448,#8449),(#8450,#8451),(#8452,#8453),(#8454,#8455),(#8456,#8457),(#8458,#8459),(#8460,#8461),(#8462,#8463),(#8464,#8465),(#8466,#8467),(#8468,#8469),(#8470,#8471),(#8472,#8473),(#8474,#8475),(#8476,#8477)),.UNSPECIFIED.,.F.,.F.,.U.,(4,1,1,1,1,1,1,1,1,1,1,1,4),(2,2),(0.,0.103849362,0.201125417,0.291130963,0.374368006,0.450730997,0.520520564,0.583275415,0.640080008,0.742043557,0.835051412,0.920868817,1.),(0.,1.),.UNSPECIFIED.);
#8479=ORIENTED_EDGE('',*,*,#1708,.F.);
#8480=ORIENTED_EDGE('',*,*,#8443,.F.);
#8481=CARTESIAN_POINT('',(-43.427765934,89.169322498,142.763989489));
#8482=VERTEX_POINT('',#8481);
#8483=CARTESIAN_POINT('',(-43.888403318,88.901894627,142.763989489));
#8484=CARTESIAN_POINT('',(-43.821906106,88.96391101,142.763989489));
#8485=CARTESIAN_POINT('',(-43.754723089,89.025821159,142.763989489));
#8486=CARTESIAN_POINT('',(-43.679451095,89.076818499,142.763989489));
#8487=CARTESIAN_POINT('',(-43.641815097,89.102317169,142.763989489));
#8488=CARTESIAN_POINT('',(-43.601797346,89.124382516,142.763989489));
#8489=CARTESIAN_POINT('',(-43.559543796,89.141135426,142.763989489));
#8490=CARTESIAN_POINT('',(-43.538417021,89.149511882,142.763989489));
#8491=CARTESIAN_POINT('',(-43.516826053,89.156753934,142.763989489));
#8492=CARTESIAN_POINT('',(-43.49488924,89.161664901,142.763989489));
#8493=CARTESIAN_POINT('',(-43.472952427,89.166575868,142.763989489));
#8494=CARTESIAN_POINT('',(-43.450409335,89.1682204,142.763989489));
#8495=CARTESIAN_POINT('',(-43.427765571,89.169322547,142.763989489));
#8496=B_SPLINE_CURVE_WITH_KNOTS('',3,(#8483,#8484,#8485,#8486,#8487,#8488,#8489,#8490,#8491,#8492,#8493,#8494,#8495),.UNSPECIFIED.,.F.,.F.,(4,3,3,3,4),(0.,0.000272784,0.000409176,0.000477372,0.000545568),.UNSPECIFIED.);
#8497=EDGE_CURVE('NONE',#8432,#8482,#8496,.T.);
#8498=ORIENTED_EDGE('',*,*,#8497,.T.);
#8499=CARTESIAN_POINT('',(-43.427766299,89.169322512,142.763989489));
#8500=DIRECTION('',(-0.,-0.,-1.));
#8501=VECTOR('',#8500,0.005);
#8502=LINE('',#8499,#8501);
#8503=EDGE_CURVE('NONE',#8482,#1693,#8502,.T.);
#8504=ORIENTED_EDGE('',*,*,#8503,.T.);
#8505=EDGE_LOOP('',(#8479,#8480,#8498,#8504));
#8506=FACE_BOUND('',#8505,.T.);
#8507=ADVANCED_FACE('NONE',(#8506),#8478,.T.);
#8508=CARTESIAN_POINT('',(-43.427765934,89.169322498,142.763989489));
#8509=CARTESIAN_POINT('',(-43.427765934,89.169322498,142.758989489));
#8510=CARTESIAN_POINT('',(-43.413859662,89.168809081,142.763989489));
#8511=CARTESIAN_POINT('',(-43.413859662,89.168809081,142.758989489));
#8512=CARTESIAN_POINT('',(-43.38691392,89.167814216,142.763989489));
#8513=CARTESIAN_POINT('',(-43.38691392,89.167814216,142.758989489));
#8514=CARTESIAN_POINT('',(-43.348695198,89.156609282,142.763989489));
#8515=CARTESIAN_POINT('',(-43.348695198,89.156609282,142.758989489));
#8516=CARTESIAN_POINT('',(-43.313829349,89.139843879,142.763989489));
#8517=CARTESIAN_POINT('',(-43.313829349,89.139843879,142.758989489));
#8518=CARTESIAN_POINT('',(-43.283904725,89.115503691,142.763989489));
#8519=CARTESIAN_POINT('',(-43.283904725,89.115503691,142.758989489));
#8520=CARTESIAN_POINT('',(-43.259099994,89.086125709,142.763989489));
#8521=CARTESIAN_POINT('',(-43.259099994,89.086125709,142.758989489));
#8522=CARTESIAN_POINT('',(-43.240923387,89.05198361,142.763989489));
#8523=CARTESIAN_POINT('',(-43.240923387,89.05198361,142.758989489));
#8524=CARTESIAN_POINT('',(-43.230240133,89.013704273,142.763989489));
#8525=CARTESIAN_POINT('',(-43.230240133,89.013704273,142.758989489));
#8526=CARTESIAN_POINT('',(-43.228924087,88.986898403,142.763989489));
#8527=CARTESIAN_POINT('',(-43.228924087,88.986898403,142.758989489));
#8528=CARTESIAN_POINT('',(-43.228247069,88.97310857,142.763989489));
#8529=CARTESIAN_POINT('',(-43.228247069,88.97310857,142.758989489));
#8530=CARTESIAN_POINT('',(-43.228247056,88.973108324,142.763989489));
#8531=CARTESIAN_POINT('',(-43.228247056,88.973108324,142.758989489));
#8532=CARTESIAN_POINT('',(-43.228247044,88.973108078,142.763989489));
#8533=CARTESIAN_POINT('',(-43.228247044,88.973108078,142.758989489));
#8534=CARTESIAN_POINT('',(-43.228247032,88.973107832,142.763989489));
#8535=CARTESIAN_POINT('',(-43.228247032,88.973107832,142.758989489));
#8536=B_SPLINE_SURFACE_WITH_KNOTS('',3,1,((#8508,#8509),(#8510,#8511),(#8512,#8513),(#8514,#8515),(#8516,#8517),(#8518,#8519),(#8520,#8521),(#8522,#8523),(#8524,#8525),(#8526,#8527),(#8528,#8529),(#8530,#8531),(#8532,#8533),(#8534,#8535)),.UNSPECIFIED.,.F.,.F.,.U.,(4,1,1,1,1,1,1,1,3,4),(2,2),(0.000001163,0.132699527,0.257126609,0.378014222,0.500768571,0.623253163,0.743748709,0.868175791,1.,1.000002351),(0.,1.),.UNSPECIFIED.);
#8537=ORIENTED_EDGE('',*,*,#1727,.F.);
#8538=ORIENTED_EDGE('',*,*,#8503,.F.);
#8539=CARTESIAN_POINT('',(-43.427765568,89.169322485,142.763989489));
#8540=CARTESIAN_POINT('',(-43.414665035,89.168838815,142.763989489));
#8541=CARTESIAN_POINT('',(-43.401553528,89.168358161,142.763989489));
#8542=CARTESIAN_POINT('',(-43.388615071,89.1663866,142.763989489));
#8543=CARTESIAN_POINT('',(-43.375676613,89.16441504,142.763989489));
#8544=CARTESIAN_POINT('',(-43.362969119,89.160847774,142.763989489));
#8545=CARTESIAN_POINT('',(-43.350688742,89.156241396,142.763989489));
#8546=CARTESIAN_POINT('',(-43.326127987,89.147028639,142.763989489));
#8547=CARTESIAN_POINT('',(-43.303753977,89.133242538,142.763989489));
#8548=CARTESIAN_POINT('',(-43.28498863,89.114881201,142.763989489));
#8549=CARTESIAN_POINT('',(-43.266223283,89.096519864,142.763989489));
#8550=CARTESIAN_POINT('',(-43.251068293,89.074205902,142.763989489));
#8551=CARTESIAN_POINT('',(-43.24165122,89.050018963,142.763989489));
#8552=CARTESIAN_POINT('',(-43.232234148,89.025832024,142.763989489));
#8553=CARTESIAN_POINT('',(-43.229533774,88.999316813,142.763989489));
#8554=CARTESIAN_POINT('',(-43.228247032,88.973107832,142.763989489));
#8555=B_SPLINE_CURVE_WITH_KNOTS('',3,(#8539,#8540,#8541,#8542,#8543,#8544,#8545,#8546,#8547,#8548,#8549,#8550,#8551,#8552,#8553,#8554),.UNSPECIFIED.,.F.,.F.,(4,3,3,3,3,4),(0.,0.000039328,0.000078657,0.000157313,0.00023597,0.000314626),.UNSPECIFIED.);
#8556=EDGE_CURVE('NONE',#8482,#8044,#8555,.T.);
#8557=ORIENTED_EDGE('',*,*,#8556,.T.);
#8558=ORIENTED_EDGE('',*,*,#8049,.T.);
#8559=EDGE_LOOP('',(#8537,#8538,#8557,#8558));
#8560=FACE_BOUND('',#8559,.T.);
#8561=ADVANCED_FACE('NONE',(#8560),#8536,.T.);
#8562=CARTESIAN_POINT('',(-43.317436164,88.815289609,142.763989489));
#8563=DIRECTION('',(0.,0.,1.));
#8564=DIRECTION('',(-1.,0.,0.));
#8565=AXIS2_PLACEMENT_3D('',#8562,#8563,#8564);
#8566=PLANE('',#8565);
#8567=ORIENTED_EDGE('',*,*,#8070,.F.);
#8568=ORIENTED_EDGE('',*,*,#8556,.F.);
#8569=ORIENTED_EDGE('',*,*,#8497,.F.);
#8570=ORIENTED_EDGE('',*,*,#8437,.F.);
#8571=ORIENTED_EDGE('',*,*,#8413,.F.);
#8572=ORIENTED_EDGE('',*,*,#8389,.F.);
#8573=ORIENTED_EDGE('',*,*,#8365,.F.);
#8574=ORIENTED_EDGE('',*,*,#8341,.F.);
#8575=ORIENTED_EDGE('',*,*,#8317,.F.);
#8576=ORIENTED_EDGE('',*,*,#8293,.F.);
#8577=ORIENTED_EDGE('',*,*,#8231,.F.);
#8578=ORIENTED_EDGE('',*,*,#8165,.F.);
#8579=ORIENTED_EDGE('',*,*,#8094,.F.);
#8580=EDGE_LOOP('',(#8567,#8568,#8569,#8570,#8571,#8572,#8573,#8574,#8575,#8576,#8577,#8578,#8579));
#8581=FACE_BOUND('',#8580,.T.);
#8582=ADVANCED_FACE('NONE',(#8581),#8566,.F.);
#8583=CARTESIAN_POINT('',(-43.847838416,90.30778405,142.763989489));
#8584=DIRECTION('',(0.453501133,0.8912557,-0.));
#8585=DIRECTION('',(0.8912557,-0.453501133,0.));
#8586=AXIS2_PLACEMENT_3D('',#8583,#8584,#8585);
#8587=PLANE('',#8586);
#8588=ORIENTED_EDGE('',*,*,#1360,.F.);
#8589=CARTESIAN_POINT('',(-43.847838416,90.30778405,142.763989489));
#8590=VERTEX_POINT('',#8589);
#8591=CARTESIAN_POINT('',(-43.847838416,90.30778405,142.763989489));
#8592=DIRECTION('',(-0.,-0.,-1.));
#8593=VECTOR('',#8592,0.005);
#8594=LINE('',#8591,#8593);
#8595=EDGE_CURVE('NONE',#8590,#1353,#8594,.T.);
#8596=ORIENTED_EDGE('',*,*,#8595,.F.);
#8597=CARTESIAN_POINT('',(-42.997477838,89.875091742,142.763989489));
#8598=VERTEX_POINT('',#8597);
#8599=CARTESIAN_POINT('',(-43.847838416,90.30778405,142.763989489));
#8600=DIRECTION('',(0.8912557,-0.453501133,0.));
#8601=VECTOR('',#8600,0.954115163);
#8602=LINE('',#8599,#8601);
#8603=EDGE_CURVE('NONE',#8590,#8598,#8602,.T.);
#8604=ORIENTED_EDGE('',*,*,#8603,.T.);
#8605=CARTESIAN_POINT('',(-42.997477839,89.875091742,142.763989489));
#8606=DIRECTION('',(-0.,-0.,-1.));
#8607=VECTOR('',#8606,0.005);
#8608=LINE('',#8605,#8607);
#8609=EDGE_CURVE('NONE',#8598,#1355,#8608,.T.);
#8610=ORIENTED_EDGE('',*,*,#8609,.T.);
#8611=EDGE_LOOP('',(#8588,#8596,#8604,#8610));
#8612=FACE_BOUND('',#8611,.T.);
#8613=ADVANCED_FACE('NONE',(#8612),#8587,.T.);
#8614=CARTESIAN_POINT('',(-42.997477838,89.875091742,142.763989489));
#8615=DIRECTION('',(-1.,0.,0.));
#8616=DIRECTION('',(0.,1.,-0.));
#8617=AXIS2_PLACEMENT_3D('',#8614,#8615,#8616);
#8618=PLANE('',#8617);
#8619=ORIENTED_EDGE('',*,*,#1368,.F.);
#8620=ORIENTED_EDGE('',*,*,#8609,.F.);
#8621=CARTESIAN_POINT('',(-42.997477838,90.174671069,142.763989489));
#8622=VERTEX_POINT('',#8621);
#8623=CARTESIAN_POINT('',(-42.997477838,89.875091742,142.763989489));
#8624=DIRECTION('',(0.,1.,-0.));
#8625=VECTOR('',#8624,0.299579328);
#8626=LINE('',#8623,#8625);
#8627=EDGE_CURVE('NONE',#8598,#8622,#8626,.T.);
#8628=ORIENTED_EDGE('',*,*,#8627,.T.);
#8629=CARTESIAN_POINT('',(-42.997477838,90.17467107,142.763989489));
#8630=DIRECTION('',(-0.,-0.,-1.));
#8631=VECTOR('',#8630,0.005);
#8632=LINE('',#8629,#8631);
#8633=EDGE_CURVE('NONE',#8622,#1363,#8632,.T.);
#8634=ORIENTED_EDGE('',*,*,#8633,.T.);
#8635=EDGE_LOOP('',(#8619,#8620,#8628,#8634));
#8636=FACE_BOUND('',#8635,.T.);
#8637=ADVANCED_FACE('NONE',(#8636),#8618,.T.);
#8638=CARTESIAN_POINT('',(-42.997477839,90.17467107,142.763989489));
#8639=DIRECTION('',(-0.453513991,-0.891249157,0.));
#8640=DIRECTION('',(-0.891249157,0.453513991,-0.));
#8641=AXIS2_PLACEMENT_3D('',#8638,#8639,#8640);
#8642=PLANE('',#8641);
#8643=ORIENTED_EDGE('',*,*,#1376,.F.);
#8644=ORIENTED_EDGE('',*,*,#8633,.F.);
#8645=CARTESIAN_POINT('',(-43.523619665,90.442399435,142.763989489));
#8646=VERTEX_POINT('',#8645);
#8647=CARTESIAN_POINT('',(-42.997477838,90.174671069,142.763989489));
#8648=DIRECTION('',(-0.891249157,0.453513991,-0.));
#8649=VECTOR('',#8648,0.590342019);
#8650=LINE('',#8647,#8649);
#8651=EDGE_CURVE('NONE',#8622,#8646,#8650,.T.);
#8652=ORIENTED_EDGE('',*,*,#8651,.T.);
#8653=CARTESIAN_POINT('',(-43.523619665,90.442399435,142.763989489));
#8654=DIRECTION('',(-0.,-0.,-1.));
#8655=VECTOR('',#8654,0.005);
#8656=LINE('',#8653,#8655);
#8657=EDGE_CURVE('NONE',#8646,#1371,#8656,.T.);
#8658=ORIENTED_EDGE('',*,*,#8657,.T.);
#8659=EDGE_LOOP('',(#8643,#8644,#8652,#8658));
#8660=FACE_BOUND('',#8659,.T.);
#8661=ADVANCED_FACE('NONE',(#8660),#8642,.T.);
#8662=CARTESIAN_POINT('',(-43.523619666,90.442399434,142.763989489));
#8663=DIRECTION('',(-0.453513992,0.891249157,-0.));
#8664=DIRECTION('',(0.891249157,0.453513992,-0.));
#8665=AXIS2_PLACEMENT_3D('',#8662,#8663,#8664);
#8666=PLANE('',#8665);
#8667=ORIENTED_EDGE('',*,*,#1384,.F.);
#8668=ORIENTED_EDGE('',*,*,#8657,.F.);
#8669=CARTESIAN_POINT('',(-42.997477838,90.7101278,142.763989489));
#8670=VERTEX_POINT('',#8669);
#8671=CARTESIAN_POINT('',(-43.523619665,90.442399434,142.763989489));
#8672=DIRECTION('',(0.891249157,0.453513992,-0.));
#8673=VECTOR('',#8672,0.590342019);
#8674=LINE('',#8671,#8673);
#8675=EDGE_CURVE('NONE',#8646,#8670,#8674,.T.);
#8676=ORIENTED_EDGE('',*,*,#8675,.T.);
#8677=CARTESIAN_POINT('',(-42.997477838,90.7101278,142.763989489));
#8678=DIRECTION('',(-0.,-0.,-1.));
#8679=VECTOR('',#8678,0.005);
#8680=LINE('',#8677,#8679);
#8681=EDGE_CURVE('NONE',#8670,#1379,#8680,.T.);
#8682=ORIENTED_EDGE('',*,*,#8681,.T.);
#8683=EDGE_LOOP('',(#8667,#8668,#8676,#8682));
#8684=FACE_BOUND('',#8683,.T.);
#8685=ADVANCED_FACE('NONE',(#8684),#8666,.T.);
#8686=CARTESIAN_POINT('',(-42.997477839,90.710127801,142.763989489));
#8687=DIRECTION('',(-1.,0.,0.));
#8688=DIRECTION('',(0.,1.,-0.));
#8689=AXIS2_PLACEMENT_3D('',#8686,#8687,#8688);
#8690=PLANE('',#8689);
#8691=ORIENTED_EDGE('',*,*,#1392,.F.);
#8692=ORIENTED_EDGE('',*,*,#8681,.F.);
#8693=CARTESIAN_POINT('',(-42.997477839,91.009707127,142.763989489));
#8694=VERTEX_POINT('',#8693);
#8695=CARTESIAN_POINT('',(-42.997477839,90.7101278,142.763989489));
#8696=DIRECTION('',(0.,1.,-0.));
#8697=VECTOR('',#8696,0.299579327);
#8698=LINE('',#8695,#8697);
#8699=EDGE_CURVE('NONE',#8670,#8694,#8698,.T.);
#8700=ORIENTED_EDGE('',*,*,#8699,.T.);
#8701=CARTESIAN_POINT('',(-42.997477839,91.009707127,142.763989489));
#8702=DIRECTION('',(-0.,-0.,-1.));
#8703=VECTOR('',#8702,0.005);
#8704=LINE('',#8701,#8703);
#8705=EDGE_CURVE('NONE',#8694,#1387,#8704,.T.);
#8706=ORIENTED_EDGE('',*,*,#8705,.T.);
#8707=EDGE_LOOP('',(#8691,#8692,#8700,#8706));
#8708=FACE_BOUND('',#8707,.T.);
#8709=ADVANCED_FACE('NONE',(#8708),#8690,.T.);
#8710=CARTESIAN_POINT('',(-42.997477839,91.009707127,142.763989489));
#8711=DIRECTION('',(0.453501134,-0.891255699,0.));
#8712=DIRECTION('',(-0.891255699,-0.453501134,0.));
#8713=AXIS2_PLACEMENT_3D('',#8710,#8711,#8712);
#8714=PLANE('',#8713);
#8715=ORIENTED_EDGE('',*,*,#1400,.F.);
#8716=ORIENTED_EDGE('',*,*,#8705,.F.);
#8717=CARTESIAN_POINT('',(-43.847838415,90.577014819,142.763989489));
#8718=VERTEX_POINT('',#8717);
#8719=CARTESIAN_POINT('',(-42.997477839,91.009707127,142.763989489));
#8720=DIRECTION('',(-0.891255699,-0.453501134,0.));
#8721=VECTOR('',#8720,0.954115162);
#8722=LINE('',#8719,#8721);
#8723=EDGE_CURVE('NONE',#8694,#8718,#8722,.T.);
#8724=ORIENTED_EDGE('',*,*,#8723,.T.);
#8725=CARTESIAN_POINT('',(-43.847838415,90.577014819,142.763989489));
#8726=DIRECTION('',(-0.,-0.,-1.));
#8727=VECTOR('',#8726,0.005);
#8728=LINE('',#8725,#8727);
#8729=EDGE_CURVE('NONE',#8718,#1395,#8728,.T.);
#8730=ORIENTED_EDGE('',*,*,#8729,.T.);
#8731=EDGE_LOOP('',(#8715,#8716,#8724,#8730));
#8732=FACE_BOUND('',#8731,.T.);
#8733=ADVANCED_FACE('NONE',(#8732),#8714,.T.);
#8734=CARTESIAN_POINT('',(-43.847838415,90.57701482,142.763989489));
#8735=DIRECTION('',(-0.,-1.,0.));
#8736=DIRECTION('',(-1.,0.,0.));
#8737=AXIS2_PLACEMENT_3D('',#8734,#8735,#8736);
#8738=PLANE('',#8737);
#8739=ORIENTED_EDGE('',*,*,#1408,.F.);
#8740=ORIENTED_EDGE('',*,*,#8729,.F.);
#8741=CARTESIAN_POINT('',(-44.497477839,90.57701482,142.763989489));
#8742=VERTEX_POINT('',#8741);
#8743=CARTESIAN_POINT('',(-43.847838415,90.57701482,142.763989489));
#8744=DIRECTION('',(-1.,0.,0.));
#8745=VECTOR('',#8744,0.649639424);
#8746=LINE('',#8743,#8745);
#8747=EDGE_CURVE('NONE',#8718,#8742,#8746,.T.);
#8748=ORIENTED_EDGE('',*,*,#8747,.T.);
#8749=CARTESIAN_POINT('',(-44.497477839,90.57701482,142.763989489));
#8750=DIRECTION('',(-0.,-0.,-1.));
#8751=VECTOR('',#8750,0.005);
#8752=LINE('',#8749,#8751);
#8753=EDGE_CURVE('NONE',#8742,#1403,#8752,.T.);
#8754=ORIENTED_EDGE('',*,*,#8753,.T.);
#8755=EDGE_LOOP('',(#8739,#8740,#8748,#8754));
#8756=FACE_BOUND('',#8755,.T.);
#8757=ADVANCED_FACE('NONE',(#8756),#8738,.T.);
#8758=CARTESIAN_POINT('',(-44.497477839,90.577014819,142.763989489));
#8759=DIRECTION('',(1.,-0.,-0.));
#8760=DIRECTION('',(-0.,-1.,0.));
#8761=AXIS2_PLACEMENT_3D('',#8758,#8759,#8760);
#8762=PLANE('',#8761);
#8763=ORIENTED_EDGE('',*,*,#1416,.F.);
#8764=ORIENTED_EDGE('',*,*,#8753,.F.);
#8765=CARTESIAN_POINT('',(-44.497477839,90.30778405,142.763989489));
#8766=VERTEX_POINT('',#8765);
#8767=CARTESIAN_POINT('',(-44.497477839,90.57701482,142.763989489));
#8768=DIRECTION('',(-0.,-1.,0.));
#8769=VECTOR('',#8768,0.26923077);
#8770=LINE('',#8767,#8769);
#8771=EDGE_CURVE('NONE',#8742,#8766,#8770,.T.);
#8772=ORIENTED_EDGE('',*,*,#8771,.T.);
#8773=CARTESIAN_POINT('',(-44.497477839,90.30778405,142.763989489));
#8774=DIRECTION('',(-0.,-0.,-1.));
#8775=VECTOR('',#8774,0.005);
#8776=LINE('',#8773,#8775);
#8777=EDGE_CURVE('NONE',#8766,#1411,#8776,.T.);
#8778=ORIENTED_EDGE('',*,*,#8777,.T.);
#8779=EDGE_LOOP('',(#8763,#8764,#8772,#8778));
#8780=FACE_BOUND('',#8779,.T.);
#8781=ADVANCED_FACE('NONE',(#8780),#8762,.T.);
#8782=CARTESIAN_POINT('',(-44.497477838,90.30778405,142.763989489));
#8783=DIRECTION('',(0.,1.,-0.));
#8784=DIRECTION('',(1.,-0.,-0.));
#8785=AXIS2_PLACEMENT_3D('',#8782,#8783,#8784);
#8786=PLANE('',#8785);
#8787=ORIENTED_EDGE('',*,*,#1422,.F.);
#8788=ORIENTED_EDGE('',*,*,#8777,.F.);
#8789=CARTESIAN_POINT('',(-44.497477839,90.30778405,142.763989489));
#8790=DIRECTION('',(1.,-0.,-0.));
#8791=VECTOR('',#8790,0.649639423);
#8792=LINE('',#8789,#8791);
#8793=EDGE_CURVE('NONE',#8766,#8590,#8792,.T.);
#8794=ORIENTED_EDGE('',*,*,#8793,.T.);
#8795=ORIENTED_EDGE('',*,*,#8595,.T.);
#8796=EDGE_LOOP('',(#8787,#8788,#8794,#8795));
#8797=FACE_BOUND('',#8796,.T.);
#8798=ADVANCED_FACE('NONE',(#8797),#8786,.T.);
#8799=CARTESIAN_POINT('',(-45.997477841,95.997758508,142.763989489));
#8800=DIRECTION('',(0.,0.,1.));
#8801=DIRECTION('',(-1.,0.,0.));
#8802=AXIS2_PLACEMENT_3D('',#8799,#8800,#8801);
#8803=PLANE('',#8802);
#8804=ORIENTED_EDGE('',*,*,#8603,.F.);
#8805=ORIENTED_EDGE('',*,*,#8793,.F.);
#8806=ORIENTED_EDGE('',*,*,#8771,.F.);
#8807=ORIENTED_EDGE('',*,*,#8747,.F.);
#8808=ORIENTED_EDGE('',*,*,#8723,.F.);
#8809=ORIENTED_EDGE('',*,*,#8699,.F.);
#8810=ORIENTED_EDGE('',*,*,#8675,.F.);
#8811=ORIENTED_EDGE('',*,*,#8651,.F.);
#8812=ORIENTED_EDGE('',*,*,#8627,.F.);
#8813=EDGE_LOOP('',(#8804,#8805,#8806,#8807,#8808,#8809,#8810,#8811,#8812));
#8814=FACE_BOUND('',#8813,.T.);
#8815=ADVANCED_FACE('NONE',(#8814),#8803,.F.);
#8816=CARTESIAN_POINT('',(-43.163042415,91.55021217,142.763989489));
#8817=CARTESIAN_POINT('',(-43.163042415,91.55021217,142.758989489));
#8818=CARTESIAN_POINT('',(-43.146817216,91.561858958,142.763989489));
#8819=CARTESIAN_POINT('',(-43.146817216,91.561858958,142.758989489));
#8820=CARTESIAN_POINT('',(-43.115093664,91.584630814,142.763989489));
#8821=CARTESIAN_POINT('',(-43.115093664,91.584630814,142.758989489));
#8822=CARTESIAN_POINT('',(-43.073446507,91.624448058,142.763989489));
#8823=CARTESIAN_POINT('',(-43.073446507,91.624448058,142.758989489));
#8824=CARTESIAN_POINT('',(-43.037827736,91.667226602,142.763989489));
#8825=CARTESIAN_POINT('',(-43.037827736,91.667226602,142.758989489));
#8826=CARTESIAN_POINT('',(-43.009043533,91.713845,142.763989489));
#8827=CARTESIAN_POINT('',(-43.009043533,91.713845,142.758989489));
#8828=CARTESIAN_POINT('',(-42.986344308,91.763565965,142.763989489));
#8829=CARTESIAN_POINT('',(-42.986344308,91.763565965,142.758989489));
#8830=CARTESIAN_POINT('',(-42.970312101,91.816816373,142.763989489));
#8831=CARTESIAN_POINT('',(-42.970312101,91.816816373,142.758989489));
#8832=CARTESIAN_POINT('',(-42.96097099,91.873399582,142.763989489));
#8833=CARTESIAN_POINT('',(-42.96097099,91.873399582,142.758989489));
#8834=CARTESIAN_POINT('',(-42.959677594,91.912256215,142.763989489));
#8835=CARTESIAN_POINT('',(-42.959677594,91.912256215,142.758989489));
#8836=CARTESIAN_POINT('',(-42.959016301,91.932122992,142.763989489));
#8837=CARTESIAN_POINT('',(-42.959016301,91.932122992,142.758989489));
#8838=B_SPLINE_SURFACE_WITH_KNOTS('',3,1,((#8816,#8817),(#8818,#8819),(#8820,#8821),(#8822,#8823),(#8824,#8825),(#8826,#8827),(#8828,#8829),(#8830,#8831),(#8832,#8833),(#8834,#8835),(#8836,#8837)),.UNSPECIFIED.,.F.,.F.,.U.,(4,1,1,1,1,1,1,1,4),(2,2),(0.00000089,0.132314034,0.258700009,0.380911821,0.500534869,0.620922618,0.742375765,0.868280834,1.),(0.,1.),.UNSPECIFIED.);
#8839=ORIENTED_EDGE('',*,*,#1749,.F.);
#8840=CARTESIAN_POINT('',(-43.163042071,91.550212379,142.763989489));
#8841=VERTEX_POINT('',#8840);
#8842=CARTESIAN_POINT('',(-43.163042743,91.550211935,142.763989489));
#8843=DIRECTION('',(-0.,-0.,-1.));
#8844=VECTOR('',#8843,0.005);
#8845=LINE('',#8842,#8844);
#8846=EDGE_CURVE('NONE',#8841,#1732,#8845,.T.);
#8847=ORIENTED_EDGE('',*,*,#8846,.F.);
#8848=CARTESIAN_POINT('',(-42.959016301,91.932122992,142.763989489));
#8849=VERTEX_POINT('',#8848);
#8850=CARTESIAN_POINT('',(-43.163042087,91.550212405,142.763989489));
#8851=CARTESIAN_POINT('',(-43.132394963,91.572211554,142.763989489));
#8852=CARTESIAN_POINT('',(-43.102425673,91.595378176,142.763989489));
#8853=CARTESIAN_POINT('',(-43.076484839,91.622774328,142.763989489));
#8854=CARTESIAN_POINT('',(-43.050544004,91.65017048,142.763989489));
#8855=CARTESIAN_POINT('',(-43.028002177,91.680826203,142.763989489));
#8856=CARTESIAN_POINT('',(-43.010211668,91.714062,142.763989489));
#8857=CARTESIAN_POINT('',(-42.992421158,91.747297796,142.763989489));
#8858=CARTESIAN_POINT('',(-42.979150725,91.782975468,142.763989489));
#8859=CARTESIAN_POINT('',(-42.970870359,91.819781824,142.763989489));
#8860=CARTESIAN_POINT('',(-42.962589993,91.856588179,142.763989489));
#8861=CARTESIAN_POINT('',(-42.960271394,91.894417093,142.763989489));
#8862=CARTESIAN_POINT('',(-42.959016301,91.932122992,142.763989489));
#8863=B_SPLINE_CURVE_WITH_KNOTS('',3,(#8850,#8851,#8852,#8853,#8854,#8855,#8856,#8857,#8858,#8859,#8860,#8861,#8862),.UNSPECIFIED.,.F.,.F.,(4,3,3,3,4),(0.,0.000113176,0.000226353,0.000339529,0.000452705),.UNSPECIFIED.);
#8864=EDGE_CURVE('NONE',#8841,#8849,#8863,.T.);
#8865=ORIENTED_EDGE('',*,*,#8864,.T.);
#8866=CARTESIAN_POINT('',(-42.959016301,91.932122992,142.763989489));
#8867=DIRECTION('',(-0.,-0.,-1.));
#8868=VECTOR('',#8867,0.005);
#8869=LINE('',#8866,#8868);
#8870=EDGE_CURVE('NONE',#8849,#1734,#8869,.T.);
#8871=ORIENTED_EDGE('',*,*,#8870,.T.);
#8872=EDGE_LOOP('',(#8839,#8847,#8865,#8871));
#8873=FACE_BOUND('',#8872,.T.);
#8874=ADVANCED_FACE('NONE',(#8873),#8838,.T.);
#8875=CARTESIAN_POINT('',(-42.959016301,91.932122992,142.763989489));
#8876=CARTESIAN_POINT('',(-42.959016301,91.932122992,142.758989489));
#8877=CARTESIAN_POINT('',(-42.959209698,91.945154912,142.763989489));
#8878=CARTESIAN_POINT('',(-42.959209698,91.945154912,142.758989489));
#8879=CARTESIAN_POINT('',(-42.95958997,91.97077915,142.763989489));
#8880=CARTESIAN_POINT('',(-42.95958997,91.97077915,142.758989489));
#8881=CARTESIAN_POINT('',(-42.963710907,92.008518252,142.763989489));
#8882=CARTESIAN_POINT('',(-42.963710907,92.008518252,142.758989489));
#8883=CARTESIAN_POINT('',(-42.969931756,92.04487365,142.763989489));
#8884=CARTESIAN_POINT('',(-42.969931756,92.04487365,142.758989489));
#8885=CARTESIAN_POINT('',(-42.978624462,92.079977279,142.763989489));
#8886=CARTESIAN_POINT('',(-42.978624462,92.079977279,142.758989489));
#8887=CARTESIAN_POINT('',(-42.990068642,92.113613849,142.763989489));
#8888=CARTESIAN_POINT('',(-42.990068642,92.113613849,142.758989489));
#8889=CARTESIAN_POINT('',(-43.003998728,92.145929129,142.763989489));
#8890=CARTESIAN_POINT('',(-43.003998728,92.145929129,142.758989489));
#8891=CARTESIAN_POINT('',(-43.020156164,92.17700213,142.763989489));
#8892=CARTESIAN_POINT('',(-43.020156164,92.17700213,142.758989489));
#8893=CARTESIAN_POINT('',(-43.039190723,92.206551805,142.763989489));
#8894=CARTESIAN_POINT('',(-43.039190723,92.206551805,142.758989489));
#8895=CARTESIAN_POINT('',(-43.060848508,92.234458149,142.763989489));
#8896=CARTESIAN_POINT('',(-43.060848508,92.234458149,142.758989489));
#8897=CARTESIAN_POINT('',(-43.085064206,92.260913468,142.763989489));
#8898=CARTESIAN_POINT('',(-43.085064206,92.260913468,142.758989489));
#8899=CARTESIAN_POINT('',(-43.11223094,92.28537165,142.763989489));
#8900=CARTESIAN_POINT('',(-43.11223094,92.28537165,142.758989489));
#8901=CARTESIAN_POINT('',(-43.141685529,92.308701735,142.763989489));
#8902=CARTESIAN_POINT('',(-43.141685529,92.308701735,142.758989489));
#8903=CARTESIAN_POINT('',(-43.17407693,92.329978256,142.763989489));
#8904=CARTESIAN_POINT('',(-43.17407693,92.329978256,142.758989489));
#8905=CARTESIAN_POINT('',(-43.20887659,92.34980796,142.763989489));
#8906=CARTESIAN_POINT('',(-43.20887659,92.34980796,142.758989489));
#8907=CARTESIAN_POINT('',(-43.246456539,92.367889315,142.763989489));
#8908=CARTESIAN_POINT('',(-43.246456539,92.367889315,142.758989489));
#8909=CARTESIAN_POINT('',(-43.286842521,92.384474537,142.763989489));
#8910=CARTESIAN_POINT('',(-43.286842521,92.384474537,142.758989489));
#8911=CARTESIAN_POINT('',(-43.330650238,92.399310865,142.763989489));
#8912=CARTESIAN_POINT('',(-43.330650238,92.399310865,142.758989489));
#8913=CARTESIAN_POINT('',(-43.378386042,92.411772413,142.763989489));
#8914=CARTESIAN_POINT('',(-43.378386042,92.411772413,142.758989489));
#8915=CARTESIAN_POINT('',(-43.430016018,92.422606057,142.763989489));
#8916=CARTESIAN_POINT('',(-43.430016018,92.422606057,142.758989489));
#8917=CARTESIAN_POINT('',(-43.485809052,92.431137874,142.763989489));
#8918=CARTESIAN_POINT('',(-43.485809052,92.431137874,142.758989489));
#8919=CARTESIAN_POINT('',(-43.54563356,92.438120959,142.763989489));
#8920=CARTESIAN_POINT('',(-43.54563356,92.438120959,142.758989489));
#8921=CARTESIAN_POINT('',(-43.609601479,92.442683631,142.763989489));
#8922=CARTESIAN_POINT('',(-43.609601479,92.442683631,142.758989489));
#8923=CARTESIAN_POINT('',(-43.677533801,92.445857738,142.763989489));
#8924=CARTESIAN_POINT('',(-43.677533801,92.445857738,142.758989489));
#8925=CARTESIAN_POINT('',(-43.72413649,92.446113956,142.763989489));
#8926=CARTESIAN_POINT('',(-43.72413649,92.446113956,142.758989489));
#8927=CARTESIAN_POINT('',(-43.748078801,92.446245588,142.763989489));
#8928=CARTESIAN_POINT('',(-43.748078801,92.446245588,142.758989489));
#8929=B_SPLINE_SURFACE_WITH_KNOTS('',3,1,((#8875,#8876),(#8877,#8878),(#8879,#8880),(#8881,#8882),(#8883,#8884),(#8885,#8886),(#8887,#8888),(#8889,#8890),(#8891,#8892),(#8893,#8894),(#8895,#8896),(#8897,#8898),(#8899,#8900),(#8901,#8902),(#8903,#8904),(#8905,#8906),(#8907,#8908),(#8909,#8910),(#8911,#8912),(#8913,#8914),(#8915,#8916),(#8917,#8918),(#8919,#8920),(#8921,#8922),(#8923,#8924),(#8925,#8926),
(#8927,#8928)),.UNSPECIFIED.,.F.,.F.,.U.,(4,1,1,1,1,1,1,1,1,1,1,1,1,1,1,1,1,1,1,1,1,1,1,1,4),(2,2),(0.,0.036626584,0.072017649,0.106601794,0.140273881,0.173580104,0.206378867,0.239129237,0.271937671,0.305058848,0.338342443,0.372629505,0.407726929,0.443889384,0.481473463,0.520266154,0.561056808,0.60415873,0.650198252,0.699684693,0.752418689,0.808832073,0.868983926,0.932689985,1.),(0.,1.),.UNSPECIFIED.);
#8930=ORIENTED_EDGE('',*,*,#1770,.F.);
#8931=ORIENTED_EDGE('',*,*,#8870,.F.);
#8932=CARTESIAN_POINT('',(-43.748078801,92.446245588,142.763989489));
#8933=VERTEX_POINT('',#8932);
#8934=CARTESIAN_POINT('',(-42.959016301,91.932122992,142.763989489));
#8935=CARTESIAN_POINT('',(-42.959676169,91.976587786,142.763989489));
#8936=CARTESIAN_POINT('',(-42.963931551,92.021112793,142.763989489));
#8937=CARTESIAN_POINT('',(-42.97485176,92.064226084,142.763989489));
#8938=CARTESIAN_POINT('',(-42.98577197,92.107339376,142.763989489));
#8939=CARTESIAN_POINT('',(-43.003085335,92.148847541,142.763989489));
#8940=CARTESIAN_POINT('',(-43.026572053,92.18662809,142.763989489));
#8941=CARTESIAN_POINT('',(-43.073545489,92.262189188,142.763989489));
#8942=CARTESIAN_POINT('',(-43.146281392,92.319245816,142.763989489));
#8943=CARTESIAN_POINT('',(-43.226281381,92.358057015,142.763989489));
#8944=CARTESIAN_POINT('',(-43.30628137,92.396868215,142.763989489));
#8945=CARTESIAN_POINT('',(-43.393811322,92.418184794,142.763989489));
#8946=CARTESIAN_POINT('',(-43.481930648,92.430262798,142.763989489));
#8947=CARTESIAN_POINT('',(-43.570049975,92.442340801,142.763989489));
#8948=CARTESIAN_POINT('',(-43.659134064,92.445756579,142.763989489));
#8949=CARTESIAN_POINT('',(-43.748078801,92.446245588,142.763989489));
#8950=B_SPLINE_CURVE_WITH_KNOTS('',3,(#8934,#8935,#8936,#8937,#8938,#8939,#8940,#8941,#8942,#8943,#8944,#8945,#8946,#8947,#8948,#8949),.UNSPECIFIED.,.F.,.F.,(4,3,3,3,3,4),(0.,0.000133409,0.000266818,0.000533636,0.000800454,0.001067272),.UNSPECIFIED.);
#8951=EDGE_CURVE('NONE',#8849,#8933,#8950,.T.);
#8952=ORIENTED_EDGE('',*,*,#8951,.T.);
#8953=CARTESIAN_POINT('',(-43.748078801,92.446245588,142.763989489));
#8954=DIRECTION('',(-0.,-0.,-1.));
#8955=VECTOR('',#8954,0.005);
#8956=LINE('',#8953,#8955);
#8957=EDGE_CURVE('NONE',#8933,#1752,#8956,.T.);
#8958=ORIENTED_EDGE('',*,*,#8957,.T.);
#8959=EDGE_LOOP('',(#8930,#8931,#8952,#8958));
#8960=FACE_BOUND('',#8959,.T.);
#8961=ADVANCED_FACE('NONE',(#8960),#8929,.T.);
#8962=CARTESIAN_POINT('',(-43.748078801,92.446245588,142.763989489));
#8963=CARTESIAN_POINT('',(-43.748078801,92.446245588,142.758989489));
#8964=CARTESIAN_POINT('',(-43.772320502,92.446102309,142.763989489));
#8965=CARTESIAN_POINT('',(-43.772320502,92.446102309,142.758989489));
#8966=CARTESIAN_POINT('',(-43.819421693,92.445823919,142.763989489));
#8967=CARTESIAN_POINT('',(-43.819421693,92.445823919,142.758989489));
#8968=CARTESIAN_POINT('',(-43.887977485,92.442825263,142.763989489));
#8969=CARTESIAN_POINT('',(-43.887977485,92.442825263,142.758989489));
#8970=CARTESIAN_POINT('',(-43.952402459,92.437659802,142.763989489));
#8971=CARTESIAN_POINT('',(-43.952402459,92.437659802,142.758989489));
#8972=CARTESIAN_POINT('',(-44.012691649,92.431007308,142.763989489));
#8973=CARTESIAN_POINT('',(-44.012691649,92.431007308,142.758989489));
#8974=CARTESIAN_POINT('',(-44.068807464,92.42187758,142.763989489));
#8975=CARTESIAN_POINT('',(-44.068807464,92.42187758,142.758989489));
#8976=CARTESIAN_POINT('',(-44.120819879,92.411261884,142.763989489));
#8977=CARTESIAN_POINT('',(-44.120819879,92.411261884,142.758989489));
#8978=CARTESIAN_POINT('',(-44.168742181,92.398463321,142.763989489));
#8979=CARTESIAN_POINT('',(-44.168742181,92.398463321,142.758989489));
#8980=CARTESIAN_POINT('',(-44.212566606,92.383218721,142.763989489));
#8981=CARTESIAN_POINT('',(-44.212566606,92.383218721,142.758989489));
#8982=CARTESIAN_POINT('',(-44.253087351,92.36664927,142.763989489));
#8983=CARTESIAN_POINT('',(-44.253087351,92.36664927,142.758989489));
#8984=CARTESIAN_POINT('',(-44.290610833,92.3486779,142.763989489));
#8985=CARTESIAN_POINT('',(-44.290610833,92.3486779,142.758989489));
#8986=CARTESIAN_POINT('',(-44.325431326,92.329316255,142.763989489));
#8987=CARTESIAN_POINT('',(-44.325431326,92.329316255,142.758989489));
#8988=CARTESIAN_POINT('',(-44.357630349,92.308774129,142.763989489));
#8989=CARTESIAN_POINT('',(-44.357630349,92.308774129,142.758989489));
#8990=CARTESIAN_POINT('',(-44.386808891,92.286374332,142.763989489));
#8991=CARTESIAN_POINT('',(-44.386808891,92.286374332,142.758989489));
#8992=CARTESIAN_POINT('',(-44.413392917,92.263042918,142.763989489));
#8993=CARTESIAN_POINT('',(-44.413392917,92.263042918,142.758989489));
#8994=CARTESIAN_POINT('',(-44.437010353,92.238113939,142.763989489));
#8995=CARTESIAN_POINT('',(-44.437010353,92.238113939,142.758989489));
#8996=CARTESIAN_POINT('',(-44.4581675,92.211989892,142.763989489));
#8997=CARTESIAN_POINT('',(-44.4581675,92.211989892,142.758989489));
#8998=CARTESIAN_POINT('',(-44.476686084,92.184028306,142.763989489));
#8999=CARTESIAN_POINT('',(-44.476686084,92.184028306,142.758989489));
#9000=CARTESIAN_POINT('',(-44.492596312,92.154354176,142.763989489));
#9001=CARTESIAN_POINT('',(-44.492596312,92.154354176,142.758989489));
#9002=CARTESIAN_POINT('',(-44.505744559,92.122766736,142.763989489));
#9003=CARTESIAN_POINT('',(-44.505744559,92.122766736,142.758989489));
#9004=CARTESIAN_POINT('',(-44.517077554,92.08972565,142.763989489));
#9005=CARTESIAN_POINT('',(-44.517077554,92.08972565,142.758989489));
#9006=CARTESIAN_POINT('',(-44.525231092,92.054643083,142.763989489));
#9007=CARTESIAN_POINT('',(-44.525231092,92.054643083,142.758989489));
#9008=CARTESIAN_POINT('',(-44.531695328,92.018060731,142.763989489));
#9009=CARTESIAN_POINT('',(-44.531695328,92.018060731,142.758989489));
#9010=CARTESIAN_POINT('',(-44.53526902,91.979570027,142.763989489));
#9011=CARTESIAN_POINT('',(-44.53526902,91.979570027,142.758989489));
#9012=CARTESIAN_POINT('',(-44.535712258,91.953363833,142.763989489));
#9013=CARTESIAN_POINT('',(-44.535712258,91.953363833,142.758989489));
#9014=CARTESIAN_POINT('',(-44.535939377,91.939935492,142.763989489));
#9015=CARTESIAN_POINT('',(-44.535939377,91.939935492,142.758989489));
#9016=B_SPLINE_SURFACE_WITH_KNOTS('',3,1,((#8962,#8963),(#8964,#8965),(#8966,#8967),(#8968,#8969),(#8970,#8971),(#8972,#8973),(#8974,#8975),(#8976,#8977),(#8978,#8979),(#8980,#8981),(#8982,#8983),(#8984,#8985),(#8986,#8987),(#8988,#8989),(#8990,#8991),(#8992,#8993),(#8994,#8995),(#8996,#8997),(#8998,#8999),(#9000,#9001),(#9002,#9003),(#9004,#9005),(#9006,#9007),(#9008,#9009),(#9010,#9011),(#9012,#9013),
(#9014,#9015)),.UNSPECIFIED.,.F.,.F.,.U.,(4,1,1,1,1,1,1,1,1,1,1,1,1,1,1,1,1,1,1,1,1,1,1,1,4),(2,2),(0.,0.06848873,0.133072374,0.193822918,0.251074996,0.304391306,0.354397247,0.401008983,0.444413527,0.485404051,0.524641752,0.561885798,0.597915601,0.632441485,0.665718936,0.697745551,0.729345487,0.760583481,0.792361581,0.824318105,0.857160744,0.890930302,0.925962761,0.962062511,1.),(0.,1.),.UNSPECIFIED.);
#9017=ORIENTED_EDGE('',*,*,#1797,.F.);
#9018=ORIENTED_EDGE('',*,*,#8957,.F.);
#9019=CARTESIAN_POINT('',(-44.535939377,91.939935492,142.763989489));
#9020=VERTEX_POINT('',#9019);
#9021=CARTESIAN_POINT('',(-43.748078801,92.446245588,142.763989489));
#9022=CARTESIAN_POINT('',(-43.836593842,92.445722425,142.763989489));
#9023=CARTESIAN_POINT('',(-43.925259073,92.442426756,142.763989489));
#9024=CARTESIAN_POINT('',(-44.01295478,92.430463772,142.763989489));
#9025=CARTESIAN_POINT('',(-44.056802633,92.42448228,142.763989489));
#9026=CARTESIAN_POINT('',(-44.100437472,92.416502114,142.763989489));
#9027=CARTESIAN_POINT('',(-44.143205275,92.405141928,142.763989489));
#9028=CARTESIAN_POINT('',(-44.185973078,92.393781742,142.763989489));
#9029=CARTESIAN_POINT('',(-44.227644006,92.378368737,142.763989489));
#9030=CARTESIAN_POINT('',(-44.267692601,92.35952138,142.763989489));
#9031=CARTESIAN_POINT('',(-44.347789792,92.321826668,142.763989489));
#9032=CARTESIAN_POINT('',(-44.422513038,92.267906117,142.763989489));
#9033=CARTESIAN_POINT('',(-44.470270323,92.193409868,142.763989489));
#9034=CARTESIAN_POINT('',(-44.494148965,92.156161743,142.763989489));
#9035=CARTESIAN_POINT('',(-44.510998874,92.114585257,142.763989489));
#9036=CARTESIAN_POINT('',(-44.521195445,92.071517103,142.763989489));
#9037=CARTESIAN_POINT('',(-44.526293731,92.049983025,142.763989489));
#9038=CARTESIAN_POINT('',(-44.530228037,92.028168495,142.763989489));
#9039=CARTESIAN_POINT('',(-44.532614133,92.006183196,142.763989489));
#9040=CARTESIAN_POINT('',(-44.53500023,91.984197898,142.763989489));
#9041=CARTESIAN_POINT('',(-44.535565311,91.962051984,142.763989489));
#9042=CARTESIAN_POINT('',(-44.535939377,91.939935492,142.763989489));
#9043=B_SPLINE_CURVE_WITH_KNOTS('',3,(#9021,#9022,#9023,#9024,#9025,#9026,#9027,#9028,#9029,#9030,#9031,#9032,#9033,#9034,#9035,#9036,#9037,#9038,#9039,#9040,#9041,#9042),.UNSPECIFIED.,.F.,.F.,(4,3,3,3,3,3,3,4),(0.,0.00026555,0.000398325,0.0005311,0.000796649,0.000929424,0.000995812,0.001062199),.UNSPECIFIED.);
#9044=EDGE_CURVE('NONE',#8933,#9020,#9043,.T.);
#9045=ORIENTED_EDGE('',*,*,#9044,.T.);
#9046=CARTESIAN_POINT('',(-44.535939377,91.939935492,142.763989489));
#9047=DIRECTION('',(-0.,-0.,-1.));
#9048=VECTOR('',#9047,0.005);
#9049=LINE('',#9046,#9048);
#9050=EDGE_CURVE('NONE',#9020,#1773,#9049,.T.);
#9051=ORIENTED_EDGE('',*,*,#9050,.T.);
#9052=EDGE_LOOP('',(#9017,#9018,#9045,#9051));
#9053=FACE_BOUND('',#9052,.T.);
#9054=ADVANCED_FACE('NONE',(#9053),#9016,.T.);
#9055=CARTESIAN_POINT('',(-44.535939377,91.939935492,142.763989489));
#9056=CARTESIAN_POINT('',(-44.535939377,91.939935492,142.758989489));
#9057=CARTESIAN_POINT('',(-44.535706853,91.926507803,142.763989489));
#9058=CARTESIAN_POINT('',(-44.535706853,91.926507803,142.758989489));
#9059=CARTESIAN_POINT('',(-44.535251341,91.900203157,142.763989489));
#9060=CARTESIAN_POINT('',(-44.535251341,91.900203157,142.758989489));
#9061=CARTESIAN_POINT('',(-44.531733247,91.861604317,142.763989489));
#9062=CARTESIAN_POINT('',(-44.531733247,91.861604317,142.758989489));
#9063=CARTESIAN_POINT('',(-44.525147373,91.824746719,142.763989489));
#9064=CARTESIAN_POINT('',(-44.525147373,91.824746719,142.758989489));
#9065=CARTESIAN_POINT('',(-44.517135823,91.789333249,142.763989489));
#9066=CARTESIAN_POINT('',(-44.517135823,91.789333249,142.758989489));
#9067=CARTESIAN_POINT('',(-44.5056601,91.75570073,142.763989489));
#9068=CARTESIAN_POINT('',(-44.5056601,91.75570073,142.758989489));
#9069=CARTESIAN_POINT('',(-44.492392125,91.723466163,142.763989489));
#9070=CARTESIAN_POINT('',(-44.492392125,91.723466163,142.758989489));
#9071=CARTESIAN_POINT('',(-44.475963124,91.693180497,142.763989489));
#9072=CARTESIAN_POINT('',(-44.475963124,91.693180497,142.758989489));
#9073=CARTESIAN_POINT('',(-44.457605836,91.6642848,142.763989489));
#9074=CARTESIAN_POINT('',(-44.457605836,91.6642848,142.758989489));
#9075=CARTESIAN_POINT('',(-44.436445686,91.637241428,142.763989489));
#9076=CARTESIAN_POINT('',(-44.436445686,91.637241428,142.758989489));
#9077=CARTESIAN_POINT('',(-44.412820198,91.611647893,142.763989489));
#9078=CARTESIAN_POINT('',(-44.412820198,91.611647893,142.758989489));
#9079=CARTESIAN_POINT('',(-44.38705917,91.587146631,142.763989489));
#9080=CARTESIAN_POINT('',(-44.38705917,91.587146631,142.758989489));
#9081=CARTESIAN_POINT('',(-44.358267836,91.564610408,142.763989489));
#9082=CARTESIAN_POINT('',(-44.358267836,91.564610408,142.758989489));
#9083=CARTESIAN_POINT('',(-44.326972012,91.543636241,142.763989489));
#9084=CARTESIAN_POINT('',(-44.326972012,91.543636241,142.758989489));
#9085=CARTESIAN_POINT('',(-44.293176094,91.524001315,142.763989489));
#9086=CARTESIAN_POINT('',(-44.293176094,91.524001315,142.758989489));
#9087=CARTESIAN_POINT('',(-44.256769475,91.506105304,142.763989489));
#9088=CARTESIAN_POINT('',(-44.256769475,91.506105304,142.758989489));
#9089=CARTESIAN_POINT('',(-44.217762508,91.489346326,142.763989489));
#9090=CARTESIAN_POINT('',(-44.217762508,91.489346326,142.758989489));
#9091=CARTESIAN_POINT('',(-44.175217153,91.474529947,142.763989489));
#9092=CARTESIAN_POINT('',(-44.175217153,91.474529947,142.758989489));
#9093=CARTESIAN_POINT('',(-44.128741925,91.461709501,142.763989489));
#9094=CARTESIAN_POINT('',(-44.128741925,91.461709501,142.758989489));
#9095=CARTESIAN_POINT('',(-44.077937574,91.451030164,142.763989489));
#9096=CARTESIAN_POINT('',(-44.077937574,91.451030164,142.758989489));
#9097=CARTESIAN_POINT('',(-44.023029314,91.441887439,142.763989489));
#9098=CARTESIAN_POINT('',(-44.023029314,91.441887439,142.758989489));
#9099=CARTESIAN_POINT('',(-43.963700737,91.435688545,142.763989489));
#9100=CARTESIAN_POINT('',(-43.963700737,91.435688545,142.758989489));
#9101=CARTESIAN_POINT('',(-43.900301591,91.430404314,142.763989489));
#9102=CARTESIAN_POINT('',(-43.900301591,91.430404314,142.758989489));
#9103=CARTESIAN_POINT('',(-43.832642328,91.427443967,142.763989489));
#9104=CARTESIAN_POINT('',(-43.832642328,91.427443967,142.758989489));
#9105=CARTESIAN_POINT('',(-43.78614235,91.427160675,142.763989489));
#9106=CARTESIAN_POINT('',(-43.78614235,91.427160675,142.758989489));
#9107=CARTESIAN_POINT('',(-43.762201396,91.427014819,142.763989489));
#9108=CARTESIAN_POINT('',(-43.762201396,91.427014819,142.758989489));
#9109=B_SPLINE_SURFACE_WITH_KNOTS('',3,1,((#9055,#9056),(#9057,#9058),(#9059,#9060),(#9061,#9062),(#9063,#9064),(#9065,#9066),(#9067,#9068),(#9069,#9070),(#9071,#9072),(#9073,#9074),(#9075,#9076),(#9077,#9078),(#9079,#9080),(#9081,#9082),(#9083,#9084),(#9085,#9086),(#9087,#9088),(#9089,#9090),(#9091,#9092),(#9093,#9094),(#9095,#9096),(#9097,#9098),(#9099,#9100),(#9101,#9102),(#9103,#9104),(#9105,#9106),
(#9107,#9108)),.UNSPECIFIED.,.F.,.F.,.U.,(4,1,1,1,1,1,1,1,1,1,1,1,1,1,1,1,1,1,1,1,1,1,1,1,4),(2,2),(0.,0.038220857,0.074874096,0.110168224,0.144744565,0.178102867,0.21119696,0.243849688,0.276037331,0.308544106,0.341434943,0.375116973,0.409625071,0.445366608,0.482286107,0.520791941,0.560773546,0.603062158,0.648922152,0.697906845,0.750777171,0.807291661,0.867643385,0.931854948,1.),(0.,1.),.UNSPECIFIED.);
#9110=ORIENTED_EDGE('',*,*,#1824,.F.);
#9111=ORIENTED_EDGE('',*,*,#9050,.F.);
#9112=CARTESIAN_POINT('',(-43.762201396,91.427014819,142.763989489));
#9113=VERTEX_POINT('',#9112);
#9114=CARTESIAN_POINT('',(-44.535939377,91.939935492,142.763989489));
#9115=CARTESIAN_POINT('',(-44.535559134,91.917977403,142.763989489));
#9116=CARTESIAN_POINT('',(-44.535017387,91.895989903,142.763989489));
#9117=CARTESIAN_POINT('',(-44.532695733,91.874163456,142.763989489));
#9118=CARTESIAN_POINT('',(-44.530374079,91.852337009,142.763989489));
#9119=CARTESIAN_POINT('',(-44.52644317,91.830687812,142.763989489));
#9120=CARTESIAN_POINT('',(-44.521542248,91.809277469,142.763989489));
#9121=CARTESIAN_POINT('',(-44.511740405,91.766456783,142.763989489));
#9122=CARTESIAN_POINT('',(-44.495020729,91.725271441,142.763989489));
#9123=CARTESIAN_POINT('',(-44.472255044,91.687735899,142.763989489));
#9124=CARTESIAN_POINT('',(-44.449489358,91.650200357,142.763989489));
#9125=CARTESIAN_POINT('',(-44.420280889,91.616661583,142.763989489));
#9126=CARTESIAN_POINT('',(-44.387067485,91.587916104,142.763989489));
#9127=CARTESIAN_POINT('',(-44.353854081,91.559170625,142.763989489));
#9128=CARTESIAN_POINT('',(-44.316282468,91.53573537,142.763989489));
#9129=CARTESIAN_POINT('',(-44.276960717,91.516152035,142.763989489));
#9130=CARTESIAN_POINT('',(-44.198317215,91.476985366,142.763989489));
#9131=CARTESIAN_POINT('',(-44.112161311,91.454720024,142.763989489));
#9132=CARTESIAN_POINT('',(-44.025113821,91.442762087,142.763989489));
#9133=CARTESIAN_POINT('',(-43.938066332,91.43080415,142.763989489));
#9134=CARTESIAN_POINT('',(-43.85005974,91.427550079,142.763989489));
#9135=CARTESIAN_POINT('',(-43.762201396,91.427014819,142.763989489));
#9136=B_SPLINE_CURVE_WITH_KNOTS('',3,(#9114,#9115,#9116,#9117,#9118,#9119,#9120,#9121,#9122,#9123,#9124,#9125,#9126,#9127,#9128,#9129,#9130,#9131,#9132,#9133,#9134,#9135),.UNSPECIFIED.,.F.,.F.,(4,3,3,3,3,3,3,4),(0.,0.000065884,0.000131768,0.000263536,0.000395305,0.000527073,0.000790609,0.001054146),.UNSPECIFIED.);
#9137=EDGE_CURVE('NONE',#9020,#9113,#9136,.T.);
#9138=ORIENTED_EDGE('',*,*,#9137,.T.);
#9139=CARTESIAN_POINT('',(-43.762201396,91.427014819,142.763989489));
#9140=DIRECTION('',(-0.,-0.,-1.));
#9141=VECTOR('',#9140,0.005);
#9142=LINE('',#9139,#9141);
#9143=EDGE_CURVE('NONE',#9113,#1800,#9142,.T.);
#9144=ORIENTED_EDGE('',*,*,#9143,.T.);
#9145=EDGE_LOOP('',(#9110,#9111,#9138,#9144));
#9146=FACE_BOUND('',#9145,.T.);
#9147=ADVANCED_FACE('NONE',(#9146),#9109,.T.);
#9148=CARTESIAN_POINT('',(-43.762201396,91.427014819,142.763989489));
#9149=CARTESIAN_POINT('',(-43.762201396,91.427014819,142.758989489));
#9150=CARTESIAN_POINT('',(-43.728937449,91.427276016,142.763989489));
#9151=CARTESIAN_POINT('',(-43.728937449,91.427276016,142.758989489));
#9152=CARTESIAN_POINT('',(-43.664754235,91.427779998,142.763989489));
#9153=CARTESIAN_POINT('',(-43.664754235,91.427779998,142.758989489));
#9154=CARTESIAN_POINT('',(-43.572015071,91.434003077,142.763989489));
#9155=CARTESIAN_POINT('',(-43.572015071,91.434003077,142.758989489));
#9156=CARTESIAN_POINT('',(-43.486357307,91.443416905,142.763989489));
#9157=CARTESIAN_POINT('',(-43.486357307,91.443416905,142.758989489));
#9158=CARTESIAN_POINT('',(-43.407677445,91.45630371,142.763989489));
#9159=CARTESIAN_POINT('',(-43.407677445,91.45630371,142.758989489));
#9160=CARTESIAN_POINT('',(-43.336129485,91.473660834,142.763989489));
#9161=CARTESIAN_POINT('',(-43.336129485,91.473660834,142.758989489));
#9162=CARTESIAN_POINT('',(-43.27173398,91.494961783,142.763989489));
#9163=CARTESIAN_POINT('',(-43.27173398,91.494961783,142.758989489));
#9164=CARTESIAN_POINT('',(-43.213853497,91.519403194,142.763989489));
#9165=CARTESIAN_POINT('',(-43.213853497,91.519403194,142.758989489));
#9166=CARTESIAN_POINT('',(-43.179559194,91.540197301,142.763989489));
#9167=CARTESIAN_POINT('',(-43.179559194,91.540197301,142.758989489));
#9168=CARTESIAN_POINT('',(-43.163042742,91.550211935,142.763989489));
#9169=CARTESIAN_POINT('',(-43.163042742,91.550211935,142.758989489));
#9170=CARTESIAN_POINT('',(-43.163042628,91.550212004,142.763989489));
#9171=CARTESIAN_POINT('',(-43.163042628,91.550212004,142.758989489));
#9172=CARTESIAN_POINT('',(-43.163042513,91.550212074,142.763989489));
#9173=CARTESIAN_POINT('',(-43.163042513,91.550212074,142.758989489));
#9174=CARTESIAN_POINT('',(-43.163042399,91.550212143,142.763989489));
#9175=CARTESIAN_POINT('',(-43.163042399,91.550212143,142.758989489));
#9176=B_SPLINE_SURFACE_WITH_KNOTS('',3,1,((#9148,#9149),(#9150,#9151),(#9152,#9153),(#9154,#9155),(#9156,#9157),(#9158,#9159),(#9160,#9161),(#9162,#9163),(#9164,#9165),(#9166,#9167),(#9168,#9169),(#9170,#9171),(#9172,#9173),(#9174,#9175)),.UNSPECIFIED.,.F.,.F.,.U.,(4,1,1,1,1,1,1,1,3,4),(2,2),(0.,0.161065834,0.310778602,0.449889049,0.578275798,0.696627175,0.805993694,0.906564772,1.,1.000000648),(0.,1.),.UNSPECIFIED.);
#9177=ORIENTED_EDGE('',*,*,#1840,.F.);
#9178=ORIENTED_EDGE('',*,*,#9143,.F.);
#9179=CARTESIAN_POINT('',(-43.762201396,91.427014819,142.763989489));
#9180=CARTESIAN_POINT('',(-43.65892427,91.427825776,142.763989489));
#9181=CARTESIAN_POINT('',(-43.555447194,91.432671418,142.763989489));
#9182=CARTESIAN_POINT('',(-43.453470785,91.449020452,142.763989489));
#9183=CARTESIAN_POINT('',(-43.40248258,91.457194969,142.763989489));
#9184=CARTESIAN_POINT('',(-43.351958421,91.468675445,142.763989489));
#9185=CARTESIAN_POINT('',(-43.3029331,91.484882106,142.763989489));
#9186=CARTESIAN_POINT('',(-43.27842044,91.492985436,142.763989489));
#9187=CARTESIAN_POINT('',(-43.254198504,91.502052688,142.763989489));
#9188=CARTESIAN_POINT('',(-43.230740891,91.512849151,142.763989489));
#9189=CARTESIAN_POINT('',(-43.207283278,91.523645614,142.763989489));
#9190=CARTESIAN_POINT('',(-43.185095321,91.536840509,142.763989489));
#9191=CARTESIAN_POINT('',(-43.163042055,91.550212352,142.763989489));
#9192=B_SPLINE_CURVE_WITH_KNOTS('',3,(#9179,#9180,#9181,#9182,#9183,#9184,#9185,#9186,#9187,#9188,#9189,#9190,#9191),.UNSPECIFIED.,.F.,.F.,(4,3,3,3,4),(0.,0.000309841,0.000464761,0.000542222,0.000619682),.UNSPECIFIED.);
#9193=EDGE_CURVE('NONE',#9113,#8841,#9192,.T.);
#9194=ORIENTED_EDGE('',*,*,#9193,.T.);
#9195=ORIENTED_EDGE('',*,*,#8846,.T.);
#9196=EDGE_LOOP('',(#9177,#9178,#9194,#9195));
#9197=FACE_BOUND('',#9196,.T.);
#9198=ADVANCED_FACE('NONE',(#9197),#9176,.T.);
#9199=CARTESIAN_POINT('',(-43.010212272,91.714060872,142.763989489));
#9200=DIRECTION('',(-0.,-0.,-1.));
#9201=DIRECTION('',(0.,1.,-0.));
#9202=AXIS2_PLACEMENT_3D('',#9199,#9200,#9201);
#9203=PLANE('',#9202);
#9204=CARTESIAN_POINT('',(-44.163644436,92.103096085,142.763989489));
#9205=VERTEX_POINT('',#9204);
#9206=CARTESIAN_POINT('',(-43.748078803,92.177014819,142.763989489));
#9207=VERTEX_POINT('',#9206);
#9208=CARTESIAN_POINT('',(-44.163645221,92.10309572,142.763989489));
#9209=CARTESIAN_POINT('',(-44.148056011,92.111621931,142.763989489));
#9210=CARTESIAN_POINT('',(-44.132356745,92.119976241,142.763989489));
#9211=CARTESIAN_POINT('',(-44.115862295,92.126605139,142.763989489));
#9212=CARTESIAN_POINT('',(-44.099367845,92.133234037,142.763989489));
#9213=CARTESIAN_POINT('',(-44.082424744,92.138660665,142.763989489));
#9214=CARTESIAN_POINT('',(-44.065305023,92.143411382,142.763989489));
#9215=CARTESIAN_POINT('',(-44.031065579,92.152912816,142.763989489));
#9216=CARTESIAN_POINT('',(-43.996000823,92.159278683,142.763989489));
#9217=CARTESIAN_POINT('',(-43.960795552,92.164169506,142.763989489));
#9218=CARTESIAN_POINT('',(-43.890385011,92.173951152,142.763989489));
#9219=CARTESIAN_POINT('',(-43.81916858,92.176251673,142.763989489));
#9220=CARTESIAN_POINT('',(-43.748078802,92.177014819,142.763989489));
#9221=B_SPLINE_CURVE_WITH_KNOTS('',3,(#9208,#9209,#9210,#9211,#9212,#9213,#9214,#9215,#9216,#9217,#9218,#9219,#9220),.UNSPECIFIED.,.F.,.F.,(4,3,3,3,4),(0.,0.000053305,0.000106611,0.000213222,0.000426444),.UNSPECIFIED.);
#9222=EDGE_CURVE('NONE',#9205,#9207,#9221,.T.);
#9223=ORIENTED_EDGE('',*,*,#9222,.F.);
#9224=CARTESIAN_POINT('',(-44.26670859,91.938733131,142.763989489));
#9225=VERTEX_POINT('',#9224);
#9226=CARTESIAN_POINT('',(-44.266708634,91.938732694,142.763989489));
#9227=CARTESIAN_POINT('',(-44.266204623,91.955781289,142.763989489));
#9228=CARTESIAN_POINT('',(-44.264760249,91.972749139,142.763989489));
#9229=CARTESIAN_POINT('',(-44.259988635,91.989142815,142.763989489));
#9230=CARTESIAN_POINT('',(-44.255217021,92.005536491,142.763989489));
#9231=CARTESIAN_POINT('',(-44.248057722,92.020785492,142.763989489));
#9232=CARTESIAN_POINT('',(-44.238681071,92.034971476,142.763989489));
#9233=CARTESIAN_POINT('',(-44.229304421,92.049157461,142.763989489));
#9234=CARTESIAN_POINT('',(-44.21787321,92.062047439,142.763989489));
#9235=CARTESIAN_POINT('',(-44.205096034,92.073310043,142.763989489));
#9236=CARTESIAN_POINT('',(-44.192318858,92.084572647,142.763989489));
#9237=CARTESIAN_POINT('',(-44.178028347,92.093968391,142.763989489));
#9238=CARTESIAN_POINT('',(-44.163645167,92.103095621,142.763989489));
#9239=B_SPLINE_CURVE_WITH_KNOTS('',3,(#9226,#9227,#9228,#9229,#9230,#9231,#9232,#9233,#9234,#9235,#9236,#9237,#9238),.UNSPECIFIED.,.F.,.F.,(4,3,3,3,4),(0.,0.000051168,0.000102335,0.000153503,0.00020467),.UNSPECIFIED.);
#9240=EDGE_CURVE('NONE',#9225,#9205,#9239,.T.);
#9241=ORIENTED_EDGE('',*,*,#9240,.F.);
#9242=CARTESIAN_POINT('',(-43.765206204,91.696245588,142.763989489));
#9243=VERTEX_POINT('',#9242);
#9244=CARTESIAN_POINT('',(-43.765206204,91.696245588,142.763989489));
#9245=CARTESIAN_POINT('',(-43.816794371,91.696866634,142.763989489));
#9246=CARTESIAN_POINT('',(-43.868433002,91.697684511,142.763989489));
#9247=CARTESIAN_POINT('',(-43.919815396,91.702344058,142.763989489));
#9248=CARTESIAN_POINT('',(-43.97119779,91.707003605,142.763989489));
#9249=CARTESIAN_POINT('',(-44.02257518,91.71385368,142.763989489));
#9250=CARTESIAN_POINT('',(-44.072189648,91.728025799,142.763989489));
#9251=CARTESIAN_POINT('',(-44.096996881,91.735111859,142.763989489));
#9252=CARTESIAN_POINT('',(-44.121514232,91.743499473,142.763989489));
#9253=CARTESIAN_POINT('',(-44.144205795,91.755762879,142.763989489));
#9254=CARTESIAN_POINT('',(-44.166897359,91.768026284,142.763989489));
#9255=CARTESIAN_POINT('',(-44.18825156,91.782934864,142.763989489));
#9256=CARTESIAN_POINT('',(-44.206750069,91.800914686,142.763989489));
#9257=CARTESIAN_POINT('',(-44.225248577,91.818894508,142.763989489));
#9258=CARTESIAN_POINT('',(-44.241113069,91.839870848,142.763989489));
#9259=CARTESIAN_POINT('',(-44.251333625,91.863496617,142.763989489));
#9260=CARTESIAN_POINT('',(-44.261554181,91.887122385,142.763989489));
#9261=CARTESIAN_POINT('',(-44.265632508,91.912972474,142.763989489));
#9262=CARTESIAN_POINT('',(-44.266708572,91.938732693,142.763989489));
#9263=B_SPLINE_CURVE_WITH_KNOTS('',3,(#9244,#9245,#9246,#9247,#9248,#9249,#9250,#9251,#9252,#9253,#9254,#9255,#9256,#9257,#9258,#9259,#9260,#9261,#9262),.UNSPECIFIED.,.F.,.F.,(4,3,3,3,3,3,4),(0.,0.000154776,0.000309551,0.000386939,0.000464327,0.000541715,0.000619103),.UNSPECIFIED.);
#9264=EDGE_CURVE('NONE',#9243,#9225,#9263,.T.);
#9265=ORIENTED_EDGE('',*,*,#9264,.F.);
#9266=CARTESIAN_POINT('',(-43.228247113,91.938734629,142.763989489));
#9267=VERTEX_POINT('',#9266);
#9268=CARTESIAN_POINT('',(-43.228247036,91.938734272,142.763989489));
#9269=CARTESIAN_POINT('',(-43.228900361,91.925100746,142.763989489));
#9270=CARTESIAN_POINT('',(-43.229595622,91.911456744,142.763989489));
#9271=CARTESIAN_POINT('',(-43.232238402,91.898089972,142.763989489));
#9272=CARTESIAN_POINT('',(-43.234881182,91.8847232,142.763989489));
#9273=CARTESIAN_POINT('',(-43.239166311,91.87166941,142.763989489));
#9274=CARTESIAN_POINT('',(-43.244669527,91.859145619,142.763989489));
#9275=CARTESIAN_POINT('',(-43.255675959,91.834098037,142.763989489));
#9276=CARTESIAN_POINT('',(-43.271782031,91.811354949,142.763989489));
#9277=CARTESIAN_POINT('',(-43.291949127,91.792971013,142.763989489));
#9278=CARTESIAN_POINT('',(-43.312116223,91.774587077,142.763989489));
#9279=CARTESIAN_POINT('',(-43.336487018,91.761333347,142.763989489));
#9280=CARTESIAN_POINT('',(-43.361454831,91.750285702,142.763989489));
#9281=CARTESIAN_POINT('',(-43.386422645,91.739238057,142.763989489));
#9282=CARTESIAN_POINT('',(-43.412618023,91.730992154,142.763989489));
#9283=CARTESIAN_POINT('',(-43.439150088,91.724406404,142.763989489));
#9284=CARTESIAN_POINT('',(-43.492214217,91.711234904,142.763989489));
#9285=CARTESIAN_POINT('',(-43.546753806,91.704923342,142.763989489));
#9286=CARTESIAN_POINT('',(-43.601309694,91.701391931,142.763989489));
#9287=CARTESIAN_POINT('',(-43.655865582,91.69786052,142.763989489));
#9288=CARTESIAN_POINT('',(-43.710538515,91.696776607,142.763989489));
#9289=CARTESIAN_POINT('',(-43.765206204,91.696245588,142.763989489));
#9290=B_SPLINE_CURVE_WITH_KNOTS('',3,(#9268,#9269,#9270,#9271,#9272,#9273,#9274,#9275,#9276,#9277,#9278,#9279,#9280,#9281,#9282,#9283,#9284,#9285,#9286,#9287,#9288,#9289),.UNSPECIFIED.,.F.,.F.,(4,3,3,3,3,3,3,4),(0.,0.000040947,0.000081895,0.000163789,0.000245684,0.000327579,0.000491368,0.000655157),.UNSPECIFIED.);
#9291=EDGE_CURVE('NONE',#9267,#9243,#9290,.T.);
#9292=ORIENTED_EDGE('',*,*,#9291,.F.);
#9293=CARTESIAN_POINT('',(-43.748078802,92.177014819,142.763989489));
#9294=CARTESIAN_POINT('',(-43.695294201,92.176793943,142.763989489));
#9295=CARTESIAN_POINT('',(-43.64249659,92.175396569,142.763989489));
#9296=CARTESIAN_POINT('',(-43.589879958,92.171204592,142.763989489));
#9297=CARTESIAN_POINT('',(-43.537263326,92.167012614,142.763989489));
#9298=CARTESIAN_POINT('',(-43.484662269,92.160344596,142.763989489));
#9299=CARTESIAN_POINT('',(-43.433585124,92.147093975,142.763989489));
#9300=CARTESIAN_POINT('',(-43.408046551,92.140468664,142.763989489));
#9301=CARTESIAN_POINT('',(-43.382826034,92.132199105,142.763989489));
#9302=CARTESIAN_POINT('',(-43.3591378,92.120641418,142.763989489));
#9303=CARTESIAN_POINT('',(-43.335449565,92.109083731,142.763989489));
#9304=CARTESIAN_POINT('',(-43.313271062,92.094336994,142.763989489));
#9305=CARTESIAN_POINT('',(-43.293528251,92.076807953,142.763989489));
#9306=CARTESIAN_POINT('',(-43.273785441,92.059278913,142.763989489));
#9307=CARTESIAN_POINT('',(-43.256555685,92.038432407,142.763989489));
#9308=CARTESIAN_POINT('',(-43.245091719,92.014913569,142.763989489));
#9309=CARTESIAN_POINT('',(-43.233627753,91.991394731,142.763989489));
#9310=CARTESIAN_POINT('',(-43.229316331,91.965031436,142.763989489));
#9311=CARTESIAN_POINT('',(-43.228247098,91.938734275,142.763989489));
#9312=B_SPLINE_CURVE_WITH_KNOTS('',3,(#9293,#9294,#9295,#9296,#9297,#9298,#9299,#9300,#9301,#9302,#9303,#9304,#9305,#9306,#9307,#9308,#9309,#9310,#9311),.UNSPECIFIED.,.F.,.F.,(4,3,3,3,3,3,4),(0.,0.000158355,0.00031671,0.000395888,0.000475066,0.000554243,0.000633421),.UNSPECIFIED.);
#9313=EDGE_CURVE('NONE',#9207,#9267,#9312,.T.);
#9314=ORIENTED_EDGE('',*,*,#9313,.F.);
#9315=EDGE_LOOP('',(#9223,#9241,#9265,#9292,#9314));
#9316=FACE_BOUND('',#9315,.T.);
#9317=ORIENTED_EDGE('',*,*,#8864,.F.);
#9318=ORIENTED_EDGE('',*,*,#9193,.F.);
#9319=ORIENTED_EDGE('',*,*,#9137,.F.);
#9320=ORIENTED_EDGE('',*,*,#9044,.F.);
#9321=ORIENTED_EDGE('',*,*,#8951,.F.);
#9322=EDGE_LOOP('',(#9317,#9318,#9319,#9320,#9321));
#9323=FACE_BOUND('',#9322,.T.);
#9324=ADVANCED_FACE('NONE',(#9316,#9323),#9203,.T.);
#9325=CARTESIAN_POINT('',(-43.7480788,92.177014819,142.763989489));
#9326=CARTESIAN_POINT('',(-43.7480788,92.177014819,142.758989489));
#9327=CARTESIAN_POINT('',(-43.724435783,92.176915885,142.763989489));
#9328=CARTESIAN_POINT('',(-43.724435783,92.176915885,142.758989489));
#9329=CARTESIAN_POINT('',(-43.678927009,92.176725455,142.763989489));
#9330=CARTESIAN_POINT('',(-43.678927009,92.176725455,142.758989489));
#9331=CARTESIAN_POINT('',(-43.613593814,92.173231599,142.763989489));
#9332=CARTESIAN_POINT('',(-43.613593814,92.173231599,142.758989489));
#9333=CARTESIAN_POINT('',(-43.553922774,92.168366144,142.763989489));
#9334=CARTESIAN_POINT('',(-43.553922774,92.168366144,142.758989489));
#9335=CARTESIAN_POINT('',(-43.50004715,92.161249366,142.763989489));
#9336=CARTESIAN_POINT('',(-43.50004715,92.161249366,142.758989489));
#9337=CARTESIAN_POINT('',(-43.451836028,92.152092411,142.763989489));
#9338=CARTESIAN_POINT('',(-43.451836028,92.152092411,142.758989489));
#9339=CARTESIAN_POINT('',(-43.409292964,92.140806196,142.763989489));
#9340=CARTESIAN_POINT('',(-43.409292964,92.140806196,142.758989489));
#9341=CARTESIAN_POINT('',(-43.372332839,92.127501314,142.763989489));
#9342=CARTESIAN_POINT('',(-43.372332839,92.127501314,142.758989489));
#9343=CARTESIAN_POINT('',(-43.340996518,92.111721023,142.763989489));
#9344=CARTESIAN_POINT('',(-43.340996518,92.111721023,142.758989489));
#9345=CARTESIAN_POINT('',(-43.314355517,92.094250576,142.763989489));
#9346=CARTESIAN_POINT('',(-43.314355517,92.094250576,142.758989489));
#9347=CARTESIAN_POINT('',(-43.291531171,92.075681372,142.763989489));
#9348=CARTESIAN_POINT('',(-43.291531171,92.075681372,142.758989489));
#9349=CARTESIAN_POINT('',(-43.27188119,92.0559813,142.763989489));
#9350=CARTESIAN_POINT('',(-43.27188119,92.0559813,142.758989489));
#9351=CARTESIAN_POINT('',(-43.255954046,92.0349381,142.763989489));
#9352=CARTESIAN_POINT('',(-43.255954046,92.0349381,142.758989489));
#9353=CARTESIAN_POINT('',(-43.243259706,92.012692204,142.763989489));
#9354=CARTESIAN_POINT('',(-43.243259706,92.012692204,142.758989489));
#9355=CARTESIAN_POINT('',(-43.234608783,91.989123586,142.763989489));
#9356=CARTESIAN_POINT('',(-43.234608783,91.989123586,142.758989489));
#9357=CARTESIAN_POINT('',(-43.229287174,91.964311343,142.763989489));
#9358=CARTESIAN_POINT('',(-43.229287174,91.964311343,142.758989489));
#9359=CARTESIAN_POINT('',(-43.228598458,91.947375751,142.763989489));
#9360=CARTESIAN_POINT('',(-43.228598458,91.947375751,142.758989489));
#9361=CARTESIAN_POINT('',(-43.228247156,91.938735688,142.763989489));
#9362=CARTESIAN_POINT('',(-43.228247156,91.938735688,142.758989489));
#9363=B_SPLINE_SURFACE_WITH_KNOTS('',3,1,((#9325,#9326),(#9327,#9328),(#9329,#9330),(#9331,#9332),(#9333,#9334),(#9335,#9336),(#9337,#9338),(#9339,#9340),(#9341,#9342),(#9343,#9344),(#9345,#9346),(#9347,#9348),(#9349,#9350),(#9351,#9352),(#9353,#9354),(#9355,#9356),(#9357,#9358),(#9359,#9360),(#9361,#9362)),.UNSPECIFIED.,.F.,.F.,.U.,(4,1,1,1,1,1,1,1,1,1,1,1,1,1,1,1,4),(2,2),(0.,0.112118958,0.215809854,0.310214208,0.396007626,0.473427805,0.54279857,0.604570465,0.659381743,0.708790673,0.755383547,0.798716644,0.84042576,0.880199,0.919730368,0.959047086,0.999996652),(0.,1.),.UNSPECIFIED.);
#9364=CARTESIAN_POINT('',(-43.748078803,92.177014819,142.758989489));
#9365=VERTEX_POINT('',#9364);
#9366=CARTESIAN_POINT('',(-43.228247067,91.938734274,142.758989489));
#9367=VERTEX_POINT('',#9366);
#9368=CARTESIAN_POINT('',(-43.748078802,92.177014819,142.758989489));
#9369=CARTESIAN_POINT('',(-43.695294201,92.176793943,142.758989489));
#9370=CARTESIAN_POINT('',(-43.64249659,92.175396569,142.758989489));
#9371=CARTESIAN_POINT('',(-43.589879958,92.171204592,142.758989489));
#9372=CARTESIAN_POINT('',(-43.537263326,92.167012614,142.758989489));
#9373=CARTESIAN_POINT('',(-43.484662269,92.160344596,142.758989489));
#9374=CARTESIAN_POINT('',(-43.433585124,92.147093975,142.758989489));
#9375=CARTESIAN_POINT('',(-43.408046551,92.140468664,142.758989489));
#9376=CARTESIAN_POINT('',(-43.382826034,92.132199105,142.758989489));
#9377=CARTESIAN_POINT('',(-43.3591378,92.120641418,142.758989489));
#9378=CARTESIAN_POINT('',(-43.335449565,92.109083731,142.758989489));
#9379=CARTESIAN_POINT('',(-43.313271062,92.094336994,142.758989489));
#9380=CARTESIAN_POINT('',(-43.293528251,92.076807953,142.758989489));
#9381=CARTESIAN_POINT('',(-43.273785441,92.059278913,142.758989489));
#9382=CARTESIAN_POINT('',(-43.256555685,92.038432407,142.758989489));
#9383=CARTESIAN_POINT('',(-43.245091719,92.014913569,142.758989489));
#9384=CARTESIAN_POINT('',(-43.233627753,91.991394731,142.758989489));
#9385=CARTESIAN_POINT('',(-43.229316331,91.965031436,142.758989489));
#9386=CARTESIAN_POINT('',(-43.228247098,91.938734275,142.758989489));
#9387=B_SPLINE_CURVE_WITH_KNOTS('',3,(#9368,#9369,#9370,#9371,#9372,#9373,#9374,#9375,#9376,#9377,#9378,#9379,#9380,#9381,#9382,#9383,#9384,#9385,#9386),.UNSPECIFIED.,.F.,.F.,(4,3,3,3,3,3,4),(0.,0.000158355,0.00031671,0.000395888,0.000475066,0.000554243,0.000633421),.UNSPECIFIED.);
#9388=EDGE_CURVE('NONE',#9365,#9367,#9387,.T.);
#9389=ORIENTED_EDGE('',*,*,#9388,.F.);
#9390=CARTESIAN_POINT('',(-43.748078804,92.177014819,142.763989489));
#9391=DIRECTION('',(-0.,-0.,-1.));
#9392=VECTOR('',#9391,0.005);
#9393=LINE('',#9390,#9392);
#9394=EDGE_CURVE('NONE',#9207,#9365,#9393,.T.);
#9395=ORIENTED_EDGE('',*,*,#9394,.F.);
#9396=ORIENTED_EDGE('',*,*,#9313,.T.);
#9397=CARTESIAN_POINT('',(-43.228247127,91.938734982,142.763989489));
#9398=DIRECTION('',(-0.,-0.,-1.));
#9399=VECTOR('',#9398,0.005);
#9400=LINE('',#9397,#9399);
#9401=EDGE_CURVE('NONE',#9267,#9367,#9400,.T.);
#9402=ORIENTED_EDGE('',*,*,#9401,.T.);
#9403=EDGE_LOOP('',(#9389,#9395,#9396,#9402));
#9404=FACE_BOUND('',#9403,.T.);
#9405=ADVANCED_FACE('NONE',(#9404),#9363,.T.);
#9406=CARTESIAN_POINT('',(-44.163643704,92.10309655,142.763989489));
#9407=CARTESIAN_POINT('',(-44.163643704,92.10309655,142.758989489));
#9408=CARTESIAN_POINT('',(-44.152548414,92.1091649,142.763989489));
#9409=CARTESIAN_POINT('',(-44.152548414,92.1091649,142.758989489));
#9410=CARTESIAN_POINT('',(-44.129282492,92.121889739,142.763989489));
#9411=CARTESIAN_POINT('',(-44.129282492,92.121889739,142.758989489));
#9412=CARTESIAN_POINT('',(-44.090014308,92.136577601,142.763989489));
#9413=CARTESIAN_POINT('',(-44.090014308,92.136577601,142.758989489));
#9414=CARTESIAN_POINT('',(-44.045782066,92.149107473,142.763989489));
#9415=CARTESIAN_POINT('',(-44.045782066,92.149107473,142.758989489));
#9416=CARTESIAN_POINT('',(-43.996228122,92.159151758,142.763989489));
#9417=CARTESIAN_POINT('',(-43.996228122,92.159151758,142.758989489));
#9418=CARTESIAN_POINT('',(-43.94155131,92.167107507,142.763989489));
#9419=CARTESIAN_POINT('',(-43.94155131,92.167107507,142.758989489));
#9420=CARTESIAN_POINT('',(-43.881710992,92.173189679,142.763989489));
#9421=CARTESIAN_POINT('',(-43.881710992,92.173189679,142.758989489));
#9422=CARTESIAN_POINT('',(-43.816621396,92.176279018,142.763989489));
#9423=CARTESIAN_POINT('',(-43.816621396,92.176279018,142.758989489));
#9424=CARTESIAN_POINT('',(-43.771519075,92.176763189,142.763989489));
#9425=CARTESIAN_POINT('',(-43.771519075,92.176763189,142.758989489));
#9426=CARTESIAN_POINT('',(-43.748078804,92.177014819,142.763989489));
#9427=CARTESIAN_POINT('',(-43.748078804,92.177014819,142.758989489));
#9428=B_SPLINE_SURFACE_WITH_KNOTS('',3,1,((#9406,#9407),(#9408,#9409),(#9410,#9411),(#9412,#9413),(#9414,#9415),(#9416,#9417),(#9418,#9419),(#9420,#9421),(#9422,#9423),(#9424,#9425),(#9426,#9427)),.UNSPECIFIED.,.F.,.F.,.U.,(4,1,1,1,1,1,1,1,4),(2,2),(0.,0.0888746,0.186362828,0.294090455,0.412109415,0.541758198,0.682688795,0.835089174,0.999999992),(0.,1.),.UNSPECIFIED.);
#9429=CARTESIAN_POINT('',(-44.163644436,92.103096085,142.758989489));
#9430=VERTEX_POINT('',#9429);
#9431=CARTESIAN_POINT('',(-44.163645221,92.10309572,142.758989489));
#9432=CARTESIAN_POINT('',(-44.148056011,92.111621931,142.758989489));
#9433=CARTESIAN_POINT('',(-44.132356745,92.119976241,142.758989489));
#9434=CARTESIAN_POINT('',(-44.115862295,92.126605139,142.758989489));
#9435=CARTESIAN_POINT('',(-44.099367845,92.133234037,142.758989489));
#9436=CARTESIAN_POINT('',(-44.082424744,92.138660665,142.758989489));
#9437=CARTESIAN_POINT('',(-44.065305023,92.143411382,142.758989489));
#9438=CARTESIAN_POINT('',(-44.031065579,92.152912816,142.758989489));
#9439=CARTESIAN_POINT('',(-43.996000823,92.159278683,142.758989489));
#9440=CARTESIAN_POINT('',(-43.960795552,92.164169506,142.758989489));
#9441=CARTESIAN_POINT('',(-43.890385011,92.173951152,142.758989489));
#9442=CARTESIAN_POINT('',(-43.81916858,92.176251673,142.758989489));
#9443=CARTESIAN_POINT('',(-43.748078802,92.177014819,142.758989489));
#9444=B_SPLINE_CURVE_WITH_KNOTS('',3,(#9431,#9432,#9433,#9434,#9435,#9436,#9437,#9438,#9439,#9440,#9441,#9442,#9443),.UNSPECIFIED.,.F.,.F.,(4,3,3,3,4),(0.,0.000053305,0.000106611,0.000213222,0.000426444),.UNSPECIFIED.);
#9445=EDGE_CURVE('NONE',#9430,#9365,#9444,.T.);
#9446=ORIENTED_EDGE('',*,*,#9445,.F.);
#9447=CARTESIAN_POINT('',(-44.163643705,92.103096549,142.763989489));
#9448=DIRECTION('',(-0.,-0.,-1.));
#9449=VECTOR('',#9448,0.005);
#9450=LINE('',#9447,#9449);
#9451=EDGE_CURVE('NONE',#9205,#9430,#9450,.T.);
#9452=ORIENTED_EDGE('',*,*,#9451,.F.);
#9453=ORIENTED_EDGE('',*,*,#9222,.T.);
#9454=ORIENTED_EDGE('',*,*,#9394,.T.);
#9455=EDGE_LOOP('',(#9446,#9452,#9453,#9454));
#9456=FACE_BOUND('',#9455,.T.);
#9457=ADVANCED_FACE('NONE',(#9456),#9428,.T.);
#9458=CARTESIAN_POINT('',(-44.266708608,91.938733569,142.763989489));
#9459=CARTESIAN_POINT('',(-44.266708608,91.938733569,142.758989489));
#9460=CARTESIAN_POINT('',(-44.266459146,91.94717182,142.763989489));
#9461=CARTESIAN_POINT('',(-44.266459146,91.94717182,142.758989489));
#9462=CARTESIAN_POINT('',(-44.265970731,91.963692867,142.763989489));
#9463=CARTESIAN_POINT('',(-44.265970731,91.963692867,142.758989489));
#9464=CARTESIAN_POINT('',(-44.26095721,91.987784255,142.763989489));
#9465=CARTESIAN_POINT('',(-44.26095721,91.987784255,142.758989489));
#9466=CARTESIAN_POINT('',(-44.252806313,92.010566781,142.763989489));
#9467=CARTESIAN_POINT('',(-44.252806313,92.010566781,142.758989489));
#9468=CARTESIAN_POINT('',(-44.241276298,92.031971661,142.763989489));
#9469=CARTESIAN_POINT('',(-44.241276298,92.031971661,142.758989489));
#9470=CARTESIAN_POINT('',(-44.22661412,92.052075457,142.763989489));
#9471=CARTESIAN_POINT('',(-44.22661412,92.052075457,142.758989489));
#9472=CARTESIAN_POINT('',(-44.208755347,92.070779911,142.763989489));
#9473=CARTESIAN_POINT('',(-44.208755347,92.070779911,142.758989489));
#9474=CARTESIAN_POINT('',(-44.187522868,92.087943234,142.763989489));
#9475=CARTESIAN_POINT('',(-44.187522868,92.087943234,142.758989489));
#9476=CARTESIAN_POINT('',(-44.171765611,92.097942577,142.763989489));
#9477=CARTESIAN_POINT('',(-44.171765611,92.097942577,142.758989489));
#9478=CARTESIAN_POINT('',(-44.163646629,92.103094694,142.763989489));
#9479=CARTESIAN_POINT('',(-44.163646629,92.103094694,142.758989489));
#9480=CARTESIAN_POINT('',(-44.163645654,92.103095312,142.763989489));
#9481=CARTESIAN_POINT('',(-44.163645654,92.103095312,142.758989489));
#9482=CARTESIAN_POINT('',(-44.16364468,92.103095931,142.763989489));
#9483=CARTESIAN_POINT('',(-44.16364468,92.103095931,142.758989489));
#9484=CARTESIAN_POINT('',(-44.163643705,92.103096549,142.763989489));
#9485=CARTESIAN_POINT('',(-44.163643705,92.103096549,142.758989489));
#9486=B_SPLINE_SURFACE_WITH_KNOTS('',3,1,((#9458,#9459),(#9460,#9461),(#9462,#9463),(#9464,#9465),(#9466,#9467),(#9468,#9469),(#9470,#9471),(#9472,#9473),(#9474,#9475),(#9476,#9477),(#9478,#9479),(#9480,#9481),(#9482,#9483),(#9484,#9485)),.UNSPECIFIED.,.F.,.F.,.U.,(4,1,1,1,1,1,1,1,3,4),(2,2),(0.,0.124035433,0.242845955,0.360341682,0.479042432,0.59933411,0.725488476,0.858549429,0.999983016,0.999999999),(0.,1.),.UNSPECIFIED.);
#9487=CARTESIAN_POINT('',(-44.26670859,91.938733131,142.758989489));
#9488=VERTEX_POINT('',#9487);
#9489=CARTESIAN_POINT('',(-44.266708634,91.938732694,142.758989489));
#9490=CARTESIAN_POINT('',(-44.266204623,91.955781289,142.758989489));
#9491=CARTESIAN_POINT('',(-44.264760249,91.972749139,142.758989489));
#9492=CARTESIAN_POINT('',(-44.259988635,91.989142815,142.758989489));
#9493=CARTESIAN_POINT('',(-44.255217021,92.005536491,142.758989489));
#9494=CARTESIAN_POINT('',(-44.248057722,92.020785492,142.758989489));
#9495=CARTESIAN_POINT('',(-44.238681071,92.034971476,142.758989489));
#9496=CARTESIAN_POINT('',(-44.229304421,92.049157461,142.758989489));
#9497=CARTESIAN_POINT('',(-44.21787321,92.062047439,142.758989489));
#9498=CARTESIAN_POINT('',(-44.205096034,92.073310043,142.758989489));
#9499=CARTESIAN_POINT('',(-44.192318858,92.084572647,142.758989489));
#9500=CARTESIAN_POINT('',(-44.178028347,92.093968391,142.758989489));
#9501=CARTESIAN_POINT('',(-44.163645167,92.103095621,142.758989489));
#9502=B_SPLINE_CURVE_WITH_KNOTS('',3,(#9489,#9490,#9491,#9492,#9493,#9494,#9495,#9496,#9497,#9498,#9499,#9500,#9501),.UNSPECIFIED.,.F.,.F.,(4,3,3,3,4),(0.,0.000051168,0.000102335,0.000153503,0.00020467),.UNSPECIFIED.);
#9503=EDGE_CURVE('NONE',#9488,#9430,#9502,.T.);
#9504=ORIENTED_EDGE('',*,*,#9503,.F.);
#9505=CARTESIAN_POINT('',(-44.266708608,91.938733569,142.763989489));
#9506=DIRECTION('',(-0.,-0.,-1.));
#9507=VECTOR('',#9506,0.005);
#9508=LINE('',#9505,#9507);
#9509=EDGE_CURVE('NONE',#9225,#9488,#9508,.T.);
#9510=ORIENTED_EDGE('',*,*,#9509,.F.);
#9511=ORIENTED_EDGE('',*,*,#9240,.T.);
#9512=ORIENTED_EDGE('',*,*,#9451,.T.);
#9513=EDGE_LOOP('',(#9504,#9510,#9511,#9512));
#9514=FACE_BOUND('',#9513,.T.);
#9515=ADVANCED_FACE('NONE',(#9514),#9486,.T.);
#9516=CARTESIAN_POINT('',(-43.765206204,91.696245588,142.763989489));
#9517=CARTESIAN_POINT('',(-43.765206204,91.696245588,142.758989489));
#9518=CARTESIAN_POINT('',(-43.788044686,91.69652053,142.763989489));
#9519=CARTESIAN_POINT('',(-43.788044686,91.69652053,142.758989489));
#9520=CARTESIAN_POINT('',(-43.831839167,91.697047751,142.763989489));
#9521=CARTESIAN_POINT('',(-43.831839167,91.697047751,142.758989489));
#9522=CARTESIAN_POINT('',(-43.894816863,91.699801262,142.763989489));
#9523=CARTESIAN_POINT('',(-43.894816863,91.699801262,142.758989489));
#9524=CARTESIAN_POINT('',(-43.952231437,91.705353617,142.763989489));
#9525=CARTESIAN_POINT('',(-43.952231437,91.705353617,142.758989489));
#9526=CARTESIAN_POINT('',(-44.004269904,91.712186649,142.763989489));
#9527=CARTESIAN_POINT('',(-44.004269904,91.712186649,142.758989489));
#9528=CARTESIAN_POINT('',(-44.050768721,91.72175918,142.763989489));
#9529=CARTESIAN_POINT('',(-44.050768721,91.72175918,142.758989489));
#9530=CARTESIAN_POINT('',(-44.091716175,91.733480289,142.763989489));
#9531=CARTESIAN_POINT('',(-44.091716175,91.733480289,142.758989489));
#9532=CARTESIAN_POINT('',(-44.127571761,91.746540528,142.763989489));
#9533=CARTESIAN_POINT('',(-44.127571761,91.746540528,142.758989489));
#9534=CARTESIAN_POINT('',(-44.15772091,91.762907523,142.763989489));
#9535=CARTESIAN_POINT('',(-44.15772091,91.762907523,142.758989489));
#9536=CARTESIAN_POINT('',(-44.183504359,91.780444929,142.763989489));
#9537=CARTESIAN_POINT('',(-44.183504359,91.780444929,142.758989489));
#9538=CARTESIAN_POINT('',(-44.205808393,91.799162971,142.763989489));
#9539=CARTESIAN_POINT('',(-44.205808393,91.799162971,142.758989489));
#9540=CARTESIAN_POINT('',(-44.22438791,91.819388553,142.763989489));
#9541=CARTESIAN_POINT('',(-44.22438791,91.819388553,142.758989489));
#9542=CARTESIAN_POINT('',(-44.240161553,91.840517015,142.763989489));
#9543=CARTESIAN_POINT('',(-44.240161553,91.840517015,142.758989489));
#9544=CARTESIAN_POINT('',(-44.251874405,91.863331917,142.763989489));
#9545=CARTESIAN_POINT('',(-44.251874405,91.863331917,142.758989489));
#9546=CARTESIAN_POINT('',(-44.260413452,91.887365427,142.763989489));
#9547=CARTESIAN_POINT('',(-44.260413452,91.887365427,142.758989489));
#9548=CARTESIAN_POINT('',(-44.26561991,91.912670895,142.763989489));
#9549=CARTESIAN_POINT('',(-44.26561991,91.912670895,142.758989489));
#9550=CARTESIAN_POINT('',(-44.266343611,91.92999579,142.763989489));
#9551=CARTESIAN_POINT('',(-44.266343611,91.92999579,142.758989489));
#9552=CARTESIAN_POINT('',(-44.266708608,91.938733569,142.763989489));
#9553=CARTESIAN_POINT('',(-44.266708608,91.938733569,142.758989489));
#9554=B_SPLINE_SURFACE_WITH_KNOTS('',3,1,((#9516,#9517),(#9518,#9519),(#9520,#9521),(#9522,#9523),(#9524,#9525),(#9526,#9527),(#9528,#9529),(#9530,#9531),(#9532,#9533),(#9534,#9535),(#9536,#9537),(#9538,#9539),(#9540,#9541),(#9542,#9543),(#9544,#9545),(#9546,#9547),(#9548,#9549),(#9550,#9551),(#9552,#9553)),.UNSPECIFIED.,.F.,.F.,.U.,(4,1,1,1,1,1,1,1,1,1,1,1,1,1,1,1,4),(2,2),(0.,0.110752395,0.212375928,0.3055521,0.390379659,0.46677226,0.535487165,0.596823551,0.65136278,0.701340786,0.747857299,0.792192854,0.834256899,0.875313497,0.916021014,0.957645353,1.),(0.,1.),.UNSPECIFIED.);
#9555=CARTESIAN_POINT('',(-43.765206204,91.696245588,142.758989489));
#9556=VERTEX_POINT('',#9555);
#9557=CARTESIAN_POINT('',(-43.765206204,91.696245588,142.758989489));
#9558=CARTESIAN_POINT('',(-43.816794371,91.696866634,142.758989489));
#9559=CARTESIAN_POINT('',(-43.868433002,91.697684511,142.758989489));
#9560=CARTESIAN_POINT('',(-43.919815396,91.702344058,142.758989489));
#9561=CARTESIAN_POINT('',(-43.97119779,91.707003605,142.758989489));
#9562=CARTESIAN_POINT('',(-44.02257518,91.71385368,142.758989489));
#9563=CARTESIAN_POINT('',(-44.072189648,91.728025799,142.758989489));
#9564=CARTESIAN_POINT('',(-44.096996881,91.735111859,142.758989489));
#9565=CARTESIAN_POINT('',(-44.121514232,91.743499473,142.758989489));
#9566=CARTESIAN_POINT('',(-44.144205795,91.755762879,142.758989489));
#9567=CARTESIAN_POINT('',(-44.166897359,91.768026284,142.758989489));
#9568=CARTESIAN_POINT('',(-44.18825156,91.782934864,142.758989489));
#9569=CARTESIAN_POINT('',(-44.206750069,91.800914686,142.758989489));
#9570=CARTESIAN_POINT('',(-44.225248577,91.818894508,142.758989489));
#9571=CARTESIAN_POINT('',(-44.241113069,91.839870848,142.758989489));
#9572=CARTESIAN_POINT('',(-44.251333625,91.863496617,142.758989489));
#9573=CARTESIAN_POINT('',(-44.261554181,91.887122385,142.758989489));
#9574=CARTESIAN_POINT('',(-44.265632508,91.912972474,142.758989489));
#9575=CARTESIAN_POINT('',(-44.266708572,91.938732693,142.758989489));
#9576=B_SPLINE_CURVE_WITH_KNOTS('',3,(#9557,#9558,#9559,#9560,#9561,#9562,#9563,#9564,#9565,#9566,#9567,#9568,#9569,#9570,#9571,#9572,#9573,#9574,#9575),.UNSPECIFIED.,.F.,.F.,(4,3,3,3,3,3,4),(0.,0.000154776,0.000309551,0.000386939,0.000464327,0.000541715,0.000619103),.UNSPECIFIED.);
#9577=EDGE_CURVE('NONE',#9556,#9488,#9576,.T.);
#9578=ORIENTED_EDGE('',*,*,#9577,.F.);
#9579=CARTESIAN_POINT('',(-43.765206204,91.696245588,142.763989489));
#9580=DIRECTION('',(-0.,-0.,-1.));
#9581=VECTOR('',#9580,0.005);
#9582=LINE('',#9579,#9581);
#9583=EDGE_CURVE('NONE',#9243,#9556,#9582,.T.);
#9584=ORIENTED_EDGE('',*,*,#9583,.F.);
#9585=ORIENTED_EDGE('',*,*,#9264,.T.);
#9586=ORIENTED_EDGE('',*,*,#9509,.T.);
#9587=EDGE_LOOP('',(#9578,#9584,#9585,#9586));
#9588=FACE_BOUND('',#9587,.T.);
#9589=ADVANCED_FACE('NONE',(#9588),#9554,.T.);
#9590=CARTESIAN_POINT('',(-43.228247019,91.938734624,142.763989489));
#9591=CARTESIAN_POINT('',(-43.228247019,91.938734624,142.758989489));
#9592=CARTESIAN_POINT('',(-43.228247036,91.938734272,142.763989489));
#9593=CARTESIAN_POINT('',(-43.228247036,91.938734272,142.758989489));
#9594=CARTESIAN_POINT('',(-43.228247053,91.938733921,142.763989489));
#9595=CARTESIAN_POINT('',(-43.228247053,91.938733921,142.758989489));
#9596=CARTESIAN_POINT('',(-43.22824707,91.938733569,142.763989489));
#9597=CARTESIAN_POINT('',(-43.22824707,91.938733569,142.758989489));
#9598=CARTESIAN_POINT('',(-43.228811456,91.926956016,142.763989489));
#9599=CARTESIAN_POINT('',(-43.228811456,91.926956016,142.758989489));
#9600=CARTESIAN_POINT('',(-43.22991795,91.903865757,142.763989489));
#9601=CARTESIAN_POINT('',(-43.22991795,91.903865757,142.758989489));
#9602=CARTESIAN_POINT('',(-43.239100688,91.870390958,142.763989489));
#9603=CARTESIAN_POINT('',(-43.239100688,91.870390958,142.758989489));
#9604=CARTESIAN_POINT('',(-43.253700618,91.839102013,142.763989489));
#9605=CARTESIAN_POINT('',(-43.253700618,91.839102013,142.758989489));
#9606=CARTESIAN_POINT('',(-43.270478508,91.814885643,142.763989489));
#9607=CARTESIAN_POINT('',(-43.270478508,91.814885643,142.758989489));
#9608=CARTESIAN_POINT('',(-43.287194571,91.797045646,142.763989489));
#9609=CARTESIAN_POINT('',(-43.287194571,91.797045646,142.758989489));
#9610=CARTESIAN_POINT('',(-43.30184215,91.784055585,142.763989489));
#9611=CARTESIAN_POINT('',(-43.30184215,91.784055585,142.758989489));
#9612=CARTESIAN_POINT('',(-43.318986835,91.772426397,142.763989489));
#9613=CARTESIAN_POINT('',(-43.318986835,91.772426397,142.758989489));
#9614=CARTESIAN_POINT('',(-43.337878689,91.761218797,142.763989489));
#9615=CARTESIAN_POINT('',(-43.337878689,91.761218797,142.758989489));
#9616=CARTESIAN_POINT('',(-43.359093491,91.751145107,142.763989489));
#9617=CARTESIAN_POINT('',(-43.359093491,91.751145107,142.758989489));
#9618=CARTESIAN_POINT('',(-43.382062445,91.741437684,142.763989489));
#9619=CARTESIAN_POINT('',(-43.382062445,91.741437684,142.758989489));
#9620=CARTESIAN_POINT('',(-43.407361943,91.733142472,142.763989489));
#9621=CARTESIAN_POINT('',(-43.407361943,91.733142472,142.758989489));
#9622=CARTESIAN_POINT('',(-43.434775371,91.725212215,142.763989489));
#9623=CARTESIAN_POINT('',(-43.434775371,91.725212215,142.758989489));
#9624=CARTESIAN_POINT('',(-43.464981331,91.718368164,142.763989489));
#9625=CARTESIAN_POINT('',(-43.464981331,91.718368164,142.758989489));
#9626=CARTESIAN_POINT('',(-43.49826229,91.712335273,142.763989489));
#9627=CARTESIAN_POINT('',(-43.49826229,91.712335273,142.758989489));
#9628=CARTESIAN_POINT('',(-43.534765697,91.707377905,142.763989489));
#9629=CARTESIAN_POINT('',(-43.534765697,91.707377905,142.758989489));
#9630=CARTESIAN_POINT('',(-43.574531848,91.703052886,142.763989489));
#9631=CARTESIAN_POINT('',(-43.574531848,91.703052886,142.758989489));
#9632=CARTESIAN_POINT('',(-43.617551862,91.700342464,142.763989489));
#9633=CARTESIAN_POINT('',(-43.617551862,91.700342464,142.758989489));
#9634=CARTESIAN_POINT('',(-43.663815085,91.697706254,142.763989489));
#9635=CARTESIAN_POINT('',(-43.663815085,91.697706254,142.758989489));
#9636=CARTESIAN_POINT('',(-43.713419996,91.696748617,142.763989489));
#9637=CARTESIAN_POINT('',(-43.713419996,91.696748617,142.758989489));
#9638=CARTESIAN_POINT('',(-43.747578146,91.69641682,142.763989489));
#9639=CARTESIAN_POINT('',(-43.747578146,91.69641682,142.758989489));
#9640=CARTESIAN_POINT('',(-43.765206204,91.696245588,142.763989489));
#9641=CARTESIAN_POINT('',(-43.765206204,91.696245588,142.758989489));
#9642=B_SPLINE_SURFACE_WITH_KNOTS('',3,1,((#9590,#9591),(#9592,#9593),(#9594,#9595),(#9596,#9597),(#9598,#9599),(#9600,#9601),(#9602,#9603),(#9604,#9605),(#9606,#9607),(#9608,#9609),(#9610,#9611),(#9612,#9613),(#9614,#9615),(#9616,#9617),(#9618,#9619),(#9620,#9621),(#9622,#9623),(#9624,#9625),(#9626,#9627),(#9628,#9629),(#9630,#9631),(#9632,#9633),(#9634,#9635),(#9636,#9637),(#9638,#9639),(#9640,#9641)),.UNSPECIFIED.,.F.,.F.,.U.,(4,3,1,1,1,1,1,1,1,1,1,1,1,1,1,1,1,1,1,1,1,4),(2,2),(-0.000001608,0.,0.053831693,0.105538694,0.157632397,0.211299874,0.239518376,0.269404261,0.300688441,0.334181972,0.369857022,0.408082926,0.448239278,0.491625611,0.538665384,0.589919254,0.646387901,0.707239866,0.772955242,0.843648432,0.919311366,1.),(0.,1.),.UNSPECIFIED.);
#9643=CARTESIAN_POINT('',(-43.228247036,91.938734272,142.758989489));
#9644=CARTESIAN_POINT('',(-43.228900361,91.925100746,142.758989489));
#9645=CARTESIAN_POINT('',(-43.229595622,91.911456744,142.758989489));
#9646=CARTESIAN_POINT('',(-43.232238402,91.898089972,142.758989489));
#9647=CARTESIAN_POINT('',(-43.234881182,91.8847232,142.758989489));
#9648=CARTESIAN_POINT('',(-43.239166311,91.87166941,142.758989489));
#9649=CARTESIAN_POINT('',(-43.244669527,91.859145619,142.758989489));
#9650=CARTESIAN_POINT('',(-43.255675959,91.834098037,142.758989489));
#9651=CARTESIAN_POINT('',(-43.271782031,91.811354949,142.758989489));
#9652=CARTESIAN_POINT('',(-43.291949127,91.792971013,142.758989489));
#9653=CARTESIAN_POINT('',(-43.312116223,91.774587077,142.758989489));
#9654=CARTESIAN_POINT('',(-43.336487018,91.761333347,142.758989489));
#9655=CARTESIAN_POINT('',(-43.361454831,91.750285702,142.758989489));
#9656=CARTESIAN_POINT('',(-43.386422645,91.739238057,142.758989489));
#9657=CARTESIAN_POINT('',(-43.412618023,91.730992154,142.758989489));
#9658=CARTESIAN_POINT('',(-43.439150088,91.724406404,142.758989489));
#9659=CARTESIAN_POINT('',(-43.492214217,91.711234904,142.758989489));
#9660=CARTESIAN_POINT('',(-43.546753806,91.704923342,142.758989489));
#9661=CARTESIAN_POINT('',(-43.601309694,91.701391931,142.758989489));
#9662=CARTESIAN_POINT('',(-43.655865582,91.69786052,142.758989489));
#9663=CARTESIAN_POINT('',(-43.710538515,91.696776607,142.758989489));
#9664=CARTESIAN_POINT('',(-43.765206204,91.696245588,142.758989489));
#9665=B_SPLINE_CURVE_WITH_KNOTS('',3,(#9643,#9644,#9645,#9646,#9647,#9648,#9649,#9650,#9651,#9652,#9653,#9654,#9655,#9656,#9657,#9658,#9659,#9660,#9661,#9662,#9663,#9664),.UNSPECIFIED.,.F.,.F.,(4,3,3,3,3,3,3,4),(0.,0.000040947,0.000081895,0.000163789,0.000245684,0.000327579,0.000491368,0.000655157),.UNSPECIFIED.);
#9666=EDGE_CURVE('NONE',#9367,#9556,#9665,.T.);
#9667=ORIENTED_EDGE('',*,*,#9666,.F.);
#9668=ORIENTED_EDGE('',*,*,#9401,.F.);
#9669=ORIENTED_EDGE('',*,*,#9291,.T.);
#9670=ORIENTED_EDGE('',*,*,#9583,.T.);
#9671=EDGE_LOOP('',(#9667,#9668,#9669,#9670));
#9672=FACE_BOUND('',#9671,.T.);
#9673=ADVANCED_FACE('NONE',(#9672),#9642,.T.);
#9674=CARTESIAN_POINT('',(-44.497477839,92.805860973,142.763989489));
#9675=DIRECTION('',(-0.374622733,0.927177334,-0.));
#9676=DIRECTION('',(0.927177334,0.374622733,-0.));
#9677=AXIS2_PLACEMENT_3D('',#9674,#9675,#9676);
#9678=PLANE('',#9677);
#9679=ORIENTED_EDGE('',*,*,#1294,.F.);
#9680=CARTESIAN_POINT('',(-44.497477839,92.805860973,142.763989489));
#9681=VERTEX_POINT('',#9680);
#9682=CARTESIAN_POINT('',(-44.497477839,92.805860973,142.763989489));
#9683=DIRECTION('',(-0.,-0.,-1.));
#9684=VECTOR('',#9683,0.005);
#9685=LINE('',#9682,#9684);
#9686=EDGE_CURVE('NONE',#9681,#1287,#9685,.T.);
#9687=ORIENTED_EDGE('',*,*,#9686,.F.);
#9688=CARTESIAN_POINT('',(-42.997477839,93.411930684,142.763989489));
#9689=VERTEX_POINT('',#9688);
#9690=CARTESIAN_POINT('',(-44.497477839,92.805860972,142.763989489));
#9691=DIRECTION('',(0.927177334,0.374622733,-0.));
#9692=VECTOR('',#9691,1.617813492);
#9693=LINE('',#9690,#9692);
#9694=EDGE_CURVE('NONE',#9681,#9689,#9693,.T.);
#9695=ORIENTED_EDGE('',*,*,#9694,.T.);
#9696=CARTESIAN_POINT('',(-42.997477839,93.411930684,142.763989489));
#9697=DIRECTION('',(-0.,-0.,-1.));
#9698=VECTOR('',#9697,0.005);
#9699=LINE('',#9696,#9698);
#9700=EDGE_CURVE('NONE',#9689,#1289,#9699,.T.);
#9701=ORIENTED_EDGE('',*,*,#9700,.T.);
#9702=EDGE_LOOP('',(#9679,#9687,#9695,#9701));
#9703=FACE_BOUND('',#9702,.T.);
#9704=ADVANCED_FACE('NONE',(#9703),#9678,.T.);
#9705=CARTESIAN_POINT('',(-42.997477839,93.411930684,142.763989489));
#9706=DIRECTION('',(-1.,0.,0.));
#9707=DIRECTION('',(0.,1.,-0.));
#9708=AXIS2_PLACEMENT_3D('',#9705,#9706,#9707);
#9709=PLANE('',#9708);
#9710=ORIENTED_EDGE('',*,*,#1302,.F.);
#9711=ORIENTED_EDGE('',*,*,#9700,.F.);
#9712=CARTESIAN_POINT('',(-42.997477839,93.661630204,142.763989489));
#9713=VERTEX_POINT('',#9712);
#9714=CARTESIAN_POINT('',(-42.997477839,93.411930684,142.763989489));
#9715=DIRECTION('',(0.,1.,-0.));
#9716=VECTOR('',#9715,0.24969952);
#9717=LINE('',#9714,#9716);
#9718=EDGE_CURVE('NONE',#9689,#9713,#9717,.T.);
#9719=ORIENTED_EDGE('',*,*,#9718,.T.);
#9720=CARTESIAN_POINT('',(-42.997477839,93.661630204,142.763989489));
#9721=DIRECTION('',(-0.,-0.,-1.));
#9722=VECTOR('',#9721,0.005);
#9723=LINE('',#9720,#9722);
#9724=EDGE_CURVE('NONE',#9713,#1297,#9723,.T.);
#9725=ORIENTED_EDGE('',*,*,#9724,.T.);
#9726=EDGE_LOOP('',(#9710,#9711,#9719,#9725));
#9727=FACE_BOUND('',#9726,.T.);
#9728=ADVANCED_FACE('NONE',(#9727),#9709,.T.);
#9729=CARTESIAN_POINT('',(-42.99747784,93.661630204,142.763989489));
#9730=DIRECTION('',(-0.374463049,-0.927241837,0.));
#9731=DIRECTION('',(-0.927241837,0.374463049,-0.));
#9732=AXIS2_PLACEMENT_3D('',#9729,#9730,#9731);
#9733=PLANE('',#9732);
#9734=ORIENTED_EDGE('',*,*,#1310,.F.);
#9735=ORIENTED_EDGE('',*,*,#9724,.F.);
#9736=CARTESIAN_POINT('',(-44.49747784,94.267399434,142.763989489));
#9737=VERTEX_POINT('',#9736);
#9738=CARTESIAN_POINT('',(-42.997477839,93.661630204,142.763989489));
#9739=DIRECTION('',(-0.927241837,0.374463049,-0.));
#9740=VECTOR('',#9739,1.617700949);
#9741=LINE('',#9738,#9740);
#9742=EDGE_CURVE('NONE',#9713,#9737,#9741,.T.);
#9743=ORIENTED_EDGE('',*,*,#9742,.T.);
#9744=CARTESIAN_POINT('',(-44.49747784,94.267399434,142.763989489));
#9745=DIRECTION('',(-0.,-0.,-1.));
#9746=VECTOR('',#9745,0.005);
#9747=LINE('',#9744,#9746);
#9748=EDGE_CURVE('NONE',#9737,#1305,#9747,.T.);
#9749=ORIENTED_EDGE('',*,*,#9748,.T.);
#9750=EDGE_LOOP('',(#9734,#9735,#9743,#9749));
#9751=FACE_BOUND('',#9750,.T.);
#9752=ADVANCED_FACE('NONE',(#9751),#9733,.T.);
#9753=CARTESIAN_POINT('',(-44.49747784,94.267399434,142.763989489));
#9754=DIRECTION('',(1.,-0.,-0.));
#9755=DIRECTION('',(-0.,-1.,0.));
#9756=AXIS2_PLACEMENT_3D('',#9753,#9754,#9755);
#9757=PLANE('',#9756);
#9758=ORIENTED_EDGE('',*,*,#1318,.F.);
#9759=ORIENTED_EDGE('',*,*,#9748,.F.);
#9760=CARTESIAN_POINT('',(-44.49747784,93.979839338,142.763989489));
#9761=VERTEX_POINT('',#9760);
#9762=CARTESIAN_POINT('',(-44.49747784,94.267399434,142.763989489));
#9763=DIRECTION('',(-0.,-1.,0.));
#9764=VECTOR('',#9763,0.287560096);
#9765=LINE('',#9762,#9764);
#9766=EDGE_CURVE('NONE',#9737,#9761,#9765,.T.);
#9767=ORIENTED_EDGE('',*,*,#9766,.T.);
#9768=CARTESIAN_POINT('',(-44.49747784,93.979839338,142.763989489));
#9769=DIRECTION('',(-0.,-0.,-1.));
#9770=VECTOR('',#9769,0.005);
#9771=LINE('',#9768,#9770);
#9772=EDGE_CURVE('NONE',#9761,#1313,#9771,.T.);
#9773=ORIENTED_EDGE('',*,*,#9772,.T.);
#9774=EDGE_LOOP('',(#9758,#9759,#9767,#9773));
#9775=FACE_BOUND('',#9774,.T.);
#9776=ADVANCED_FACE('NONE',(#9775),#9757,.T.);
#9777=CARTESIAN_POINT('',(-44.49747784,93.979839338,142.763989489));
#9778=DIRECTION('',(0.354323863,0.935122773,-0.));
#9779=DIRECTION('',(0.935122773,-0.354323863,0.));
#9780=AXIS2_PLACEMENT_3D('',#9777,#9778,#9779);
#9781=PLANE('',#9780);
#9782=ORIENTED_EDGE('',*,*,#1326,.F.);
#9783=ORIENTED_EDGE('',*,*,#9772,.F.);
#9784=CARTESIAN_POINT('',(-44.189785532,93.863252799,142.763989489));
#9785=VERTEX_POINT('',#9784);
#9786=CARTESIAN_POINT('',(-44.49747784,93.979839338,142.763989489));
#9787=DIRECTION('',(0.935122773,-0.354323863,0.));
#9788=VECTOR('',#9787,0.329039476);
#9789=LINE('',#9786,#9788);
#9790=EDGE_CURVE('NONE',#9761,#9785,#9789,.T.);
#9791=ORIENTED_EDGE('',*,*,#9790,.T.);
#9792=CARTESIAN_POINT('',(-44.189785532,93.863252799,142.763989489));
#9793=DIRECTION('',(-0.,-0.,-1.));
#9794=VECTOR('',#9793,0.005);
#9795=LINE('',#9792,#9794);
#9796=EDGE_CURVE('NONE',#9785,#1321,#9795,.T.);
#9797=ORIENTED_EDGE('',*,*,#9796,.T.);
#9798=EDGE_LOOP('',(#9782,#9783,#9791,#9797));
#9799=FACE_BOUND('',#9798,.T.);
#9800=ADVANCED_FACE('NONE',(#9799),#9781,.T.);
#9801=CARTESIAN_POINT('',(-44.189785532,93.8632528,142.763989489));
#9802=DIRECTION('',(1.,-0.,-0.));
#9803=DIRECTION('',(-0.,-1.,0.));
#9804=AXIS2_PLACEMENT_3D('',#9801,#9802,#9803);
#9805=PLANE('',#9804);
#9806=ORIENTED_EDGE('',*,*,#1334,.F.);
#9807=ORIENTED_EDGE('',*,*,#9796,.F.);
#9808=CARTESIAN_POINT('',(-44.189785532,93.209707126,142.763989489));
#9809=VERTEX_POINT('',#9808);
#9810=CARTESIAN_POINT('',(-44.189785532,93.863252799,142.763989489));
#9811=DIRECTION('',(-0.,-1.,0.));
#9812=VECTOR('',#9811,0.653545673);
#9813=LINE('',#9810,#9812);
#9814=EDGE_CURVE('NONE',#9785,#9809,#9813,.T.);
#9815=ORIENTED_EDGE('',*,*,#9814,.T.);
#9816=CARTESIAN_POINT('',(-44.189785532,93.209707126,142.763989489));
#9817=DIRECTION('',(-0.,-0.,-1.));
#9818=VECTOR('',#9817,0.005);
#9819=LINE('',#9816,#9818);
#9820=EDGE_CURVE('NONE',#9809,#1329,#9819,.T.);
#9821=ORIENTED_EDGE('',*,*,#9820,.T.);
#9822=EDGE_LOOP('',(#9806,#9807,#9815,#9821));
#9823=FACE_BOUND('',#9822,.T.);
#9824=ADVANCED_FACE('NONE',(#9823),#9805,.T.);
#9825=CARTESIAN_POINT('',(-44.189785531,93.209707126,142.763989489));
#9826=DIRECTION('',(0.354323863,-0.935122773,0.));
#9827=DIRECTION('',(-0.935122773,-0.354323863,0.));
#9828=AXIS2_PLACEMENT_3D('',#9825,#9826,#9827);
#9829=PLANE('',#9828);
#9830=ORIENTED_EDGE('',*,*,#1342,.F.);
#9831=ORIENTED_EDGE('',*,*,#9820,.F.);
#9832=CARTESIAN_POINT('',(-44.497477839,93.093120588,142.763989489));
#9833=VERTEX_POINT('',#9832);
#9834=CARTESIAN_POINT('',(-44.189785532,93.209707126,142.763989489));
#9835=DIRECTION('',(-0.935122773,-0.354323863,0.));
#9836=VECTOR('',#9835,0.329039476);
#9837=LINE('',#9834,#9836);
#9838=EDGE_CURVE('NONE',#9809,#9833,#9837,.T.);
#9839=ORIENTED_EDGE('',*,*,#9838,.T.);
#9840=CARTESIAN_POINT('',(-44.497477839,93.093120588,142.763989489));
#9841=DIRECTION('',(-0.,-0.,-1.));
#9842=VECTOR('',#9841,0.005);
#9843=LINE('',#9840,#9842);
#9844=EDGE_CURVE('NONE',#9833,#1337,#9843,.T.);
#9845=ORIENTED_EDGE('',*,*,#9844,.T.);
#9846=EDGE_LOOP('',(#9830,#9831,#9839,#9845));
#9847=FACE_BOUND('',#9846,.T.);
#9848=ADVANCED_FACE('NONE',(#9847),#9829,.T.);
#9849=CARTESIAN_POINT('',(-44.497477839,93.093120588,142.763989489));
#9850=DIRECTION('',(1.,-0.,-0.));
#9851=DIRECTION('',(-0.,-1.,0.));
#9852=AXIS2_PLACEMENT_3D('',#9849,#9850,#9851);
#9853=PLANE('',#9852);
#9854=ORIENTED_EDGE('',*,*,#1348,.F.);
#9855=ORIENTED_EDGE('',*,*,#9844,.F.);
#9856=CARTESIAN_POINT('',(-44.497477839,93.093120588,142.763989489));
#9857=DIRECTION('',(-0.,-1.,0.));
#9858=VECTOR('',#9857,0.287259615);
#9859=LINE('',#9856,#9858);
#9860=EDGE_CURVE('NONE',#9833,#9681,#9859,.T.);
#9861=ORIENTED_EDGE('',*,*,#9860,.T.);
#9862=ORIENTED_EDGE('',*,*,#9686,.T.);
#9863=EDGE_LOOP('',(#9854,#9855,#9861,#9862));
#9864=FACE_BOUND('',#9863,.T.);
#9865=ADVANCED_FACE('NONE',(#9864),#9853,.T.);
#9866=CARTESIAN_POINT('',(-45.997477841,95.997758508,142.763989489));
#9867=DIRECTION('',(0.,0.,1.));
#9868=DIRECTION('',(-1.,0.,0.));
#9869=AXIS2_PLACEMENT_3D('',#9866,#9867,#9868);
#9870=PLANE('',#9869);
#9871=CARTESIAN_POINT('',(-43.920554763,93.761389819,142.763989489));
#9872=VERTEX_POINT('',#9871);
#9873=CARTESIAN_POINT('',(-43.39982159,93.536630204,142.763989489));
#9874=VERTEX_POINT('',#9873);
#9875=CARTESIAN_POINT('',(-43.920554763,93.761389819,142.763989489));
#9876=DIRECTION('',(0.918128075,-0.396283785,0.));
#9877=VECTOR('',#9876,0.567168337);
#9878=LINE('',#9875,#9877);
#9879=EDGE_CURVE('NONE',#9872,#9874,#9878,.T.);
#9880=ORIENTED_EDGE('',*,*,#9879,.F.);
#9881=CARTESIAN_POINT('',(-43.920554763,93.311870589,142.763989489));
#9882=VERTEX_POINT('',#9881);
#9883=CARTESIAN_POINT('',(-43.920554763,93.311870589,142.763989489));
#9884=DIRECTION('',(0.,1.,-0.));
#9885=VECTOR('',#9884,0.449519231);
#9886=LINE('',#9883,#9885);
#9887=EDGE_CURVE('NONE',#9882,#9872,#9886,.T.);
#9888=ORIENTED_EDGE('',*,*,#9887,.F.);
#9889=CARTESIAN_POINT('',(-43.39982159,93.536630204,142.763989489));
#9890=DIRECTION('',(-0.918128074,-0.396283786,0.));
#9891=VECTOR('',#9890,0.567168337);
#9892=LINE('',#9889,#9891);
#9893=EDGE_CURVE('NONE',#9874,#9882,#9892,.T.);
#9894=ORIENTED_EDGE('',*,*,#9893,.F.);
#9895=EDGE_LOOP('',(#9880,#9888,#9894));
#9896=FACE_BOUND('',#9895,.T.);
#9897=ORIENTED_EDGE('',*,*,#9694,.F.);
#9898=ORIENTED_EDGE('',*,*,#9860,.F.);
#9899=ORIENTED_EDGE('',*,*,#9838,.F.);
#9900=ORIENTED_EDGE('',*,*,#9814,.F.);
#9901=ORIENTED_EDGE('',*,*,#9790,.F.);
#9902=ORIENTED_EDGE('',*,*,#9766,.F.);
#9903=ORIENTED_EDGE('',*,*,#9742,.F.);
#9904=ORIENTED_EDGE('',*,*,#9718,.F.);
#9905=EDGE_LOOP('',(#9897,#9898,#9899,#9900,#9901,#9902,#9903,#9904));
#9906=FACE_BOUND('',#9905,.T.);
#9907=ADVANCED_FACE('NONE',(#9896,#9906),#9870,.F.);
#9908=CARTESIAN_POINT('',(-43.920554763,93.761389819,142.763989489));
#9909=DIRECTION('',(0.396283785,0.918128075,-0.));
#9910=DIRECTION('',(0.918128075,-0.396283785,0.));
#9911=AXIS2_PLACEMENT_3D('',#9908,#9909,#9910);
#9912=PLANE('',#9911);
#9913=CARTESIAN_POINT('',(-43.920554763,93.761389819,142.758989489));
#9914=VERTEX_POINT('',#9913);
#9915=CARTESIAN_POINT('',(-43.39982159,93.536630204,142.758989489));
#9916=VERTEX_POINT('',#9915);
#9917=CARTESIAN_POINT('',(-43.920554763,93.761389819,142.758989489));
#9918=DIRECTION('',(0.918128075,-0.396283785,0.));
#9919=VECTOR('',#9918,0.567168337);
#9920=LINE('',#9917,#9919);
#9921=EDGE_CURVE('NONE',#9914,#9916,#9920,.T.);
#9922=ORIENTED_EDGE('',*,*,#9921,.F.);
#9923=CARTESIAN_POINT('',(-43.920554763,93.761389819,142.763989489));
#9924=DIRECTION('',(-0.,-0.,-1.));
#9925=VECTOR('',#9924,0.005);
#9926=LINE('',#9923,#9925);
#9927=EDGE_CURVE('NONE',#9872,#9914,#9926,.T.);
#9928=ORIENTED_EDGE('',*,*,#9927,.F.);
#9929=ORIENTED_EDGE('',*,*,#9879,.T.);
#9930=CARTESIAN_POINT('',(-43.39982159,93.536630204,142.763989489));
#9931=DIRECTION('',(-0.,-0.,-1.));
#9932=VECTOR('',#9931,0.005);
#9933=LINE('',#9930,#9932);
#9934=EDGE_CURVE('NONE',#9874,#9916,#9933,.T.);
#9935=ORIENTED_EDGE('',*,*,#9934,.T.);
#9936=EDGE_LOOP('',(#9922,#9928,#9929,#9935));
#9937=FACE_BOUND('',#9936,.T.);
#9938=ADVANCED_FACE('NONE',(#9937),#9912,.T.);
#9939=CARTESIAN_POINT('',(-43.920554763,93.311870588,142.763989489));
#9940=DIRECTION('',(-1.,0.,0.));
#9941=DIRECTION('',(0.,1.,-0.));
#9942=AXIS2_PLACEMENT_3D('',#9939,#9940,#9941);
#9943=PLANE('',#9942);
#9944=CARTESIAN_POINT('',(-43.920554763,93.311870589,142.758989489));
#9945=VERTEX_POINT('',#9944);
#9946=CARTESIAN_POINT('',(-43.920554763,93.311870589,142.758989489));
#9947=DIRECTION('',(0.,1.,-0.));
#9948=VECTOR('',#9947,0.449519231);
#9949=LINE('',#9946,#9948);
#9950=EDGE_CURVE('NONE',#9945,#9914,#9949,.T.);
#9951=ORIENTED_EDGE('',*,*,#9950,.F.);
#9952=CARTESIAN_POINT('',(-43.920554763,93.311870589,142.763989489));
#9953=DIRECTION('',(-0.,-0.,-1.));
#9954=VECTOR('',#9953,0.005);
#9955=LINE('',#9952,#9954);
#9956=EDGE_CURVE('NONE',#9882,#9945,#9955,.T.);
#9957=ORIENTED_EDGE('',*,*,#9956,.F.);
#9958=ORIENTED_EDGE('',*,*,#9887,.T.);
#9959=ORIENTED_EDGE('',*,*,#9927,.T.);
#9960=EDGE_LOOP('',(#9951,#9957,#9958,#9959));
#9961=FACE_BOUND('',#9960,.T.);
#9962=ADVANCED_FACE('NONE',(#9961),#9943,.T.);
#9963=CARTESIAN_POINT('',(-43.39982159,93.536630204,142.763989489));
#9964=DIRECTION('',(0.396283786,-0.918128074,0.));
#9965=DIRECTION('',(-0.918128074,-0.396283786,0.));
#9966=AXIS2_PLACEMENT_3D('',#9963,#9964,#9965);
#9967=PLANE('',#9966);
#9968=CARTESIAN_POINT('',(-43.39982159,93.536630204,142.758989489));
#9969=DIRECTION('',(-0.918128074,-0.396283786,0.));
#9970=VECTOR('',#9969,0.567168337);
#9971=LINE('',#9968,#9970);
#9972=EDGE_CURVE('NONE',#9916,#9945,#9971,.T.);
#9973=ORIENTED_EDGE('',*,*,#9972,.F.);
#9974=ORIENTED_EDGE('',*,*,#9934,.F.);
#9975=ORIENTED_EDGE('',*,*,#9893,.T.);
#9976=ORIENTED_EDGE('',*,*,#9956,.T.);
#9977=EDGE_LOOP('',(#9973,#9974,#9975,#9976));
#9978=FACE_BOUND('',#9977,.T.);
#9979=ADVANCED_FACE('NONE',(#9978),#9967,.T.);
#9980=CARTESIAN_POINT('',(-43.228247084,95.123108199,142.763989489));
#9981=CARTESIAN_POINT('',(-43.228247084,95.123108199,142.758989489));
#9982=CARTESIAN_POINT('',(-43.228499003,95.115985723,142.763989489));
#9983=CARTESIAN_POINT('',(-43.228499003,95.115985723,142.758989489));
#9984=CARTESIAN_POINT('',(-43.228994964,95.101963869,142.763989489));
#9985=CARTESIAN_POINT('',(-43.228994964,95.101963869,142.758989489));
#9986=CARTESIAN_POINT('',(-43.232296352,95.081352777,142.763989489));
#9987=CARTESIAN_POINT('',(-43.232296352,95.081352777,142.758989489));
#9988=CARTESIAN_POINT('',(-43.238114739,95.061739727,142.763989489));
#9989=CARTESIAN_POINT('',(-43.238114739,95.061739727,142.758989489));
#9990=CARTESIAN_POINT('',(-43.245910558,95.042906535,142.763989489));
#9991=CARTESIAN_POINT('',(-43.245910558,95.042906535,142.758989489));
#9992=CARTESIAN_POINT('',(-43.256243973,95.025054195,142.763989489));
#9993=CARTESIAN_POINT('',(-43.256243973,95.025054195,142.758989489));
#9994=CARTESIAN_POINT('',(-43.268981553,95.008227736,142.763989489));
#9995=CARTESIAN_POINT('',(-43.268981553,95.008227736,142.758989489));
#9996=CARTESIAN_POINT('',(-43.283799606,94.99224987,142.763989489));
#9997=CARTESIAN_POINT('',(-43.283799606,94.99224987,142.758989489));
#9998=CARTESIAN_POINT('',(-43.300651801,94.977193877,142.763989489));
#9999=CARTESIAN_POINT('',(-43.300651801,94.977193877,142.758989489));
#10000=CARTESIAN_POINT('',(-43.319458854,94.963490959,142.763989489));
#10001=CARTESIAN_POINT('',(-43.319458854,94.963490959,142.758989489));
#10002=CARTESIAN_POINT('',(-43.340049003,94.951320077,142.763989489));
#10003=CARTESIAN_POINT('',(-43.340049003,94.951320077,142.758989489));
#10004=CARTESIAN_POINT('',(-43.362409467,94.941256783,142.763989489));
#10005=CARTESIAN_POINT('',(-43.362409467,94.941256783,142.758989489));
#10006=CARTESIAN_POINT('',(-43.386245053,94.932396694,142.763989489));
#10007=CARTESIAN_POINT('',(-43.386245053,94.932396694,142.758989489));
#10008=CARTESIAN_POINT('',(-43.411811775,94.92556337,142.763989489));
#10009=CARTESIAN_POINT('',(-43.411811775,94.92556337,142.758989489));
#10010=CARTESIAN_POINT('',(-43.438956619,94.920587861,142.763989489));
#10011=CARTESIAN_POINT('',(-43.438956619,94.920587861,142.758989489));
#10012=CARTESIAN_POINT('',(-43.467635424,94.916805314,142.763989489));
#10013=CARTESIAN_POINT('',(-43.467635424,94.916805314,142.758989489));
#10014=CARTESIAN_POINT('',(-43.487349406,94.915927401,142.763989489));
#10015=CARTESIAN_POINT('',(-43.487349406,94.915927401,142.758989489));
#10016=CARTESIAN_POINT('',(-43.497477841,94.915476358,142.763989489));
#10017=CARTESIAN_POINT('',(-43.497477841,94.915476358,142.758989489));
#10018=B_SPLINE_SURFACE_WITH_KNOTS('',3,1,((#9980,#9981),(#9982,#9983),(#9984,#9985),(#9986,#9987),(#9988,#9989),(#9990,#9991),(#9992,#9993),(#9994,#9995),(#9996,#9997),(#9998,#9999),(#10000,#10001),(#10002,#10003),(#10004,#10005),(#10006,#10007),(#10008,#10009),(#10010,#10011),(#10012,#10013),(#10014,#10015),(#10016,#10017)),.UNSPECIFIED.,.F.,.F.,.U.,(4,1,1,1,1,1,1,1,1,1,1,1,1,1,1,1,4),(2,2),(0.000000979,0.056466868,0.111164099,0.164937097,0.218321752,0.272392923,0.327976343,0.385291052,0.444902918,0.506843819,0.569488185,0.634153216,0.700976095,0.770897497,0.843625611,0.919659676,1.),(0.,1.),.UNSPECIFIED.);
#10019=ORIENTED_EDGE('',*,*,#1865,.F.);
#10020=CARTESIAN_POINT('',(-43.228247066,95.12310783,142.763989489));
#10021=VERTEX_POINT('',#10020);
#10022=CARTESIAN_POINT('',(-43.228247071,95.123108569,142.763989489));
#10023=DIRECTION('',(-0.,-0.,-1.));
#10024=VECTOR('',#10023,0.005);
#10025=LINE('',#10022,#10024);
#10026=EDGE_CURVE('NONE',#10021,#1845,#10025,.T.);
#10027=ORIENTED_EDGE('',*,*,#10026,.F.);
#10028=CARTESIAN_POINT('',(-43.497477841,94.915476358,142.763989489));
#10029=VERTEX_POINT('',#10028);
#10030=CARTESIAN_POINT('',(-43.228247097,95.123107829,142.763989489));
#10031=CARTESIAN_POINT('',(-43.228805937,95.107307799,142.763989489));
#10032=CARTESIAN_POINT('',(-43.229989121,95.091565004,142.763989489));
#10033=CARTESIAN_POINT('',(-43.233996568,95.076272793,142.763989489));
#10034=CARTESIAN_POINT('',(-43.238004015,95.060980582,142.763989489));
#10035=CARTESIAN_POINT('',(-43.24397313,95.046168751,142.763989489));
#10036=CARTESIAN_POINT('',(-43.252040684,95.032548545,142.763989489));
#10037=CARTESIAN_POINT('',(-43.268175793,95.005308133,142.763989489));
#10038=CARTESIAN_POINT('',(-43.291562361,94.982699352,142.763989489));
#10039=CARTESIAN_POINT('',(-43.317497692,94.965248197,142.763989489));
#10040=CARTESIAN_POINT('',(-43.343433023,94.947797041,142.763989489));
#10041=CARTESIAN_POINT('',(-43.373092282,94.935570789,142.763989489));
#10042=CARTESIAN_POINT('',(-43.403722779,94.927858357,142.763989489));
#10043=CARTESIAN_POINT('',(-43.434353276,94.920145926,142.763989489));
#10044=CARTESIAN_POINT('',(-43.465928522,94.916881325,142.763989489));
#10045=CARTESIAN_POINT('',(-43.497477835,94.915476358,142.763989489));
#10046=B_SPLINE_CURVE_WITH_KNOTS('',3,(#10030,#10031,#10032,#10033,#10034,#10035,#10036,#10037,#10038,#10039,#10040,#10041,#10042,#10043,#10044,#10045),.UNSPECIFIED.,.F.,.F.,(4,3,3,3,3,4),(0.,0.000047429,0.000094858,0.000189717,0.000284575,0.000379434),.UNSPECIFIED.);
#10047=EDGE_CURVE('NONE',#10021,#10029,#10046,.T.);
#10048=ORIENTED_EDGE('',*,*,#10047,.T.);
#10049=CARTESIAN_POINT('',(-43.497477841,94.915476358,142.763989489));
#10050=DIRECTION('',(-0.,-0.,-1.));
#10051=VECTOR('',#10050,0.005);
#10052=LINE('',#10049,#10051);
#10053=EDGE_CURVE('NONE',#10029,#1847,#10052,.T.);
#10054=ORIENTED_EDGE('',*,*,#10053,.T.);
#10055=EDGE_LOOP('',(#10019,#10027,#10048,#10054));
#10056=FACE_BOUND('',#10055,.T.);
#10057=ADVANCED_FACE('NONE',(#10056),#10018,.T.);
#10058=CARTESIAN_POINT('',(-43.497477841,94.915476358,142.763989489));
#10059=DIRECTION('',(1.,-0.,-0.));
#10060=DIRECTION('',(-0.,-1.,0.));
#10061=AXIS2_PLACEMENT_3D('',#10058,#10059,#10060);
#10062=PLANE('',#10061);
#10063=ORIENTED_EDGE('',*,*,#1873,.F.);
#10064=ORIENTED_EDGE('',*,*,#10053,.F.);
#10065=CARTESIAN_POINT('',(-43.497477841,94.646245589,142.763989489));
#10066=VERTEX_POINT('',#10065);
#10067=CARTESIAN_POINT('',(-43.497477841,94.915476358,142.763989489));
#10068=DIRECTION('',(-0.,-1.,0.));
#10069=VECTOR('',#10068,0.269230769);
#10070=LINE('',#10067,#10069);
#10071=EDGE_CURVE('NONE',#10029,#10066,#10070,.T.);
#10072=ORIENTED_EDGE('',*,*,#10071,.T.);
#10073=CARTESIAN_POINT('',(-43.497477841,94.646245589,142.763989489));
#10074=DIRECTION('',(-0.,-0.,-1.));
#10075=VECTOR('',#10074,0.005);
#10076=LINE('',#10073,#10075);
#10077=EDGE_CURVE('NONE',#10066,#1868,#10076,.T.);
#10078=ORIENTED_EDGE('',*,*,#10077,.T.);
#10079=EDGE_LOOP('',(#10063,#10064,#10072,#10078));
#10080=FACE_BOUND('',#10079,.T.);
#10081=ADVANCED_FACE('NONE',(#10080),#10062,.T.);
#10082=CARTESIAN_POINT('',(-43.49747784,94.646245589,142.763989489));
#10083=CARTESIAN_POINT('',(-43.49747784,94.646245589,142.758989489));
#10084=CARTESIAN_POINT('',(-43.477111743,94.647407898,142.763989489));
#10085=CARTESIAN_POINT('',(-43.477111743,94.647407898,142.758989489));
#10086=CARTESIAN_POINT('',(-43.437317614,94.649678982,142.763989489));
#10087=CARTESIAN_POINT('',(-43.437317614,94.649678982,142.758989489));
#10088=CARTESIAN_POINT('',(-43.37951894,94.658722688,142.763989489));
#10089=CARTESIAN_POINT('',(-43.37951894,94.658722688,142.758989489));
#10090=CARTESIAN_POINT('',(-43.324892186,94.670809805,142.763989489));
#10091=CARTESIAN_POINT('',(-43.324892186,94.670809805,142.758989489));
#10092=CARTESIAN_POINT('',(-43.273601582,94.687079363,142.763989489));
#10093=CARTESIAN_POINT('',(-43.273601582,94.687079363,142.758989489));
#10094=CARTESIAN_POINT('',(-43.225625578,94.707118974,142.763989489));
#10095=CARTESIAN_POINT('',(-43.225625578,94.707118974,142.758989489));
#10096=CARTESIAN_POINT('',(-43.181123092,94.731427401,142.763989489));
#10097=CARTESIAN_POINT('',(-43.181123092,94.731427401,142.758989489));
#10098=CARTESIAN_POINT('',(-43.139775243,94.75927888,142.763989489));
#10099=CARTESIAN_POINT('',(-43.139775243,94.75927888,142.758989489));
#10100=CARTESIAN_POINT('',(-43.102307191,94.791234809,142.763989489));
#10101=CARTESIAN_POINT('',(-43.102307191,94.791234809,142.758989489));
#10102=CARTESIAN_POINT('',(-43.068622273,94.825998254,142.763989489));
#10103=CARTESIAN_POINT('',(-43.068622273,94.825998254,142.758989489));
#10104=CARTESIAN_POINT('',(-43.039174033,94.863480092,142.763989489));
#10105=CARTESIAN_POINT('',(-43.039174033,94.863480092,142.758989489));
#10106=CARTESIAN_POINT('',(-43.014522005,94.903573851,142.763989489));
#10107=CARTESIAN_POINT('',(-43.014522005,94.903573851,142.758989489));
#10108=CARTESIAN_POINT('',(-42.994299833,94.946011433,142.763989489));
#10109=CARTESIAN_POINT('',(-42.994299833,94.946011433,142.758989489));
#10110=CARTESIAN_POINT('',(-42.978119492,94.990626148,142.763989489));
#10111=CARTESIAN_POINT('',(-42.978119492,94.990626148,142.758989489));
#10112=CARTESIAN_POINT('',(-42.967307319,95.037868765,142.763989489));
#10113=CARTESIAN_POINT('',(-42.967307319,95.037868765,142.758989489));
#10114=CARTESIAN_POINT('',(-42.959983626,95.08732243,142.763989489));
#10115=CARTESIAN_POINT('',(-42.959983626,95.08732243,142.758989489));
#10116=CARTESIAN_POINT('',(-42.959342878,95.121177768,142.763989489));
#10117=CARTESIAN_POINT('',(-42.959342878,95.121177768,142.758989489));
#10118=CARTESIAN_POINT('',(-42.959016301,95.138433089,142.763989489));
#10119=CARTESIAN_POINT('',(-42.959016301,95.138433089,142.758989489));
#10120=B_SPLINE_SURFACE_WITH_KNOTS('',3,1,((#10082,#10083),(#10084,#10085),(#10086,#10087),(#10088,#10089),(#10090,#10091),(#10092,#10093),(#10094,#10095),(#10096,#10097),(#10098,#10099),(#10100,#10101),(#10102,#10103),(#10104,#10105),(#10106,#10107),(#10108,#10109),(#10110,#10111),(#10112,#10113),(#10114,#10115),(#10116,#10117),(#10118,#10119)),.UNSPECIFIED.,.F.,.F.,.U.,(4,1,1,1,1,1,1,1,1,1,1,1,1,1,1,1,4),(2,2),(0.,0.074933003,0.146414589,0.214733178,0.280395691,0.343911834,0.405520742,0.466476199,0.526809321,0.586167611,0.644122379,0.701640578,0.758775823,0.81664635,0.875666936,0.936630174,1.),(0.,1.),.UNSPECIFIED.);
#10121=ORIENTED_EDGE('',*,*,#1894,.F.);
#10122=ORIENTED_EDGE('',*,*,#10077,.F.);
#10123=CARTESIAN_POINT('',(-42.959016301,95.138433078,142.763989489));
#10124=VERTEX_POINT('',#10123);
#10125=CARTESIAN_POINT('',(-43.49747784,94.646245589,142.763989489));
#10126=CARTESIAN_POINT('',(-43.429491057,94.650125648,142.763989489));
#10127=CARTESIAN_POINT('',(-43.361514126,94.659136489,142.763989489));
#10128=CARTESIAN_POINT('',(-43.29668893,94.67996848,142.763989489));
#10129=CARTESIAN_POINT('',(-43.231863735,94.700800471,142.763989489));
#10130=CARTESIAN_POINT('',(-43.171332982,94.732468426,142.763989489));
#10131=CARTESIAN_POINT('',(-43.11953625,94.776821399,142.763989489));
#10132=CARTESIAN_POINT('',(-43.067739518,94.821174373,142.763989489));
#10133=CARTESIAN_POINT('',(-43.025361884,94.876725239,142.763989489));
#10134=CARTESIAN_POINT('',(-42.998045976,94.939181711,142.763989489));
#10135=CARTESIAN_POINT('',(-42.984388021,94.970409947,142.763989489));
#10136=CARTESIAN_POINT('',(-42.97452951,95.003279644,142.763989489));
#10137=CARTESIAN_POINT('',(-42.9681721,95.036725318,142.763989489));
#10138=CARTESIAN_POINT('',(-42.961814689,95.070170991,142.763989489));
#10139=CARTESIAN_POINT('',(-42.959661728,95.104330661,142.763989489));
#10140=CARTESIAN_POINT('',(-42.959016302,95.138433081,142.763989489));
#10141=B_SPLINE_CURVE_WITH_KNOTS('',3,(#10125,#10126,#10127,#10128,#10129,#10130,#10131,#10132,#10133,#10134,#10135,#10136,#10137,#10138,#10139,#10140),.UNSPECIFIED.,.F.,.F.,(4,3,3,3,3,4),(0.,0.000204292,0.000408584,0.000612877,0.000715023,0.000817169),.UNSPECIFIED.);
#10142=EDGE_CURVE('NONE',#10066,#10124,#10141,.T.);
#10143=ORIENTED_EDGE('',*,*,#10142,.T.);
#10144=CARTESIAN_POINT('',(-42.959016302,95.138433074,142.763989489));
#10145=DIRECTION('',(-0.,-0.,-1.));
#10146=VECTOR('',#10145,0.005);
#10147=LINE('',#10144,#10146);
#10148=EDGE_CURVE('NONE',#10124,#1876,#10147,.T.);
#10149=ORIENTED_EDGE('',*,*,#10148,.T.);
#10150=EDGE_LOOP('',(#10121,#10122,#10143,#10149));
#10151=FACE_BOUND('',#10150,.T.);
#10152=ADVANCED_FACE('NONE',(#10151),#10120,.T.);
#10153=CARTESIAN_POINT('',(-42.959016301,95.138433074,142.763989489));
#10154=CARTESIAN_POINT('',(-42.959016301,95.138433074,142.758989489));
#10155=CARTESIAN_POINT('',(-42.959016301,95.138433079,142.763989489));
#10156=CARTESIAN_POINT('',(-42.959016301,95.138433079,142.758989489));
#10157=CARTESIAN_POINT('',(-42.959016301,95.138433084,142.763989489));
#10158=CARTESIAN_POINT('',(-42.959016301,95.138433084,142.758989489));
#10159=CARTESIAN_POINT('',(-42.959016301,95.138433089,142.763989489));
#10160=CARTESIAN_POINT('',(-42.959016301,95.138433089,142.758989489));
#10161=CARTESIAN_POINT('',(-42.95963385,95.159622794,142.763989489));
#10162=CARTESIAN_POINT('',(-42.95963385,95.159622794,142.758989489));
#10163=CARTESIAN_POINT('',(-42.960839979,95.201008243,142.763989489));
#10164=CARTESIAN_POINT('',(-42.960839979,95.201008243,142.758989489));
#10165=CARTESIAN_POINT('',(-42.97245277,95.260952538,142.763989489));
#10166=CARTESIAN_POINT('',(-42.97245277,95.260952538,142.758989489));
#10167=CARTESIAN_POINT('',(-42.990341025,95.31729293,142.763989489));
#10168=CARTESIAN_POINT('',(-42.990341025,95.31729293,142.758989489));
#10169=CARTESIAN_POINT('',(-43.016069439,95.369472665,142.763989489));
#10170=CARTESIAN_POINT('',(-43.016069439,95.369472665,142.758989489));
#10171=CARTESIAN_POINT('',(-43.048661175,95.417218261,142.763989489));
#10172=CARTESIAN_POINT('',(-43.048661175,95.417218261,142.758989489));
#10173=CARTESIAN_POINT('',(-43.087938407,95.459962126,142.763989489));
#10174=CARTESIAN_POINT('',(-43.087938407,95.459962126,142.758989489));
#10175=CARTESIAN_POINT('',(-43.133419347,95.49790043,142.763989489));
#10176=CARTESIAN_POINT('',(-43.133419347,95.49790043,142.758989489));
#10177=CARTESIAN_POINT('',(-43.184771576,95.529782481,142.763989489));
#10178=CARTESIAN_POINT('',(-43.184771576,95.529782481,142.758989489));
#10179=CARTESIAN_POINT('',(-43.239337894,95.55571414,142.763989489));
#10180=CARTESIAN_POINT('',(-43.239337894,95.55571414,142.758989489));
#10181=CARTESIAN_POINT('',(-43.295431711,95.574437388,142.763989489));
#10182=CARTESIAN_POINT('',(-43.295431711,95.574437388,142.758989489));
#10183=CARTESIAN_POINT('',(-43.351922022,95.586598443,142.763989489));
#10184=CARTESIAN_POINT('',(-43.351922022,95.586598443,142.758989489));
#10185=CARTESIAN_POINT('',(-43.389946216,95.587904469,142.763989489));
#10186=CARTESIAN_POINT('',(-43.389946216,95.587904469,142.758989489));
#10187=CARTESIAN_POINT('',(-43.408836013,95.588553281,142.763989489));
#10188=CARTESIAN_POINT('',(-43.408836013,95.588553281,142.758989489));
#10189=B_SPLINE_SURFACE_WITH_KNOTS('',3,1,((#10153,#10154),(#10155,#10156),(#10157,#10158),(#10159,#10160),(#10161,#10162),(#10163,#10164),(#10165,#10166),(#10167,#10168),(#10169,#10170),(#10171,#10172),(#10173,#10174),(#10175,#10176),(#10177,#10178),(#10179,#10180),(#10181,#10182),(#10183,#10184),(#10185,#10186),(#10187,#10188)),.UNSPECIFIED.,.F.,.F.,.U.,(4,3,1,1,1,1,1,1,1,1,1,1,1,4),(2,2),(-0.00000002,0.,0.089600563,0.174998156,0.257453069,0.339173352,0.420313103,0.501335362,0.584116615,0.670221644,0.756511219,0.839231653,0.920132915,1.),(0.,1.),.UNSPECIFIED.);
#10190=ORIENTED_EDGE('',*,*,#1918,.F.);
#10191=ORIENTED_EDGE('',*,*,#10148,.F.);
#10192=CARTESIAN_POINT('',(-43.408836457,95.588553271,142.763989489));
#10193=VERTEX_POINT('',#10192);
#10194=CARTESIAN_POINT('',(-42.959016301,95.138433081,142.763989489));
#10195=CARTESIAN_POINT('',(-42.959877306,95.167976393,142.763989489));
#10196=CARTESIAN_POINT('',(-42.961093893,95.197580676,142.763989489));
#10197=CARTESIAN_POINT('',(-42.966227021,95.2266918,142.763989489));
#10198=CARTESIAN_POINT('',(-42.971360149,95.255802924,142.763989489));
#10199=CARTESIAN_POINT('',(-42.979157833,95.28446768,142.763989489));
#10200=CARTESIAN_POINT('',(-42.989831366,95.312016543,142.763989489));
#10201=CARTESIAN_POINT('',(-43.011178431,95.367114267,142.763989489));
#10202=CARTESIAN_POINT('',(-43.045145016,95.417155215,142.763989489));
#10203=CARTESIAN_POINT('',(-43.087818741,95.458071354,142.763989489));
#10204=CARTESIAN_POINT('',(-43.130492466,95.498987493,142.763989489));
#10205=CARTESIAN_POINT('',(-43.18160197,95.530613873,142.763989489));
#10206=CARTESIAN_POINT('',(-43.236262983,95.553148715,142.763989489));
#10207=CARTESIAN_POINT('',(-43.263593489,95.564416136,142.763989489));
#10208=CARTESIAN_POINT('',(-43.291899858,95.573353316,142.763989489));
#10209=CARTESIAN_POINT('',(-43.320777792,95.57955853,142.763989489));
#10210=CARTESIAN_POINT('',(-43.349655725,95.585763744,142.763989489));
#10211=CARTESIAN_POINT('',(-43.379292791,95.587538553,142.763989489));
#10212=CARTESIAN_POINT('',(-43.408836899,95.588553312,142.763989489));
#10213=B_SPLINE_CURVE_WITH_KNOTS('',3,(#10194,#10195,#10196,#10197,#10198,#10199,#10200,#10201,#10202,#10203,#10204,#10205,#10206,#10207,#10208,#10209,#10210,#10211,#10212),.UNSPECIFIED.,.F.,.F.,(4,3,3,3,3,3,4),(0.,0.000088668,0.000177335,0.00035467,0.000532005,0.000620673,0.00070934),.UNSPECIFIED.);
#10214=EDGE_CURVE('NONE',#10124,#10193,#10213,.T.);
#10215=ORIENTED_EDGE('',*,*,#10214,.T.);
#10216=CARTESIAN_POINT('',(-43.408836013,95.588553281,142.763989489));
#10217=DIRECTION('',(-0.,-0.,-1.));
#10218=VECTOR('',#10217,0.005);
#10219=LINE('',#10216,#10218);
#10220=EDGE_CURVE('NONE',#10193,#1897,#10219,.T.);
#10221=ORIENTED_EDGE('',*,*,#10220,.T.);
#10222=EDGE_LOOP('',(#10190,#10191,#10215,#10221));
#10223=FACE_BOUND('',#10222,.T.);
#10224=ADVANCED_FACE('NONE',(#10223),#10189,.T.);
#10225=CARTESIAN_POINT('',(-43.408836457,95.588553271,142.763989489));
#10226=CARTESIAN_POINT('',(-43.408836457,95.588553271,142.758989489));
#10227=CARTESIAN_POINT('',(-43.420262856,95.588301618,142.763989489));
#10228=CARTESIAN_POINT('',(-43.420262856,95.588301618,142.758989489));
#10229=CARTESIAN_POINT('',(-43.443261523,95.587795088,142.763989489));
#10230=CARTESIAN_POINT('',(-43.443261523,95.587795088,142.758989489));
#10231=CARTESIAN_POINT('',(-43.478064229,95.584273188,142.763989489));
#10232=CARTESIAN_POINT('',(-43.478064229,95.584273188,142.758989489));
#10233=CARTESIAN_POINT('',(-43.513515003,95.57898962,142.763989489));
#10234=CARTESIAN_POINT('',(-43.513515003,95.57898962,142.758989489));
#10235=CARTESIAN_POINT('',(-43.549583303,95.571023286,142.763989489));
#10236=CARTESIAN_POINT('',(-43.549583303,95.571023286,142.758989489));
#10237=CARTESIAN_POINT('',(-43.586279245,95.561088624,142.763989489));
#10238=CARTESIAN_POINT('',(-43.586279245,95.561088624,142.758989489));
#10239=CARTESIAN_POINT('',(-43.623712617,95.549036403,142.763989489));
#10240=CARTESIAN_POINT('',(-43.623712617,95.549036403,142.758989489));
#10241=CARTESIAN_POINT('',(-43.661671309,95.534587245,142.763989489));
#10242=CARTESIAN_POINT('',(-43.661671309,95.534587245,142.758989489));
#10243=CARTESIAN_POINT('',(-43.70058205,95.517981563,142.763989489));
#10244=CARTESIAN_POINT('',(-43.70058205,95.517981563,142.758989489));
#10245=CARTESIAN_POINT('',(-43.740573134,95.498173333,142.763989489));
#10246=CARTESIAN_POINT('',(-43.740573134,95.498173333,142.758989489));
#10247=CARTESIAN_POINT('',(-43.78223593,95.475099561,142.763989489));
#10248=CARTESIAN_POINT('',(-43.78223593,95.475099561,142.758989489));
#10249=CARTESIAN_POINT('',(-43.82568508,95.448123567,142.763989489));
#10250=CARTESIAN_POINT('',(-43.82568508,95.448123567,142.758989489));
#10251=CARTESIAN_POINT('',(-43.870785311,95.417508715,142.763989489));
#10252=CARTESIAN_POINT('',(-43.870785311,95.417508715,142.758989489));
#10253=CARTESIAN_POINT('',(-43.917886386,95.383470666,142.763989489));
#10254=CARTESIAN_POINT('',(-43.917886386,95.383470666,142.758989489));
#10255=CARTESIAN_POINT('',(-43.966430465,95.345491323,142.763989489));
#10256=CARTESIAN_POINT('',(-43.966430465,95.345491323,142.758989489));
#10257=CARTESIAN_POINT('',(-44.016965608,95.304057109,142.763989489));
#10258=CARTESIAN_POINT('',(-44.016965608,95.304057109,142.758989489));
#10259=CARTESIAN_POINT('',(-44.050738946,95.274640394,142.763989489));
#10260=CARTESIAN_POINT('',(-44.050738946,95.274640394,142.758989489));
#10261=CARTESIAN_POINT('',(-44.068090821,95.259526838,142.763989489));
#10262=CARTESIAN_POINT('',(-44.068090821,95.259526838,142.758989489));
#10263=B_SPLINE_SURFACE_WITH_KNOTS('',3,1,((#10225,#10226),(#10227,#10228),(#10229,#10230),(#10231,#10232),(#10233,#10234),(#10235,#10236),(#10237,#10238),(#10239,#10240),(#10241,#10242),(#10243,#10244),(#10245,#10246),(#10247,#10248),(#10249,#10250),(#10251,#10252),(#10253,#10254),(#10255,#10256),(#10257,#10258),(#10259,#10260),(#10261,#10262)),.UNSPECIFIED.,.F.,.F.,.U.,(4,1,1,1,1,1,1,1,1,1,1,1,1,1,1,1,4),(2,2),(0.000000589,0.045517904,0.091616298,0.139247022,0.188242195,0.238673879,0.290664849,0.344841011,0.400432949,0.459145256,0.522552799,0.590102836,0.662815821,0.739680435,0.821574873,0.908329739,1.),(0.,1.),.UNSPECIFIED.);
#10264=ORIENTED_EDGE('',*,*,#1930,.F.);
#10265=ORIENTED_EDGE('',*,*,#10220,.F.);
#10266=CARTESIAN_POINT('',(-44.068090821,95.259526838,142.763989489));
#10267=VERTEX_POINT('',#10266);
#10268=CARTESIAN_POINT('',(-43.4088369,95.588553262,142.763989489));
#10269=CARTESIAN_POINT('',(-43.534317007,95.585789704,142.763989489));
#10270=CARTESIAN_POINT('',(-43.656998467,95.545321963,142.763989489));
#10271=CARTESIAN_POINT('',(-43.766373118,95.483748067,142.763989489));
#10272=CARTESIAN_POINT('',(-43.875747769,95.42217417,142.763989489));
#10273=CARTESIAN_POINT('',(-43.973438271,95.341969605,142.763989489));
#10274=CARTESIAN_POINT('',(-44.068090813,95.259526845,142.763989489));
#10275=B_SPLINE_CURVE_WITH_KNOTS('',3,(#10268,#10269,#10270,#10271,#10272,#10273,#10274),.UNSPECIFIED.,.F.,.F.,(4,3,4),(0.,0.000376531,0.000753063),.UNSPECIFIED.);
#10276=EDGE_CURVE('NONE',#10193,#10267,#10275,.T.);
#10277=ORIENTED_EDGE('',*,*,#10276,.T.);
#10278=CARTESIAN_POINT('',(-44.068090821,95.259526838,142.763989489));
#10279=DIRECTION('',(-0.,-0.,-1.));
#10280=VECTOR('',#10279,0.005);
#10281=LINE('',#10278,#10280);
#10282=EDGE_CURVE('NONE',#10267,#1921,#10281,.T.);
#10283=ORIENTED_EDGE('',*,*,#10282,.T.);
#10284=EDGE_LOOP('',(#10264,#10265,#10277,#10283));
#10285=FACE_BOUND('',#10284,.T.);
#10286=ADVANCED_FACE('NONE',(#10285),#10263,.T.);
#10287=CARTESIAN_POINT('',(-44.068090821,95.259526838,142.763989489));
#10288=DIRECTION('',(0.657521222,-0.753436025,0.));
#10289=DIRECTION('',(-0.753436025,-0.657521222,0.));
#10290=AXIS2_PLACEMENT_3D('',#10287,#10288,#10289);
#10291=PLANE('',#10290);
#10292=ORIENTED_EDGE('',*,*,#1938,.F.);
#10293=ORIENTED_EDGE('',*,*,#10282,.F.);
#10294=CARTESIAN_POINT('',(-44.24747784,95.102976357,142.763989489));
#10295=VERTEX_POINT('',#10294);
#10296=CARTESIAN_POINT('',(-44.068090821,95.259526838,142.763989489));
#10297=DIRECTION('',(-0.753436025,-0.657521222,0.));
#10298=VECTOR('',#10297,0.238091907);
#10299=LINE('',#10296,#10298);
#10300=EDGE_CURVE('NONE',#10267,#10295,#10299,.T.);
#10301=ORIENTED_EDGE('',*,*,#10300,.T.);
#10302=CARTESIAN_POINT('',(-44.24747784,95.102976357,142.763989489));
#10303=DIRECTION('',(-0.,-0.,-1.));
#10304=VECTOR('',#10303,0.005);
#10305=LINE('',#10302,#10304);
#10306=EDGE_CURVE('NONE',#10295,#1933,#10305,.T.);
#10307=ORIENTED_EDGE('',*,*,#10306,.T.);
#10308=EDGE_LOOP('',(#10292,#10293,#10301,#10307));
#10309=FACE_BOUND('',#10308,.T.);
#10310=ADVANCED_FACE('NONE',(#10309),#10291,.T.);
#10311=CARTESIAN_POINT('',(-44.24747784,95.102976357,142.763989489));
#10312=DIRECTION('',(-1.,0.,0.));
#10313=DIRECTION('',(0.,1.,-0.));
#10314=AXIS2_PLACEMENT_3D('',#10311,#10312,#10313);
#10315=PLANE('',#10314);
#10316=ORIENTED_EDGE('',*,*,#1946,.F.);
#10317=ORIENTED_EDGE('',*,*,#10306,.F.);
#10318=CARTESIAN_POINT('',(-44.24747784,95.607784049,142.763989489));
#10319=VERTEX_POINT('',#10318);
#10320=CARTESIAN_POINT('',(-44.24747784,95.102976357,142.763989489));
#10321=DIRECTION('',(0.,1.,-0.));
#10322=VECTOR('',#10321,0.504807693);
#10323=LINE('',#10320,#10322);
#10324=EDGE_CURVE('NONE',#10295,#10319,#10323,.T.);
#10325=ORIENTED_EDGE('',*,*,#10324,.T.);
#10326=CARTESIAN_POINT('',(-44.24747784,95.607784049,142.763989489));
#10327=DIRECTION('',(-0.,-0.,-1.));
#10328=VECTOR('',#10327,0.005);
#10329=LINE('',#10326,#10328);
#10330=EDGE_CURVE('NONE',#10319,#1941,#10329,.T.);
#10331=ORIENTED_EDGE('',*,*,#10330,.T.);
#10332=EDGE_LOOP('',(#10316,#10317,#10325,#10331));
#10333=FACE_BOUND('',#10332,.T.);
#10334=ADVANCED_FACE('NONE',(#10333),#10315,.T.);
#10335=CARTESIAN_POINT('',(-44.247477841,95.607784049,142.763989489));
#10336=DIRECTION('',(-0.,-1.,0.));
#10337=DIRECTION('',(-1.,0.,0.));
#10338=AXIS2_PLACEMENT_3D('',#10335,#10336,#10337);
#10339=PLANE('',#10338);
#10340=ORIENTED_EDGE('',*,*,#1954,.F.);
#10341=ORIENTED_EDGE('',*,*,#10330,.F.);
#10342=CARTESIAN_POINT('',(-44.49747784,95.607784049,142.763989489));
#10343=VERTEX_POINT('',#10342);
#10344=CARTESIAN_POINT('',(-44.24747784,95.607784049,142.763989489));
#10345=DIRECTION('',(-1.,0.,0.));
#10346=VECTOR('',#10345,0.25);
#10347=LINE('',#10344,#10346);
#10348=EDGE_CURVE('NONE',#10319,#10343,#10347,.T.);
#10349=ORIENTED_EDGE('',*,*,#10348,.T.);
#10350=CARTESIAN_POINT('',(-44.49747784,95.607784049,142.763989489));
#10351=DIRECTION('',(-0.,-0.,-1.));
#10352=VECTOR('',#10351,0.005);
#10353=LINE('',#10350,#10352);
#10354=EDGE_CURVE('NONE',#10343,#1949,#10353,.T.);
#10355=ORIENTED_EDGE('',*,*,#10354,.T.);
#10356=EDGE_LOOP('',(#10340,#10341,#10349,#10355));
#10357=FACE_BOUND('',#10356,.T.);
#10358=ADVANCED_FACE('NONE',(#10357),#10339,.T.);
#10359=CARTESIAN_POINT('',(-44.49747784,95.60778405,142.763989489));
#10360=DIRECTION('',(1.,-0.,-0.));
#10361=DIRECTION('',(-0.,-1.,0.));
#10362=AXIS2_PLACEMENT_3D('',#10359,#10360,#10361);
#10363=PLANE('',#10362);
#10364=ORIENTED_EDGE('',*,*,#1962,.F.);
#10365=ORIENTED_EDGE('',*,*,#10354,.F.);
#10366=CARTESIAN_POINT('',(-44.49747784,94.60778405,142.763989489));
#10367=VERTEX_POINT('',#10366);
#10368=CARTESIAN_POINT('',(-44.49747784,95.607784049,142.763989489));
#10369=DIRECTION('',(-0.,-1.,0.));
#10370=VECTOR('',#10369,1.);
#10371=LINE('',#10368,#10370);
#10372=EDGE_CURVE('NONE',#10343,#10367,#10371,.T.);
#10373=ORIENTED_EDGE('',*,*,#10372,.T.);
#10374=CARTESIAN_POINT('',(-44.49747784,94.60778405,142.763989489));
#10375=DIRECTION('',(-0.,-0.,-1.));
#10376=VECTOR('',#10375,0.005);
#10377=LINE('',#10374,#10376);
#10378=EDGE_CURVE('NONE',#10367,#1957,#10377,.T.);
#10379=ORIENTED_EDGE('',*,*,#10378,.T.);
#10380=EDGE_LOOP('',(#10364,#10365,#10373,#10379));
#10381=FACE_BOUND('',#10380,.T.);
#10382=ADVANCED_FACE('NONE',(#10381),#10363,.T.);
#10383=CARTESIAN_POINT('',(-44.49747784,94.60778405,142.763989489));
#10384=DIRECTION('',(0.,1.,-0.));
#10385=DIRECTION('',(1.,-0.,-0.));
#10386=AXIS2_PLACEMENT_3D('',#10383,#10384,#10385);
#10387=PLANE('',#10386);
#10388=ORIENTED_EDGE('',*,*,#1970,.F.);
#10389=ORIENTED_EDGE('',*,*,#10378,.F.);
#10390=CARTESIAN_POINT('',(-44.361059571,94.60778405,142.763989489));
#10391=VERTEX_POINT('',#10390);
#10392=CARTESIAN_POINT('',(-44.49747784,94.60778405,142.763989489));
#10393=DIRECTION('',(1.,-0.,-0.));
#10394=VECTOR('',#10393,0.136418269);
#10395=LINE('',#10392,#10394);
#10396=EDGE_CURVE('NONE',#10367,#10391,#10395,.T.);
#10397=ORIENTED_EDGE('',*,*,#10396,.T.);
#10398=CARTESIAN_POINT('',(-44.361059571,94.60778405,142.763989489));
#10399=DIRECTION('',(-0.,-0.,-1.));
#10400=VECTOR('',#10399,0.005);
#10401=LINE('',#10398,#10400);
#10402=EDGE_CURVE('NONE',#10391,#1965,#10401,.T.);
#10403=ORIENTED_EDGE('',*,*,#10402,.T.);
#10404=EDGE_LOOP('',(#10388,#10389,#10397,#10403));
#10405=FACE_BOUND('',#10404,.T.);
#10406=ADVANCED_FACE('NONE',(#10405),#10387,.T.);
#10407=CARTESIAN_POINT('',(-44.361059571,94.60778405,142.763989489));
#10408=DIRECTION('',(-0.684757496,0.728771001,-0.));
#10409=DIRECTION('',(0.728771001,0.684757496,-0.));
#10410=AXIS2_PLACEMENT_3D('',#10407,#10408,#10409);
#10411=PLANE('',#10410);
#10412=ORIENTED_EDGE('',*,*,#1978,.F.);
#10413=ORIENTED_EDGE('',*,*,#10402,.F.);
#10414=CARTESIAN_POINT('',(-43.888403321,95.051894627,142.763989489));
#10415=VERTEX_POINT('',#10414);
#10416=CARTESIAN_POINT('',(-44.361059571,94.60778405,142.763989489));
#10417=DIRECTION('',(0.728771001,0.684757496,-0.));
#10418=VECTOR('',#10417,0.648566215);
#10419=LINE('',#10416,#10418);
#10420=EDGE_CURVE('NONE',#10391,#10415,#10419,.T.);
#10421=ORIENTED_EDGE('',*,*,#10420,.T.);
#10422=CARTESIAN_POINT('',(-43.888403321,95.051894627,142.763989489));
#10423=DIRECTION('',(-0.,-0.,-1.));
#10424=VECTOR('',#10423,0.005);
#10425=LINE('',#10422,#10424);
#10426=EDGE_CURVE('NONE',#10415,#1973,#10425,.T.);
#10427=ORIENTED_EDGE('',*,*,#10426,.T.);
#10428=EDGE_LOOP('',(#10412,#10413,#10421,#10427));
#10429=FACE_BOUND('',#10428,.T.);
#10430=ADVANCED_FACE('NONE',(#10429),#10411,.T.);
#10431=CARTESIAN_POINT('',(-43.888403321,95.051894627,142.763989489));
#10432=CARTESIAN_POINT('',(-43.888403321,95.051894627,142.758989489));
#10433=CARTESIAN_POINT('',(-43.874615928,95.064752973,142.763989489));
#10434=CARTESIAN_POINT('',(-43.874615928,95.064752973,142.758989489));
#10435=CARTESIAN_POINT('',(-43.847913838,95.089655776,142.763989489));
#10436=CARTESIAN_POINT('',(-43.847913838,95.089655776,142.758989489));
#10437=CARTESIAN_POINT('',(-43.808696737,95.125086592,142.763989489));
#10438=CARTESIAN_POINT('',(-43.808696737,95.125086592,142.758989489));
#10439=CARTESIAN_POINT('',(-43.771488678,95.15716015,142.763989489));
#10440=CARTESIAN_POINT('',(-43.771488678,95.15716015,142.758989489));
#10441=CARTESIAN_POINT('',(-43.735858169,95.18515929,142.763989489));
#10442=CARTESIAN_POINT('',(-43.735858169,95.18515929,142.758989489));
#10443=CARTESIAN_POINT('',(-43.703011615,95.21077804,142.763989489));
#10444=CARTESIAN_POINT('',(-43.703011615,95.21077804,142.758989489));
#10445=CARTESIAN_POINT('',(-43.671707288,95.232210008,142.763989489));
#10446=CARTESIAN_POINT('',(-43.671707288,95.232210008,142.758989489));
#10447=CARTESIAN_POINT('',(-43.642826775,95.250874627,142.763989489));
#10448=CARTESIAN_POINT('',(-43.642826775,95.250874627,142.758989489));
#10449=CARTESIAN_POINT('',(-43.607622578,95.270371794,142.763989489));
#10450=CARTESIAN_POINT('',(-43.607622578,95.270371794,142.758989489));
#10451=CARTESIAN_POINT('',(-43.565952427,95.289313806,142.763989489));
#10452=CARTESIAN_POINT('',(-43.565952427,95.289313806,142.758989489));
#10453=CARTESIAN_POINT('',(-43.517976376,95.30668333,142.763989489));
#10454=CARTESIAN_POINT('',(-43.517976376,95.30668333,142.758989489));
#10455=CARTESIAN_POINT('',(-43.472090166,95.317165123,142.763989489));
#10456=CARTESIAN_POINT('',(-43.472090166,95.317165123,142.758989489));
#10457=CARTESIAN_POINT('',(-43.442136195,95.318623081,142.763989489));
#10458=CARTESIAN_POINT('',(-43.442136195,95.318623081,142.758989489));
#10459=CARTESIAN_POINT('',(-43.427766304,95.319322512,142.763989489));
#10460=CARTESIAN_POINT('',(-43.427766304,95.319322512,142.758989489));
#10461=B_SPLINE_SURFACE_WITH_KNOTS('',3,1,((#10431,#10432),(#10433,#10434),(#10435,#10436),(#10437,#10438),(#10439,#10440),(#10441,#10442),(#10443,#10444),(#10445,#10446),(#10447,#10448),(#10449,#10450),(#10451,#10452),(#10453,#10454),(#10455,#10456),(#10457,#10458),(#10459,#10460)),.UNSPECIFIED.,.F.,.F.,.U.,(4,1,1,1,1,1,1,1,1,1,1,1,4),(2,2),(0.,0.103849362,0.201125417,0.291130963,0.374368006,0.450730997,0.520520564,0.583275415,0.640080008,0.742043557,0.835051412,0.920868817,0.999999996),(0.,1.),.UNSPECIFIED.);
#10462=ORIENTED_EDGE('',*,*,#1996,.F.);
#10463=ORIENTED_EDGE('',*,*,#10426,.F.);
#10464=CARTESIAN_POINT('',(-43.427765938,95.319322498,142.763989489));
#10465=VERTEX_POINT('',#10464);
#10466=CARTESIAN_POINT('',(-43.888403321,95.051894627,142.763989489));
#10467=CARTESIAN_POINT('',(-43.821992968,95.113829998,142.763989489));
#10468=CARTESIAN_POINT('',(-43.754901961,95.175661916,142.763989489));
#10469=CARTESIAN_POINT('',(-43.679746036,95.226618602,142.763989489));
#10470=CARTESIAN_POINT('',(-43.642168074,95.252096945,142.763989489));
#10471=CARTESIAN_POINT('',(-43.60224046,95.274165183,142.763989489));
#10472=CARTESIAN_POINT('',(-43.560036405,95.290939875,142.763989489));
#10473=CARTESIAN_POINT('',(-43.538934377,95.299327221,142.763989489));
#10474=CARTESIAN_POINT('',(-43.51736037,95.306608324,142.763989489));
#10475=CARTESIAN_POINT('',(-43.495231684,95.311588039,142.763989489));
#10476=CARTESIAN_POINT('',(-43.473102999,95.316567754,142.763989489));
#10477=CARTESIAN_POINT('',(-43.450407407,95.318220494,142.763989489));
#10478=CARTESIAN_POINT('',(-43.427765575,95.319322547,142.763989489));
#10479=B_SPLINE_CURVE_WITH_KNOTS('',3,(#10466,#10467,#10468,#10469,#10470,#10471,#10472,#10473,#10474,#10475,#10476,#10477,#10478),.UNSPECIFIED.,.F.,.F.,(4,3,3,3,4),(0.,0.000272428,0.000408642,0.000476749,0.000544856),.UNSPECIFIED.);
#10480=EDGE_CURVE('NONE',#10415,#10465,#10479,.T.);
#10481=ORIENTED_EDGE('',*,*,#10480,.T.);
#10482=CARTESIAN_POINT('',(-43.427766304,95.319322512,142.763989489));
#10483=DIRECTION('',(-0.,-0.,-1.));
#10484=VECTOR('',#10483,0.005);
#10485=LINE('',#10482,#10484);
#10486=EDGE_CURVE('NONE',#10465,#1981,#10485,.T.);
#10487=ORIENTED_EDGE('',*,*,#10486,.T.);
#10488=EDGE_LOOP('',(#10462,#10463,#10481,#10487));
#10489=FACE_BOUND('',#10488,.T.);
#10490=ADVANCED_FACE('NONE',(#10489),#10461,.T.);
#10491=CARTESIAN_POINT('',(-43.427765938,95.319322498,142.763989489));
#10492=CARTESIAN_POINT('',(-43.427765938,95.319322498,142.758989489));
#10493=CARTESIAN_POINT('',(-43.413859666,95.318809081,142.763989489));
#10494=CARTESIAN_POINT('',(-43.413859666,95.318809081,142.758989489));
#10495=CARTESIAN_POINT('',(-43.386913923,95.317814217,142.763989489));
#10496=CARTESIAN_POINT('',(-43.386913923,95.317814217,142.758989489));
#10497=CARTESIAN_POINT('',(-43.348695201,95.306609282,142.763989489));
#10498=CARTESIAN_POINT('',(-43.348695201,95.306609282,142.758989489));
#10499=CARTESIAN_POINT('',(-43.313829351,95.289843879,142.763989489));
#10500=CARTESIAN_POINT('',(-43.313829351,95.289843879,142.758989489));
#10501=CARTESIAN_POINT('',(-43.283904727,95.265503692,142.763989489));
#10502=CARTESIAN_POINT('',(-43.283904727,95.265503692,142.758989489));
#10503=CARTESIAN_POINT('',(-43.259099997,95.236125709,142.763989489));
#10504=CARTESIAN_POINT('',(-43.259099997,95.236125709,142.758989489));
#10505=CARTESIAN_POINT('',(-43.240923389,95.201983611,142.763989489));
#10506=CARTESIAN_POINT('',(-43.240923389,95.201983611,142.758989489));
#10507=CARTESIAN_POINT('',(-43.230240136,95.163704273,142.763989489));
#10508=CARTESIAN_POINT('',(-43.230240136,95.163704273,142.758989489));
#10509=CARTESIAN_POINT('',(-43.228924089,95.136898403,142.763989489));
#10510=CARTESIAN_POINT('',(-43.228924089,95.136898403,142.758989489));
#10511=CARTESIAN_POINT('',(-43.228247071,95.123108569,142.763989489));
#10512=CARTESIAN_POINT('',(-43.228247071,95.123108569,142.758989489));
#10513=B_SPLINE_SURFACE_WITH_KNOTS('',3,1,((#10491,#10492),(#10493,#10494),(#10495,#10496),(#10497,#10498),(#10499,#10500),(#10501,#10502),(#10503,#10504),(#10505,#10506),(#10507,#10508),(#10509,#10510),(#10511,#10512)),.UNSPECIFIED.,.F.,.F.,.U.,(4,1,1,1,1,1,1,1,4),(2,2),(0.000001157,0.132699527,0.257126609,0.378014222,0.500768571,0.623253163,0.743748709,0.868175791,1.),(0.,1.),.UNSPECIFIED.);
#10514=ORIENTED_EDGE('',*,*,#2015,.F.);
#10515=ORIENTED_EDGE('',*,*,#10486,.F.);
#10516=CARTESIAN_POINT('',(-43.427765572,95.319322485,142.763989489));
#10517=CARTESIAN_POINT('',(-43.414665039,95.318838815,142.763989489));
#10518=CARTESIAN_POINT('',(-43.401553532,95.318358161,142.763989489));
#10519=CARTESIAN_POINT('',(-43.388615074,95.316386601,142.763989489));
#10520=CARTESIAN_POINT('',(-43.375676617,95.31441504,142.763989489));
#10521=CARTESIAN_POINT('',(-43.362969123,95.310847774,142.763989489));
#10522=CARTESIAN_POINT('',(-43.350688745,95.306241396,142.763989489));
#10523=CARTESIAN_POINT('',(-43.32612799,95.297028639,142.763989489));
#10524=CARTESIAN_POINT('',(-43.30375398,95.283242539,142.763989489));
#10525=CARTESIAN_POINT('',(-43.284988632,95.264881202,142.763989489));
#10526=CARTESIAN_POINT('',(-43.266223285,95.246519865,142.763989489));
#10527=CARTESIAN_POINT('',(-43.251068295,95.224205903,142.763989489));
#10528=CARTESIAN_POINT('',(-43.241651223,95.200018964,142.763989489));
#10529=CARTESIAN_POINT('',(-43.232234151,95.175832024,142.763989489));
#10530=CARTESIAN_POINT('',(-43.229533777,95.149316813,142.763989489));
#10531=CARTESIAN_POINT('',(-43.228247035,95.123107832,142.763989489));
#10532=B_SPLINE_CURVE_WITH_KNOTS('',3,(#10516,#10517,#10518,#10519,#10520,#10521,#10522,#10523,#10524,#10525,#10526,#10527,#10528,#10529,#10530,#10531),.UNSPECIFIED.,.F.,.F.,(4,3,3,3,3,4),(0.,0.000039328,0.000078657,0.000157313,0.00023597,0.000314626),.UNSPECIFIED.);
#10533=EDGE_CURVE('NONE',#10465,#10021,#10532,.T.);
#10534=ORIENTED_EDGE('',*,*,#10533,.T.);
#10535=ORIENTED_EDGE('',*,*,#10026,.T.);
#10536=EDGE_LOOP('',(#10514,#10515,#10534,#10535));
#10537=FACE_BOUND('',#10536,.T.);
#10538=ADVANCED_FACE('NONE',(#10537),#10513,.T.);
#10539=CARTESIAN_POINT('',(-43.317436166,94.965289609,142.763989489));
#10540=DIRECTION('',(0.,0.,1.));
#10541=DIRECTION('',(-1.,0.,0.));
#10542=AXIS2_PLACEMENT_3D('',#10539,#10540,#10541);
#10543=PLANE('',#10542);
#10544=ORIENTED_EDGE('',*,*,#10047,.F.);
#10545=ORIENTED_EDGE('',*,*,#10533,.F.);
#10546=ORIENTED_EDGE('',*,*,#10480,.F.);
#10547=ORIENTED_EDGE('',*,*,#10420,.F.);
#10548=ORIENTED_EDGE('',*,*,#10396,.F.);
#10549=ORIENTED_EDGE('',*,*,#10372,.F.);
#10550=ORIENTED_EDGE('',*,*,#10348,.F.);
#10551=ORIENTED_EDGE('',*,*,#10324,.F.);
#10552=ORIENTED_EDGE('',*,*,#10300,.F.);
#10553=ORIENTED_EDGE('',*,*,#10276,.F.);
#10554=ORIENTED_EDGE('',*,*,#10214,.F.);
#10555=ORIENTED_EDGE('',*,*,#10142,.F.);
#10556=ORIENTED_EDGE('',*,*,#10071,.F.);
#10557=EDGE_LOOP('',(#10544,#10545,#10546,#10547,#10548,#10549,#10550,#10551,#10552,#10553,#10554,#10555,#10556));
#10558=FACE_BOUND('',#10557,.T.);
#10559=ADVANCED_FACE('NONE',(#10558),#10543,.F.);
#10560=CARTESIAN_POINT('',(-43.247477841,96.150091742,142.763989489));
#10561=DIRECTION('',(-0.540859778,0.841112775,-0.));
#10562=DIRECTION('',(0.841112775,0.540859778,-0.));
#10563=AXIS2_PLACEMENT_3D('',#10560,#10561,#10562);
#10564=PLANE('',#10563);
#10565=ORIENTED_EDGE('',*,*,#1244,.F.);
#10566=CARTESIAN_POINT('',(-43.247477841,96.150091742,142.763989489));
#10567=VERTEX_POINT('',#10566);
#10568=CARTESIAN_POINT('',(-43.247477841,96.150091742,142.763989489));
#10569=DIRECTION('',(-0.,-0.,-1.));
#10570=VECTOR('',#10569,0.005);
#10571=LINE('',#10568,#10570);
#10572=EDGE_CURVE('NONE',#10567,#1237,#10571,.T.);
#10573=ORIENTED_EDGE('',*,*,#10572,.F.);
#10574=CARTESIAN_POINT('',(-42.99747784,96.310848955,142.763989489));
#10575=VERTEX_POINT('',#10574);
#10576=CARTESIAN_POINT('',(-43.247477841,96.150091742,142.763989489));
#10577=DIRECTION('',(0.841112775,0.540859778,-0.));
#10578=VECTOR('',#10577,0.297225305);
#10579=LINE('',#10576,#10578);
#10580=EDGE_CURVE('NONE',#10567,#10575,#10579,.T.);
#10581=ORIENTED_EDGE('',*,*,#10580,.T.);
#10582=CARTESIAN_POINT('',(-42.99747784,96.310848955,142.763989489));
#10583=DIRECTION('',(-0.,-0.,-1.));
#10584=VECTOR('',#10583,0.005);
#10585=LINE('',#10582,#10584);
#10586=EDGE_CURVE('NONE',#10575,#1239,#10585,.T.);
#10587=ORIENTED_EDGE('',*,*,#10586,.T.);
#10588=EDGE_LOOP('',(#10565,#10573,#10581,#10587));
#10589=FACE_BOUND('',#10588,.T.);
#10590=ADVANCED_FACE('NONE',(#10589),#10564,.T.);
#10591=CARTESIAN_POINT('',(-42.99747784,96.310848954,142.763989489));
#10592=DIRECTION('',(-1.,0.,0.));
#10593=DIRECTION('',(0.,1.,-0.));
#10594=AXIS2_PLACEMENT_3D('',#10591,#10592,#10593);
#10595=PLANE('',#10594);
#10596=ORIENTED_EDGE('',*,*,#1252,.F.);
#10597=ORIENTED_EDGE('',*,*,#10586,.F.);
#10598=CARTESIAN_POINT('',(-42.99747784,96.727014819,142.763989489));
#10599=VERTEX_POINT('',#10598);
#10600=CARTESIAN_POINT('',(-42.99747784,96.310848955,142.763989489));
#10601=DIRECTION('',(0.,1.,-0.));
#10602=VECTOR('',#10601,0.416165864);
#10603=LINE('',#10600,#10602);
#10604=EDGE_CURVE('NONE',#10575,#10599,#10603,.T.);
#10605=ORIENTED_EDGE('',*,*,#10604,.T.);
#10606=CARTESIAN_POINT('',(-42.99747784,96.727014819,142.763989489));
#10607=DIRECTION('',(-0.,-0.,-1.));
#10608=VECTOR('',#10607,0.005);
#10609=LINE('',#10606,#10608);
#10610=EDGE_CURVE('NONE',#10599,#1247,#10609,.T.);
#10611=ORIENTED_EDGE('',*,*,#10610,.T.);
#10612=EDGE_LOOP('',(#10596,#10597,#10605,#10611));
#10613=FACE_BOUND('',#10612,.T.);
#10614=ADVANCED_FACE('NONE',(#10613),#10595,.T.);
#10615=CARTESIAN_POINT('',(-42.997477841,96.727014819,142.763989489));
#10616=DIRECTION('',(-0.,-1.,0.));
#10617=DIRECTION('',(-1.,0.,0.));
#10618=AXIS2_PLACEMENT_3D('',#10615,#10616,#10617);
#10619=PLANE('',#10618);
#10620=ORIENTED_EDGE('',*,*,#1260,.F.);
#10621=ORIENTED_EDGE('',*,*,#10610,.F.);
#10622=CARTESIAN_POINT('',(-44.497477841,96.727014819,142.763989489));
#10623=VERTEX_POINT('',#10622);
#10624=CARTESIAN_POINT('',(-42.99747784,96.727014819,142.763989489));
#10625=DIRECTION('',(-1.,0.,0.));
#10626=VECTOR('',#10625,1.500000001);
#10627=LINE('',#10624,#10626);
#10628=EDGE_CURVE('NONE',#10599,#10623,#10627,.T.);
#10629=ORIENTED_EDGE('',*,*,#10628,.T.);
#10630=CARTESIAN_POINT('',(-44.497477841,96.727014819,142.763989489));
#10631=DIRECTION('',(-0.,-0.,-1.));
#10632=VECTOR('',#10631,0.005);
#10633=LINE('',#10630,#10632);
#10634=EDGE_CURVE('NONE',#10623,#1255,#10633,.T.);
#10635=ORIENTED_EDGE('',*,*,#10634,.T.);
#10636=EDGE_LOOP('',(#10620,#10621,#10629,#10635));
#10637=FACE_BOUND('',#10636,.T.);
#10638=ADVANCED_FACE('NONE',(#10637),#10619,.T.);
#10639=CARTESIAN_POINT('',(-44.497477841,96.727014819,142.763989489));
#10640=DIRECTION('',(1.,-0.,-0.));
#10641=DIRECTION('',(-0.,-1.,0.));
#10642=AXIS2_PLACEMENT_3D('',#10639,#10640,#10641);
#10643=PLANE('',#10642);
#10644=ORIENTED_EDGE('',*,*,#1268,.F.);
#10645=ORIENTED_EDGE('',*,*,#10634,.F.);
#10646=CARTESIAN_POINT('',(-44.497477841,96.457784049,142.763989489));
#10647=VERTEX_POINT('',#10646);
#10648=CARTESIAN_POINT('',(-44.497477841,96.727014819,142.763989489));
#10649=DIRECTION('',(-0.,-1.,0.));
#10650=VECTOR('',#10649,0.269230769);
#10651=LINE('',#10648,#10650);
#10652=EDGE_CURVE('NONE',#10623,#10647,#10651,.T.);
#10653=ORIENTED_EDGE('',*,*,#10652,.T.);
#10654=CARTESIAN_POINT('',(-44.497477841,96.457784049,142.763989489));
#10655=DIRECTION('',(-0.,-0.,-1.));
#10656=VECTOR('',#10655,0.005);
#10657=LINE('',#10654,#10656);
#10658=EDGE_CURVE('NONE',#10647,#1263,#10657,.T.);
#10659=ORIENTED_EDGE('',*,*,#10658,.T.);
#10660=EDGE_LOOP('',(#10644,#10645,#10653,#10659));
#10661=FACE_BOUND('',#10660,.T.);
#10662=ADVANCED_FACE('NONE',(#10661),#10643,.T.);
#10663=CARTESIAN_POINT('',(-44.497477841,96.457784049,142.763989489));
#10664=DIRECTION('',(0.,1.,-0.));
#10665=DIRECTION('',(1.,-0.,-0.));
#10666=AXIS2_PLACEMENT_3D('',#10663,#10664,#10665);
#10667=PLANE('',#10666);
#10668=ORIENTED_EDGE('',*,*,#1276,.F.);
#10669=ORIENTED_EDGE('',*,*,#10658,.F.);
#10670=CARTESIAN_POINT('',(-43.247477841,96.457784049,142.763989489));
#10671=VERTEX_POINT('',#10670);
#10672=CARTESIAN_POINT('',(-44.497477841,96.457784049,142.763989489));
#10673=DIRECTION('',(1.,-0.,-0.));
#10674=VECTOR('',#10673,1.25);
#10675=LINE('',#10672,#10674);
#10676=EDGE_CURVE('NONE',#10647,#10671,#10675,.T.);
#10677=ORIENTED_EDGE('',*,*,#10676,.T.);
#10678=CARTESIAN_POINT('',(-43.247477841,96.457784049,142.763989489));
#10679=DIRECTION('',(-0.,-0.,-1.));
#10680=VECTOR('',#10679,0.005);
#10681=LINE('',#10678,#10680);
#10682=EDGE_CURVE('NONE',#10671,#1271,#10681,.T.);
#10683=ORIENTED_EDGE('',*,*,#10682,.T.);
#10684=EDGE_LOOP('',(#10668,#10669,#10677,#10683));
#10685=FACE_BOUND('',#10684,.T.);
#10686=ADVANCED_FACE('NONE',(#10685),#10667,.T.);
#10687=CARTESIAN_POINT('',(-43.247477841,96.45778405,142.763989489));
#10688=DIRECTION('',(1.,-0.,-0.));
#10689=DIRECTION('',(-0.,-1.,0.));
#10690=AXIS2_PLACEMENT_3D('',#10687,#10688,#10689);
#10691=PLANE('',#10690);
#10692=ORIENTED_EDGE('',*,*,#1282,.F.);
#10693=ORIENTED_EDGE('',*,*,#10682,.F.);
#10694=CARTESIAN_POINT('',(-43.247477841,96.457784049,142.763989489));
#10695=DIRECTION('',(-0.,-1.,0.));
#10696=VECTOR('',#10695,0.307692307);
#10697=LINE('',#10694,#10696);
#10698=EDGE_CURVE('NONE',#10671,#10567,#10697,.T.);
#10699=ORIENTED_EDGE('',*,*,#10698,.T.);
#10700=ORIENTED_EDGE('',*,*,#10572,.T.);
#10701=EDGE_LOOP('',(#10692,#10693,#10699,#10700));
#10702=FACE_BOUND('',#10701,.T.);
#10703=ADVANCED_FACE('NONE',(#10702),#10691,.T.);
#10704=CARTESIAN_POINT('',(-45.997477841,95.997758508,142.763989489));
#10705=DIRECTION('',(0.,0.,1.));
#10706=DIRECTION('',(-1.,0.,0.));
#10707=AXIS2_PLACEMENT_3D('',#10704,#10705,#10706);
#10708=PLANE('',#10707);
#10709=ORIENTED_EDGE('',*,*,#10580,.F.);
#10710=ORIENTED_EDGE('',*,*,#10698,.F.);
#10711=ORIENTED_EDGE('',*,*,#10676,.F.);
#10712=ORIENTED_EDGE('',*,*,#10652,.F.);
#10713=ORIENTED_EDGE('',*,*,#10628,.F.);
#10714=ORIENTED_EDGE('',*,*,#10604,.F.);
#10715=EDGE_LOOP('',(#10709,#10710,#10711,#10712,#10713,#10714));
#10716=FACE_BOUND('',#10715,.T.);
#10717=ADVANCED_FACE('NONE',(#10716),#10708,.F.);
#10718=CARTESIAN_POINT('',(-44.497477841,99.219322512,142.763989489));
#10719=DIRECTION('',(0.,1.,-0.));
#10720=DIRECTION('',(1.,-0.,-0.));
#10721=AXIS2_PLACEMENT_3D('',#10718,#10719,#10720);
#10722=PLANE('',#10721);
#10723=ORIENTED_EDGE('',*,*,#2027,.F.);
#10724=CARTESIAN_POINT('',(-44.497477842,99.219322512,142.763989489));
#10725=VERTEX_POINT('',#10724);
#10726=CARTESIAN_POINT('',(-44.497477842,99.219322512,142.763989489));
#10727=DIRECTION('',(-0.,-0.,-1.));
#10728=VECTOR('',#10727,0.005);
#10729=LINE('',#10726,#10728);
#10730=EDGE_CURVE('NONE',#10725,#2020,#10729,.T.);
#10731=ORIENTED_EDGE('',*,*,#10730,.F.);
#10732=CARTESIAN_POINT('',(-42.997477842,99.219322512,142.763989489));
#10733=VERTEX_POINT('',#10732);
#10734=CARTESIAN_POINT('',(-44.497477842,99.219322512,142.763989489));
#10735=DIRECTION('',(1.,-0.,-0.));
#10736=VECTOR('',#10735,1.5);
#10737=LINE('',#10734,#10736);
#10738=EDGE_CURVE('NONE',#10725,#10733,#10737,.T.);
#10739=ORIENTED_EDGE('',*,*,#10738,.T.);
#10740=CARTESIAN_POINT('',(-42.997477842,99.219322512,142.763989489));
#10741=DIRECTION('',(-0.,-0.,-1.));
#10742=VECTOR('',#10741,0.005);
#10743=LINE('',#10740,#10742);
#10744=EDGE_CURVE('NONE',#10733,#2022,#10743,.T.);
#10745=ORIENTED_EDGE('',*,*,#10744,.T.);
#10746=EDGE_LOOP('',(#10723,#10731,#10739,#10745));
#10747=FACE_BOUND('',#10746,.T.);
#10748=ADVANCED_FACE('NONE',(#10747),#10722,.T.);
#10749=CARTESIAN_POINT('',(-42.997477842,99.219322512,142.763989489));
#10750=DIRECTION('',(-1.,0.,0.));
#10751=DIRECTION('',(0.,1.,-0.));
#10752=AXIS2_PLACEMENT_3D('',#10749,#10750,#10751);
#10753=PLANE('',#10752);
#10754=ORIENTED_EDGE('',*,*,#2035,.F.);
#10755=ORIENTED_EDGE('',*,*,#10744,.F.);
#10756=CARTESIAN_POINT('',(-42.997477842,99.950091743,142.763989489));
#10757=VERTEX_POINT('',#10756);
#10758=CARTESIAN_POINT('',(-42.997477842,99.219322512,142.763989489));
#10759=DIRECTION('',(0.,1.,-0.));
#10760=VECTOR('',#10759,0.730769231);
#10761=LINE('',#10758,#10760);
#10762=EDGE_CURVE('NONE',#10733,#10757,#10761,.T.);
#10763=ORIENTED_EDGE('',*,*,#10762,.T.);
#10764=CARTESIAN_POINT('',(-42.997477842,99.950091743,142.763989489));
#10765=DIRECTION('',(-0.,-0.,-1.));
#10766=VECTOR('',#10765,0.005);
#10767=LINE('',#10764,#10766);
#10768=EDGE_CURVE('NONE',#10757,#2030,#10767,.T.);
#10769=ORIENTED_EDGE('',*,*,#10768,.T.);
#10770=EDGE_LOOP('',(#10754,#10755,#10763,#10769));
#10771=FACE_BOUND('',#10770,.T.);
#10772=ADVANCED_FACE('NONE',(#10771),#10753,.T.);
#10773=CARTESIAN_POINT('',(-42.997477842,99.950091743,142.763989489));
#10774=DIRECTION('',(-0.,-1.,0.));
#10775=DIRECTION('',(-1.,0.,0.));
#10776=AXIS2_PLACEMENT_3D('',#10773,#10774,#10775);
#10777=PLANE('',#10776);
#10778=ORIENTED_EDGE('',*,*,#2043,.F.);
#10779=ORIENTED_EDGE('',*,*,#10768,.F.);
#10780=CARTESIAN_POINT('',(-43.266708611,99.950091743,142.763989489));
#10781=VERTEX_POINT('',#10780);
#10782=CARTESIAN_POINT('',(-42.997477842,99.950091743,142.763989489));
#10783=DIRECTION('',(-1.,0.,0.));
#10784=VECTOR('',#10783,0.269230769);
#10785=LINE('',#10782,#10784);
#10786=EDGE_CURVE('NONE',#10757,#10781,#10785,.T.);
#10787=ORIENTED_EDGE('',*,*,#10786,.T.);
#10788=CARTESIAN_POINT('',(-43.266708611,99.950091743,142.763989489));
#10789=DIRECTION('',(-0.,-0.,-1.));
#10790=VECTOR('',#10789,0.005);
#10791=LINE('',#10788,#10790);
#10792=EDGE_CURVE('NONE',#10781,#2038,#10791,.T.);
#10793=ORIENTED_EDGE('',*,*,#10792,.T.);
#10794=EDGE_LOOP('',(#10778,#10779,#10787,#10793));
#10795=FACE_BOUND('',#10794,.T.);
#10796=ADVANCED_FACE('NONE',(#10795),#10777,.T.);
#10797=CARTESIAN_POINT('',(-43.266708611,99.950091742,142.763989489));
#10798=DIRECTION('',(1.,-0.,-0.));
#10799=DIRECTION('',(-0.,-1.,0.));
#10800=AXIS2_PLACEMENT_3D('',#10797,#10798,#10799);
#10801=PLANE('',#10800);
#10802=ORIENTED_EDGE('',*,*,#2051,.F.);
#10803=ORIENTED_EDGE('',*,*,#10792,.F.);
#10804=CARTESIAN_POINT('',(-43.266708611,99.488553281,142.763989489));
#10805=VERTEX_POINT('',#10804);
#10806=CARTESIAN_POINT('',(-43.266708611,99.950091743,142.763989489));
#10807=DIRECTION('',(-0.,-1.,0.));
#10808=VECTOR('',#10807,0.461538462);
#10809=LINE('',#10806,#10808);
#10810=EDGE_CURVE('NONE',#10781,#10805,#10809,.T.);
#10811=ORIENTED_EDGE('',*,*,#10810,.T.);
#10812=CARTESIAN_POINT('',(-43.266708611,99.488553281,142.763989489));
#10813=DIRECTION('',(-0.,-0.,-1.));
#10814=VECTOR('',#10813,0.005);
#10815=LINE('',#10812,#10814);
#10816=EDGE_CURVE('NONE',#10805,#2046,#10815,.T.);
#10817=ORIENTED_EDGE('',*,*,#10816,.T.);
#10818=EDGE_LOOP('',(#10802,#10803,#10811,#10817));
#10819=FACE_BOUND('',#10818,.T.);
#10820=ADVANCED_FACE('NONE',(#10819),#10801,.T.);
#10821=CARTESIAN_POINT('',(-43.266708611,99.488553281,142.763989489));
#10822=DIRECTION('',(-0.,-1.,0.));
#10823=DIRECTION('',(-1.,0.,0.));
#10824=AXIS2_PLACEMENT_3D('',#10821,#10822,#10823);
#10825=PLANE('',#10824);
#10826=ORIENTED_EDGE('',*,*,#2059,.F.);
#10827=ORIENTED_EDGE('',*,*,#10816,.F.);
#10828=CARTESIAN_POINT('',(-43.55517015,99.488553281,142.763989489));
#10829=VERTEX_POINT('',#10828);
#10830=CARTESIAN_POINT('',(-43.266708611,99.488553281,142.763989489));
#10831=DIRECTION('',(-1.,0.,0.));
#10832=VECTOR('',#10831,0.288461539);
#10833=LINE('',#10830,#10832);
#10834=EDGE_CURVE('NONE',#10805,#10829,#10833,.T.);
#10835=ORIENTED_EDGE('',*,*,#10834,.T.);
#10836=CARTESIAN_POINT('',(-43.55517015,99.488553281,142.763989489));
#10837=DIRECTION('',(-0.,-0.,-1.));
#10838=VECTOR('',#10837,0.005);
#10839=LINE('',#10836,#10838);
#10840=EDGE_CURVE('NONE',#10829,#2054,#10839,.T.);
#10841=ORIENTED_EDGE('',*,*,#10840,.T.);
#10842=EDGE_LOOP('',(#10826,#10827,#10835,#10841));
#10843=FACE_BOUND('',#10842,.T.);
#10844=ADVANCED_FACE('NONE',(#10843),#10825,.T.);
#10845=CARTESIAN_POINT('',(-43.55517015,99.488553281,142.763989489));
#10846=DIRECTION('',(-1.,0.,0.));
#10847=DIRECTION('',(0.,1.,-0.));
#10848=AXIS2_PLACEMENT_3D('',#10845,#10846,#10847);
#10849=PLANE('',#10848);
#10850=ORIENTED_EDGE('',*,*,#2067,.F.);
#10851=ORIENTED_EDGE('',*,*,#10840,.F.);
#10852=CARTESIAN_POINT('',(-43.55517015,99.950091742,142.763989489));
#10853=VERTEX_POINT('',#10852);
#10854=CARTESIAN_POINT('',(-43.55517015,99.488553281,142.763989489));
#10855=DIRECTION('',(0.,1.,-0.));
#10856=VECTOR('',#10855,0.461538461);
#10857=LINE('',#10854,#10856);
#10858=EDGE_CURVE('NONE',#10829,#10853,#10857,.T.);
#10859=ORIENTED_EDGE('',*,*,#10858,.T.);
#10860=CARTESIAN_POINT('',(-43.55517015,99.950091742,142.763989489));
#10861=DIRECTION('',(-0.,-0.,-1.));
#10862=VECTOR('',#10861,0.005);
#10863=LINE('',#10860,#10862);
#10864=EDGE_CURVE('NONE',#10853,#2062,#10863,.T.);
#10865=ORIENTED_EDGE('',*,*,#10864,.T.);
#10866=EDGE_LOOP('',(#10850,#10851,#10859,#10865));
#10867=FACE_BOUND('',#10866,.T.);
#10868=ADVANCED_FACE('NONE',(#10867),#10849,.T.);
#10869=CARTESIAN_POINT('',(-43.55517015,99.950091742,142.763989489));
#10870=DIRECTION('',(-0.,-1.,0.));
#10871=DIRECTION('',(-1.,0.,0.));
#10872=AXIS2_PLACEMENT_3D('',#10869,#10870,#10871);
#10873=PLANE('',#10872);
#10874=ORIENTED_EDGE('',*,*,#2075,.F.);
#10875=ORIENTED_EDGE('',*,*,#10864,.F.);
#10876=CARTESIAN_POINT('',(-43.824400919,99.950091742,142.763989489));
#10877=VERTEX_POINT('',#10876);
#10878=CARTESIAN_POINT('',(-43.55517015,99.950091742,142.763989489));
#10879=DIRECTION('',(-1.,0.,0.));
#10880=VECTOR('',#10879,0.269230769);
#10881=LINE('',#10878,#10880);
#10882=EDGE_CURVE('NONE',#10853,#10877,#10881,.T.);
#10883=ORIENTED_EDGE('',*,*,#10882,.T.);
#10884=CARTESIAN_POINT('',(-43.824400919,99.950091742,142.763989489));
#10885=DIRECTION('',(-0.,-0.,-1.));
#10886=VECTOR('',#10885,0.005);
#10887=LINE('',#10884,#10886);
#10888=EDGE_CURVE('NONE',#10877,#2070,#10887,.T.);
#10889=ORIENTED_EDGE('',*,*,#10888,.T.);
#10890=EDGE_LOOP('',(#10874,#10875,#10883,#10889));
#10891=FACE_BOUND('',#10890,.T.);
#10892=ADVANCED_FACE('NONE',(#10891),#10873,.T.);
#10893=CARTESIAN_POINT('',(-43.824400919,99.950091742,142.763989489));
#10894=DIRECTION('',(1.,-0.,-0.));
#10895=DIRECTION('',(-0.,-1.,0.));
#10896=AXIS2_PLACEMENT_3D('',#10893,#10894,#10895);
#10897=PLANE('',#10896);
#10898=ORIENTED_EDGE('',*,*,#2083,.F.);
#10899=ORIENTED_EDGE('',*,*,#10888,.F.);
#10900=CARTESIAN_POINT('',(-43.824400919,99.488553281,142.763989489));
#10901=VERTEX_POINT('',#10900);
#10902=CARTESIAN_POINT('',(-43.824400919,99.950091742,142.763989489));
#10903=DIRECTION('',(-0.,-1.,0.));
#10904=VECTOR('',#10903,0.461538462);
#10905=LINE('',#10902,#10904);
#10906=EDGE_CURVE('NONE',#10877,#10901,#10905,.T.);
#10907=ORIENTED_EDGE('',*,*,#10906,.T.);
#10908=CARTESIAN_POINT('',(-43.824400919,99.488553281,142.763989489));
#10909=DIRECTION('',(-0.,-0.,-1.));
#10910=VECTOR('',#10909,0.005);
#10911=LINE('',#10908,#10910);
#10912=EDGE_CURVE('NONE',#10901,#2078,#10911,.T.);
#10913=ORIENTED_EDGE('',*,*,#10912,.T.);
#10914=EDGE_LOOP('',(#10898,#10899,#10907,#10913));
#10915=FACE_BOUND('',#10914,.T.);
#10916=ADVANCED_FACE('NONE',(#10915),#10897,.T.);
#10917=CARTESIAN_POINT('',(-43.824400919,99.488553281,142.763989489));
#10918=DIRECTION('',(-0.,-1.,0.));
#10919=DIRECTION('',(-1.,0.,0.));
#10920=AXIS2_PLACEMENT_3D('',#10917,#10918,#10919);
#10921=PLANE('',#10920);
#10922=ORIENTED_EDGE('',*,*,#2091,.F.);
#10923=ORIENTED_EDGE('',*,*,#10912,.F.);
#10924=CARTESIAN_POINT('',(-44.497477842,99.488553281,142.763989489));
#10925=VERTEX_POINT('',#10924);
#10926=CARTESIAN_POINT('',(-43.824400919,99.488553281,142.763989489));
#10927=DIRECTION('',(-1.,0.,0.));
#10928=VECTOR('',#10927,0.673076923);
#10929=LINE('',#10926,#10928);
#10930=EDGE_CURVE('NONE',#10901,#10925,#10929,.T.);
#10931=ORIENTED_EDGE('',*,*,#10930,.T.);
#10932=CARTESIAN_POINT('',(-44.497477842,99.488553281,142.763989489));
#10933=DIRECTION('',(-0.,-0.,-1.));
#10934=VECTOR('',#10933,0.005);
#10935=LINE('',#10932,#10934);
#10936=EDGE_CURVE('NONE',#10925,#2086,#10935,.T.);
#10937=ORIENTED_EDGE('',*,*,#10936,.T.);
#10938=EDGE_LOOP('',(#10922,#10923,#10931,#10937));
#10939=FACE_BOUND('',#10938,.T.);
#10940=ADVANCED_FACE('NONE',(#10939),#10921,.T.);
#10941=CARTESIAN_POINT('',(-44.497477842,99.488553281,142.763989489));
#10942=DIRECTION('',(1.,-0.,-0.));
#10943=DIRECTION('',(-0.,-1.,0.));
#10944=AXIS2_PLACEMENT_3D('',#10941,#10942,#10943);
#10945=PLANE('',#10944);
#10946=ORIENTED_EDGE('',*,*,#2097,.F.);
#10947=ORIENTED_EDGE('',*,*,#10936,.F.);
#10948=CARTESIAN_POINT('',(-44.497477842,99.488553281,142.763989489));
#10949=DIRECTION('',(-0.,-1.,0.));
#10950=VECTOR('',#10949,0.269230769);
#10951=LINE('',#10948,#10950);
#10952=EDGE_CURVE('NONE',#10925,#10725,#10951,.T.);
#10953=ORIENTED_EDGE('',*,*,#10952,.T.);
#10954=ORIENTED_EDGE('',*,*,#10730,.T.);
#10955=EDGE_LOOP('',(#10946,#10947,#10953,#10954));
#10956=FACE_BOUND('',#10955,.T.);
#10957=ADVANCED_FACE('NONE',(#10956),#10945,.T.);
#10958=CARTESIAN_POINT('',(-45.997477841,95.997758508,142.763989489));
#10959=DIRECTION('',(0.,0.,1.));
#10960=DIRECTION('',(-1.,0.,0.));
#10961=AXIS2_PLACEMENT_3D('',#10958,#10959,#10960);
#10962=PLANE('',#10961);
#10963=ORIENTED_EDGE('',*,*,#10738,.F.);
#10964=ORIENTED_EDGE('',*,*,#10952,.F.);
#10965=ORIENTED_EDGE('',*,*,#10930,.F.);
#10966=ORIENTED_EDGE('',*,*,#10906,.F.);
#10967=ORIENTED_EDGE('',*,*,#10882,.F.);
#10968=ORIENTED_EDGE('',*,*,#10858,.F.);
#10969=ORIENTED_EDGE('',*,*,#10834,.F.);
#10970=ORIENTED_EDGE('',*,*,#10810,.F.);
#10971=ORIENTED_EDGE('',*,*,#10786,.F.);
#10972=ORIENTED_EDGE('',*,*,#10762,.F.);
#10973=EDGE_LOOP('',(#10963,#10964,#10965,#10966,#10967,#10968,#10969,#10970,#10971,#10972));
#10974=FACE_BOUND('',#10973,.T.);
#10975=ADVANCED_FACE('NONE',(#10974),#10962,.F.);
#10976=CARTESIAN_POINT('',(-43.228247087,102.515415891,142.763989489));
#10977=CARTESIAN_POINT('',(-43.228247087,102.515415891,142.758989489));
#10978=CARTESIAN_POINT('',(-43.228499005,102.508293416,142.763989489));
#10979=CARTESIAN_POINT('',(-43.228499005,102.508293416,142.758989489));
#10980=CARTESIAN_POINT('',(-43.228994966,102.494271561,142.763989489));
#10981=CARTESIAN_POINT('',(-43.228994966,102.494271561,142.758989489));
#10982=CARTESIAN_POINT('',(-43.232296354,102.47366047,142.763989489));
#10983=CARTESIAN_POINT('',(-43.232296354,102.47366047,142.758989489));
#10984=CARTESIAN_POINT('',(-43.238114741,102.454047419,142.763989489));
#10985=CARTESIAN_POINT('',(-43.238114741,102.454047419,142.758989489));
#10986=CARTESIAN_POINT('',(-43.245910561,102.435214227,142.763989489));
#10987=CARTESIAN_POINT('',(-43.245910561,102.435214227,142.758989489));
#10988=CARTESIAN_POINT('',(-43.256243975,102.417361888,142.763989489));
#10989=CARTESIAN_POINT('',(-43.256243975,102.417361888,142.758989489));
#10990=CARTESIAN_POINT('',(-43.268981555,102.400535428,142.763989489));
#10991=CARTESIAN_POINT('',(-43.268981555,102.400535428,142.758989489));
#10992=CARTESIAN_POINT('',(-43.283799609,102.384557563,142.763989489));
#10993=CARTESIAN_POINT('',(-43.283799609,102.384557563,142.758989489));
#10994=CARTESIAN_POINT('',(-43.300651803,102.369501569,142.763989489));
#10995=CARTESIAN_POINT('',(-43.300651803,102.369501569,142.758989489));
#10996=CARTESIAN_POINT('',(-43.319458857,102.355798651,142.763989489));
#10997=CARTESIAN_POINT('',(-43.319458857,102.355798651,142.758989489));
#10998=CARTESIAN_POINT('',(-43.340049006,102.343627769,142.763989489));
#10999=CARTESIAN_POINT('',(-43.340049006,102.343627769,142.758989489));
#11000=CARTESIAN_POINT('',(-43.36240947,102.333564475,142.763989489));
#11001=CARTESIAN_POINT('',(-43.36240947,102.333564475,142.758989489));
#11002=CARTESIAN_POINT('',(-43.386245056,102.324704386,142.763989489));
#11003=CARTESIAN_POINT('',(-43.386245056,102.324704386,142.758989489));
#11004=CARTESIAN_POINT('',(-43.411811778,102.317871062,142.763989489));
#11005=CARTESIAN_POINT('',(-43.411811778,102.317871062,142.758989489));
#11006=CARTESIAN_POINT('',(-43.438956623,102.312895553,142.763989489));
#11007=CARTESIAN_POINT('',(-43.438956623,102.312895553,142.758989489));
#11008=CARTESIAN_POINT('',(-43.467635428,102.309113006,142.763989489));
#11009=CARTESIAN_POINT('',(-43.467635428,102.309113006,142.758989489));
#11010=CARTESIAN_POINT('',(-43.48734941,102.308235094,142.763989489));
#11011=CARTESIAN_POINT('',(-43.48734941,102.308235094,142.758989489));
#11012=CARTESIAN_POINT('',(-43.497477843,102.30778405,142.763989489));
#11013=CARTESIAN_POINT('',(-43.497477843,102.30778405,142.758989489));
#11014=B_SPLINE_SURFACE_WITH_KNOTS('',3,1,((#10976,#10977),(#10978,#10979),(#10980,#10981),(#10982,#10983),(#10984,#10985),(#10986,#10987),(#10988,#10989),(#10990,#10991),(#10992,#10993),(#10994,#10995),(#10996,#10997),(#10998,#10999),(#11000,#11001),(#11002,#11003),(#11004,#11005),(#11006,#11007),(#11008,#11009),(#11010,#11011),(#11012,#11013)),.UNSPECIFIED.,.F.,.F.,.U.,(4,1,1,1,1,1,1,1,1,1,1,1,1,1,1,1,4),(2,2),(0.000000979,0.056466868,0.111164099,0.164937097,0.218321752,0.272392923,0.327976343,0.385291052,0.444902918,0.506843819,0.569488185,0.634153216,0.700976095,0.770897497,0.843625611,0.919659676,1.),(0.,1.),.UNSPECIFIED.);
#11015=ORIENTED_EDGE('',*,*,#1082,.F.);
#11016=CARTESIAN_POINT('',(-43.228247069,102.515415522,142.763989489));
#11017=VERTEX_POINT('',#11016);
#11018=CARTESIAN_POINT('',(-43.228247074,102.515416261,142.763989489));
#11019=DIRECTION('',(-0.,-0.,-1.));
#11020=VECTOR('',#11019,0.005);
#11021=LINE('',#11018,#11020);
#11022=EDGE_CURVE('NONE',#11017,#1062,#11021,.T.);
#11023=ORIENTED_EDGE('',*,*,#11022,.F.);
#11024=CARTESIAN_POINT('',(-43.497477843,102.30778405,142.763989489));
#11025=VERTEX_POINT('',#11024);
#11026=CARTESIAN_POINT('',(-43.2282471,102.515415521,142.763989489));
#11027=CARTESIAN_POINT('',(-43.228805939,102.499615491,142.763989489));
#11028=CARTESIAN_POINT('',(-43.229989124,102.483872696,142.763989489));
#11029=CARTESIAN_POINT('',(-43.233996571,102.468580484,142.763989489));
#11030=CARTESIAN_POINT('',(-43.238004019,102.453288273,142.763989489));
#11031=CARTESIAN_POINT('',(-43.243973133,102.438476441,142.763989489));
#11032=CARTESIAN_POINT('',(-43.252040688,102.424856235,142.763989489));
#11033=CARTESIAN_POINT('',(-43.268175797,102.397615823,142.763989489));
#11034=CARTESIAN_POINT('',(-43.291562366,102.375007042,142.763989489));
#11035=CARTESIAN_POINT('',(-43.317497697,102.357555887,142.763989489));
#11036=CARTESIAN_POINT('',(-43.343433028,102.340104731,142.763989489));
#11037=CARTESIAN_POINT('',(-43.373092289,102.32787848,142.763989489));
#11038=CARTESIAN_POINT('',(-43.403722786,102.320166048,142.763989489));
#11039=CARTESIAN_POINT('',(-43.434353284,102.312453617,142.763989489));
#11040=CARTESIAN_POINT('',(-43.46592853,102.30918902,142.763989489));
#11041=CARTESIAN_POINT('',(-43.497477843,102.30778405,142.763989489));
#11042=B_SPLINE_CURVE_WITH_KNOTS('',3,(#11026,#11027,#11028,#11029,#11030,#11031,#11032,#11033,#11034,#11035,#11036,#11037,#11038,#11039,#11040,#11041),.UNSPECIFIED.,.F.,.F.,(4,3,3,3,3,4),(0.,0.000047429,0.000094858,0.000189717,0.000284575,0.000379434),.UNSPECIFIED.);
#11043=EDGE_CURVE('NONE',#11017,#11025,#11042,.T.);
#11044=ORIENTED_EDGE('',*,*,#11043,.T.);
#11045=CARTESIAN_POINT('',(-43.497477843,102.30778405,142.763989489));
#11046=DIRECTION('',(-0.,-0.,-1.));
#11047=VECTOR('',#11046,0.005);
#11048=LINE('',#11045,#11047);
#11049=EDGE_CURVE('NONE',#11025,#1064,#11048,.T.);
#11050=ORIENTED_EDGE('',*,*,#11049,.T.);
#11051=EDGE_LOOP('',(#11015,#11023,#11044,#11050));
#11052=FACE_BOUND('',#11051,.T.);
#11053=ADVANCED_FACE('NONE',(#11052),#11014,.T.);
#11054=CARTESIAN_POINT('',(-43.497477843,102.30778405,142.763989489));
#11055=DIRECTION('',(1.,-0.,-0.));
#11056=DIRECTION('',(-0.,-1.,0.));
#11057=AXIS2_PLACEMENT_3D('',#11054,#11055,#11056);
#11058=PLANE('',#11057);
#11059=ORIENTED_EDGE('',*,*,#1090,.F.);
#11060=ORIENTED_EDGE('',*,*,#11049,.F.);
#11061=CARTESIAN_POINT('',(-43.497477843,102.038553281,142.763989489));
#11062=VERTEX_POINT('',#11061);
#11063=CARTESIAN_POINT('',(-43.497477843,102.30778405,142.763989489));
#11064=DIRECTION('',(-0.,-1.,0.));
#11065=VECTOR('',#11064,0.269230769);
#11066=LINE('',#11063,#11065);
#11067=EDGE_CURVE('NONE',#11025,#11062,#11066,.T.);
#11068=ORIENTED_EDGE('',*,*,#11067,.T.);
#11069=CARTESIAN_POINT('',(-43.497477843,102.038553281,142.763989489));
#11070=DIRECTION('',(-0.,-0.,-1.));
#11071=VECTOR('',#11070,0.005);
#11072=LINE('',#11069,#11071);
#11073=EDGE_CURVE('NONE',#11062,#1085,#11072,.T.);
#11074=ORIENTED_EDGE('',*,*,#11073,.T.);
#11075=EDGE_LOOP('',(#11059,#11060,#11068,#11074));
#11076=FACE_BOUND('',#11075,.T.);
#11077=ADVANCED_FACE('NONE',(#11076),#11058,.T.);
#11078=CARTESIAN_POINT('',(-43.497477843,102.038553281,142.763989489));
#11079=CARTESIAN_POINT('',(-43.497477843,102.038553281,142.758989489));
#11080=CARTESIAN_POINT('',(-43.477111747,102.039715591,142.763989489));
#11081=CARTESIAN_POINT('',(-43.477111747,102.039715591,142.758989489));
#11082=CARTESIAN_POINT('',(-43.437317617,102.041986674,142.763989489));
#11083=CARTESIAN_POINT('',(-43.437317617,102.041986674,142.758989489));
#11084=CARTESIAN_POINT('',(-43.379518943,102.05103038,142.763989489));
#11085=CARTESIAN_POINT('',(-43.379518943,102.05103038,142.758989489));
#11086=CARTESIAN_POINT('',(-43.32489219,102.063117498,142.763989489));
#11087=CARTESIAN_POINT('',(-43.32489219,102.063117498,142.758989489));
#11088=CARTESIAN_POINT('',(-43.273601585,102.079387056,142.763989489));
#11089=CARTESIAN_POINT('',(-43.273601585,102.079387056,142.758989489));
#11090=CARTESIAN_POINT('',(-43.225625581,102.099426667,142.763989489));
#11091=CARTESIAN_POINT('',(-43.225625581,102.099426667,142.758989489));
#11092=CARTESIAN_POINT('',(-43.181123095,102.123735093,142.763989489));
#11093=CARTESIAN_POINT('',(-43.181123095,102.123735093,142.758989489));
#11094=CARTESIAN_POINT('',(-43.139775247,102.151586572,142.763989489));
#11095=CARTESIAN_POINT('',(-43.139775247,102.151586572,142.758989489));
#11096=CARTESIAN_POINT('',(-43.102307194,102.183542501,142.763989489));
#11097=CARTESIAN_POINT('',(-43.102307194,102.183542501,142.758989489));
#11098=CARTESIAN_POINT('',(-43.068622275,102.218305946,142.763989489));
#11099=CARTESIAN_POINT('',(-43.068622275,102.218305946,142.758989489));
#11100=CARTESIAN_POINT('',(-43.039174035,102.255787784,142.763989489));
#11101=CARTESIAN_POINT('',(-43.039174035,102.255787784,142.758989489));
#11102=CARTESIAN_POINT('',(-43.014522008,102.295881543,142.763989489));
#11103=CARTESIAN_POINT('',(-43.014522008,102.295881543,142.758989489));
#11104=CARTESIAN_POINT('',(-42.994299837,102.338319125,142.763989489));
#11105=CARTESIAN_POINT('',(-42.994299837,102.338319125,142.758989489));
#11106=CARTESIAN_POINT('',(-42.978119495,102.382933841,142.763989489));
#11107=CARTESIAN_POINT('',(-42.978119495,102.382933841,142.758989489));
#11108=CARTESIAN_POINT('',(-42.967307322,102.430176457,142.763989489));
#11109=CARTESIAN_POINT('',(-42.967307322,102.430176457,142.758989489));
#11110=CARTESIAN_POINT('',(-42.95998363,102.479630122,142.763989489));
#11111=CARTESIAN_POINT('',(-42.95998363,102.479630122,142.758989489));
#11112=CARTESIAN_POINT('',(-42.95934288,102.51348546,142.763989489));
#11113=CARTESIAN_POINT('',(-42.95934288,102.51348546,142.758989489));
#11114=CARTESIAN_POINT('',(-42.959016304,102.530740781,142.763989489));
#11115=CARTESIAN_POINT('',(-42.959016304,102.530740781,142.758989489));
#11116=B_SPLINE_SURFACE_WITH_KNOTS('',3,1,((#11078,#11079),(#11080,#11081),(#11082,#11083),(#11084,#11085),(#11086,#11087),(#11088,#11089),(#11090,#11091),(#11092,#11093),(#11094,#11095),(#11096,#11097),(#11098,#11099),(#11100,#11101),(#11102,#11103),(#11104,#11105),(#11106,#11107),(#11108,#11109),(#11110,#11111),(#11112,#11113),(#11114,#11115)),.UNSPECIFIED.,.F.,.F.,.U.,(4,1,1,1,1,1,1,1,1,1,1,1,1,1,1,1,4),(2,2),(0.,0.074933003,0.146414589,0.214733178,0.280395691,0.343911834,0.405520742,0.466476199,0.526809321,0.586167611,0.644122379,0.701640578,0.758775823,0.81664635,0.875666936,0.936630174,1.),(0.,1.),.UNSPECIFIED.);
#11117=ORIENTED_EDGE('',*,*,#1111,.F.);
#11118=ORIENTED_EDGE('',*,*,#11073,.F.);
#11119=CARTESIAN_POINT('',(-42.959016304,102.530740781,142.763989489));
#11120=VERTEX_POINT('',#11119);
#11121=CARTESIAN_POINT('',(-43.497477843,102.038553281,142.763989489));
#11122=CARTESIAN_POINT('',(-43.429482512,102.042433832,142.763989489));
#11123=CARTESIAN_POINT('',(-43.36143511,102.05145813,142.763989489));
#11124=CARTESIAN_POINT('',(-43.296594976,102.072306376,142.763989489));
#11125=CARTESIAN_POINT('',(-43.231754842,102.093154622,142.763989489));
#11126=CARTESIAN_POINT('',(-43.170318742,102.125463103,142.763989489));
#11127=CARTESIAN_POINT('',(-43.11879702,102.1697634,142.763989489));
#11128=CARTESIAN_POINT('',(-43.067275297,102.214063697,142.763989489));
#11129=CARTESIAN_POINT('',(-43.025058813,102.269555372,142.763989489));
#11130=CARTESIAN_POINT('',(-42.99785347,102.331930171,142.763989489));
#11131=CARTESIAN_POINT('',(-42.984250798,102.36311757,142.763989489));
#11132=CARTESIAN_POINT('',(-42.974480417,102.395789993,142.763989489));
#11133=CARTESIAN_POINT('',(-42.96813642,102.429220887,142.763989489));
#11134=CARTESIAN_POINT('',(-42.961792423,102.462651781,142.763989489));
#11135=CARTESIAN_POINT('',(-42.959660348,102.496711371,142.763989489));
#11136=CARTESIAN_POINT('',(-42.959016304,102.530740781,142.763989489));
#11137=B_SPLINE_CURVE_WITH_KNOTS('',3,(#11121,#11122,#11123,#11124,#11125,#11126,#11127,#11128,#11129,#11130,#11131,#11132,#11133,#11134,#11135,#11136),.UNSPECIFIED.,.F.,.F.,(4,3,3,3,3,4),(0.,0.000204318,0.000408636,0.000612954,0.000715113,0.000817272),.UNSPECIFIED.);
#11138=EDGE_CURVE('NONE',#11062,#11120,#11137,.T.);
#11139=ORIENTED_EDGE('',*,*,#11138,.T.);
#11140=CARTESIAN_POINT('',(-42.959016304,102.530740781,142.763989489));
#11141=DIRECTION('',(-0.,-0.,-1.));
#11142=VECTOR('',#11141,0.005);
#11143=LINE('',#11140,#11142);
#11144=EDGE_CURVE('NONE',#11120,#1093,#11143,.T.);
#11145=ORIENTED_EDGE('',*,*,#11144,.T.);
#11146=EDGE_LOOP('',(#11117,#11118,#11139,#11145));
#11147=FACE_BOUND('',#11146,.T.);
#11148=ADVANCED_FACE('NONE',(#11147),#11116,.T.);
#11149=CARTESIAN_POINT('',(-42.959016304,102.530740781,142.763989489));
#11150=CARTESIAN_POINT('',(-42.959016304,102.530740781,142.758989489));
#11151=CARTESIAN_POINT('',(-42.959633853,102.551930487,142.763989489));
#11152=CARTESIAN_POINT('',(-42.959633853,102.551930487,142.758989489));
#11153=CARTESIAN_POINT('',(-42.960839981,102.593315935,142.763989489));
#11154=CARTESIAN_POINT('',(-42.960839981,102.593315935,142.758989489));
#11155=CARTESIAN_POINT('',(-42.972452773,102.653260229,142.763989489));
#11156=CARTESIAN_POINT('',(-42.972452773,102.653260229,142.758989489));
#11157=CARTESIAN_POINT('',(-42.990341028,102.709600622,142.763989489));
#11158=CARTESIAN_POINT('',(-42.990341028,102.709600622,142.758989489));
#11159=CARTESIAN_POINT('',(-43.016069442,102.761780358,142.763989489));
#11160=CARTESIAN_POINT('',(-43.016069442,102.761780358,142.758989489));
#11161=CARTESIAN_POINT('',(-43.048661178,102.809525954,142.763989489));
#11162=CARTESIAN_POINT('',(-43.048661178,102.809525954,142.758989489));
#11163=CARTESIAN_POINT('',(-43.08793841,102.852269818,142.763989489));
#11164=CARTESIAN_POINT('',(-43.08793841,102.852269818,142.758989489));
#11165=CARTESIAN_POINT('',(-43.133419351,102.890208122,142.763989489));
#11166=CARTESIAN_POINT('',(-43.133419351,102.890208122,142.758989489));
#11167=CARTESIAN_POINT('',(-43.184771579,102.922090173,142.763989489));
#11168=CARTESIAN_POINT('',(-43.184771579,102.922090173,142.758989489));
#11169=CARTESIAN_POINT('',(-43.239337897,102.948021832,142.763989489));
#11170=CARTESIAN_POINT('',(-43.239337897,102.948021832,142.758989489));
#11171=CARTESIAN_POINT('',(-43.295431714,102.96674508,142.763989489));
#11172=CARTESIAN_POINT('',(-43.295431714,102.96674508,142.758989489));
#11173=CARTESIAN_POINT('',(-43.351922024,102.978906136,142.763989489));
#11174=CARTESIAN_POINT('',(-43.351922024,102.978906136,142.758989489));
#11175=CARTESIAN_POINT('',(-43.389946219,102.980212161,142.763989489));
#11176=CARTESIAN_POINT('',(-43.389946219,102.980212161,142.758989489));
#11177=CARTESIAN_POINT('',(-43.408836017,102.980860973,142.763989489));
#11178=CARTESIAN_POINT('',(-43.408836017,102.980860973,142.758989489));
#11179=B_SPLINE_SURFACE_WITH_KNOTS('',3,1,((#11149,#11150),(#11151,#11152),(#11153,#11154),(#11155,#11156),(#11157,#11158),(#11159,#11160),(#11161,#11162),(#11163,#11164),(#11165,#11166),(#11167,#11168),(#11169,#11170),(#11171,#11172),(#11173,#11174),(#11175,#11176),(#11177,#11178)),.UNSPECIFIED.,.F.,.F.,.U.,(4,1,1,1,1,1,1,1,1,1,1,1,4),(2,2),(0.,0.089600563,0.174998156,0.257453069,0.339173352,0.420313103,0.501335362,0.584116615,0.670221644,0.756511219,0.839231653,0.920132915,1.),(0.,1.),.UNSPECIFIED.);
#11180=ORIENTED_EDGE('',*,*,#1135,.F.);
#11181=ORIENTED_EDGE('',*,*,#11144,.F.);
#11182=CARTESIAN_POINT('',(-43.408836459,102.980860963,142.763989489));
#11183=VERTEX_POINT('',#11182);
#11184=CARTESIAN_POINT('',(-42.959016304,102.530740781,142.763989489));
#11185=CARTESIAN_POINT('',(-42.959877546,102.560292241,142.763989489));
#11186=CARTESIAN_POINT('',(-42.961095053,102.589904654,142.763989489));
#11187=CARTESIAN_POINT('',(-42.966231274,102.61902359,142.763989489));
#11188=CARTESIAN_POINT('',(-42.971367495,102.648142527,142.763989489));
#11189=CARTESIAN_POINT('',(-42.97916919,102.676814812,142.763989489));
#11190=CARTESIAN_POINT('',(-42.98984904,102.704369837,142.763989489));
#11191=CARTESIAN_POINT('',(-43.01120874,102.759479887,142.763989489));
#11192=CARTESIAN_POINT('',(-43.045052692,102.809351473,142.763989489));
#11193=CARTESIAN_POINT('',(-43.087730404,102.850294322,142.763989489));
#11194=CARTESIAN_POINT('',(-43.130408116,102.891237171,142.763989489));
#11195=CARTESIAN_POINT('',(-43.181528144,102.922883229,142.763989489));
#11196=CARTESIAN_POINT('',(-43.236206171,102.94543298,142.763989489));
#11197=CARTESIAN_POINT('',(-43.263545184,102.956707856,142.763989489));
#11198=CARTESIAN_POINT('',(-43.291859747,102.965650145,142.763989489));
#11199=CARTESIAN_POINT('',(-43.320747887,102.971859795,142.763989489));
#11200=CARTESIAN_POINT('',(-43.349636026,102.978069445,142.763989489));
#11201=CARTESIAN_POINT('',(-43.37928222,102.979845882,142.763989489));
#11202=CARTESIAN_POINT('',(-43.408836902,102.980861004,142.763989489));
#11203=B_SPLINE_CURVE_WITH_KNOTS('',3,(#11184,#11185,#11186,#11187,#11188,#11189,#11190,#11191,#11192,#11193,#11194,#11195,#11196,#11197,#11198,#11199,#11200,#11201,#11202),.UNSPECIFIED.,.F.,.F.,(4,3,3,3,3,3,4),(0.,0.000088692,0.000177384,0.000354768,0.000532152,0.000620844,0.000709536),.UNSPECIFIED.);
#11204=EDGE_CURVE('NONE',#11120,#11183,#11203,.T.);
#11205=ORIENTED_EDGE('',*,*,#11204,.T.);
#11206=CARTESIAN_POINT('',(-43.408836015,102.980860973,142.763989489));
#11207=DIRECTION('',(-0.,-0.,-1.));
#11208=VECTOR('',#11207,0.005);
#11209=LINE('',#11206,#11208);
#11210=EDGE_CURVE('NONE',#11183,#1114,#11209,.T.);
#11211=ORIENTED_EDGE('',*,*,#11210,.T.);
#11212=EDGE_LOOP('',(#11180,#11181,#11205,#11211));
#11213=FACE_BOUND('',#11212,.T.);
#11214=ADVANCED_FACE('NONE',(#11213),#11179,.T.);
#11215=CARTESIAN_POINT('',(-43.408836459,102.980860963,142.763989489));
#11216=CARTESIAN_POINT('',(-43.408836459,102.980860963,142.758989489));
#11217=CARTESIAN_POINT('',(-43.420262858,102.98060931,142.763989489));
#11218=CARTESIAN_POINT('',(-43.420262858,102.98060931,142.758989489));
#11219=CARTESIAN_POINT('',(-43.443261526,102.98010278,142.763989489));
#11220=CARTESIAN_POINT('',(-43.443261526,102.98010278,142.758989489));
#11221=CARTESIAN_POINT('',(-43.478064231,102.976580881,142.763989489));
#11222=CARTESIAN_POINT('',(-43.478064231,102.976580881,142.758989489));
#11223=CARTESIAN_POINT('',(-43.513515006,102.971297312,142.763989489));
#11224=CARTESIAN_POINT('',(-43.513515006,102.971297312,142.758989489));
#11225=CARTESIAN_POINT('',(-43.549583306,102.963330978,142.763989489));
#11226=CARTESIAN_POINT('',(-43.549583306,102.963330978,142.758989489));
#11227=CARTESIAN_POINT('',(-43.586279248,102.953396316,142.763989489));
#11228=CARTESIAN_POINT('',(-43.586279248,102.953396316,142.758989489));
#11229=CARTESIAN_POINT('',(-43.62371262,102.941344095,142.763989489));
#11230=CARTESIAN_POINT('',(-43.62371262,102.941344095,142.758989489));
#11231=CARTESIAN_POINT('',(-43.661671313,102.926894938,142.763989489));
#11232=CARTESIAN_POINT('',(-43.661671313,102.926894938,142.758989489));
#11233=CARTESIAN_POINT('',(-43.700582054,102.910289255,142.763989489));
#11234=CARTESIAN_POINT('',(-43.700582054,102.910289255,142.758989489));
#11235=CARTESIAN_POINT('',(-43.740573138,102.890481026,142.763989489));
#11236=CARTESIAN_POINT('',(-43.740573138,102.890481026,142.758989489));
#11237=CARTESIAN_POINT('',(-43.782235933,102.867407253,142.763989489));
#11238=CARTESIAN_POINT('',(-43.782235933,102.867407253,142.758989489));
#11239=CARTESIAN_POINT('',(-43.825685083,102.840431259,142.763989489));
#11240=CARTESIAN_POINT('',(-43.825685083,102.840431259,142.758989489));
#11241=CARTESIAN_POINT('',(-43.870785314,102.809816408,142.763989489));
#11242=CARTESIAN_POINT('',(-43.870785314,102.809816408,142.758989489));
#11243=CARTESIAN_POINT('',(-43.917886389,102.775778359,142.763989489));
#11244=CARTESIAN_POINT('',(-43.917886389,102.775778359,142.758989489));
#11245=CARTESIAN_POINT('',(-43.966430469,102.737799015,142.763989489));
#11246=CARTESIAN_POINT('',(-43.966430469,102.737799015,142.758989489));
#11247=CARTESIAN_POINT('',(-44.016965612,102.696364801,142.763989489));
#11248=CARTESIAN_POINT('',(-44.016965612,102.696364801,142.758989489));
#11249=CARTESIAN_POINT('',(-44.050738949,102.666948086,142.763989489));
#11250=CARTESIAN_POINT('',(-44.050738949,102.666948086,142.758989489));
#11251=CARTESIAN_POINT('',(-44.068090824,102.65183453,142.763989489));
#11252=CARTESIAN_POINT('',(-44.068090824,102.65183453,142.758989489));
#11253=B_SPLINE_SURFACE_WITH_KNOTS('',3,1,((#11215,#11216),(#11217,#11218),(#11219,#11220),(#11221,#11222),(#11223,#11224),(#11225,#11226),(#11227,#11228),(#11229,#11230),(#11231,#11232),(#11233,#11234),(#11235,#11236),(#11237,#11238),(#11239,#11240),(#11241,#11242),(#11243,#11244),(#11245,#11246),(#11247,#11248),(#11249,#11250),(#11251,#11252)),.UNSPECIFIED.,.F.,.F.,.U.,(4,1,1,1,1,1,1,1,1,1,1,1,1,1,1,1,4),(2,2),(0.000000588,0.045517904,0.091616298,0.139247022,0.188242195,0.238673879,0.290664849,0.344841011,0.400432949,0.459145256,0.522552799,0.590102836,0.662815821,0.739680435,0.821574873,0.908329739,1.),(0.,1.),.UNSPECIFIED.);
#11254=ORIENTED_EDGE('',*,*,#1147,.F.);
#11255=ORIENTED_EDGE('',*,*,#11210,.F.);
#11256=CARTESIAN_POINT('',(-44.068090824,102.65183453,142.763989489));
#11257=VERTEX_POINT('',#11256);
#11258=CARTESIAN_POINT('',(-43.408836903,102.980860954,142.763989489));
#11259=CARTESIAN_POINT('',(-43.534317011,102.978097395,142.763989489));
#11260=CARTESIAN_POINT('',(-43.656998475,102.937629657,142.763989489));
#11261=CARTESIAN_POINT('',(-43.766373126,102.876055756,142.763989489));
#11262=CARTESIAN_POINT('',(-43.875747776,102.814481856,142.763989489));
#11263=CARTESIAN_POINT('',(-43.973438278,102.734277288,142.763989489));
#11264=CARTESIAN_POINT('',(-44.068090824,102.65183453,142.763989489));
#11265=B_SPLINE_CURVE_WITH_KNOTS('',3,(#11258,#11259,#11260,#11261,#11262,#11263,#11264),.UNSPECIFIED.,.F.,.F.,(4,3,4),(0.,0.000376531,0.000753063),.UNSPECIFIED.);
#11266=EDGE_CURVE('NONE',#11183,#11257,#11265,.T.);
#11267=ORIENTED_EDGE('',*,*,#11266,.T.);
#11268=CARTESIAN_POINT('',(-44.068090824,102.65183453,142.763989489));
#11269=DIRECTION('',(-0.,-0.,-1.));
#11270=VECTOR('',#11269,0.005);
#11271=LINE('',#11268,#11270);
#11272=EDGE_CURVE('NONE',#11257,#1138,#11271,.T.);
#11273=ORIENTED_EDGE('',*,*,#11272,.T.);
#11274=EDGE_LOOP('',(#11254,#11255,#11267,#11273));
#11275=FACE_BOUND('',#11274,.T.);
#11276=ADVANCED_FACE('NONE',(#11275),#11253,.T.);
#11277=CARTESIAN_POINT('',(-44.068090824,102.65183453,142.763989489));
#11278=DIRECTION('',(0.657521222,-0.753436025,0.));
#11279=DIRECTION('',(-0.753436025,-0.657521222,0.));
#11280=AXIS2_PLACEMENT_3D('',#11277,#11278,#11279);
#11281=PLANE('',#11280);
#11282=ORIENTED_EDGE('',*,*,#1155,.F.);
#11283=ORIENTED_EDGE('',*,*,#11272,.F.);
#11284=CARTESIAN_POINT('',(-44.247477843,102.49528405,142.763989489));
#11285=VERTEX_POINT('',#11284);
#11286=CARTESIAN_POINT('',(-44.068090824,102.65183453,142.763989489));
#11287=DIRECTION('',(-0.753436025,-0.657521222,0.));
#11288=VECTOR('',#11287,0.238091905);
#11289=LINE('',#11286,#11288);
#11290=EDGE_CURVE('NONE',#11257,#11285,#11289,.T.);
#11291=ORIENTED_EDGE('',*,*,#11290,.T.);
#11292=CARTESIAN_POINT('',(-44.247477843,102.49528405,142.763989489));
#11293=DIRECTION('',(-0.,-0.,-1.));
#11294=VECTOR('',#11293,0.005);
#11295=LINE('',#11292,#11294);
#11296=EDGE_CURVE('NONE',#11285,#1150,#11295,.T.);
#11297=ORIENTED_EDGE('',*,*,#11296,.T.);
#11298=EDGE_LOOP('',(#11282,#11283,#11291,#11297));
#11299=FACE_BOUND('',#11298,.T.);
#11300=ADVANCED_FACE('NONE',(#11299),#11281,.T.);
#11301=CARTESIAN_POINT('',(-44.247477843,102.49528405,142.763989489));
#11302=DIRECTION('',(-1.,0.,0.));
#11303=DIRECTION('',(0.,1.,-0.));
#11304=AXIS2_PLACEMENT_3D('',#11301,#11302,#11303);
#11305=PLANE('',#11304);
#11306=ORIENTED_EDGE('',*,*,#1163,.F.);
#11307=ORIENTED_EDGE('',*,*,#11296,.F.);
#11308=CARTESIAN_POINT('',(-44.247477843,103.000091742,142.763989489));
#11309=VERTEX_POINT('',#11308);
#11310=CARTESIAN_POINT('',(-44.247477843,102.49528405,142.763989489));
#11311=DIRECTION('',(0.,1.,-0.));
#11312=VECTOR('',#11311,0.504807692);
#11313=LINE('',#11310,#11312);
#11314=EDGE_CURVE('NONE',#11285,#11309,#11313,.T.);
#11315=ORIENTED_EDGE('',*,*,#11314,.T.);
#11316=CARTESIAN_POINT('',(-44.247477843,103.000091742,142.763989489));
#11317=DIRECTION('',(-0.,-0.,-1.));
#11318=VECTOR('',#11317,0.005);
#11319=LINE('',#11316,#11318);
#11320=EDGE_CURVE('NONE',#11309,#1158,#11319,.T.);
#11321=ORIENTED_EDGE('',*,*,#11320,.T.);
#11322=EDGE_LOOP('',(#11306,#11307,#11315,#11321));
#11323=FACE_BOUND('',#11322,.T.);
#11324=ADVANCED_FACE('NONE',(#11323),#11305,.T.);
#11325=CARTESIAN_POINT('',(-44.247477843,103.000091742,142.763989489));
#11326=DIRECTION('',(-0.,-1.,0.));
#11327=DIRECTION('',(-1.,0.,0.));
#11328=AXIS2_PLACEMENT_3D('',#11325,#11326,#11327);
#11329=PLANE('',#11328);
#11330=ORIENTED_EDGE('',*,*,#1171,.F.);
#11331=ORIENTED_EDGE('',*,*,#11320,.F.);
#11332=CARTESIAN_POINT('',(-44.497477843,103.000091742,142.763989489));
#11333=VERTEX_POINT('',#11332);
#11334=CARTESIAN_POINT('',(-44.247477843,103.000091742,142.763989489));
#11335=DIRECTION('',(-1.,0.,0.));
#11336=VECTOR('',#11335,0.25);
#11337=LINE('',#11334,#11336);
#11338=EDGE_CURVE('NONE',#11309,#11333,#11337,.T.);
#11339=ORIENTED_EDGE('',*,*,#11338,.T.);
#11340=CARTESIAN_POINT('',(-44.497477843,103.000091742,142.763989489));
#11341=DIRECTION('',(-0.,-0.,-1.));
#11342=VECTOR('',#11341,0.005);
#11343=LINE('',#11340,#11342);
#11344=EDGE_CURVE('NONE',#11333,#1166,#11343,.T.);
#11345=ORIENTED_EDGE('',*,*,#11344,.T.);
#11346=EDGE_LOOP('',(#11330,#11331,#11339,#11345));
#11347=FACE_BOUND('',#11346,.T.);
#11348=ADVANCED_FACE('NONE',(#11347),#11329,.T.);
#11349=CARTESIAN_POINT('',(-44.497477843,103.000091742,142.763989489));
#11350=DIRECTION('',(1.,-0.,-0.));
#11351=DIRECTION('',(-0.,-1.,0.));
#11352=AXIS2_PLACEMENT_3D('',#11349,#11350,#11351);
#11353=PLANE('',#11352);
#11354=ORIENTED_EDGE('',*,*,#1179,.F.);
#11355=ORIENTED_EDGE('',*,*,#11344,.F.);
#11356=CARTESIAN_POINT('',(-44.497477843,102.000091741,142.763989489));
#11357=VERTEX_POINT('',#11356);
#11358=CARTESIAN_POINT('',(-44.497477843,103.000091742,142.763989489));
#11359=DIRECTION('',(-0.,-1.,0.));
#11360=VECTOR('',#11359,1.000000001);
#11361=LINE('',#11358,#11360);
#11362=EDGE_CURVE('NONE',#11333,#11357,#11361,.T.);
#11363=ORIENTED_EDGE('',*,*,#11362,.T.);
#11364=CARTESIAN_POINT('',(-44.497477843,102.000091741,142.763989489));
#11365=DIRECTION('',(-0.,-0.,-1.));
#11366=VECTOR('',#11365,0.005);
#11367=LINE('',#11364,#11366);
#11368=EDGE_CURVE('NONE',#11357,#1174,#11367,.T.);
#11369=ORIENTED_EDGE('',*,*,#11368,.T.);
#11370=EDGE_LOOP('',(#11354,#11355,#11363,#11369));
#11371=FACE_BOUND('',#11370,.T.);
#11372=ADVANCED_FACE('NONE',(#11371),#11353,.T.);
#11373=CARTESIAN_POINT('',(-44.497477843,102.000091741,142.763989489));
#11374=DIRECTION('',(0.,1.,-0.));
#11375=DIRECTION('',(1.,-0.,-0.));
#11376=AXIS2_PLACEMENT_3D('',#11373,#11374,#11375);
#11377=PLANE('',#11376);
#11378=ORIENTED_EDGE('',*,*,#1187,.F.);
#11379=ORIENTED_EDGE('',*,*,#11368,.F.);
#11380=CARTESIAN_POINT('',(-44.361059574,102.000091741,142.763989489));
#11381=VERTEX_POINT('',#11380);
#11382=CARTESIAN_POINT('',(-44.497477843,102.000091741,142.763989489));
#11383=DIRECTION('',(1.,-0.,-0.));
#11384=VECTOR('',#11383,0.136418269);
#11385=LINE('',#11382,#11384);
#11386=EDGE_CURVE('NONE',#11357,#11381,#11385,.T.);
#11387=ORIENTED_EDGE('',*,*,#11386,.T.);
#11388=CARTESIAN_POINT('',(-44.361059574,102.000091741,142.763989489));
#11389=DIRECTION('',(-0.,-0.,-1.));
#11390=VECTOR('',#11389,0.005);
#11391=LINE('',#11388,#11390);
#11392=EDGE_CURVE('NONE',#11381,#1182,#11391,.T.);
#11393=ORIENTED_EDGE('',*,*,#11392,.T.);
#11394=EDGE_LOOP('',(#11378,#11379,#11387,#11393));
#11395=FACE_BOUND('',#11394,.T.);
#11396=ADVANCED_FACE('NONE',(#11395),#11377,.T.);
#11397=CARTESIAN_POINT('',(-44.361059574,102.000091742,142.763989489));
#11398=DIRECTION('',(-0.684757496,0.728771001,-0.));
#11399=DIRECTION('',(0.728771001,0.684757496,-0.));
#11400=AXIS2_PLACEMENT_3D('',#11397,#11398,#11399);
#11401=PLANE('',#11400);
#11402=ORIENTED_EDGE('',*,*,#1195,.F.);
#11403=ORIENTED_EDGE('',*,*,#11392,.F.);
#11404=CARTESIAN_POINT('',(-43.888403324,102.444202319,142.763989489));
#11405=VERTEX_POINT('',#11404);
#11406=CARTESIAN_POINT('',(-44.361059574,102.000091742,142.763989489));
#11407=DIRECTION('',(0.728771001,0.684757496,-0.));
#11408=VECTOR('',#11407,0.648566215);
#11409=LINE('',#11406,#11408);
#11410=EDGE_CURVE('NONE',#11381,#11405,#11409,.T.);
#11411=ORIENTED_EDGE('',*,*,#11410,.T.);
#11412=CARTESIAN_POINT('',(-43.888403324,102.444202319,142.763989489));
#11413=DIRECTION('',(-0.,-0.,-1.));
#11414=VECTOR('',#11413,0.005);
#11415=LINE('',#11412,#11414);
#11416=EDGE_CURVE('NONE',#11405,#1190,#11415,.T.);
#11417=ORIENTED_EDGE('',*,*,#11416,.T.);
#11418=EDGE_LOOP('',(#11402,#11403,#11411,#11417));
#11419=FACE_BOUND('',#11418,.T.);
#11420=ADVANCED_FACE('NONE',(#11419),#11401,.T.);
#11421=CARTESIAN_POINT('',(-43.888403324,102.444202319,142.763989489));
#11422=CARTESIAN_POINT('',(-43.888403324,102.444202319,142.758989489));
#11423=CARTESIAN_POINT('',(-43.874615932,102.457060665,142.763989489));
#11424=CARTESIAN_POINT('',(-43.874615932,102.457060665,142.758989489));
#11425=CARTESIAN_POINT('',(-43.847913841,102.481963468,142.763989489));
#11426=CARTESIAN_POINT('',(-43.847913841,102.481963468,142.758989489));
#11427=CARTESIAN_POINT('',(-43.80869674,102.517394284,142.763989489));
#11428=CARTESIAN_POINT('',(-43.80869674,102.517394284,142.758989489));
#11429=CARTESIAN_POINT('',(-43.771488681,102.549467842,142.763989489));
#11430=CARTESIAN_POINT('',(-43.771488681,102.549467842,142.758989489));
#11431=CARTESIAN_POINT('',(-43.735858173,102.577466982,142.763989489));
#11432=CARTESIAN_POINT('',(-43.735858173,102.577466982,142.758989489));
#11433=CARTESIAN_POINT('',(-43.703011617,102.603085732,142.763989489));
#11434=CARTESIAN_POINT('',(-43.703011617,102.603085732,142.758989489));
#11435=CARTESIAN_POINT('',(-43.67170729,102.624517701,142.763989489));
#11436=CARTESIAN_POINT('',(-43.67170729,102.624517701,142.758989489));
#11437=CARTESIAN_POINT('',(-43.642826777,102.64318232,142.763989489));
#11438=CARTESIAN_POINT('',(-43.642826777,102.64318232,142.758989489));
#11439=CARTESIAN_POINT('',(-43.60762258,102.662679486,142.763989489));
#11440=CARTESIAN_POINT('',(-43.60762258,102.662679486,142.758989489));
#11441=CARTESIAN_POINT('',(-43.565952431,102.681621498,142.763989489));
#11442=CARTESIAN_POINT('',(-43.565952431,102.681621498,142.758989489));
#11443=CARTESIAN_POINT('',(-43.517976379,102.698991023,142.763989489));
#11444=CARTESIAN_POINT('',(-43.517976379,102.698991023,142.758989489));
#11445=CARTESIAN_POINT('',(-43.472090168,102.709472816,142.763989489));
#11446=CARTESIAN_POINT('',(-43.472090168,102.709472816,142.758989489));
#11447=CARTESIAN_POINT('',(-43.442136196,102.710930774,142.763989489));
#11448=CARTESIAN_POINT('',(-43.442136196,102.710930774,142.758989489));
#11449=CARTESIAN_POINT('',(-43.427766305,102.711630204,142.763989489));
#11450=CARTESIAN_POINT('',(-43.427766305,102.711630204,142.758989489));
#11451=B_SPLINE_SURFACE_WITH_KNOTS('',3,1,((#11421,#11422),(#11423,#11424),(#11425,#11426),(#11427,#11428),(#11429,#11430),(#11431,#11432),(#11433,#11434),(#11435,#11436),(#11437,#11438),(#11439,#11440),(#11441,#11442),(#11443,#11444),(#11445,#11446),(#11447,#11448),(#11449,#11450)),.UNSPECIFIED.,.F.,.F.,.U.,(4,1,1,1,1,1,1,1,1,1,1,1,4),(2,2),(0.,0.103849362,0.201125417,0.291130963,0.374368006,0.450730997,0.520520564,0.583275415,0.640080008,0.742043557,0.835051412,0.920868817,1.),(0.,1.),.UNSPECIFIED.);
#11452=ORIENTED_EDGE('',*,*,#1213,.F.);
#11453=ORIENTED_EDGE('',*,*,#11416,.F.);
#11454=CARTESIAN_POINT('',(-43.427765939,102.71163019,142.763989489));
#11455=VERTEX_POINT('',#11454);
#11456=CARTESIAN_POINT('',(-43.888403324,102.444202319,142.763989489));
#11457=CARTESIAN_POINT('',(-43.821992973,102.506137692,142.763989489));
#11458=CARTESIAN_POINT('',(-43.754901963,102.567969608,142.763989489));
#11459=CARTESIAN_POINT('',(-43.679746039,102.618926295,142.763989489));
#11460=CARTESIAN_POINT('',(-43.642168076,102.644404638,142.763989489));
#11461=CARTESIAN_POINT('',(-43.602240462,102.666472875,142.763989489));
#11462=CARTESIAN_POINT('',(-43.560036407,102.683247567,142.763989489));
#11463=CARTESIAN_POINT('',(-43.538934379,102.691634914,142.763989489));
#11464=CARTESIAN_POINT('',(-43.517360371,102.698916017,142.763989489));
#11465=CARTESIAN_POINT('',(-43.495231686,102.703895732,142.763989489));
#11466=CARTESIAN_POINT('',(-43.473103001,102.708875447,142.763989489));
#11467=CARTESIAN_POINT('',(-43.450407409,102.710528188,142.763989489));
#11468=CARTESIAN_POINT('',(-43.427765577,102.711630239,142.763989489));
#11469=B_SPLINE_CURVE_WITH_KNOTS('',3,(#11456,#11457,#11458,#11459,#11460,#11461,#11462,#11463,#11464,#11465,#11466,#11467,#11468),.UNSPECIFIED.,.F.,.F.,(4,3,3,3,4),(0.,0.000272428,0.000408642,0.000476749,0.000544856),.UNSPECIFIED.);
#11470=EDGE_CURVE('NONE',#11405,#11455,#11469,.T.);
#11471=ORIENTED_EDGE('',*,*,#11470,.T.);
#11472=CARTESIAN_POINT('',(-43.427766305,102.711630204,142.763989489));
#11473=DIRECTION('',(-0.,-0.,-1.));
#11474=VECTOR('',#11473,0.005);
#11475=LINE('',#11472,#11474);
#11476=EDGE_CURVE('NONE',#11455,#1198,#11475,.T.);
#11477=ORIENTED_EDGE('',*,*,#11476,.T.);
#11478=EDGE_LOOP('',(#11452,#11453,#11471,#11477));
#11479=FACE_BOUND('',#11478,.T.);
#11480=ADVANCED_FACE('NONE',(#11479),#11451,.T.);
#11481=CARTESIAN_POINT('',(-43.427765939,102.71163019,142.763989489));
#11482=CARTESIAN_POINT('',(-43.427765939,102.71163019,142.758989489));
#11483=CARTESIAN_POINT('',(-43.413859667,102.711116772,142.763989489));
#11484=CARTESIAN_POINT('',(-43.413859667,102.711116772,142.758989489));
#11485=CARTESIAN_POINT('',(-43.386913925,102.710121909,142.763989489));
#11486=CARTESIAN_POINT('',(-43.386913925,102.710121909,142.758989489));
#11487=CARTESIAN_POINT('',(-43.348695204,102.698916974,142.763989489));
#11488=CARTESIAN_POINT('',(-43.348695204,102.698916974,142.758989489));
#11489=CARTESIAN_POINT('',(-43.313829355,102.682151571,142.763989489));
#11490=CARTESIAN_POINT('',(-43.313829355,102.682151571,142.758989489));
#11491=CARTESIAN_POINT('',(-43.283904729,102.657811384,142.763989489));
#11492=CARTESIAN_POINT('',(-43.283904729,102.657811384,142.758989489));
#11493=CARTESIAN_POINT('',(-43.259099999,102.628433401,142.763989489));
#11494=CARTESIAN_POINT('',(-43.259099999,102.628433401,142.758989489));
#11495=CARTESIAN_POINT('',(-43.240923392,102.594291303,142.763989489));
#11496=CARTESIAN_POINT('',(-43.240923392,102.594291303,142.758989489));
#11497=CARTESIAN_POINT('',(-43.230241275,102.556016038,142.763989489));
#11498=CARTESIAN_POINT('',(-43.230241275,102.556016038,142.758989489));
#11499=CARTESIAN_POINT('',(-43.228924504,102.529214482,142.763989489));
#11500=CARTESIAN_POINT('',(-43.228924504,102.529214482,142.758989489));
#11501=CARTESIAN_POINT('',(-43.228247692,102.515428842,142.763989489));
#11502=CARTESIAN_POINT('',(-43.228247692,102.515428842,142.758989489));
#11503=B_SPLINE_SURFACE_WITH_KNOTS('',3,1,((#11481,#11482),(#11483,#11484),(#11485,#11486),(#11487,#11488),(#11489,#11490),(#11491,#11492),(#11493,#11494),(#11495,#11496),(#11497,#11498),(#11499,#11500),(#11501,#11502)),.UNSPECIFIED.,.F.,.F.,.U.,(4,1,1,1,1,1,1,1,4),(2,2),(0.000001163,0.132699527,0.257126609,0.378014222,0.500768571,0.623253163,0.743748709,0.868175791,0.99995991),(0.,1.),.UNSPECIFIED.);
#11504=ORIENTED_EDGE('',*,*,#1232,.F.);
#11505=ORIENTED_EDGE('',*,*,#11476,.F.);
#11506=CARTESIAN_POINT('',(-43.427765574,102.711630177,142.763989489));
#11507=CARTESIAN_POINT('',(-43.41466504,102.711146507,142.763989489));
#11508=CARTESIAN_POINT('',(-43.401553534,102.710665853,142.763989489));
#11509=CARTESIAN_POINT('',(-43.388615076,102.708694293,142.763989489));
#11510=CARTESIAN_POINT('',(-43.375676618,102.706722732,142.763989489));
#11511=CARTESIAN_POINT('',(-43.362969125,102.703155466,142.763989489));
#11512=CARTESIAN_POINT('',(-43.350688747,102.698549088,142.763989489));
#11513=CARTESIAN_POINT('',(-43.326127992,102.689336331,142.763989489));
#11514=CARTESIAN_POINT('',(-43.303753982,102.67555023,142.763989489));
#11515=CARTESIAN_POINT('',(-43.284988635,102.657188894,142.763989489));
#11516=CARTESIAN_POINT('',(-43.266223287,102.638827557,142.763989489));
#11517=CARTESIAN_POINT('',(-43.251068298,102.616513595,142.763989489));
#11518=CARTESIAN_POINT('',(-43.241651226,102.592326655,142.763989489));
#11519=CARTESIAN_POINT('',(-43.232234154,102.568139716,142.763989489));
#11520=CARTESIAN_POINT('',(-43.22953378,102.541624505,142.763989489));
#11521=CARTESIAN_POINT('',(-43.228247038,102.515415524,142.763989489));
#11522=B_SPLINE_CURVE_WITH_KNOTS('',3,(#11506,#11507,#11508,#11509,#11510,#11511,#11512,#11513,#11514,#11515,#11516,#11517,#11518,#11519,#11520,#11521),.UNSPECIFIED.,.F.,.F.,(4,3,3,3,3,4),(0.,0.000039328,0.000078657,0.000157313,0.00023597,0.000314626),.UNSPECIFIED.);
#11523=EDGE_CURVE('NONE',#11455,#11017,#11522,.T.);
#11524=ORIENTED_EDGE('',*,*,#11523,.T.);
#11525=ORIENTED_EDGE('',*,*,#11022,.T.);
#11526=EDGE_LOOP('',(#11504,#11505,#11524,#11525));
#11527=FACE_BOUND('',#11526,.T.);
#11528=ADVANCED_FACE('NONE',(#11527),#11503,.T.);
#11529=CARTESIAN_POINT('',(-43.317436169,102.357597301,142.763989489));
#11530=DIRECTION('',(0.,0.,1.));
#11531=DIRECTION('',(-1.,0.,0.));
#11532=AXIS2_PLACEMENT_3D('',#11529,#11530,#11531);
#11533=PLANE('',#11532);
#11534=ORIENTED_EDGE('',*,*,#11043,.F.);
#11535=ORIENTED_EDGE('',*,*,#11523,.F.);
#11536=ORIENTED_EDGE('',*,*,#11470,.F.);
#11537=ORIENTED_EDGE('',*,*,#11410,.F.);
#11538=ORIENTED_EDGE('',*,*,#11386,.F.);
#11539=ORIENTED_EDGE('',*,*,#11362,.F.);
#11540=ORIENTED_EDGE('',*,*,#11338,.F.);
#11541=ORIENTED_EDGE('',*,*,#11314,.F.);
#11542=ORIENTED_EDGE('',*,*,#11290,.F.);
#11543=ORIENTED_EDGE('',*,*,#11266,.F.);
#11544=ORIENTED_EDGE('',*,*,#11204,.F.);
#11545=ORIENTED_EDGE('',*,*,#11138,.F.);
#11546=ORIENTED_EDGE('',*,*,#11067,.F.);
#11547=EDGE_LOOP('',(#11534,#11535,#11536,#11537,#11538,#11539,#11540,#11541,#11542,#11543,#11544,#11545,#11546));
#11548=FACE_BOUND('',#11547,.T.);
#11549=ADVANCED_FACE('NONE',(#11548),#11533,.F.);
#11550=CARTESIAN_POINT('',(-43.84783842,103.850091742,142.763989489));
#11551=DIRECTION('',(0.453501133,0.8912557,-0.));
#11552=DIRECTION('',(0.8912557,-0.453501133,0.));
#11553=AXIS2_PLACEMENT_3D('',#11550,#11551,#11552);
#11554=PLANE('',#11553);
#11555=ORIENTED_EDGE('',*,*,#2109,.F.);
#11556=CARTESIAN_POINT('',(-43.847838419,103.850091741,142.763989489));
#11557=VERTEX_POINT('',#11556);
#11558=CARTESIAN_POINT('',(-43.84783842,103.850091741,142.763989489));
#11559=DIRECTION('',(-0.,-0.,-1.));
#11560=VECTOR('',#11559,0.005);
#11561=LINE('',#11558,#11560);
#11562=EDGE_CURVE('NONE',#11557,#2102,#11561,.T.);
#11563=ORIENTED_EDGE('',*,*,#11562,.F.);
#11564=CARTESIAN_POINT('',(-42.997477844,103.417399435,142.763989489));
#11565=VERTEX_POINT('',#11564);
#11566=CARTESIAN_POINT('',(-43.847838419,103.850091742,142.763989489));
#11567=DIRECTION('',(0.8912557,-0.453501133,0.));
#11568=VECTOR('',#11567,0.954115161);
#11569=LINE('',#11566,#11568);
#11570=EDGE_CURVE('NONE',#11557,#11565,#11569,.T.);
#11571=ORIENTED_EDGE('',*,*,#11570,.T.);
#11572=CARTESIAN_POINT('',(-42.997477844,103.417399435,142.763989489));
#11573=DIRECTION('',(-0.,-0.,-1.));
#11574=VECTOR('',#11573,0.005);
#11575=LINE('',#11572,#11574);
#11576=EDGE_CURVE('NONE',#11565,#2104,#11575,.T.);
#11577=ORIENTED_EDGE('',*,*,#11576,.T.);
#11578=EDGE_LOOP('',(#11555,#11563,#11571,#11577));
#11579=FACE_BOUND('',#11578,.T.);
#11580=ADVANCED_FACE('NONE',(#11579),#11554,.T.);
#11581=CARTESIAN_POINT('',(-42.997477844,103.417399435,142.763989489));
#11582=DIRECTION('',(-1.,0.,0.));
#11583=DIRECTION('',(0.,1.,-0.));
#11584=AXIS2_PLACEMENT_3D('',#11581,#11582,#11583);
#11585=PLANE('',#11584);
#11586=ORIENTED_EDGE('',*,*,#2117,.F.);
#11587=ORIENTED_EDGE('',*,*,#11576,.F.);
#11588=CARTESIAN_POINT('',(-42.997477844,103.716978761,142.763989489));
#11589=VERTEX_POINT('',#11588);
#11590=CARTESIAN_POINT('',(-42.997477844,103.417399435,142.763989489));
#11591=DIRECTION('',(0.,1.,-0.));
#11592=VECTOR('',#11591,0.299579326);
#11593=LINE('',#11590,#11592);
#11594=EDGE_CURVE('NONE',#11565,#11589,#11593,.T.);
#11595=ORIENTED_EDGE('',*,*,#11594,.T.);
#11596=CARTESIAN_POINT('',(-42.997477844,103.716978761,142.763989489));
#11597=DIRECTION('',(-0.,-0.,-1.));
#11598=VECTOR('',#11597,0.005);
#11599=LINE('',#11596,#11598);
#11600=EDGE_CURVE('NONE',#11589,#2112,#11599,.T.);
#11601=ORIENTED_EDGE('',*,*,#11600,.T.);
#11602=EDGE_LOOP('',(#11586,#11587,#11595,#11601));
#11603=FACE_BOUND('',#11602,.T.);
#11604=ADVANCED_FACE('NONE',(#11603),#11585,.T.);
#11605=CARTESIAN_POINT('',(-42.997477844,103.716978761,142.763989489));
#11606=DIRECTION('',(-0.453513991,-0.891249157,0.));
#11607=DIRECTION('',(-0.891249157,0.453513991,-0.));
#11608=AXIS2_PLACEMENT_3D('',#11605,#11606,#11607);
#11609=PLANE('',#11608);
#11610=ORIENTED_EDGE('',*,*,#2125,.F.);
#11611=ORIENTED_EDGE('',*,*,#11600,.F.);
#11612=CARTESIAN_POINT('',(-43.523619671,103.984707127,142.763989489));
#11613=VERTEX_POINT('',#11612);
#11614=CARTESIAN_POINT('',(-42.997477844,103.716978761,142.763989489));
#11615=DIRECTION('',(-0.891249157,0.453513991,-0.));
#11616=VECTOR('',#11615,0.59034202);
#11617=LINE('',#11614,#11616);
#11618=EDGE_CURVE('NONE',#11589,#11613,#11617,.T.);
#11619=ORIENTED_EDGE('',*,*,#11618,.T.);
#11620=CARTESIAN_POINT('',(-43.523619671,103.984707127,142.763989489));
#11621=DIRECTION('',(-0.,-0.,-1.));
#11622=VECTOR('',#11621,0.005);
#11623=LINE('',#11620,#11622);
#11624=EDGE_CURVE('NONE',#11613,#2120,#11623,.T.);
#11625=ORIENTED_EDGE('',*,*,#11624,.T.);
#11626=EDGE_LOOP('',(#11610,#11611,#11619,#11625));
#11627=FACE_BOUND('',#11626,.T.);
#11628=ADVANCED_FACE('NONE',(#11627),#11609,.T.);
#11629=CARTESIAN_POINT('',(-43.523619671,103.984707127,142.763989489));
#11630=DIRECTION('',(-0.453513992,0.891249157,-0.));
#11631=DIRECTION('',(0.891249157,0.453513992,-0.));
#11632=AXIS2_PLACEMENT_3D('',#11629,#11630,#11631);
#11633=PLANE('',#11632);
#11634=ORIENTED_EDGE('',*,*,#2133,.F.);
#11635=ORIENTED_EDGE('',*,*,#11624,.F.);
#11636=CARTESIAN_POINT('',(-42.997477844,104.252435493,142.763989489));
#11637=VERTEX_POINT('',#11636);
#11638=CARTESIAN_POINT('',(-43.523619671,103.984707127,142.763989489));
#11639=DIRECTION('',(0.891249157,0.453513992,-0.));
#11640=VECTOR('',#11639,0.59034202);
#11641=LINE('',#11638,#11640);
#11642=EDGE_CURVE('NONE',#11613,#11637,#11641,.T.);
#11643=ORIENTED_EDGE('',*,*,#11642,.T.);
#11644=CARTESIAN_POINT('',(-42.997477844,104.252435493,142.763989489));
#11645=DIRECTION('',(-0.,-0.,-1.));
#11646=VECTOR('',#11645,0.005);
#11647=LINE('',#11644,#11646);
#11648=EDGE_CURVE('NONE',#11637,#2128,#11647,.T.);
#11649=ORIENTED_EDGE('',*,*,#11648,.T.);
#11650=EDGE_LOOP('',(#11634,#11635,#11643,#11649));
#11651=FACE_BOUND('',#11650,.T.);
#11652=ADVANCED_FACE('NONE',(#11651),#11633,.T.);
#11653=CARTESIAN_POINT('',(-42.997477844,104.252435493,142.763989489));
#11654=DIRECTION('',(-1.,0.,0.));
#11655=DIRECTION('',(0.,1.,-0.));
#11656=AXIS2_PLACEMENT_3D('',#11653,#11654,#11655);
#11657=PLANE('',#11656);
#11658=ORIENTED_EDGE('',*,*,#2141,.F.);
#11659=ORIENTED_EDGE('',*,*,#11648,.F.);
#11660=CARTESIAN_POINT('',(-42.997477844,104.552014819,142.763989489));
#11661=VERTEX_POINT('',#11660);
#11662=CARTESIAN_POINT('',(-42.997477844,104.252435493,142.763989489));
#11663=DIRECTION('',(0.,1.,-0.));
#11664=VECTOR('',#11663,0.299579326);
#11665=LINE('',#11662,#11664);
#11666=EDGE_CURVE('NONE',#11637,#11661,#11665,.T.);
#11667=ORIENTED_EDGE('',*,*,#11666,.T.);
#11668=CARTESIAN_POINT('',(-42.997477844,104.552014819,142.763989489));
#11669=DIRECTION('',(-0.,-0.,-1.));
#11670=VECTOR('',#11669,0.005);
#11671=LINE('',#11668,#11670);
#11672=EDGE_CURVE('NONE',#11661,#2136,#11671,.T.);
#11673=ORIENTED_EDGE('',*,*,#11672,.T.);
#11674=EDGE_LOOP('',(#11658,#11659,#11667,#11673));
#11675=FACE_BOUND('',#11674,.T.);
#11676=ADVANCED_FACE('NONE',(#11675),#11657,.T.);
#11677=CARTESIAN_POINT('',(-42.997477844,104.552014819,142.763989489));
#11678=DIRECTION('',(0.453501134,-0.891255699,0.));
#11679=DIRECTION('',(-0.891255699,-0.453501134,0.));
#11680=AXIS2_PLACEMENT_3D('',#11677,#11678,#11679);
#11681=PLANE('',#11680);
#11682=ORIENTED_EDGE('',*,*,#2149,.F.);
#11683=ORIENTED_EDGE('',*,*,#11672,.F.);
#11684=CARTESIAN_POINT('',(-43.84783842,104.119322511,142.763989489));
#11685=VERTEX_POINT('',#11684);
#11686=CARTESIAN_POINT('',(-42.997477844,104.552014819,142.763989489));
#11687=DIRECTION('',(-0.891255699,-0.453501134,0.));
#11688=VECTOR('',#11687,0.954115162);
#11689=LINE('',#11686,#11688);
#11690=EDGE_CURVE('NONE',#11661,#11685,#11689,.T.);
#11691=ORIENTED_EDGE('',*,*,#11690,.T.);
#11692=CARTESIAN_POINT('',(-43.84783842,104.119322511,142.763989489));
#11693=DIRECTION('',(-0.,-0.,-1.));
#11694=VECTOR('',#11693,0.005);
#11695=LINE('',#11692,#11694);
#11696=EDGE_CURVE('NONE',#11685,#2144,#11695,.T.);
#11697=ORIENTED_EDGE('',*,*,#11696,.T.);
#11698=EDGE_LOOP('',(#11682,#11683,#11691,#11697));
#11699=FACE_BOUND('',#11698,.T.);
#11700=ADVANCED_FACE('NONE',(#11699),#11681,.T.);
#11701=CARTESIAN_POINT('',(-43.84783842,104.119322511,142.763989489));
#11702=DIRECTION('',(-0.,-1.,0.));
#11703=DIRECTION('',(-1.,0.,0.));
#11704=AXIS2_PLACEMENT_3D('',#11701,#11702,#11703);
#11705=PLANE('',#11704);
#11706=ORIENTED_EDGE('',*,*,#2157,.F.);
#11707=ORIENTED_EDGE('',*,*,#11696,.F.);
#11708=CARTESIAN_POINT('',(-44.497477844,104.119322511,142.763989489));
#11709=VERTEX_POINT('',#11708);
#11710=CARTESIAN_POINT('',(-43.84783842,104.119322511,142.763989489));
#11711=DIRECTION('',(-1.,0.,0.));
#11712=VECTOR('',#11711,0.649639424);
#11713=LINE('',#11710,#11712);
#11714=EDGE_CURVE('NONE',#11685,#11709,#11713,.T.);
#11715=ORIENTED_EDGE('',*,*,#11714,.T.);
#11716=CARTESIAN_POINT('',(-44.497477844,104.119322511,142.763989489));
#11717=DIRECTION('',(-0.,-0.,-1.));
#11718=VECTOR('',#11717,0.005);
#11719=LINE('',#11716,#11718);
#11720=EDGE_CURVE('NONE',#11709,#2152,#11719,.T.);
#11721=ORIENTED_EDGE('',*,*,#11720,.T.);
#11722=EDGE_LOOP('',(#11706,#11707,#11715,#11721));
#11723=FACE_BOUND('',#11722,.T.);
#11724=ADVANCED_FACE('NONE',(#11723),#11705,.T.);
#11725=CARTESIAN_POINT('',(-44.497477844,104.119322511,142.763989489));
#11726=DIRECTION('',(1.,-0.,-0.));
#11727=DIRECTION('',(-0.,-1.,0.));
#11728=AXIS2_PLACEMENT_3D('',#11725,#11726,#11727);
#11729=PLANE('',#11728);
#11730=ORIENTED_EDGE('',*,*,#2165,.F.);
#11731=ORIENTED_EDGE('',*,*,#11720,.F.);
#11732=CARTESIAN_POINT('',(-44.497477844,103.850091741,142.763989489));
#11733=VERTEX_POINT('',#11732);
#11734=CARTESIAN_POINT('',(-44.497477844,104.119322511,142.763989489));
#11735=DIRECTION('',(-0.,-1.,0.));
#11736=VECTOR('',#11735,0.26923077);
#11737=LINE('',#11734,#11736);
#11738=EDGE_CURVE('NONE',#11709,#11733,#11737,.T.);
#11739=ORIENTED_EDGE('',*,*,#11738,.T.);
#11740=CARTESIAN_POINT('',(-44.497477844,103.850091741,142.763989489));
#11741=DIRECTION('',(-0.,-0.,-1.));
#11742=VECTOR('',#11741,0.005);
#11743=LINE('',#11740,#11742);
#11744=EDGE_CURVE('NONE',#11733,#2160,#11743,.T.);
#11745=ORIENTED_EDGE('',*,*,#11744,.T.);
#11746=EDGE_LOOP('',(#11730,#11731,#11739,#11745));
#11747=FACE_BOUND('',#11746,.T.);
#11748=ADVANCED_FACE('NONE',(#11747),#11729,.T.);
#11749=CARTESIAN_POINT('',(-44.497477844,103.850091741,142.763989489));
#11750=DIRECTION('',(0.,1.,-0.));
#11751=DIRECTION('',(1.,-0.,-0.));
#11752=AXIS2_PLACEMENT_3D('',#11749,#11750,#11751);
#11753=PLANE('',#11752);
#11754=ORIENTED_EDGE('',*,*,#2171,.F.);
#11755=ORIENTED_EDGE('',*,*,#11744,.F.);
#11756=CARTESIAN_POINT('',(-44.497477844,103.850091741,142.763989489));
#11757=DIRECTION('',(1.,-0.,-0.));
#11758=VECTOR('',#11757,0.649639425);
#11759=LINE('',#11756,#11758);
#11760=EDGE_CURVE('NONE',#11733,#11557,#11759,.T.);
#11761=ORIENTED_EDGE('',*,*,#11760,.T.);
#11762=ORIENTED_EDGE('',*,*,#11562,.T.);
#11763=EDGE_LOOP('',(#11754,#11755,#11761,#11762));
#11764=FACE_BOUND('',#11763,.T.);
#11765=ADVANCED_FACE('NONE',(#11764),#11753,.T.);
#11766=CARTESIAN_POINT('',(-45.997477841,95.997758508,142.763989489));
#11767=DIRECTION('',(0.,0.,1.));
#11768=DIRECTION('',(-1.,0.,0.));
#11769=AXIS2_PLACEMENT_3D('',#11766,#11767,#11768);
#11770=PLANE('',#11769);
#11771=ORIENTED_EDGE('',*,*,#11570,.F.);
#11772=ORIENTED_EDGE('',*,*,#11760,.F.);
#11773=ORIENTED_EDGE('',*,*,#11738,.F.);
#11774=ORIENTED_EDGE('',*,*,#11714,.F.);
#11775=ORIENTED_EDGE('',*,*,#11690,.F.);
#11776=ORIENTED_EDGE('',*,*,#11666,.F.);
#11777=ORIENTED_EDGE('',*,*,#11642,.F.);
#11778=ORIENTED_EDGE('',*,*,#11618,.F.);
#11779=ORIENTED_EDGE('',*,*,#11594,.F.);
#11780=EDGE_LOOP('',(#11771,#11772,#11773,#11774,#11775,#11776,#11777,#11778,#11779));
#11781=FACE_BOUND('',#11780,.T.);
#11782=ADVANCED_FACE('NONE',(#11781),#11770,.F.);
#11783=CARTESIAN_POINT('',(-39.959016299,89.338753367,142.763989489));
#11784=CARTESIAN_POINT('',(-39.959016299,89.338753367,142.758989489));
#11785=CARTESIAN_POINT('',(-39.959658427,89.371129386,142.763989489));
#11786=CARTESIAN_POINT('',(-39.959658427,89.371129386,142.758989489));
#11787=CARTESIAN_POINT('',(-39.960929637,89.435223656,142.763989489));
#11788=CARTESIAN_POINT('',(-39.960929637,89.435223656,142.758989489));
#11789=CARTESIAN_POINT('',(-39.970855398,89.530103235,142.763989489));
#11790=CARTESIAN_POINT('',(-39.970855398,89.530103235,142.758989489));
#11791=CARTESIAN_POINT('',(-39.986677149,89.622711457,142.763989489));
#11792=CARTESIAN_POINT('',(-39.986677149,89.622711457,142.758989489));
#11793=CARTESIAN_POINT('',(-40.005488837,89.698322757,142.763989489));
#11794=CARTESIAN_POINT('',(-40.005488837,89.698322757,142.758989489));
#11795=CARTESIAN_POINT('',(-40.024390204,89.758374364,142.763989489));
#11796=CARTESIAN_POINT('',(-40.024390204,89.758374364,142.758989489));
#11797=CARTESIAN_POINT('',(-40.041161576,89.804226047,142.763989489));
#11798=CARTESIAN_POINT('',(-40.041161576,89.804226047,142.758989489));
#11799=CARTESIAN_POINT('',(-40.060888647,89.850968368,142.763989489));
#11800=CARTESIAN_POINT('',(-40.060888647,89.850968368,142.758989489));
#11801=CARTESIAN_POINT('',(-40.083059656,89.898565931,142.763989489));
#11802=CARTESIAN_POINT('',(-40.083059656,89.898565931,142.758989489));
#11803=CARTESIAN_POINT('',(-40.107853352,89.947152542,142.763989489));
#11804=CARTESIAN_POINT('',(-40.107853352,89.947152542,142.758989489));
#11805=CARTESIAN_POINT('',(-40.135184601,89.996671285,142.763989489));
#11806=CARTESIAN_POINT('',(-40.135184601,89.996671285,142.758989489));
#11807=CARTESIAN_POINT('',(-40.165210827,90.047205016,142.763989489));
#11808=CARTESIAN_POINT('',(-40.165210827,90.047205016,142.758989489));
#11809=CARTESIAN_POINT('',(-40.186870723,90.080709513,142.763989489));
#11810=CARTESIAN_POINT('',(-40.186870723,90.080709513,142.758989489));
#11811=CARTESIAN_POINT('',(-40.197898511,90.09776779,142.763989489));
#11812=CARTESIAN_POINT('',(-40.197898511,90.09776779,142.758989489));
#11813=B_SPLINE_SURFACE_WITH_KNOTS('',3,1,((#11783,#11784),(#11785,#11786),(#11787,#11788),(#11789,#11790),(#11791,#11792),(#11793,#11794),(#11795,#11796),(#11797,#11798),(#11799,#11800),(#11801,#11802),(#11803,#11804),(#11805,#11806),(#11807,#11808),(#11809,#11810),(#11811,#11812)),.UNSPECIFIED.,.F.,.F.,.U.,(4,1,1,1,1,1,1,1,1,1,1,1,4),(2,2),(0.,0.120116944,0.237793535,0.353582113,0.46851274,0.526580349,0.587134151,0.649602392,0.714783545,0.781935458,0.851968167,0.924631969,1.),(0.,1.),.UNSPECIFIED.);
#11814=ORIENTED_EDGE('',*,*,#794,.F.);
#11815=CARTESIAN_POINT('',(-39.959016299,89.338753367,142.763989489));
#11816=VERTEX_POINT('',#11815);
#11817=CARTESIAN_POINT('',(-39.959016299,89.338753366,142.763989489));
#11818=DIRECTION('',(-0.,-0.,-1.));
#11819=VECTOR('',#11818,0.005);
#11820=LINE('',#11817,#11819);
#11821=EDGE_CURVE('NONE',#11816,#780,#11820,.T.);
#11822=ORIENTED_EDGE('',*,*,#11821,.F.);
#11823=CARTESIAN_POINT('',(-40.197898511,90.09776779,142.763989489));
#11824=VERTEX_POINT('',#11823);
#11825=CARTESIAN_POINT('',(-39.959016299,89.338753367,142.763989489));
#11826=CARTESIAN_POINT('',(-39.960352355,89.406117174,142.763989489));
#11827=CARTESIAN_POINT('',(-39.963657132,89.473517078,142.763989489));
#11828=CARTESIAN_POINT('',(-39.973314084,89.54020507,142.763989489));
#11829=CARTESIAN_POINT('',(-39.982971035,89.606893062,142.763989489));
#11830=CARTESIAN_POINT('',(-39.99742545,89.672916111,142.763989489));
#11831=CARTESIAN_POINT('',(-40.017799715,89.737147562,142.763989489));
#11832=CARTESIAN_POINT('',(-40.058548245,89.865610463,142.763989489));
#11833=CARTESIAN_POINT('',(-40.124727724,89.98458394,142.763989489));
#11834=CARTESIAN_POINT('',(-40.19789851,90.097767789,142.763989489));
#11835=B_SPLINE_CURVE_WITH_KNOTS('',3,(#11825,#11826,#11827,#11828,#11829,#11830,#11831,#11832,#11833,#11834),.UNSPECIFIED.,.F.,.F.,(4,3,3,4),(0.,0.000202131,0.000404262,0.000808525),.UNSPECIFIED.);
#11836=EDGE_CURVE('NONE',#11816,#11824,#11835,.T.);
#11837=ORIENTED_EDGE('',*,*,#11836,.T.);
#11838=CARTESIAN_POINT('',(-40.197898511,90.09776779,142.763989489));
#11839=DIRECTION('',(-0.,-0.,-1.));
#11840=VECTOR('',#11839,0.005);
#11841=LINE('',#11838,#11840);
#11842=EDGE_CURVE('NONE',#11824,#782,#11841,.T.);
#11843=ORIENTED_EDGE('',*,*,#11842,.T.);
#11844=EDGE_LOOP('',(#11814,#11822,#11837,#11843));
#11845=FACE_BOUND('',#11844,.T.);
#11846=ADVANCED_FACE('NONE',(#11845),#11813,.T.);
#11847=CARTESIAN_POINT('',(-40.197898511,90.09776779,142.763989489));
#11848=DIRECTION('',(0.893546566,-0.448970528,0.));
#11849=DIRECTION('',(-0.448970528,-0.893546566,0.));
#11850=AXIS2_PLACEMENT_3D('',#11847,#11848,#11849);
#11851=PLANE('',#11850);
#11852=ORIENTED_EDGE('',*,*,#802,.F.);
#11853=ORIENTED_EDGE('',*,*,#11842,.F.);
#11854=CARTESIAN_POINT('',(-40.382093222,89.731181251,142.763989489));
#11855=VERTEX_POINT('',#11854);
#11856=CARTESIAN_POINT('',(-40.197898511,90.09776779,142.763989489));
#11857=DIRECTION('',(-0.448970528,-0.893546566,0.));
#11858=VECTOR('',#11857,0.410260139);
#11859=LINE('',#11856,#11858);
#11860=EDGE_CURVE('NONE',#11824,#11855,#11859,.T.);
#11861=ORIENTED_EDGE('',*,*,#11860,.T.);
#11862=CARTESIAN_POINT('',(-40.382093222,89.731181251,142.763989489));
#11863=DIRECTION('',(-0.,-0.,-1.));
#11864=VECTOR('',#11863,0.005);
#11865=LINE('',#11862,#11864);
#11866=EDGE_CURVE('NONE',#11855,#797,#11865,.T.);
#11867=ORIENTED_EDGE('',*,*,#11866,.T.);
#11868=EDGE_LOOP('',(#11852,#11853,#11861,#11867));
#11869=FACE_BOUND('',#11868,.T.);
#11870=ADVANCED_FACE('NONE',(#11869),#11851,.T.);
#11871=CARTESIAN_POINT('',(-40.382093223,89.731181251,142.763989489));
#11872=CARTESIAN_POINT('',(-40.382093223,89.731181251,142.758989489));
#11873=CARTESIAN_POINT('',(-40.369829862,89.715229917,142.763989489));
#11874=CARTESIAN_POINT('',(-40.369829862,89.715229917,142.758989489));
#11875=CARTESIAN_POINT('',(-40.345809502,89.683985886,142.763989489));
#11876=CARTESIAN_POINT('',(-40.345809502,89.683985886,142.758989489));
#11877=CARTESIAN_POINT('',(-40.31465687,89.635147398,142.763989489));
#11878=CARTESIAN_POINT('',(-40.31465687,89.635147398,142.758989489));
#11879=CARTESIAN_POINT('',(-40.287930888,89.586344643,142.763989489));
#11880=CARTESIAN_POINT('',(-40.287930888,89.586344643,142.758989489));
#11881=CARTESIAN_POINT('',(-40.266183477,89.537204502,142.763989489));
#11882=CARTESIAN_POINT('',(-40.266183477,89.537204502,142.758989489));
#11883=CARTESIAN_POINT('',(-40.249204507,89.487752351,142.763989489));
#11884=CARTESIAN_POINT('',(-40.249204507,89.487752351,142.758989489));
#11885=CARTESIAN_POINT('',(-40.237209971,89.438060906,142.763989489));
#11886=CARTESIAN_POINT('',(-40.237209971,89.438060906,142.758989489));
#11887=CARTESIAN_POINT('',(-40.229632067,89.388165379,142.763989489));
#11888=CARTESIAN_POINT('',(-40.229632067,89.388165379,142.758989489));
#11889=CARTESIAN_POINT('',(-40.228708232,89.354805239,142.763989489));
#11890=CARTESIAN_POINT('',(-40.228708232,89.354805239,142.758989489));
#11891=CARTESIAN_POINT('',(-40.228247069,89.338152408,142.763989489));
#11892=CARTESIAN_POINT('',(-40.228247069,89.338152408,142.758989489));
#11893=B_SPLINE_SURFACE_WITH_KNOTS('',3,1,((#11871,#11872),(#11873,#11874),(#11875,#11876),(#11877,#11878),(#11879,#11880),(#11881,#11882),(#11883,#11884),(#11885,#11886),(#11887,#11888),(#11889,#11890),(#11891,#11892)),.UNSPECIFIED.,.F.,.F.,.U.,(4,1,1,1,1,1,1,1,4),(2,2),(0.000000001,0.14023698,0.274683513,0.40343721,0.527885601,0.648914485,0.767486325,0.883933005,0.999999995),(0.,1.),.UNSPECIFIED.);
#11894=ORIENTED_EDGE('',*,*,#817,.F.);
#11895=ORIENTED_EDGE('',*,*,#11866,.F.);
#11896=CARTESIAN_POINT('',(-40.228247069,89.338152407,142.763989489));
#11897=VERTEX_POINT('',#11896);
#11898=CARTESIAN_POINT('',(-40.382093223,89.731181251,142.763989489));
#11899=CARTESIAN_POINT('',(-40.33836634,89.674304337,142.763989489));
#11900=CARTESIAN_POINT('',(-40.298607354,89.613839705,142.763989489));
#11901=CARTESIAN_POINT('',(-40.271173209,89.54755817,142.763989489));
#11902=CARTESIAN_POINT('',(-40.257456136,89.514417402,142.763989489));
#11903=CARTESIAN_POINT('',(-40.246688597,89.480046149,142.763989489));
#11904=CARTESIAN_POINT('',(-40.239346681,89.444942427,142.763989489));
#11905=CARTESIAN_POINT('',(-40.232004764,89.409838705,142.763989489));
#11906=CARTESIAN_POINT('',(-40.229239091,89.373974819,142.763989489));
#11907=CARTESIAN_POINT('',(-40.228247069,89.338152407,142.763989489));
#11908=B_SPLINE_CURVE_WITH_KNOTS('',3,(#11898,#11899,#11900,#11901,#11902,#11903,#11904,#11905,#11906,#11907),.UNSPECIFIED.,.F.,.F.,(4,3,3,4),(0.,0.000215228,0.000322842,0.000430457),.UNSPECIFIED.);
#11909=EDGE_CURVE('NONE',#11855,#11897,#11908,.T.);
#11910=ORIENTED_EDGE('',*,*,#11909,.T.);
#11911=CARTESIAN_POINT('',(-40.228247069,89.338152408,142.763989489));
#11912=DIRECTION('',(-0.,-0.,-1.));
#11913=VECTOR('',#11912,0.005);
#11914=LINE('',#11911,#11913);
#11915=EDGE_CURVE('NONE',#11897,#805,#11914,.T.);
#11916=ORIENTED_EDGE('',*,*,#11915,.T.);
#11917=EDGE_LOOP('',(#11894,#11895,#11910,#11916));
#11918=FACE_BOUND('',#11917,.T.);
#11919=ADVANCED_FACE('NONE',(#11918),#11893,.T.);
#11920=CARTESIAN_POINT('',(-40.228247069,89.338152406,142.763989489));
#11921=CARTESIAN_POINT('',(-40.228247069,89.338152406,142.758989489));
#11922=CARTESIAN_POINT('',(-40.228525495,89.322605971,142.763989489));
#11923=CARTESIAN_POINT('',(-40.228525495,89.322605971,142.758989489));
#11924=CARTESIAN_POINT('',(-40.22905752,89.292899476,142.763989489));
#11925=CARTESIAN_POINT('',(-40.22905752,89.292899476,142.758989489));
#11926=CARTESIAN_POINT('',(-40.234888759,89.250624721,142.763989489));
#11927=CARTESIAN_POINT('',(-40.234888759,89.250624721,142.758989489));
#11928=CARTESIAN_POINT('',(-40.243891766,89.212668008,142.763989489));
#11929=CARTESIAN_POINT('',(-40.243891766,89.212668008,142.758989489));
#11930=CARTESIAN_POINT('',(-40.256968117,89.179877211,142.763989489));
#11931=CARTESIAN_POINT('',(-40.256968117,89.179877211,142.758989489));
#11932=CARTESIAN_POINT('',(-40.272250246,89.152998972,142.763989489));
#11933=CARTESIAN_POINT('',(-40.272250246,89.152998972,142.758989489));
#11934=CARTESIAN_POINT('',(-40.288472387,89.132600614,142.763989489));
#11935=CARTESIAN_POINT('',(-40.288472387,89.132600614,142.758989489));
#11936=CARTESIAN_POINT('',(-40.306932819,89.11967127,142.763989489));
#11937=CARTESIAN_POINT('',(-40.306932819,89.11967127,142.758989489));
#11938=CARTESIAN_POINT('',(-40.320241806,89.117853773,142.763989489));
#11939=CARTESIAN_POINT('',(-40.320241806,89.117853773,142.758989489));
#11940=CARTESIAN_POINT('',(-40.32650428,89.116998559,142.763989489));
#11941=CARTESIAN_POINT('',(-40.32650428,89.116998559,142.758989489));
#11942=B_SPLINE_SURFACE_WITH_KNOTS('',3,1,((#11920,#11921),(#11922,#11923),(#11924,#11925),(#11926,#11927),(#11928,#11929),(#11930,#11931),(#11932,#11933),(#11934,#11935),(#11936,#11937),(#11938,#11939),(#11940,#11941)),.UNSPECIFIED.,.F.,.F.,.U.,(4,1,1,1,1,1,1,1,4),(2,2),(0.,0.179263364,0.34254068,0.491375839,0.628292527,0.748415755,0.846817706,0.927920875,1.),(0.,1.),.UNSPECIFIED.);
#11943=ORIENTED_EDGE('',*,*,#835,.F.);
#11944=ORIENTED_EDGE('',*,*,#11915,.F.);
#11945=CARTESIAN_POINT('',(-40.326504423,89.116998571,142.763989489));
#11946=VERTEX_POINT('',#11945);
#11947=CARTESIAN_POINT('',(-40.228247069,89.338152407,142.763989489));
#11948=CARTESIAN_POINT('',(-40.229024367,89.294750599,142.763989489));
#11949=CARTESIAN_POINT('',(-40.23219095,89.250968845,142.763989489));
#11950=CARTESIAN_POINT('',(-40.245805077,89.209698875,142.763989489));
#11951=CARTESIAN_POINT('',(-40.252612141,89.18906389,142.763989489));
#11952=CARTESIAN_POINT('',(-40.261943854,89.169164102,142.763989489));
#11953=CARTESIAN_POINT('',(-40.274236766,89.151395145,142.763989489));
#11954=CARTESIAN_POINT('',(-40.280383222,89.142510666,142.763989489));
#11955=CARTESIAN_POINT('',(-40.287486057,89.13401422,142.763989489));
#11956=CARTESIAN_POINT('',(-40.296169648,89.127604742,142.763989489));
#11957=CARTESIAN_POINT('',(-40.304853239,89.121195263,142.763989489));
#11958=CARTESIAN_POINT('',(-40.315735317,89.118469186,142.763989489));
#11959=CARTESIAN_POINT('',(-40.326504557,89.116998521,142.763989489));
#11960=B_SPLINE_CURVE_WITH_KNOTS('',3,(#11947,#11948,#11949,#11950,#11951,#11952,#11953,#11954,#11955,#11956,#11957,#11958,#11959),.UNSPECIFIED.,.F.,.F.,(4,3,3,3,4),(0.,0.000130226,0.000195339,0.000227896,0.000260452),.UNSPECIFIED.);
#11961=EDGE_CURVE('NONE',#11897,#11946,#11960,.T.);
#11962=ORIENTED_EDGE('',*,*,#11961,.T.);
#11963=CARTESIAN_POINT('',(-40.32650428,89.116998559,142.763989489));
#11964=DIRECTION('',(-0.,-0.,-1.));
#11965=VECTOR('',#11964,0.005);
#11966=LINE('',#11963,#11965);
#11967=EDGE_CURVE('NONE',#11946,#820,#11966,.T.);
#11968=ORIENTED_EDGE('',*,*,#11967,.T.);
#11969=EDGE_LOOP('',(#11943,#11944,#11962,#11968));
#11970=FACE_BOUND('',#11969,.T.);
#11971=ADVANCED_FACE('NONE',(#11970),#11942,.T.);
#11972=CARTESIAN_POINT('',(-40.32650428,89.116998559,142.763989489));
#11973=CARTESIAN_POINT('',(-40.32650428,89.116998559,142.758989489));
#11974=CARTESIAN_POINT('',(-40.332805248,89.117528447,142.763989489));
#11975=CARTESIAN_POINT('',(-40.332805248,89.117528447,142.758989489));
#11976=CARTESIAN_POINT('',(-40.345856699,89.118626026,142.763989489));
#11977=CARTESIAN_POINT('',(-40.345856699,89.118626026,142.758989489));
#11978=CARTESIAN_POINT('',(-40.364641895,89.127923926,142.763989489));
#11979=CARTESIAN_POINT('',(-40.364641895,89.127923926,142.758989489));
#11980=CARTESIAN_POINT('',(-40.382580867,89.142424123,142.763989489));
#11981=CARTESIAN_POINT('',(-40.382580867,89.142424123,142.758989489));
#11982=CARTESIAN_POINT('',(-40.392840277,89.155035336,142.763989489));
#11983=CARTESIAN_POINT('',(-40.392840277,89.155035336,142.758989489));
#11984=CARTESIAN_POINT('',(-40.398319184,89.161770193,142.763989489));
#11985=CARTESIAN_POINT('',(-40.398319184,89.161770193,142.758989489));
#11986=B_SPLINE_SURFACE_WITH_KNOTS('',3,1,((#11972,#11973),(#11974,#11975),(#11976,#11977),(#11978,#11979),(#11980,#11981),(#11982,#11983),(#11984,#11985)),.UNSPECIFIED.,.F.,.F.,.U.,(4,1,1,1,4),(2,2),(0.,0.214809078,0.444942766,0.703578741,1.),(0.,1.),.UNSPECIFIED.);
#11987=ORIENTED_EDGE('',*,*,#850,.F.);
#11988=ORIENTED_EDGE('',*,*,#11967,.F.);
#11989=CARTESIAN_POINT('',(-40.398319427,89.161770541,142.763989489));
#11990=VERTEX_POINT('',#11989);
#11991=CARTESIAN_POINT('',(-40.326504566,89.116998583,142.763989489));
#11992=CARTESIAN_POINT('',(-40.333838667,89.117615354,142.763989489));
#11993=CARTESIAN_POINT('',(-40.34123504,89.118292625,142.763989489));
#11994=CARTESIAN_POINT('',(-40.34812981,89.12061704,142.763989489));
#11995=CARTESIAN_POINT('',(-40.35502458,89.122941454,142.763989489));
#11996=CARTESIAN_POINT('',(-40.361518218,89.126612261,142.763989489));
#11997=CARTESIAN_POINT('',(-40.367470925,89.130781438,142.763989489));
#11998=CARTESIAN_POINT('',(-40.37937634,89.139119792,142.763989489));
#11999=CARTESIAN_POINT('',(-40.389065847,89.150395679,142.763989489));
#12000=CARTESIAN_POINT('',(-40.398319718,89.16177085,142.763989489));
#12001=B_SPLINE_CURVE_WITH_KNOTS('',3,(#11991,#11992,#11993,#11994,#11995,#11996,#11997,#11998,#11999,#12000),.UNSPECIFIED.,.F.,.F.,(4,3,3,4),(0.,0.000022077,0.000044154,0.000088308),.UNSPECIFIED.);
#12002=EDGE_CURVE('NONE',#11946,#11990,#12001,.T.);
#12003=ORIENTED_EDGE('',*,*,#12002,.T.);
#12004=CARTESIAN_POINT('',(-40.398319184,89.161770193,142.763989489));
#12005=DIRECTION('',(-0.,-0.,-1.));
#12006=VECTOR('',#12005,0.005);
#12007=LINE('',#12004,#12006);
#12008=EDGE_CURVE('NONE',#11990,#838,#12007,.T.);
#12009=ORIENTED_EDGE('',*,*,#12008,.T.);
#12010=EDGE_LOOP('',(#11987,#11988,#12003,#12009));
#12011=FACE_BOUND('',#12010,.T.);
#12012=ADVANCED_FACE('NONE',(#12011),#11986,.T.);
#12013=CARTESIAN_POINT('',(-40.398319427,89.161770541,142.763989489));
#12014=CARTESIAN_POINT('',(-40.398319427,89.161770541,142.758989489));
#12015=CARTESIAN_POINT('',(-40.402692166,89.168037344,142.763989489));
#12016=CARTESIAN_POINT('',(-40.402692166,89.168037344,142.758989489));
#12017=CARTESIAN_POINT('',(-40.413032906,89.182857216,142.763989489));
#12018=CARTESIAN_POINT('',(-40.413032906,89.182857216,142.758989489));
#12019=CARTESIAN_POINT('',(-40.429005567,89.209743179,142.763989489));
#12020=CARTESIAN_POINT('',(-40.429005567,89.209743179,142.758989489));
#12021=CARTESIAN_POINT('',(-40.44807689,89.244349588,142.763989489));
#12022=CARTESIAN_POINT('',(-40.44807689,89.244349588,142.758989489));
#12023=CARTESIAN_POINT('',(-40.470592773,89.286433943,142.763989489));
#12024=CARTESIAN_POINT('',(-40.470592773,89.286433943,142.758989489));
#12025=CARTESIAN_POINT('',(-40.496455643,89.336105297,142.763989489));
#12026=CARTESIAN_POINT('',(-40.496455643,89.336105297,142.758989489));
#12027=CARTESIAN_POINT('',(-40.525533261,89.393385238,142.763989489));
#12028=CARTESIAN_POINT('',(-40.525533261,89.393385238,142.758989489));
#12029=CARTESIAN_POINT('',(-40.557690397,89.45843889,142.763989489));
#12030=CARTESIAN_POINT('',(-40.557690397,89.45843889,142.758989489));
#12031=CARTESIAN_POINT('',(-40.58003787,89.50440478,142.763989489));
#12032=CARTESIAN_POINT('',(-40.58003787,89.50440478,142.758989489));
#12033=CARTESIAN_POINT('',(-40.591828799,89.528657212,142.763989489));
#12034=CARTESIAN_POINT('',(-40.591828799,89.528657212,142.758989489));
#12035=B_SPLINE_SURFACE_WITH_KNOTS('',3,1,((#12013,#12014),(#12015,#12016),(#12017,#12018),(#12019,#12020),(#12021,#12022),(#12023,#12024),(#12025,#12026),(#12027,#12028),(#12029,#12030),(#12031,#12032),(#12033,#12034)),.UNSPECIFIED.,.F.,.F.,.U.,(4,1,1,1,1,1,1,1,4),(2,2),(0.000001022,0.055217023,0.130576984,0.225850592,0.340825141,0.475521524,0.630597726,0.805096702,1.),(0.,1.),.UNSPECIFIED.);
#12036=ORIENTED_EDGE('',*,*,#865,.F.);
#12037=ORIENTED_EDGE('',*,*,#12008,.F.);
#12038=CARTESIAN_POINT('',(-40.591828799,89.528657212,142.763989489));
#12039=VERTEX_POINT('',#12038);
#12040=CARTESIAN_POINT('',(-40.39831967,89.161770889,142.763989489));
#12041=CARTESIAN_POINT('',(-40.418118061,89.190145006,142.763989489));
#12042=CARTESIAN_POINT('',(-40.43502665,89.220366106,142.763989489));
#12043=CARTESIAN_POINT('',(-40.45146703,89.250800636,142.763989489));
#12044=CARTESIAN_POINT('',(-40.467907411,89.281235165,142.763989489));
#12045=CARTESIAN_POINT('',(-40.483936613,89.311891032,142.763989489));
#12046=CARTESIAN_POINT('',(-40.499711453,89.342676167,142.763989489));
#12047=CARTESIAN_POINT('',(-40.531261132,89.404246436,142.763989489));
#12048=CARTESIAN_POINT('',(-40.56157934,89.466437945,142.763989489));
#12049=CARTESIAN_POINT('',(-40.591828799,89.528657212,142.763989489));
#12050=B_SPLINE_CURVE_WITH_KNOTS('',3,(#12040,#12041,#12042,#12043,#12044,#12045,#12046,#12047,#12048,#12049),.UNSPECIFIED.,.F.,.F.,(4,3,3,4),(0.,0.000103796,0.000207592,0.000415183),.UNSPECIFIED.);
#12051=EDGE_CURVE('NONE',#11990,#12039,#12050,.T.);
#12052=ORIENTED_EDGE('',*,*,#12051,.T.);
#12053=CARTESIAN_POINT('',(-40.591828799,89.528657212,142.763989489));
#12054=DIRECTION('',(-0.,-0.,-1.));
#12055=VECTOR('',#12054,0.005);
#12056=LINE('',#12053,#12055);
#12057=EDGE_CURVE('NONE',#12039,#853,#12056,.T.);
#12058=ORIENTED_EDGE('',*,*,#12057,.T.);
#12059=EDGE_LOOP('',(#12036,#12037,#12052,#12058));
#12060=FACE_BOUND('',#12059,.T.);
#12061=ADVANCED_FACE('NONE',(#12060),#12035,.T.);
#12062=CARTESIAN_POINT('',(-40.591828799,89.528657212,142.763989489));
#12063=CARTESIAN_POINT('',(-40.591828799,89.528657212,142.758989489));
#12064=CARTESIAN_POINT('',(-40.602736245,89.551398456,142.763989489));
#12065=CARTESIAN_POINT('',(-40.602736245,89.551398456,142.758989489));
#12066=CARTESIAN_POINT('',(-40.623407777,89.59449712,142.763989489));
#12067=CARTESIAN_POINT('',(-40.623407777,89.59449712,142.758989489));
#12068=CARTESIAN_POINT('',(-40.652911336,89.655615817,142.763989489));
#12069=CARTESIAN_POINT('',(-40.652911336,89.655615817,142.758989489));
#12070=CARTESIAN_POINT('',(-40.679175123,89.709692267,142.763989489));
#12071=CARTESIAN_POINT('',(-40.679175123,89.709692267,142.758989489));
#12072=CARTESIAN_POINT('',(-40.702854148,89.75644789,142.763989489));
#12073=CARTESIAN_POINT('',(-40.702854148,89.75644789,142.758989489));
#12074=CARTESIAN_POINT('',(-40.722445278,89.796533331,142.763989489));
#12075=CARTESIAN_POINT('',(-40.722445278,89.796533331,142.758989489));
#12076=CARTESIAN_POINT('',(-40.739352845,89.829348429,142.763989489));
#12077=CARTESIAN_POINT('',(-40.739352845,89.829348429,142.758989489));
#12078=CARTESIAN_POINT('',(-40.752998492,89.855138256,142.763989489));
#12079=CARTESIAN_POINT('',(-40.752998492,89.855138256,142.758989489));
#12080=CARTESIAN_POINT('',(-40.761372269,89.869818436,142.763989489));
#12081=CARTESIAN_POINT('',(-40.761372269,89.869818436,142.758989489));
#12082=CARTESIAN_POINT('',(-40.764905723,89.876012982,142.763989489));
#12083=CARTESIAN_POINT('',(-40.764905723,89.876012982,142.758989489));
#12084=B_SPLINE_SURFACE_WITH_KNOTS('',3,1,((#12062,#12063),(#12064,#12065),(#12066,#12067),(#12068,#12069),(#12070,#12071),(#12072,#12073),(#12074,#12075),(#12076,#12077),(#12078,#12079),(#12080,#12081),(#12082,#12083)),.UNSPECIFIED.,.F.,.F.,.U.,(4,1,1,1,1,1,1,1,4),(2,2),(0.,0.194939805,0.369445284,0.524552489,0.659573469,0.774514927,0.869381506,0.944883352,1.),(0.,1.),.UNSPECIFIED.);
#12085=ORIENTED_EDGE('',*,*,#877,.F.);
#12086=ORIENTED_EDGE('',*,*,#12057,.F.);
#12087=CARTESIAN_POINT('',(-40.764905723,89.876012982,142.763989489));
#12088=VERTEX_POINT('',#12087);
#12089=CARTESIAN_POINT('',(-40.591828799,89.528657212,142.763989489));
#12090=CARTESIAN_POINT('',(-40.61980539,89.586986399,142.763989489));
#12091=CARTESIAN_POINT('',(-40.647616413,89.645399826,142.763989489));
#12092=CARTESIAN_POINT('',(-40.676242792,89.703410449,142.763989489));
#12093=CARTESIAN_POINT('',(-40.704869172,89.761421072,142.763989489));
#12094=CARTESIAN_POINT('',(-40.732851204,89.819817774,142.763989489));
#12095=CARTESIAN_POINT('',(-40.764905723,89.876012982,142.763989489));
#12096=B_SPLINE_CURVE_WITH_KNOTS('',3,(#12089,#12090,#12091,#12092,#12093,#12094,#12095),.UNSPECIFIED.,.F.,.F.,(4,3,4),(0.,0.000194074,0.000388149),.UNSPECIFIED.);
#12097=EDGE_CURVE('NONE',#12039,#12088,#12096,.T.);
#12098=ORIENTED_EDGE('',*,*,#12097,.T.);
#12099=CARTESIAN_POINT('',(-40.764905723,89.876012982,142.763989489));
#12100=DIRECTION('',(-0.,-0.,-1.));
#12101=VECTOR('',#12100,0.005);
#12102=LINE('',#12099,#12101);
#12103=EDGE_CURVE('NONE',#12088,#868,#12102,.T.);
#12104=ORIENTED_EDGE('',*,*,#12103,.T.);
#12105=EDGE_LOOP('',(#12085,#12086,#12098,#12104));
#12106=FACE_BOUND('',#12105,.T.);
#12107=ADVANCED_FACE('NONE',(#12106),#12084,.T.);
#12108=CARTESIAN_POINT('',(-40.764905723,89.876012982,142.763989489));
#12109=CARTESIAN_POINT('',(-40.764905723,89.876012982,142.758989489));
#12110=CARTESIAN_POINT('',(-40.772141675,89.888279144,142.763989489));
#12111=CARTESIAN_POINT('',(-40.772141675,89.888279144,142.758989489));
#12112=CARTESIAN_POINT('',(-40.786197068,89.912105414,142.763989489));
#12113=CARTESIAN_POINT('',(-40.786197068,89.912105414,142.758989489));
#12114=CARTESIAN_POINT('',(-40.807909818,89.946027853,142.763989489));
#12115=CARTESIAN_POINT('',(-40.807909818,89.946027853,142.758989489));
#12116=CARTESIAN_POINT('',(-40.829018168,89.977444438,142.763989489));
#12117=CARTESIAN_POINT('',(-40.829018168,89.977444438,142.758989489));
#12118=CARTESIAN_POINT('',(-40.850636112,90.005558701,142.763989489));
#12119=CARTESIAN_POINT('',(-40.850636112,90.005558701,142.758989489));
#12120=CARTESIAN_POINT('',(-40.871088136,90.031625829,142.763989489));
#12121=CARTESIAN_POINT('',(-40.871088136,90.031625829,142.758989489));
#12122=CARTESIAN_POINT('',(-40.891829919,90.054459535,142.763989489));
#12123=CARTESIAN_POINT('',(-40.891829919,90.054459535,142.758989489));
#12124=CARTESIAN_POINT('',(-40.912443986,90.074369767,142.763989489));
#12125=CARTESIAN_POINT('',(-40.912443986,90.074369767,142.758989489));
#12126=CARTESIAN_POINT('',(-40.938662089,90.097435121,142.763989489));
#12127=CARTESIAN_POINT('',(-40.938662089,90.097435121,142.758989489));
#12128=CARTESIAN_POINT('',(-40.97308873,90.120429482,142.763989489));
#12129=CARTESIAN_POINT('',(-40.97308873,90.120429482,142.758989489));
#12130=CARTESIAN_POINT('',(-41.016611926,90.140656571,142.763989489));
#12131=CARTESIAN_POINT('',(-41.016611926,90.140656571,142.758989489));
#12132=CARTESIAN_POINT('',(-41.062177955,90.153294768,142.763989489));
#12133=CARTESIAN_POINT('',(-41.062177955,90.153294768,142.758989489));
#12134=CARTESIAN_POINT('',(-41.093353341,90.154737852,142.763989489));
#12135=CARTESIAN_POINT('',(-41.093353341,90.154737852,142.758989489));
#12136=CARTESIAN_POINT('',(-41.108956203,90.155460097,142.763989489));
#12137=CARTESIAN_POINT('',(-41.108956203,90.155460097,142.758989489));
#12138=B_SPLINE_SURFACE_WITH_KNOTS('',3,1,((#12108,#12109),(#12110,#12111),(#12112,#12113),(#12114,#12115),(#12116,#12117),(#12118,#12119),(#12120,#12121),(#12122,#12123),(#12124,#12125),(#12126,#12127),(#12128,#12129),(#12130,#12131),(#12132,#12133),(#12134,#12135),(#12136,#12137)),.UNSPECIFIED.,.F.,.F.,.U.,(4,1,1,1,1,1,1,1,1,1,1,1,4),(2,2),(0.,0.091754847,0.178228169,0.259497025,0.335522899,0.406681407,0.472929308,0.5340871,0.591278592,0.697781477,0.799425827,0.899615314,1.),(0.,1.),.UNSPECIFIED.);
#12139=ORIENTED_EDGE('',*,*,#895,.F.);
#12140=ORIENTED_EDGE('',*,*,#12103,.F.);
#12141=CARTESIAN_POINT('',(-41.108956545,90.155460081,142.763989489));
#12142=VERTEX_POINT('',#12141);
#12143=CARTESIAN_POINT('',(-40.764905723,89.876012982,142.763989489));
#12144=CARTESIAN_POINT('',(-40.804405826,89.942972339,142.763989489));
#12145=CARTESIAN_POINT('',(-40.84611152,90.009746419,142.763989489));
#12146=CARTESIAN_POINT('',(-40.901810018,90.064002311,142.763989489));
#12147=CARTESIAN_POINT('',(-40.929659268,90.091130257,142.763989489));
#12148=CARTESIAN_POINT('',(-40.961085831,90.114748616,142.763989489));
#12149=CARTESIAN_POINT('',(-40.996451343,90.130937958,142.763989489));
#12150=CARTESIAN_POINT('',(-41.014134099,90.139032629,142.763989489));
#12151=CARTESIAN_POINT('',(-41.032627777,90.145488514,142.763989489));
#12152=CARTESIAN_POINT('',(-41.051498653,90.14951809,142.763989489));
#12153=CARTESIAN_POINT('',(-41.07036953,90.153547666,142.763989489));
#12154=CARTESIAN_POINT('',(-41.089654575,90.154566639,142.763989489));
#12155=CARTESIAN_POINT('',(-41.108956883,90.155460128,142.763989489));
#12156=B_SPLINE_CURVE_WITH_KNOTS('',3,(#12143,#12144,#12145,#12146,#12147,#12148,#12149,#12150,#12151,#12152,#12153,#12154,#12155),.UNSPECIFIED.,.F.,.F.,(4,3,3,3,4),(0.,0.000233226,0.000349839,0.000408145,0.000466452),.UNSPECIFIED.);
#12157=EDGE_CURVE('NONE',#12088,#12142,#12156,.T.);
#12158=ORIENTED_EDGE('',*,*,#12157,.T.);
#12159=CARTESIAN_POINT('',(-41.108956203,90.155460097,142.763989489));
#12160=DIRECTION('',(-0.,-0.,-1.));
#12161=VECTOR('',#12160,0.005);
#12162=LINE('',#12159,#12161);
#12163=EDGE_CURVE('NONE',#12142,#880,#12162,.T.);
#12164=ORIENTED_EDGE('',*,*,#12163,.T.);
#12165=EDGE_LOOP('',(#12139,#12140,#12158,#12164));
#12166=FACE_BOUND('',#12165,.T.);
#12167=ADVANCED_FACE('NONE',(#12166),#12138,.T.);
#12168=CARTESIAN_POINT('',(-41.108956545,90.155460081,142.763989489));
#12169=CARTESIAN_POINT('',(-41.108956545,90.155460081,142.758989489));
#12170=CARTESIAN_POINT('',(-41.124145386,90.154770501,142.763989489));
#12171=CARTESIAN_POINT('',(-41.124145386,90.154770501,142.758989489));
#12172=CARTESIAN_POINT('',(-41.15419392,90.15340626,142.763989489));
#12173=CARTESIAN_POINT('',(-41.15419392,90.15340626,142.758989489));
#12174=CARTESIAN_POINT('',(-41.198112501,90.142340194,142.763989489));
#12175=CARTESIAN_POINT('',(-41.198112501,90.142340194,142.758989489));
#12176=CARTESIAN_POINT('',(-41.239946381,90.124871577,142.763989489));
#12177=CARTESIAN_POINT('',(-41.239946381,90.124871577,142.758989489));
#12178=CARTESIAN_POINT('',(-41.279586485,90.099952282,142.763989489));
#12179=CARTESIAN_POINT('',(-41.279586485,90.099952282,142.758989489));
#12180=CARTESIAN_POINT('',(-41.316915216,90.067925449,142.763989489));
#12181=CARTESIAN_POINT('',(-41.316915216,90.067925449,142.758989489));
#12182=CARTESIAN_POINT('',(-41.352511874,90.029265197,142.763989489));
#12183=CARTESIAN_POINT('',(-41.352511874,90.029265197,142.758989489));
#12184=CARTESIAN_POINT('',(-41.385454152,89.983294087,142.763989489));
#12185=CARTESIAN_POINT('',(-41.385454152,89.983294087,142.758989489));
#12186=CARTESIAN_POINT('',(-41.416525963,89.931286096,142.763989489));
#12187=CARTESIAN_POINT('',(-41.416525963,89.931286096,142.758989489));
#12188=CARTESIAN_POINT('',(-41.444509905,89.873422373,142.763989489));
#12189=CARTESIAN_POINT('',(-41.444509905,89.873422373,142.758989489));
#12190=CARTESIAN_POINT('',(-41.469103368,89.810940461,142.763989489));
#12191=CARTESIAN_POINT('',(-41.469103368,89.810940461,142.758989489));
#12192=CARTESIAN_POINT('',(-41.489766463,89.744110064,142.763989489));
#12193=CARTESIAN_POINT('',(-41.489766463,89.744110064,142.758989489));
#12194=CARTESIAN_POINT('',(-41.507010803,89.673203624,142.763989489));
#12195=CARTESIAN_POINT('',(-41.507010803,89.673203624,142.758989489));
#12196=CARTESIAN_POINT('',(-41.519537471,89.597828493,142.763989489));
#12197=CARTESIAN_POINT('',(-41.519537471,89.597828493,142.758989489));
#12198=CARTESIAN_POINT('',(-41.529275611,89.518449985,142.763989489));
#12199=CARTESIAN_POINT('',(-41.529275611,89.518449985,142.758989489));
#12200=CARTESIAN_POINT('',(-41.535016578,89.434791965,142.763989489));
#12201=CARTESIAN_POINT('',(-41.535016578,89.434791965,142.758989489));
#12202=CARTESIAN_POINT('',(-41.535626994,89.37762435,142.763989489));
#12203=CARTESIAN_POINT('',(-41.535626994,89.37762435,142.758989489));
#12204=CARTESIAN_POINT('',(-41.535939376,89.348368751,142.763989489));
#12205=CARTESIAN_POINT('',(-41.535939376,89.348368751,142.758989489));
#12206=B_SPLINE_SURFACE_WITH_KNOTS('',3,1,((#12168,#12169),(#12170,#12171),(#12172,#12173),(#12174,#12175),(#12176,#12177),(#12178,#12179),(#12180,#12181),(#12182,#12183),(#12184,#12185),(#12186,#12187),(#12188,#12189),(#12190,#12191),(#12192,#12193),(#12194,#12195),(#12196,#12197),(#12198,#12199),(#12200,#12201),(#12202,#12203),(#12204,#12205)),.UNSPECIFIED.,.F.,.F.,.U.,(4,1,1,1,1,1,1,1,1,1,1,1,1,1,1,1,4),(2,2),(0.000000341,0.045467672,0.089949716,0.13488218,0.18085826,0.22963007,0.28188621,0.337962286,0.398809027,0.463246497,0.530357166,0.599851465,0.672727069,0.748869999,0.828693324,0.912333595,1.),(0.,1.),.UNSPECIFIED.);
#12207=ORIENTED_EDGE('',*,*,#925,.F.);
#12208=ORIENTED_EDGE('',*,*,#12163,.F.);
#12209=CARTESIAN_POINT('',(-41.535939376,89.348368751,142.763989489));
#12210=VERTEX_POINT('',#12209);
#12211=CARTESIAN_POINT('',(-41.108956886,90.155460066,142.763989489));
#12212=CARTESIAN_POINT('',(-41.129831107,90.154512366,142.763989489));
#12213=CARTESIAN_POINT('',(-41.150855507,90.153256885,142.763989489));
#12214=CARTESIAN_POINT('',(-41.171140889,90.148717389,142.763989489));
#12215=CARTESIAN_POINT('',(-41.191426271,90.144177893,142.763989489));
#12216=CARTESIAN_POINT('',(-41.210956253,90.137361391,142.763989489));
#12217=CARTESIAN_POINT('',(-41.229802607,90.128484222,142.763989489));
#12218=CARTESIAN_POINT('',(-41.267495316,90.110729884,142.763989489));
#12219=CARTESIAN_POINT('',(-41.300672141,90.084195835,142.763989489));
#12220=CARTESIAN_POINT('',(-41.329408017,90.053901162,142.763989489));
#12221=CARTESIAN_POINT('',(-41.358143892,90.023606489,142.763989489));
#12222=CARTESIAN_POINT('',(-41.382122722,89.989090551,142.763989489));
#12223=CARTESIAN_POINT('',(-41.40322844,89.953066612,142.763989489));
#12224=CARTESIAN_POINT('',(-41.424334157,89.917042673,142.763989489));
#12225=CARTESIAN_POINT('',(-41.442146765,89.879155236,142.763989489));
#12226=CARTESIAN_POINT('',(-41.457331213,89.840263266,142.763989489));
#12227=CARTESIAN_POINT('',(-41.487700111,89.762479326,142.763989489));
#12228=CARTESIAN_POINT('',(-41.507013806,89.680693391,142.763989489));
#12229=CARTESIAN_POINT('',(-41.51894489,89.598050673,142.763989489));
#12230=CARTESIAN_POINT('',(-41.524910432,89.556729315,142.763989489));
#12231=CARTESIAN_POINT('',(-41.52942777,89.51519434,142.763989489));
#12232=CARTESIAN_POINT('',(-41.532155873,89.473537305,142.763989489));
#12233=CARTESIAN_POINT('',(-41.534883976,89.43188027,142.763989489));
#12234=CARTESIAN_POINT('',(-41.535493622,89.390115101,142.763989489));
#12235=CARTESIAN_POINT('',(-41.535939376,89.348368751,142.763989489));
#12236=B_SPLINE_CURVE_WITH_KNOTS('',3,(#12211,#12212,#12213,#12214,#12215,#12216,#12217,#12218,#12219,#12220,#12221,#12222,#12223,#12224,#12225,#12226,#12227,#12228,#12229,#12230,#12231,#12232,#12233,#12234,#12235),.UNSPECIFIED.,.F.,.F.,(4,3,3,3,3,3,3,3,4),(0.,0.000062687,0.000125374,0.000250748,0.000376123,0.000501497,0.000752245,0.000877619,0.001002993),.UNSPECIFIED.);
#12237=EDGE_CURVE('NONE',#12142,#12210,#12236,.T.);
#12238=ORIENTED_EDGE('',*,*,#12237,.T.);
#12239=CARTESIAN_POINT('',(-41.535939376,89.348368751,142.763989489));
#12240=DIRECTION('',(-0.,-0.,-1.));
#12241=VECTOR('',#12240,0.005);
#12242=LINE('',#12239,#12241);
#12243=EDGE_CURVE('NONE',#12210,#898,#12242,.T.);
#12244=ORIENTED_EDGE('',*,*,#12243,.T.);
#12245=EDGE_LOOP('',(#12207,#12208,#12238,#12244));
#12246=FACE_BOUND('',#12245,.T.);
#12247=ADVANCED_FACE('NONE',(#12246),#12206,.T.);
#12248=CARTESIAN_POINT('',(-41.535939376,89.348368751,142.763989489));
#12249=CARTESIAN_POINT('',(-41.535939376,89.348368751,142.758989489));
#12250=CARTESIAN_POINT('',(-41.535714739,89.325327124,142.763989489));
#12251=CARTESIAN_POINT('',(-41.535714739,89.325327124,142.758989489));
#12252=CARTESIAN_POINT('',(-41.535272018,89.279916197,142.763989489));
#12253=CARTESIAN_POINT('',(-41.535272018,89.279916197,142.758989489));
#12254=CARTESIAN_POINT('',(-41.531590773,89.212958658,142.763989489));
#12255=CARTESIAN_POINT('',(-41.531590773,89.212958658,142.758989489));
#12256=CARTESIAN_POINT('',(-41.525628264,89.148201173,142.763989489));
#12257=CARTESIAN_POINT('',(-41.525628264,89.148201173,142.758989489));
#12258=CARTESIAN_POINT('',(-41.517275038,89.085835736,142.763989489));
#12259=CARTESIAN_POINT('',(-41.517275038,89.085835736,142.758989489));
#12260=CARTESIAN_POINT('',(-41.506504426,89.025639246,142.763989489));
#12261=CARTESIAN_POINT('',(-41.506504426,89.025639246,142.758989489));
#12262=CARTESIAN_POINT('',(-41.492904183,88.967841956,142.763989489));
#12263=CARTESIAN_POINT('',(-41.492904183,88.967841956,142.758989489));
#12264=CARTESIAN_POINT('',(-41.477380338,88.912132221,142.763989489));
#12265=CARTESIAN_POINT('',(-41.477380338,88.912132221,142.758989489));
#12266=CARTESIAN_POINT('',(-41.459400852,88.858691744,142.763989489));
#12267=CARTESIAN_POINT('',(-41.459400852,88.858691744,142.758989489));
#12268=CARTESIAN_POINT('',(-41.438372005,88.807490022,142.763989489));
#12269=CARTESIAN_POINT('',(-41.438372005,88.807490022,142.758989489));
#12270=CARTESIAN_POINT('',(-41.415632653,88.757813934,142.763989489));
#12271=CARTESIAN_POINT('',(-41.415632653,88.757813934,142.758989489));
#12272=CARTESIAN_POINT('',(-41.389038357,88.710517321,142.763989489));
#12273=CARTESIAN_POINT('',(-41.389038357,88.710517321,142.758989489));
#12274=CARTESIAN_POINT('',(-41.360471096,88.664676922,142.763989489));
#12275=CARTESIAN_POINT('',(-41.360471096,88.664676922,142.758989489));
#12276=CARTESIAN_POINT('',(-41.328217297,88.621223995,142.763989489));
#12277=CARTESIAN_POINT('',(-41.328217297,88.621223995,142.758989489));
#12278=CARTESIAN_POINT('',(-41.29427564,88.578914352,142.763989489));
#12279=CARTESIAN_POINT('',(-41.29427564,88.578914352,142.758989489));
#12280=CARTESIAN_POINT('',(-41.25668103,88.539175362,142.763989489));
#12281=CARTESIAN_POINT('',(-41.25668103,88.539175362,142.758989489));
#12282=CARTESIAN_POINT('',(-41.229980562,88.514198034,142.763989489));
#12283=CARTESIAN_POINT('',(-41.229980562,88.514198034,142.758989489));
#12284=CARTESIAN_POINT('',(-41.216528319,88.501613943,142.763989489));
#12285=CARTESIAN_POINT('',(-41.216528319,88.501613943,142.758989489));
#12286=B_SPLINE_SURFACE_WITH_KNOTS('',3,1,((#12248,#12249),(#12250,#12251),(#12252,#12253),(#12254,#12255),(#12256,#12257),(#12258,#12259),(#12260,#12261),(#12262,#12263),(#12264,#12265),(#12266,#12267),(#12268,#12269),(#12270,#12271),(#12272,#12273),(#12274,#12275),(#12276,#12277),(#12278,#12279),(#12280,#12281),(#12282,#12283),(#12284,#12285)),.UNSPECIFIED.,.F.,.F.,.U.,(4,1,1,1,1,1,1,1,1,1,1,1,1,1,1,1,4),(2,2),(0.,0.073999112,0.145839018,0.215300242,0.282814594,0.347869302,0.411620092,0.473438353,0.533559337,0.592578971,0.651152444,0.708893177,0.76672524,0.824504492,0.882582962,0.940842888,1.),(0.,1.),.UNSPECIFIED.);
#12287=ORIENTED_EDGE('',*,*,#946,.F.);
#12288=ORIENTED_EDGE('',*,*,#12243,.F.);
#12289=CARTESIAN_POINT('',(-41.216528319,88.501613943,142.763989489));
#12290=VERTEX_POINT('',#12289);
#12291=CARTESIAN_POINT('',(-41.535939376,89.348368751,142.763989489));
#12292=CARTESIAN_POINT('',(-41.535180416,89.270520403,142.763989489));
#12293=CARTESIAN_POINT('',(-41.531549696,89.1926136,142.763989489));
#12294=CARTESIAN_POINT('',(-41.521129006,89.115460841,142.763989489));
#12295=CARTESIAN_POINT('',(-41.510708317,89.038308081,142.763989489));
#12296=CARTESIAN_POINT('',(-41.493857817,88.961948206,142.763989489));
#12297=CARTESIAN_POINT('',(-41.469155805,88.888118329,142.763989489));
#12298=CARTESIAN_POINT('',(-41.444453793,88.814288451,142.763989489));
#12299=CARTESIAN_POINT('',(-41.410895517,88.743360999,142.763989489));
#12300=CARTESIAN_POINT('',(-41.368500975,88.678077549,142.763989489));
#12301=CARTESIAN_POINT('',(-41.347303704,88.645435825,142.763989489));
#12302=CARTESIAN_POINT('',(-41.323639618,88.614397736,142.763989489));
#12303=CARTESIAN_POINT('',(-41.298372693,88.584796619,142.763989489));
#12304=CARTESIAN_POINT('',(-41.273105768,88.555195503,142.763989489));
#12305=CARTESIAN_POINT('',(-41.244953665,88.528204834,142.763989489));
#12306=CARTESIAN_POINT('',(-41.216528321,88.501613945,142.763989489));
#12307=B_SPLINE_CURVE_WITH_KNOTS('',3,(#12291,#12292,#12293,#12294,#12295,#12296,#12297,#12298,#12299,#12300,#12301,#12302,#12303,#12304,#12305,#12306),.UNSPECIFIED.,.F.,.F.,(4,3,3,3,3,4),(0.,0.000233556,0.000467112,0.000700668,0.000817446,0.000934225),.UNSPECIFIED.);
#12308=EDGE_CURVE('NONE',#12210,#12290,#12307,.T.);
#12309=ORIENTED_EDGE('',*,*,#12308,.T.);
#12310=CARTESIAN_POINT('',(-41.216528319,88.501613943,142.763989489));
#12311=DIRECTION('',(-0.,-0.,-1.));
#12312=VECTOR('',#12311,0.005);
#12313=LINE('',#12310,#12312);
#12314=EDGE_CURVE('NONE',#12290,#928,#12313,.T.);
#12315=ORIENTED_EDGE('',*,*,#12314,.T.);
#12316=EDGE_LOOP('',(#12287,#12288,#12309,#12315));
#12317=FACE_BOUND('',#12316,.T.);
#12318=ADVANCED_FACE('NONE',(#12317),#12286,.T.);
#12319=CARTESIAN_POINT('',(-41.216528319,88.501613943,142.763989489));
#12320=DIRECTION('',(-0.946689686,0.322146921,-0.));
#12321=DIRECTION('',(0.322146921,0.946689686,-0.));
#12322=AXIS2_PLACEMENT_3D('',#12319,#12320,#12321);
#12323=PLANE('',#12322);
#12324=ORIENTED_EDGE('',*,*,#954,.F.);
#12325=ORIENTED_EDGE('',*,*,#12314,.F.);
#12326=CARTESIAN_POINT('',(-41.074400915,88.919282213,142.763989489));
#12327=VERTEX_POINT('',#12326);
#12328=CARTESIAN_POINT('',(-41.216528319,88.501613943,142.763989489));
#12329=DIRECTION('',(0.322146921,0.946689686,-0.));
#12330=VECTOR('',#12329,0.441188148);
#12331=LINE('',#12328,#12330);
#12332=EDGE_CURVE('NONE',#12290,#12327,#12331,.T.);
#12333=ORIENTED_EDGE('',*,*,#12332,.T.);
#12334=CARTESIAN_POINT('',(-41.074400915,88.919282213,142.763989489));
#12335=DIRECTION('',(-0.,-0.,-1.));
#12336=VECTOR('',#12335,0.005);
#12337=LINE('',#12334,#12336);
#12338=EDGE_CURVE('NONE',#12327,#949,#12337,.T.);
#12339=ORIENTED_EDGE('',*,*,#12338,.T.);
#12340=EDGE_LOOP('',(#12324,#12325,#12333,#12339));
#12341=FACE_BOUND('',#12340,.T.);
#12342=ADVANCED_FACE('NONE',(#12341),#12323,.T.);
#12343=CARTESIAN_POINT('',(-41.074400915,88.919282212,142.763989489));
#12344=CARTESIAN_POINT('',(-41.074400915,88.919282212,142.758989489));
#12345=CARTESIAN_POINT('',(-41.089736787,88.935030409,142.763989489));
#12346=CARTESIAN_POINT('',(-41.089736787,88.935030409,142.758989489));
#12347=CARTESIAN_POINT('',(-41.119816177,88.965918524,142.763989489));
#12348=CARTESIAN_POINT('',(-41.119816177,88.965918524,142.758989489));
#12349=CARTESIAN_POINT('',(-41.158813238,89.016121949,142.763989489));
#12350=CARTESIAN_POINT('',(-41.158813238,89.016121949,142.758989489));
#12351=CARTESIAN_POINT('',(-41.192353412,89.06772988,142.763989489));
#12352=CARTESIAN_POINT('',(-41.192353412,89.06772988,142.758989489));
#12353=CARTESIAN_POINT('',(-41.219383433,89.121386044,142.763989489));
#12354=CARTESIAN_POINT('',(-41.219383433,89.121386044,142.758989489));
#12355=CARTESIAN_POINT('',(-41.240745089,89.176807095,142.763989489));
#12356=CARTESIAN_POINT('',(-41.240745089,89.176807095,142.758989489));
#12357=CARTESIAN_POINT('',(-41.255637208,89.234062575,142.763989489));
#12358=CARTESIAN_POINT('',(-41.255637208,89.234062575,142.758989489));
#12359=CARTESIAN_POINT('',(-41.265037002,89.293070291,142.763989489));
#12360=CARTESIAN_POINT('',(-41.265037002,89.293070291,142.758989489));
#12361=CARTESIAN_POINT('',(-41.266147732,89.333008966,142.763989489));
#12362=CARTESIAN_POINT('',(-41.266147732,89.333008966,142.758989489));
#12363=CARTESIAN_POINT('',(-41.266708607,89.353176443,142.763989489));
#12364=CARTESIAN_POINT('',(-41.266708607,89.353176443,142.758989489));
#12365=B_SPLINE_SURFACE_WITH_KNOTS('',3,1,((#12343,#12344),(#12345,#12346),(#12347,#12348),(#12349,#12350),(#12351,#12352),(#12353,#12354),(#12355,#12356),(#12357,#12358),(#12359,#12360),(#12361,#12362),(#12363,#12364)),.UNSPECIFIED.,.F.,.F.,.U.,(4,1,1,1,1,1,1,1,4),(2,2),(0.000000001,0.135056645,0.264896675,0.390105202,0.512933276,0.633588691,0.754575235,0.876070045,1.),(0.,1.),.UNSPECIFIED.);
#12366=ORIENTED_EDGE('',*,*,#972,.F.);
#12367=ORIENTED_EDGE('',*,*,#12338,.F.);
#12368=CARTESIAN_POINT('',(-41.266708597,89.353176874,142.763989489));
#12369=VERTEX_POINT('',#12368);
#12370=CARTESIAN_POINT('',(-41.074400915,88.919282213,142.763989489));
#12371=CARTESIAN_POINT('',(-41.102788973,88.948433521,142.763989489));
#12372=CARTESIAN_POINT('',(-41.130433949,88.978434839,142.763989489));
#12373=CARTESIAN_POINT('',(-41.154320484,89.011366426,142.763989489));
#12374=CARTESIAN_POINT('',(-41.178207019,89.044298014,142.763989489));
#12375=CARTESIAN_POINT('',(-41.19920941,89.07937234,142.763989489));
#12376=CARTESIAN_POINT('',(-41.216069597,89.116400905,142.763989489));
#12377=CARTESIAN_POINT('',(-41.232929784,89.15342947,142.763989489));
#12378=CARTESIAN_POINT('',(-41.245772411,89.192294654,142.763989489));
#12379=CARTESIAN_POINT('',(-41.254244451,89.232078494,142.763989489));
#12380=CARTESIAN_POINT('',(-41.262716491,89.271862334,142.763989489));
#12381=CARTESIAN_POINT('',(-41.265578946,89.312557038,142.763989489));
#12382=CARTESIAN_POINT('',(-41.266708631,89.353177303,142.763989489));
#12383=B_SPLINE_CURVE_WITH_KNOTS('',3,(#12370,#12371,#12372,#12373,#12374,#12375,#12376,#12377,#12378,#12379,#12380,#12381,#12382),.UNSPECIFIED.,.F.,.F.,(4,3,3,3,4),(0.,0.00012207,0.00024414,0.00036621,0.000488281),.UNSPECIFIED.);
#12384=EDGE_CURVE('NONE',#12327,#12369,#12383,.T.);
#12385=ORIENTED_EDGE('',*,*,#12384,.T.);
#12386=CARTESIAN_POINT('',(-41.266708607,89.353176443,142.763989489));
#12387=DIRECTION('',(-0.,-0.,-1.));
#12388=VECTOR('',#12387,0.005);
#12389=LINE('',#12386,#12388);
#12390=EDGE_CURVE('NONE',#12369,#957,#12389,.T.);
#12391=ORIENTED_EDGE('',*,*,#12390,.T.);
#12392=EDGE_LOOP('',(#12366,#12367,#12385,#12391));
#12393=FACE_BOUND('',#12392,.T.);
#12394=ADVANCED_FACE('NONE',(#12393),#12365,.T.);
#12395=CARTESIAN_POINT('',(-41.266708598,89.353176874,142.763989489));
#12396=CARTESIAN_POINT('',(-41.266708598,89.353176874,142.758989489));
#12397=CARTESIAN_POINT('',(-41.266238116,89.373640983,142.763989489));
#12398=CARTESIAN_POINT('',(-41.266238116,89.373640983,142.758989489));
#12399=CARTESIAN_POINT('',(-41.26533001,89.413139291,142.763989489));
#12400=CARTESIAN_POINT('',(-41.26533001,89.413139291,142.758989489));
#12401=CARTESIAN_POINT('',(-41.25705499,89.469726095,142.763989489));
#12402=CARTESIAN_POINT('',(-41.25705499,89.469726095,142.758989489));
#12403=CARTESIAN_POINT('',(-41.244178486,89.521564814,142.763989489));
#12404=CARTESIAN_POINT('',(-41.244178486,89.521564814,142.758989489));
#12405=CARTESIAN_POINT('',(-41.228065387,89.560458888,142.763989489));
#12406=CARTESIAN_POINT('',(-41.228065387,89.560458888,142.758989489));
#12407=CARTESIAN_POINT('',(-41.213567958,89.588345925,142.763989489));
#12408=CARTESIAN_POINT('',(-41.213567958,89.588345925,142.758989489));
#12409=CARTESIAN_POINT('',(-41.202091969,89.606057199,142.763989489));
#12410=CARTESIAN_POINT('',(-41.202091969,89.606057199,142.758989489));
#12411=CARTESIAN_POINT('',(-41.190554812,89.621364999,142.763989489));
#12412=CARTESIAN_POINT('',(-41.190554812,89.621364999,142.758989489));
#12413=CARTESIAN_POINT('',(-41.177991944,89.633451551,142.763989489));
#12414=CARTESIAN_POINT('',(-41.177991944,89.633451551,142.758989489));
#12415=CARTESIAN_POINT('',(-41.165414005,89.643246388,142.763989489));
#12416=CARTESIAN_POINT('',(-41.165414005,89.643246388,142.758989489));
#12417=CARTESIAN_POINT('',(-41.152317966,89.650478637,142.763989489));
#12418=CARTESIAN_POINT('',(-41.152317966,89.650478637,142.758989489));
#12419=CARTESIAN_POINT('',(-41.138525212,89.654420961,142.763989489));
#12420=CARTESIAN_POINT('',(-41.138525212,89.654420961,142.758989489));
#12421=CARTESIAN_POINT('',(-41.129210225,89.655115133,142.763989489));
#12422=CARTESIAN_POINT('',(-41.129210225,89.655115133,142.758989489));
#12423=CARTESIAN_POINT('',(-41.124581203,89.655460098,142.763989489));
#12424=CARTESIAN_POINT('',(-41.124581203,89.655460098,142.758989489));
#12425=B_SPLINE_SURFACE_WITH_KNOTS('',3,1,((#12395,#12396),(#12397,#12398),(#12399,#12400),(#12401,#12402),(#12403,#12404),(#12405,#12406),(#12407,#12408),(#12409,#12410),(#12411,#12412),(#12413,#12414),(#12415,#12416),(#12417,#12418),(#12419,#12420),(#12421,#12422),(#12423,#12424)),.UNSPECIFIED.,.F.,.F.,.U.,(4,1,1,1,1,1,1,1,1,1,1,1,4),(2,2),(0.000001194,0.170363282,0.328821483,0.475326539,0.614144562,0.678337085,0.736887059,0.789791317,0.837580181,0.881632622,0.922317172,0.961396034,1.),(0.,1.),.UNSPECIFIED.);
#12426=ORIENTED_EDGE('',*,*,#990,.F.);
#12427=ORIENTED_EDGE('',*,*,#12390,.F.);
#12428=CARTESIAN_POINT('',(-41.124581028,89.655460079,142.763989489));
#12429=VERTEX_POINT('',#12428);
#12430=CARTESIAN_POINT('',(-41.266708588,89.353177304,142.763989489));
#12431=CARTESIAN_POINT('',(-41.265326896,89.413275467,142.763989489));
#12432=CARTESIAN_POINT('',(-41.260100108,89.474041095,142.763989489));
#12433=CARTESIAN_POINT('',(-41.239711862,89.530594999,142.763989489));
#12434=CARTESIAN_POINT('',(-41.229517739,89.558871951,142.763989489));
#12435=CARTESIAN_POINT('',(-41.216413677,89.586257416,142.763989489));
#12436=CARTESIAN_POINT('',(-41.198607855,89.610520815,142.763989489));
#12437=CARTESIAN_POINT('',(-41.189704944,89.622652515,142.763989489));
#12438=CARTESIAN_POINT('',(-41.179104122,89.633354651,142.763989489));
#12439=CARTESIAN_POINT('',(-41.166770141,89.641847574,142.763989489));
#12440=CARTESIAN_POINT('',(-41.154436159,89.650340498,142.763989489));
#12441=CARTESIAN_POINT('',(-41.139630468,89.654338594,142.763989489));
#12442=CARTESIAN_POINT('',(-41.124580856,89.655460123,142.763989489));
#12443=B_SPLINE_CURVE_WITH_KNOTS('',3,(#12430,#12431,#12432,#12433,#12434,#12435,#12436,#12437,#12438,#12439,#12440,#12441,#12442),.UNSPECIFIED.,.F.,.F.,(4,3,3,3,4),(0.,0.000180342,0.000270513,0.000315599,0.000360684),.UNSPECIFIED.);
#12444=EDGE_CURVE('NONE',#12369,#12429,#12443,.T.);
#12445=ORIENTED_EDGE('',*,*,#12444,.T.);
#12446=CARTESIAN_POINT('',(-41.124581203,89.655460098,142.763989489));
#12447=DIRECTION('',(-0.,-0.,-1.));
#12448=VECTOR('',#12447,0.005);
#12449=LINE('',#12446,#12448);
#12450=EDGE_CURVE('NONE',#12429,#975,#12449,.T.);
#12451=ORIENTED_EDGE('',*,*,#12450,.T.);
#12452=EDGE_LOOP('',(#12426,#12427,#12445,#12451));
#12453=FACE_BOUND('',#12452,.T.);
#12454=ADVANCED_FACE('NONE',(#12453),#12425,.T.);
#12455=CARTESIAN_POINT('',(-41.124581203,89.655460098,142.763989489));
#12456=CARTESIAN_POINT('',(-41.124581203,89.655460098,142.758989489));
#12457=CARTESIAN_POINT('',(-41.115934088,89.654563007,142.763989489));
#12458=CARTESIAN_POINT('',(-41.115934088,89.654563007,142.758989489));
#12459=CARTESIAN_POINT('',(-41.097814106,89.652683159,142.763989489));
#12460=CARTESIAN_POINT('',(-41.097814106,89.652683159,142.758989489));
#12461=CARTESIAN_POINT('',(-41.071529735,89.63897282,142.763989489));
#12462=CARTESIAN_POINT('',(-41.071529735,89.63897282,142.758989489));
#12463=CARTESIAN_POINT('',(-41.045994571,89.617546011,142.763989489));
#12464=CARTESIAN_POINT('',(-41.045994571,89.617546011,142.758989489));
#12465=CARTESIAN_POINT('',(-41.024976181,89.59368392,142.763989489));
#12466=CARTESIAN_POINT('',(-41.024976181,89.59368392,142.758989489));
#12467=CARTESIAN_POINT('',(-41.007831629,89.568827538,142.763989489));
#12468=CARTESIAN_POINT('',(-41.007831629,89.568827538,142.758989489));
#12469=CARTESIAN_POINT('',(-40.992579785,89.544723859,142.763989489));
#12470=CARTESIAN_POINT('',(-40.992579785,89.544723859,142.758989489));
#12471=CARTESIAN_POINT('',(-40.975288631,89.515806397,142.763989489));
#12472=CARTESIAN_POINT('',(-40.975288631,89.515806397,142.758989489));
#12473=CARTESIAN_POINT('',(-40.957055792,89.481564249,142.763989489));
#12474=CARTESIAN_POINT('',(-40.957055792,89.481564249,142.758989489));
#12475=CARTESIAN_POINT('',(-40.936349562,89.442642584,142.763989489));
#12476=CARTESIAN_POINT('',(-40.936349562,89.442642584,142.758989489));
#12477=CARTESIAN_POINT('',(-40.914303893,89.398616242,142.763989489));
#12478=CARTESIAN_POINT('',(-40.914303893,89.398616242,142.758989489));
#12479=CARTESIAN_POINT('',(-40.890601737,89.349568954,142.763989489));
#12480=CARTESIAN_POINT('',(-40.890601737,89.349568954,142.758989489));
#12481=CARTESIAN_POINT('',(-40.874355115,89.315228029,142.763989489));
#12482=CARTESIAN_POINT('',(-40.874355115,89.315228029,142.758989489));
#12483=CARTESIAN_POINT('',(-40.865867261,89.29728702,142.763989489));
#12484=CARTESIAN_POINT('',(-40.865867261,89.29728702,142.758989489));
#12485=B_SPLINE_SURFACE_WITH_KNOTS('',3,1,((#12455,#12456),(#12457,#12458),(#12459,#12460),(#12461,#12462),(#12463,#12464),(#12465,#12466),(#12467,#12468),(#12469,#12470),(#12471,#12472),(#12473,#12474),(#12475,#12476),(#12477,#12478),(#12479,#12480),(#12481,#12482),(#12483,#12484)),.UNSPECIFIED.,.F.,.F.,.U.,(4,1,1,1,1,1,1,1,1,1,1,1,4),(2,2),(0.,0.05658372,0.118570864,0.190482211,0.274703987,0.326093142,0.388410016,0.461744193,0.546981815,0.642765817,0.75086557,0.869842675,1.),(0.,1.),.UNSPECIFIED.);
#12486=ORIENTED_EDGE('',*,*,#1014,.F.);
#12487=ORIENTED_EDGE('',*,*,#12450,.F.);
#12488=CARTESIAN_POINT('',(-40.865867261,89.29728702,142.763989489));
#12489=VERTEX_POINT('',#12488);
#12490=CARTESIAN_POINT('',(-41.124580852,89.655460061,142.763989489));
#12491=CARTESIAN_POINT('',(-41.115098705,89.654476341,142.763989489));
#12492=CARTESIAN_POINT('',(-41.10556603,89.653457841,142.763989489));
#12493=CARTESIAN_POINT('',(-41.096629516,89.650501859,142.763989489));
#12494=CARTESIAN_POINT('',(-41.087693003,89.647545877,142.763989489));
#12495=CARTESIAN_POINT('',(-41.079218902,89.64286201,142.763989489));
#12496=CARTESIAN_POINT('',(-41.071342869,89.637491323,142.763989489));
#12497=CARTESIAN_POINT('',(-41.055590802,89.626749949,142.763989489));
#12498=CARTESIAN_POINT('',(-41.041890157,89.613169984,142.763989489));
#12499=CARTESIAN_POINT('',(-41.029699846,89.598521363,142.763989489));
#12500=CARTESIAN_POINT('',(-41.017509535,89.583872741,142.763989489));
#12501=CARTESIAN_POINT('',(-41.007111779,89.567796897,142.763989489));
#12502=CARTESIAN_POINT('',(-40.996999855,89.551609815,142.763989489));
#12503=CARTESIAN_POINT('',(-40.986887932,89.535422732,142.763989489));
#12504=CARTESIAN_POINT('',(-40.977216243,89.51896043,142.763989489));
#12505=CARTESIAN_POINT('',(-40.968106912,89.50218969,142.763989489));
#12506=CARTESIAN_POINT('',(-40.931669585,89.435106729,142.763989489));
#12507=CARTESIAN_POINT('',(-40.898515965,89.366297471,142.763989489));
#12508=CARTESIAN_POINT('',(-40.865867261,89.29728702,142.763989489));
#12509=B_SPLINE_CURVE_WITH_KNOTS('',3,(#12490,#12491,#12492,#12493,#12494,#12495,#12496,#12497,#12498,#12499,#12500,#12501,#12502,#12503,#12504,#12505,#12506,#12507,#12508),.UNSPECIFIED.,.F.,.F.,(4,3,3,3,3,3,4),(0.,0.000028598,0.000057196,0.000114392,0.000171588,0.000228784,0.000457568),.UNSPECIFIED.);
#12510=EDGE_CURVE('NONE',#12429,#12489,#12509,.T.);
#12511=ORIENTED_EDGE('',*,*,#12510,.T.);
#12512=CARTESIAN_POINT('',(-40.865867261,89.29728702,142.763989489));
#12513=DIRECTION('',(-0.,-0.,-1.));
#12514=VECTOR('',#12513,0.005);
#12515=LINE('',#12512,#12514);
#12516=EDGE_CURVE('NONE',#12489,#993,#12515,.T.);
#12517=ORIENTED_EDGE('',*,*,#12516,.T.);
#12518=EDGE_LOOP('',(#12486,#12487,#12511,#12517));
#12519=FACE_BOUND('',#12518,.T.);
#12520=ADVANCED_FACE('NONE',(#12519),#12485,.T.);
#12521=CARTESIAN_POINT('',(-40.865867261,89.29728702,142.763989489));
#12522=CARTESIAN_POINT('',(-40.865867261,89.29728702,142.758989489));
#12523=CARTESIAN_POINT('',(-40.857692091,89.279740998,142.763989489));
#12524=CARTESIAN_POINT('',(-40.857692091,89.279740998,142.758989489));
#12525=CARTESIAN_POINT('',(-40.841683803,89.245383084,142.763989489));
#12526=CARTESIAN_POINT('',(-40.841683803,89.245383084,142.758989489));
#12527=CARTESIAN_POINT('',(-40.817561658,89.195289182,142.763989489));
#12528=CARTESIAN_POINT('',(-40.817561658,89.195289182,142.758989489));
#12529=CARTESIAN_POINT('',(-40.794497086,89.147428046,142.763989489));
#12530=CARTESIAN_POINT('',(-40.794497086,89.147428046,142.758989489));
#12531=CARTESIAN_POINT('',(-40.771976308,89.10204369,142.763989489));
#12532=CARTESIAN_POINT('',(-40.771976308,89.10204369,142.758989489));
#12533=CARTESIAN_POINT('',(-40.749983159,89.059154073,142.763989489));
#12534=CARTESIAN_POINT('',(-40.749983159,89.059154073,142.758989489));
#12535=CARTESIAN_POINT('',(-40.729033428,89.01849091,142.763989489));
#12536=CARTESIAN_POINT('',(-40.729033428,89.01849091,142.758989489));
#12537=CARTESIAN_POINT('',(-40.708509656,88.98027435,142.763989489));
#12538=CARTESIAN_POINT('',(-40.708509656,88.98027435,142.758989489));
#12539=CARTESIAN_POINT('',(-40.68882289,88.944389017,142.763989489));
#12540=CARTESIAN_POINT('',(-40.68882289,88.944389017,142.758989489));
#12541=CARTESIAN_POINT('',(-40.669774675,88.910841374,142.763989489));
#12542=CARTESIAN_POINT('',(-40.669774675,88.910841374,142.758989489));
#12543=CARTESIAN_POINT('',(-40.651597502,88.879755463,142.763989489));
#12544=CARTESIAN_POINT('',(-40.651597502,88.879755463,142.758989489));
#12545=CARTESIAN_POINT('',(-40.634033344,88.851026028,142.763989489));
#12546=CARTESIAN_POINT('',(-40.634033344,88.851026028,142.758989489));
#12547=CARTESIAN_POINT('',(-40.617334213,88.824591843,142.763989489));
#12548=CARTESIAN_POINT('',(-40.617334213,88.824591843,142.758989489));
#12549=CARTESIAN_POINT('',(-40.601075248,88.800631966,142.763989489));
#12550=CARTESIAN_POINT('',(-40.601075248,88.800631966,142.758989489));
#12551=CARTESIAN_POINT('',(-40.585800154,88.778880303,142.763989489));
#12552=CARTESIAN_POINT('',(-40.585800154,88.778880303,142.758989489));
#12553=CARTESIAN_POINT('',(-40.571123392,88.759581564,142.763989489));
#12554=CARTESIAN_POINT('',(-40.571123392,88.759581564,142.758989489));
#12555=CARTESIAN_POINT('',(-40.552546316,88.737672212,142.763989489));
#12556=CARTESIAN_POINT('',(-40.552546316,88.737672212,142.758989489));
#12557=CARTESIAN_POINT('',(-40.530434614,88.713055869,142.763989489));
#12558=CARTESIAN_POINT('',(-40.530434614,88.713055869,142.758989489));
#12559=CARTESIAN_POINT('',(-40.502861107,88.687905818,142.763989489));
#12560=CARTESIAN_POINT('',(-40.502861107,88.687905818,142.758989489));
#12561=CARTESIAN_POINT('',(-40.475875999,88.666020882,142.763989489));
#12562=CARTESIAN_POINT('',(-40.475875999,88.666020882,142.758989489));
#12563=CARTESIAN_POINT('',(-40.448780713,88.64793082,142.763989489));
#12564=CARTESIAN_POINT('',(-40.448780713,88.64793082,142.758989489));
#12565=CARTESIAN_POINT('',(-40.421251386,88.634544975,142.763989489));
#12566=CARTESIAN_POINT('',(-40.421251386,88.634544975,142.758989489));
#12567=CARTESIAN_POINT('',(-40.394103245,88.624229946,142.763989489));
#12568=CARTESIAN_POINT('',(-40.394103245,88.624229946,142.758989489));
#12569=CARTESIAN_POINT('',(-40.36671322,88.618405061,142.763989489));
#12570=CARTESIAN_POINT('',(-40.36671322,88.618405061,142.758989489));
#12571=CARTESIAN_POINT('',(-40.348463905,88.617464447,142.763989489));
#12572=CARTESIAN_POINT('',(-40.348463905,88.617464447,142.758989489));
#12573=CARTESIAN_POINT('',(-40.339424953,88.616998559,142.763989489));
#12574=CARTESIAN_POINT('',(-40.339424953,88.616998559,142.758989489));
#12575=B_SPLINE_SURFACE_WITH_KNOTS('',3,1,((#12521,#12522),(#12523,#12524),(#12525,#12526),(#12527,#12528),(#12529,#12530),(#12531,#12532),(#12533,#12534),(#12535,#12536),(#12537,#12538),(#12539,#12540),(#12541,#12542),(#12543,#12544),(#12545,#12546),(#12547,#12548),(#12549,#12550),(#12551,#12552),(#12553,#12554),(#12555,#12556),(#12557,#12558),(#12559,#12560),(#12561,#12562),(#12563,#12564),(#12565,#12566),(#12567,#12568),(#12569,#12570),(#12571,#12572),
(#12573,#12574)),.UNSPECIFIED.,.F.,.F.,.U.,(4,1,1,1,1,1,1,1,1,1,1,1,1,1,1,1,1,1,1,1,1,1,1,1,4),(2,2),(0.,0.064873413,0.127032507,0.186335163,0.242931084,0.296826505,0.347873259,0.396231189,0.44220361,0.485047392,0.525520323,0.562883637,0.597897635,0.630297411,0.659915468,0.68697272,0.711514221,0.756178771,0.797750441,0.836439814,0.872564185,0.906642046,0.938820219,0.969697433,1.),(0.,1.),.UNSPECIFIED.);
#12576=ORIENTED_EDGE('',*,*,#1035,.F.);
#12577=ORIENTED_EDGE('',*,*,#12516,.F.);
#12578=CARTESIAN_POINT('',(-40.339424646,88.616998575,142.763989489));
#12579=VERTEX_POINT('',#12578);
#12580=CARTESIAN_POINT('',(-40.865867261,89.29728702,142.763989489));
#12581=CARTESIAN_POINT('',(-40.8028305,89.161993876,142.763989489));
#12582=CARTESIAN_POINT('',(-40.73775396,89.027435775,142.763989489));
#12583=CARTESIAN_POINT('',(-40.66253821,88.898514801,142.763989489));
#12584=CARTESIAN_POINT('',(-40.624930335,88.834054314,142.763989489));
#12585=CARTESIAN_POINT('',(-40.584990994,88.770159202,142.763989489));
#12586=CARTESIAN_POINT('',(-40.533004936,88.71659179,142.763989489));
#12587=CARTESIAN_POINT('',(-40.507011906,88.689808084,142.763989489));
#12588=CARTESIAN_POINT('',(-40.478311166,88.665175663,142.763989489));
#12589=CARTESIAN_POINT('',(-40.445780242,88.647054121,142.763989489));
#12590=CARTESIAN_POINT('',(-40.42951478,88.637993349,142.763989489));
#12591=CARTESIAN_POINT('',(-40.412322022,88.630420591,142.763989489));
#12592=CARTESIAN_POINT('',(-40.394457921,88.625090693,142.763989489));
#12593=CARTESIAN_POINT('',(-40.37659382,88.619760795,142.763989489));
#12594=CARTESIAN_POINT('',(-40.357993775,88.617955638,142.763989489));
#12595=CARTESIAN_POINT('',(-40.339424341,88.616998528,142.763989489));
#12596=B_SPLINE_CURVE_WITH_KNOTS('',3,(#12580,#12581,#12582,#12583,#12584,#12585,#12586,#12587,#12588,#12589,#12590,#12591,#12592,#12593,#12594,#12595),.UNSPECIFIED.,.F.,.F.,(4,3,3,3,3,4),(0.,0.000447773,0.00067166,0.000783603,0.000839575,0.000895546),.UNSPECIFIED.);
#12597=EDGE_CURVE('NONE',#12489,#12579,#12596,.T.);
#12598=ORIENTED_EDGE('',*,*,#12597,.T.);
#12599=CARTESIAN_POINT('',(-40.339424953,88.616998559,142.763989489));
#12600=DIRECTION('',(-0.,-0.,-1.));
#12601=VECTOR('',#12600,0.005);
#12602=LINE('',#12599,#12601);
#12603=EDGE_CURVE('NONE',#12579,#1017,#12602,.T.);
#12604=ORIENTED_EDGE('',*,*,#12603,.T.);
#12605=EDGE_LOOP('',(#12576,#12577,#12598,#12604));
#12606=FACE_BOUND('',#12605,.T.);
#12607=ADVANCED_FACE('NONE',(#12606),#12575,.T.);
#12608=CARTESIAN_POINT('',(-40.339424646,88.616998575,142.763989489));
#12609=CARTESIAN_POINT('',(-40.339424646,88.616998575,142.758989489));
#12610=CARTESIAN_POINT('',(-40.326543338,88.617644895,142.763989489));
#12611=CARTESIAN_POINT('',(-40.326543338,88.617644895,142.758989489));
#12612=CARTESIAN_POINT('',(-40.300918726,88.618930632,142.763989489));
#12613=CARTESIAN_POINT('',(-40.300918726,88.618930632,142.758989489));
#12614=CARTESIAN_POINT('',(-40.263283997,88.629045245,142.763989489));
#12615=CARTESIAN_POINT('',(-40.263283997,88.629045245,142.758989489));
#12616=CARTESIAN_POINT('',(-40.22715454,88.645481054,142.763989489));
#12617=CARTESIAN_POINT('',(-40.22715454,88.645481054,142.758989489));
#12618=CARTESIAN_POINT('',(-40.19257369,88.66875268,142.763989489));
#12619=CARTESIAN_POINT('',(-40.19257369,88.66875268,142.758989489));
#12620=CARTESIAN_POINT('',(-40.159796321,88.698719707,142.763989489));
#12621=CARTESIAN_POINT('',(-40.159796321,88.698719707,142.758989489));
#12622=CARTESIAN_POINT('',(-40.128065429,88.73472022,142.763989489));
#12623=CARTESIAN_POINT('',(-40.128065429,88.73472022,142.758989489));
#12624=CARTESIAN_POINT('',(-40.09824792,88.777503713,142.763989489));
#12625=CARTESIAN_POINT('',(-40.09824792,88.777503713,142.758989489));
#12626=CARTESIAN_POINT('',(-40.069599416,88.825704074,142.763989489));
#12627=CARTESIAN_POINT('',(-40.069599416,88.825704074,142.758989489));
#12628=CARTESIAN_POINT('',(-40.043867866,88.878881577,142.763989489));
#12629=CARTESIAN_POINT('',(-40.043867866,88.878881577,142.758989489));
#12630=CARTESIAN_POINT('',(-40.020857098,88.935524966,142.763989489));
#12631=CARTESIAN_POINT('',(-40.020857098,88.935524966,142.758989489));
#12632=CARTESIAN_POINT('',(-40.00177043,88.995334796,142.763989489));
#12633=CARTESIAN_POINT('',(-40.00177043,88.995334796,142.758989489));
#12634=CARTESIAN_POINT('',(-39.986157208,89.0581894,142.763989489));
#12635=CARTESIAN_POINT('',(-39.986157208,89.0581894,142.758989489));
#12636=CARTESIAN_POINT('',(-39.973834723,89.123997564,142.763989489));
#12637=CARTESIAN_POINT('',(-39.973834723,89.123997564,142.758989489));
#12638=CARTESIAN_POINT('',(-39.96521929,89.192931686,142.763989489));
#12639=CARTESIAN_POINT('',(-39.96521929,89.192931686,142.758989489));
#12640=CARTESIAN_POINT('',(-39.960082704,89.264856552,142.763989489));
#12641=CARTESIAN_POINT('',(-39.960082704,89.264856552,142.758989489));
#12642=CARTESIAN_POINT('',(-39.95937633,89.313804958,142.763989489));
#12643=CARTESIAN_POINT('',(-39.95937633,89.313804958,142.758989489));
#12644=CARTESIAN_POINT('',(-39.959016299,89.338753367,142.763989489));
#12645=CARTESIAN_POINT('',(-39.959016299,89.338753367,142.758989489));
#12646=B_SPLINE_SURFACE_WITH_KNOTS('',3,1,((#12608,#12609),(#12610,#12611),(#12612,#12613),(#12614,#12615),(#12616,#12617),(#12618,#12619),(#12620,#12621),(#12622,#12623),(#12624,#12625),(#12626,#12627),(#12628,#12629),(#12630,#12631),(#12632,#12633),(#12634,#12635),(#12636,#12637),(#12638,#12639),(#12640,#12641),(#12642,#12643),(#12644,#12645)),.UNSPECIFIED.,.F.,.F.,.U.,(4,1,1,1,1,1,1,1,1,1,1,1,1,1,1,1,4),(2,2),(0.000000346,0.043456095,0.086446301,0.130648993,0.176993494,0.22657396,0.2802552,0.338726196,0.402422216,0.469438348,0.53802972,0.60873775,0.681259911,0.756624541,0.834703352,0.915750307,1.),(0.,1.),.UNSPECIFIED.);
#12647=ORIENTED_EDGE('',*,*,#1057,.F.);
#12648=ORIENTED_EDGE('',*,*,#12603,.F.);
#12649=CARTESIAN_POINT('',(-40.339424338,88.61699859,142.763989489));
#12650=CARTESIAN_POINT('',(-40.320912364,88.617927429,142.763989489));
#12651=CARTESIAN_POINT('',(-40.30234802,88.619196077,142.763989489));
#12652=CARTESIAN_POINT('',(-40.284364355,88.623711484,142.763989489));
#12653=CARTESIAN_POINT('',(-40.266380691,88.62822689,142.763989489));
#12654=CARTESIAN_POINT('',(-40.249028918,88.635081801,142.763989489));
#12655=CARTESIAN_POINT('',(-40.232661456,88.643748747,142.763989489));
#12656=CARTESIAN_POINT('',(-40.199926532,88.661082638,142.763989489));
#12657=CARTESIAN_POINT('',(-40.171716952,88.685962141,142.763989489));
#12658=CARTESIAN_POINT('',(-40.146987545,88.713601924,142.763989489));
#12659=CARTESIAN_POINT('',(-40.097528733,88.76888149,142.763989489));
#12660=CARTESIAN_POINT('',(-40.06192668,88.835342545,142.763989489));
#12661=CARTESIAN_POINT('',(-40.033870405,88.90397187,142.763989489));
#12662=CARTESIAN_POINT('',(-40.00581413,88.972601196,142.763989489));
#12663=CARTESIAN_POINT('',(-39.987422197,89.044313343,142.763989489));
#12664=CARTESIAN_POINT('',(-39.975583866,89.117390167,142.763989489));
#12665=CARTESIAN_POINT('',(-39.963745536,89.19046699,142.763989489));
#12666=CARTESIAN_POINT('',(-39.96008516,89.264686395,142.763989489));
#12667=CARTESIAN_POINT('',(-39.959016299,89.338753367,142.763989489));
#12668=B_SPLINE_CURVE_WITH_KNOTS('',3,(#12649,#12650,#12651,#12652,#12653,#12654,#12655,#12656,#12657,#12658,#12659,#12660,#12661,#12662,#12663,#12664,#12665,#12666,#12667),.UNSPECIFIED.,.F.,.F.,(4,3,3,3,3,3,4),(0.,0.000055606,0.000111211,0.000222423,0.000444845,0.000667268,0.00088969),.UNSPECIFIED.);
#12669=EDGE_CURVE('NONE',#12579,#11816,#12668,.T.);
#12670=ORIENTED_EDGE('',*,*,#12669,.T.);
#12671=ORIENTED_EDGE('',*,*,#11821,.T.);
#12672=EDGE_LOOP('',(#12647,#12648,#12670,#12671));
#12673=FACE_BOUND('',#12672,.T.);
#12674=ADVANCED_FACE('NONE',(#12673),#12646,.T.);
#12675=CARTESIAN_POINT('',(-40.017818023,89.737205274,142.763989489));
#12676=DIRECTION('',(-0.,-0.,-1.));
#12677=DIRECTION('',(1.,-0.,-0.));
#12678=AXIS2_PLACEMENT_3D('',#12675,#12676,#12677);
#12679=PLANE('',#12678);
#12680=ORIENTED_EDGE('',*,*,#11836,.F.);
#12681=ORIENTED_EDGE('',*,*,#12669,.F.);
#12682=ORIENTED_EDGE('',*,*,#12597,.F.);
#12683=ORIENTED_EDGE('',*,*,#12510,.F.);
#12684=ORIENTED_EDGE('',*,*,#12444,.F.);
#12685=ORIENTED_EDGE('',*,*,#12384,.F.);
#12686=ORIENTED_EDGE('',*,*,#12332,.F.);
#12687=ORIENTED_EDGE('',*,*,#12308,.F.);
#12688=ORIENTED_EDGE('',*,*,#12237,.F.);
#12689=ORIENTED_EDGE('',*,*,#12157,.F.);
#12690=ORIENTED_EDGE('',*,*,#12097,.F.);
#12691=ORIENTED_EDGE('',*,*,#12051,.F.);
#12692=ORIENTED_EDGE('',*,*,#12002,.F.);
#12693=ORIENTED_EDGE('',*,*,#11961,.F.);
#12694=ORIENTED_EDGE('',*,*,#11909,.F.);
#12695=ORIENTED_EDGE('',*,*,#11860,.F.);
#12696=EDGE_LOOP('',(#12680,#12681,#12682,#12683,#12684,#12685,#12686,#12687,#12688,#12689,#12690,#12691,#12692,#12693,#12694,#12695));
#12697=FACE_BOUND('',#12696,.T.);
#12698=ADVANCED_FACE('NONE',(#12697),#12679,.T.);
#12699=CARTESIAN_POINT('',(-41.497477838,90.636229328,142.763989489));
#12700=DIRECTION('',(0.,1.,-0.));
#12701=DIRECTION('',(1.,-0.,-0.));
#12702=AXIS2_PLACEMENT_3D('',#12699,#12700,#12701);
#12703=PLANE('',#12702);
#12704=ORIENTED_EDGE('',*,*,#2183,.F.);
#12705=CARTESIAN_POINT('',(-41.497477839,90.636229328,142.763989489));
#12706=VERTEX_POINT('',#12705);
#12707=CARTESIAN_POINT('',(-41.497477839,90.636229328,142.763989489));
#12708=DIRECTION('',(-0.,-0.,-1.));
#12709=VECTOR('',#12708,0.005);
#12710=LINE('',#12707,#12709);
#12711=EDGE_CURVE('NONE',#12706,#2176,#12710,.T.);
#12712=ORIENTED_EDGE('',*,*,#12711,.F.);
#12713=CARTESIAN_POINT('',(-39.997477838,90.636229328,142.763989489));
#12714=VERTEX_POINT('',#12713);
#12715=CARTESIAN_POINT('',(-41.497477839,90.636229328,142.763989489));
#12716=DIRECTION('',(1.,-0.,-0.));
#12717=VECTOR('',#12716,1.500000001);
#12718=LINE('',#12715,#12717);
#12719=EDGE_CURVE('NONE',#12706,#12714,#12718,.T.);
#12720=ORIENTED_EDGE('',*,*,#12719,.T.);
#12721=CARTESIAN_POINT('',(-39.997477838,90.636229328,142.763989489));
#12722=DIRECTION('',(-0.,-0.,-1.));
#12723=VECTOR('',#12722,0.005);
#12724=LINE('',#12721,#12723);
#12725=EDGE_CURVE('NONE',#12714,#2178,#12724,.T.);
#12726=ORIENTED_EDGE('',*,*,#12725,.T.);
#12727=EDGE_LOOP('',(#12704,#12712,#12720,#12726));
#12728=FACE_BOUND('',#12727,.T.);
#12729=ADVANCED_FACE('NONE',(#12728),#12703,.T.);
#12730=CARTESIAN_POINT('',(-39.997477838,90.636229328,142.763989489));
#12731=DIRECTION('',(-1.,0.,0.));
#12732=DIRECTION('',(0.,1.,-0.));
#12733=AXIS2_PLACEMENT_3D('',#12730,#12731,#12732);
#12734=PLANE('',#12733);
#12735=ORIENTED_EDGE('',*,*,#2191,.F.);
#12736=ORIENTED_EDGE('',*,*,#12725,.F.);
#12737=CARTESIAN_POINT('',(-39.997477838,91.136229328,142.763989489));
#12738=VERTEX_POINT('',#12737);
#12739=CARTESIAN_POINT('',(-39.997477838,90.636229328,142.763989489));
#12740=DIRECTION('',(0.,1.,-0.));
#12741=VECTOR('',#12740,0.5);
#12742=LINE('',#12739,#12741);
#12743=EDGE_CURVE('NONE',#12714,#12738,#12742,.T.);
#12744=ORIENTED_EDGE('',*,*,#12743,.T.);
#12745=CARTESIAN_POINT('',(-39.997477838,91.136229328,142.763989489));
#12746=DIRECTION('',(-0.,-0.,-1.));
#12747=VECTOR('',#12746,0.005);
#12748=LINE('',#12745,#12747);
#12749=EDGE_CURVE('NONE',#12738,#2186,#12748,.T.);
#12750=ORIENTED_EDGE('',*,*,#12749,.T.);
#12751=EDGE_LOOP('',(#12735,#12736,#12744,#12750));
#12752=FACE_BOUND('',#12751,.T.);
#12753=ADVANCED_FACE('NONE',(#12752),#12734,.T.);
#12754=CARTESIAN_POINT('',(-39.997477838,91.136229328,142.763989489));
#12755=DIRECTION('',(-0.,-1.,0.));
#12756=DIRECTION('',(-1.,0.,0.));
#12757=AXIS2_PLACEMENT_3D('',#12754,#12755,#12756);
#12758=PLANE('',#12757);
#12759=ORIENTED_EDGE('',*,*,#2199,.F.);
#12760=ORIENTED_EDGE('',*,*,#12749,.F.);
#12761=CARTESIAN_POINT('',(-40.574400916,91.136229328,142.763989489));
#12762=VERTEX_POINT('',#12761);
#12763=CARTESIAN_POINT('',(-39.997477838,91.136229328,142.763989489));
#12764=DIRECTION('',(-1.,0.,0.));
#12765=VECTOR('',#12764,0.576923078);
#12766=LINE('',#12763,#12765);
#12767=EDGE_CURVE('NONE',#12738,#12762,#12766,.T.);
#12768=ORIENTED_EDGE('',*,*,#12767,.T.);
#12769=CARTESIAN_POINT('',(-40.574400916,91.136229328,142.763989489));
#12770=DIRECTION('',(-0.,-0.,-1.));
#12771=VECTOR('',#12770,0.005);
#12772=LINE('',#12769,#12771);
#12773=EDGE_CURVE('NONE',#12762,#2194,#12772,.T.);
#12774=ORIENTED_EDGE('',*,*,#12773,.T.);
#12775=EDGE_LOOP('',(#12759,#12760,#12768,#12774));
#12776=FACE_BOUND('',#12775,.T.);
#12777=ADVANCED_FACE('NONE',(#12776),#12758,.T.);
#12778=CARTESIAN_POINT('',(-40.574400916,91.136229328,142.763989489));
#12779=DIRECTION('',(-1.,0.,0.));
#12780=DIRECTION('',(0.,1.,-0.));
#12781=AXIS2_PLACEMENT_3D('',#12778,#12779,#12780);
#12782=PLANE('',#12781);
#12783=ORIENTED_EDGE('',*,*,#2207,.F.);
#12784=ORIENTED_EDGE('',*,*,#12773,.F.);
#12785=CARTESIAN_POINT('',(-40.574400916,92.040075482,142.763989489));
#12786=VERTEX_POINT('',#12785);
#12787=CARTESIAN_POINT('',(-40.574400916,91.136229328,142.763989489));
#12788=DIRECTION('',(0.,1.,-0.));
#12789=VECTOR('',#12788,0.903846154);
#12790=LINE('',#12787,#12789);
#12791=EDGE_CURVE('NONE',#12762,#12786,#12790,.T.);
#12792=ORIENTED_EDGE('',*,*,#12791,.T.);
#12793=CARTESIAN_POINT('',(-40.574400916,92.040075482,142.763989489));
#12794=DIRECTION('',(-0.,-0.,-1.));
#12795=VECTOR('',#12794,0.005);
#12796=LINE('',#12793,#12795);
#12797=EDGE_CURVE('NONE',#12786,#2202,#12796,.T.);
#12798=ORIENTED_EDGE('',*,*,#12797,.T.);
#12799=EDGE_LOOP('',(#12783,#12784,#12792,#12798));
#12800=FACE_BOUND('',#12799,.T.);
#12801=ADVANCED_FACE('NONE',(#12800),#12782,.T.);
#12802=CARTESIAN_POINT('',(-40.574400916,92.040075482,142.763989489));
#12803=DIRECTION('',(0.,1.,-0.));
#12804=DIRECTION('',(1.,-0.,-0.));
#12805=AXIS2_PLACEMENT_3D('',#12802,#12803,#12804);
#12806=PLANE('',#12805);
#12807=ORIENTED_EDGE('',*,*,#2215,.F.);
#12808=ORIENTED_EDGE('',*,*,#12797,.F.);
#12809=CARTESIAN_POINT('',(-39.997477839,92.040075482,142.763989489));
#12810=VERTEX_POINT('',#12809);
#12811=CARTESIAN_POINT('',(-40.574400916,92.040075482,142.763989489));
#12812=DIRECTION('',(1.,-0.,-0.));
#12813=VECTOR('',#12812,0.576923077);
#12814=LINE('',#12811,#12813);
#12815=EDGE_CURVE('NONE',#12786,#12810,#12814,.T.);
#12816=ORIENTED_EDGE('',*,*,#12815,.T.);
#12817=CARTESIAN_POINT('',(-39.997477839,92.040075482,142.763989489));
#12818=DIRECTION('',(-0.,-0.,-1.));
#12819=VECTOR('',#12818,0.005);
#12820=LINE('',#12817,#12819);
#12821=EDGE_CURVE('NONE',#12810,#2210,#12820,.T.);
#12822=ORIENTED_EDGE('',*,*,#12821,.T.);
#12823=EDGE_LOOP('',(#12807,#12808,#12816,#12822));
#12824=FACE_BOUND('',#12823,.T.);
#12825=ADVANCED_FACE('NONE',(#12824),#12806,.T.);
#12826=CARTESIAN_POINT('',(-39.997477839,92.040075482,142.763989489));
#12827=DIRECTION('',(-1.,0.,0.));
#12828=DIRECTION('',(0.,1.,-0.));
#12829=AXIS2_PLACEMENT_3D('',#12826,#12827,#12828);
#12830=PLANE('',#12829);
#12831=ORIENTED_EDGE('',*,*,#2223,.F.);
#12832=ORIENTED_EDGE('',*,*,#12821,.F.);
#12833=CARTESIAN_POINT('',(-39.997477839,92.540075482,142.763989489));
#12834=VERTEX_POINT('',#12833);
#12835=CARTESIAN_POINT('',(-39.997477839,92.040075482,142.763989489));
#12836=DIRECTION('',(0.,1.,-0.));
#12837=VECTOR('',#12836,0.5);
#12838=LINE('',#12835,#12837);
#12839=EDGE_CURVE('NONE',#12810,#12834,#12838,.T.);
#12840=ORIENTED_EDGE('',*,*,#12839,.T.);
#12841=CARTESIAN_POINT('',(-39.997477839,92.540075482,142.763989489));
#12842=DIRECTION('',(-0.,-0.,-1.));
#12843=VECTOR('',#12842,0.005);
#12844=LINE('',#12841,#12843);
#12845=EDGE_CURVE('NONE',#12834,#2218,#12844,.T.);
#12846=ORIENTED_EDGE('',*,*,#12845,.T.);
#12847=EDGE_LOOP('',(#12831,#12832,#12840,#12846));
#12848=FACE_BOUND('',#12847,.T.);
#12849=ADVANCED_FACE('NONE',(#12848),#12830,.T.);
#12850=CARTESIAN_POINT('',(-39.997477839,92.540075482,142.763989489));
#12851=DIRECTION('',(-0.,-1.,0.));
#12852=DIRECTION('',(-1.,0.,0.));
#12853=AXIS2_PLACEMENT_3D('',#12850,#12851,#12852);
#12854=PLANE('',#12853);
#12855=ORIENTED_EDGE('',*,*,#2231,.F.);
#12856=ORIENTED_EDGE('',*,*,#12845,.F.);
#12857=CARTESIAN_POINT('',(-41.49747784,92.540075482,142.763989489));
#12858=VERTEX_POINT('',#12857);
#12859=CARTESIAN_POINT('',(-39.997477839,92.540075482,142.763989489));
#12860=DIRECTION('',(-1.,0.,0.));
#12861=VECTOR('',#12860,1.500000001);
#12862=LINE('',#12859,#12861);
#12863=EDGE_CURVE('NONE',#12834,#12858,#12862,.T.);
#12864=ORIENTED_EDGE('',*,*,#12863,.T.);
#12865=CARTESIAN_POINT('',(-41.49747784,92.540075482,142.763989489));
#12866=DIRECTION('',(-0.,-0.,-1.));
#12867=VECTOR('',#12866,0.005);
#12868=LINE('',#12865,#12867);
#12869=EDGE_CURVE('NONE',#12858,#2226,#12868,.T.);
#12870=ORIENTED_EDGE('',*,*,#12869,.T.);
#12871=EDGE_LOOP('',(#12855,#12856,#12864,#12870));
#12872=FACE_BOUND('',#12871,.T.);
#12873=ADVANCED_FACE('NONE',(#12872),#12854,.T.);
#12874=CARTESIAN_POINT('',(-41.49747784,92.540075482,142.763989489));
#12875=DIRECTION('',(1.,-0.,-0.));
#12876=DIRECTION('',(-0.,-1.,0.));
#12877=AXIS2_PLACEMENT_3D('',#12874,#12875,#12876);
#12878=PLANE('',#12877);
#12879=ORIENTED_EDGE('',*,*,#2239,.F.);
#12880=ORIENTED_EDGE('',*,*,#12869,.F.);
#12881=CARTESIAN_POINT('',(-41.49747784,92.040075482,142.763989489));
#12882=VERTEX_POINT('',#12881);
#12883=CARTESIAN_POINT('',(-41.49747784,92.540075482,142.763989489));
#12884=DIRECTION('',(-0.,-1.,0.));
#12885=VECTOR('',#12884,0.5);
#12886=LINE('',#12883,#12885);
#12887=EDGE_CURVE('NONE',#12858,#12882,#12886,.T.);
#12888=ORIENTED_EDGE('',*,*,#12887,.T.);
#12889=CARTESIAN_POINT('',(-41.49747784,92.040075482,142.763989489));
#12890=DIRECTION('',(-0.,-0.,-1.));
#12891=VECTOR('',#12890,0.005);
#12892=LINE('',#12889,#12891);
#12893=EDGE_CURVE('NONE',#12882,#2234,#12892,.T.);
#12894=ORIENTED_EDGE('',*,*,#12893,.T.);
#12895=EDGE_LOOP('',(#12879,#12880,#12888,#12894));
#12896=FACE_BOUND('',#12895,.T.);
#12897=ADVANCED_FACE('NONE',(#12896),#12878,.T.);
#12898=CARTESIAN_POINT('',(-41.497477839,92.040075482,142.763989489));
#12899=DIRECTION('',(0.,1.,-0.));
#12900=DIRECTION('',(1.,-0.,-0.));
#12901=AXIS2_PLACEMENT_3D('',#12898,#12899,#12900);
#12902=PLANE('',#12901);
#12903=ORIENTED_EDGE('',*,*,#2247,.F.);
#12904=ORIENTED_EDGE('',*,*,#12893,.F.);
#12905=CARTESIAN_POINT('',(-40.843631685,92.040075482,142.763989489));
#12906=VERTEX_POINT('',#12905);
#12907=CARTESIAN_POINT('',(-41.49747784,92.040075482,142.763989489));
#12908=DIRECTION('',(1.,-0.,-0.));
#12909=VECTOR('',#12908,0.653846154);
#12910=LINE('',#12907,#12909);
#12911=EDGE_CURVE('NONE',#12882,#12906,#12910,.T.);
#12912=ORIENTED_EDGE('',*,*,#12911,.T.);
#12913=CARTESIAN_POINT('',(-40.843631685,92.040075482,142.763989489));
#12914=DIRECTION('',(-0.,-0.,-1.));
#12915=VECTOR('',#12914,0.005);
#12916=LINE('',#12913,#12915);
#12917=EDGE_CURVE('NONE',#12906,#2242,#12916,.T.);
#12918=ORIENTED_EDGE('',*,*,#12917,.T.);
#12919=EDGE_LOOP('',(#12903,#12904,#12912,#12918));
#12920=FACE_BOUND('',#12919,.T.);
#12921=ADVANCED_FACE('NONE',(#12920),#12902,.T.);
#12922=CARTESIAN_POINT('',(-40.843631685,92.040075482,142.763989489));
#12923=DIRECTION('',(1.,-0.,-0.));
#12924=DIRECTION('',(-0.,-1.,0.));
#12925=AXIS2_PLACEMENT_3D('',#12922,#12923,#12924);
#12926=PLANE('',#12925);
#12927=ORIENTED_EDGE('',*,*,#2255,.F.);
#12928=ORIENTED_EDGE('',*,*,#12917,.F.);
#12929=CARTESIAN_POINT('',(-40.843631685,91.136229328,142.763989489));
#12930=VERTEX_POINT('',#12929);
#12931=CARTESIAN_POINT('',(-40.843631685,92.040075482,142.763989489));
#12932=DIRECTION('',(-0.,-1.,0.));
#12933=VECTOR('',#12932,0.903846153);
#12934=LINE('',#12931,#12933);
#12935=EDGE_CURVE('NONE',#12906,#12930,#12934,.T.);
#12936=ORIENTED_EDGE('',*,*,#12935,.T.);
#12937=CARTESIAN_POINT('',(-40.843631685,91.136229328,142.763989489));
#12938=DIRECTION('',(-0.,-0.,-1.));
#12939=VECTOR('',#12938,0.005);
#12940=LINE('',#12937,#12939);
#12941=EDGE_CURVE('NONE',#12930,#2250,#12940,.T.);
#12942=ORIENTED_EDGE('',*,*,#12941,.T.);
#12943=EDGE_LOOP('',(#12927,#12928,#12936,#12942));
#12944=FACE_BOUND('',#12943,.T.);
#12945=ADVANCED_FACE('NONE',(#12944),#12926,.T.);
#12946=CARTESIAN_POINT('',(-40.843631685,91.136229328,142.763989489));
#12947=DIRECTION('',(-0.,-1.,0.));
#12948=DIRECTION('',(-1.,0.,0.));
#12949=AXIS2_PLACEMENT_3D('',#12946,#12947,#12948);
#12950=PLANE('',#12949);
#12951=ORIENTED_EDGE('',*,*,#2263,.F.);
#12952=ORIENTED_EDGE('',*,*,#12941,.F.);
#12953=CARTESIAN_POINT('',(-41.497477839,91.136229328,142.763989489));
#12954=VERTEX_POINT('',#12953);
#12955=CARTESIAN_POINT('',(-40.843631685,91.136229328,142.763989489));
#12956=DIRECTION('',(-1.,0.,0.));
#12957=VECTOR('',#12956,0.653846154);
#12958=LINE('',#12955,#12957);
#12959=EDGE_CURVE('NONE',#12930,#12954,#12958,.T.);
#12960=ORIENTED_EDGE('',*,*,#12959,.T.);
#12961=CARTESIAN_POINT('',(-41.497477839,91.136229328,142.763989489));
#12962=DIRECTION('',(-0.,-0.,-1.));
#12963=VECTOR('',#12962,0.005);
#12964=LINE('',#12961,#12963);
#12965=EDGE_CURVE('NONE',#12954,#2258,#12964,.T.);
#12966=ORIENTED_EDGE('',*,*,#12965,.T.);
#12967=EDGE_LOOP('',(#12951,#12952,#12960,#12966));
#12968=FACE_BOUND('',#12967,.T.);
#12969=ADVANCED_FACE('NONE',(#12968),#12950,.T.);
#12970=CARTESIAN_POINT('',(-41.497477839,91.136229327,142.763989489));
#12971=DIRECTION('',(1.,-0.,-0.));
#12972=DIRECTION('',(-0.,-1.,0.));
#12973=AXIS2_PLACEMENT_3D('',#12970,#12971,#12972);
#12974=PLANE('',#12973);
#12975=ORIENTED_EDGE('',*,*,#2269,.F.);
#12976=ORIENTED_EDGE('',*,*,#12965,.F.);
#12977=CARTESIAN_POINT('',(-41.497477839,91.136229328,142.763989489));
#12978=DIRECTION('',(-0.,-1.,0.));
#12979=VECTOR('',#12978,0.500000001);
#12980=LINE('',#12977,#12979);
#12981=EDGE_CURVE('NONE',#12954,#12706,#12980,.T.);
#12982=ORIENTED_EDGE('',*,*,#12981,.T.);
#12983=ORIENTED_EDGE('',*,*,#12711,.T.);
#12984=EDGE_LOOP('',(#12975,#12976,#12982,#12983));
#12985=FACE_BOUND('',#12984,.T.);
#12986=ADVANCED_FACE('NONE',(#12985),#12974,.T.);
#12987=CARTESIAN_POINT('',(-45.997477841,95.997758508,142.763989489));
#12988=DIRECTION('',(0.,0.,1.));
#12989=DIRECTION('',(-1.,0.,0.));
#12990=AXIS2_PLACEMENT_3D('',#12987,#12988,#12989);
#12991=PLANE('',#12990);
#12992=ORIENTED_EDGE('',*,*,#12719,.F.);
#12993=ORIENTED_EDGE('',*,*,#12981,.F.);
#12994=ORIENTED_EDGE('',*,*,#12959,.F.);
#12995=ORIENTED_EDGE('',*,*,#12935,.F.);
#12996=ORIENTED_EDGE('',*,*,#12911,.F.);
#12997=ORIENTED_EDGE('',*,*,#12887,.F.);
#12998=ORIENTED_EDGE('',*,*,#12863,.F.);
#12999=ORIENTED_EDGE('',*,*,#12839,.F.);
#13000=ORIENTED_EDGE('',*,*,#12815,.F.);
#13001=ORIENTED_EDGE('',*,*,#12791,.F.);
#13002=ORIENTED_EDGE('',*,*,#12767,.F.);
#13003=ORIENTED_EDGE('',*,*,#12743,.F.);
#13004=EDGE_LOOP('',(#12992,#12993,#12994,#12995,#12996,#12997,#12998,#12999,#13000,#13001,#13002,#13003));
#13005=FACE_BOUND('',#13004,.T.);
#13006=ADVANCED_FACE('NONE',(#13005),#12991,.F.);
#13007=CARTESIAN_POINT('',(-41.49747784,92.895844712,142.763989489));
#13008=DIRECTION('',(-0.565631083,0.824658401,-0.));
#13009=DIRECTION('',(0.824658401,0.565631083,-0.));
#13010=AXIS2_PLACEMENT_3D('',#13007,#13008,#13009);
#13011=PLANE('',#13010);
#13012=ORIENTED_EDGE('',*,*,#721,.F.);
#13013=CARTESIAN_POINT('',(-41.49747784,92.895844712,142.763989489));
#13014=VERTEX_POINT('',#13013);
#13015=CARTESIAN_POINT('',(-41.49747784,92.895844712,142.763989489));
#13016=DIRECTION('',(-0.,-0.,-1.));
#13017=VECTOR('',#13016,0.005);
#13018=LINE('',#13015,#13017);
#13019=EDGE_CURVE('NONE',#13014,#714,#13018,.T.);
#13020=ORIENTED_EDGE('',*,*,#13019,.F.);
#13021=CARTESIAN_POINT('',(-39.99747784,93.924690867,142.763989489));
#13022=VERTEX_POINT('',#13021);
#13023=CARTESIAN_POINT('',(-41.49747784,92.895844712,142.763989489));
#13024=DIRECTION('',(0.824658401,0.565631083,-0.));
#13025=VECTOR('',#13024,1.818934966);
#13026=LINE('',#13023,#13025);
#13027=EDGE_CURVE('NONE',#13014,#13022,#13026,.T.);
#13028=ORIENTED_EDGE('',*,*,#13027,.T.);
#13029=CARTESIAN_POINT('',(-39.99747784,93.924690867,142.763989489));
#13030=DIRECTION('',(-0.,-0.,-1.));
#13031=VECTOR('',#13030,0.005);
#13032=LINE('',#13029,#13031);
#13033=EDGE_CURVE('NONE',#13022,#716,#13032,.T.);
#13034=ORIENTED_EDGE('',*,*,#13033,.T.);
#13035=EDGE_LOOP('',(#13012,#13020,#13028,#13034));
#13036=FACE_BOUND('',#13035,.T.);
#13037=ADVANCED_FACE('NONE',(#13036),#13011,.T.);
#13038=CARTESIAN_POINT('',(-39.99747784,93.924690867,142.763989489));
#13039=DIRECTION('',(-1.,0.,0.));
#13040=DIRECTION('',(0.,1.,-0.));
#13041=AXIS2_PLACEMENT_3D('',#13038,#13039,#13040);
#13042=PLANE('',#13041);
#13043=ORIENTED_EDGE('',*,*,#729,.F.);
#13044=ORIENTED_EDGE('',*,*,#13033,.F.);
#13045=CARTESIAN_POINT('',(-39.99747784,94.444823079,142.763989489));
#13046=VERTEX_POINT('',#13045);
#13047=CARTESIAN_POINT('',(-39.99747784,93.924690867,142.763989489));
#13048=DIRECTION('',(0.,1.,-0.));
#13049=VECTOR('',#13048,0.520132212);
#13050=LINE('',#13047,#13049);
#13051=EDGE_CURVE('NONE',#13022,#13046,#13050,.T.);
#13052=ORIENTED_EDGE('',*,*,#13051,.T.);
#13053=CARTESIAN_POINT('',(-39.99747784,94.444823079,142.763989489));
#13054=DIRECTION('',(-0.,-0.,-1.));
#13055=VECTOR('',#13054,0.005);
#13056=LINE('',#13053,#13055);
#13057=EDGE_CURVE('NONE',#13046,#724,#13056,.T.);
#13058=ORIENTED_EDGE('',*,*,#13057,.T.);
#13059=EDGE_LOOP('',(#13043,#13044,#13052,#13058));
#13060=FACE_BOUND('',#13059,.T.);
#13061=ADVANCED_FACE('NONE',(#13060),#13042,.T.);
#13062=CARTESIAN_POINT('',(-39.99747784,94.444823079,142.763989489));
#13063=DIRECTION('',(-0.56529391,-0.824889565,0.));
#13064=DIRECTION('',(-0.824889565,0.56529391,-0.));
#13065=AXIS2_PLACEMENT_3D('',#13062,#13063,#13064);
#13066=PLANE('',#13065);
#13067=ORIENTED_EDGE('',*,*,#737,.F.);
#13068=ORIENTED_EDGE('',*,*,#13057,.F.);
#13069=CARTESIAN_POINT('',(-41.497477841,95.47276779,142.763989489));
#13070=VERTEX_POINT('',#13069);
#13071=CARTESIAN_POINT('',(-39.99747784,94.444823079,142.763989489));
#13072=DIRECTION('',(-0.824889565,0.56529391,-0.));
#13073=VECTOR('',#13072,1.818425234);
#13074=LINE('',#13071,#13073);
#13075=EDGE_CURVE('NONE',#13046,#13070,#13074,.T.);
#13076=ORIENTED_EDGE('',*,*,#13075,.T.);
#13077=CARTESIAN_POINT('',(-41.49747784,95.47276779,142.763989489));
#13078=DIRECTION('',(-0.,-0.,-1.));
#13079=VECTOR('',#13078,0.005);
#13080=LINE('',#13077,#13079);
#13081=EDGE_CURVE('NONE',#13070,#732,#13080,.T.);
#13082=ORIENTED_EDGE('',*,*,#13081,.T.);
#13083=EDGE_LOOP('',(#13067,#13068,#13076,#13082));
#13084=FACE_BOUND('',#13083,.T.);
#13085=ADVANCED_FACE('NONE',(#13084),#13066,.T.);
#13086=CARTESIAN_POINT('',(-41.497477841,95.47276779,142.763989489));
#13087=DIRECTION('',(1.,-0.,-0.));
#13088=DIRECTION('',(-0.,-1.,0.));
#13089=AXIS2_PLACEMENT_3D('',#13086,#13087,#13088);
#13090=PLANE('',#13089);
#13091=ORIENTED_EDGE('',*,*,#745,.F.);
#13092=ORIENTED_EDGE('',*,*,#13081,.F.);
#13093=CARTESIAN_POINT('',(-41.497477841,94.936409617,142.763989489));
#13094=VERTEX_POINT('',#13093);
#13095=CARTESIAN_POINT('',(-41.497477841,95.47276779,142.763989489));
#13096=DIRECTION('',(-0.,-1.,0.));
#13097=VECTOR('',#13096,0.536358173);
#13098=LINE('',#13095,#13097);
#13099=EDGE_CURVE('NONE',#13070,#13094,#13098,.T.);
#13100=ORIENTED_EDGE('',*,*,#13099,.T.);
#13101=CARTESIAN_POINT('',(-41.497477841,94.936409617,142.763989489));
#13102=DIRECTION('',(-0.,-0.,-1.));
#13103=VECTOR('',#13102,0.005);
#13104=LINE('',#13101,#13103);
#13105=EDGE_CURVE('NONE',#13094,#740,#13104,.T.);
#13106=ORIENTED_EDGE('',*,*,#13105,.T.);
#13107=EDGE_LOOP('',(#13091,#13092,#13100,#13106));
#13108=FACE_BOUND('',#13107,.T.);
#13109=ADVANCED_FACE('NONE',(#13108),#13090,.T.);
#13110=CARTESIAN_POINT('',(-41.49747784,94.936409617,142.763989489));
#13111=DIRECTION('',(0.559361627,0.828923742,-0.));
#13112=DIRECTION('',(0.828923742,-0.559361627,0.));
#13113=AXIS2_PLACEMENT_3D('',#13110,#13111,#13112);
#13114=PLANE('',#13113);
#13115=ORIENTED_EDGE('',*,*,#753,.F.);
#13116=ORIENTED_EDGE('',*,*,#13105,.F.);
#13117=CARTESIAN_POINT('',(-41.189785532,94.728777405,142.763989489));
#13118=VERTEX_POINT('',#13117);
#13119=CARTESIAN_POINT('',(-41.497477841,94.936409617,142.763989489));
#13120=DIRECTION('',(0.828923742,-0.559361627,0.));
#13121=VECTOR('',#13120,0.371194951);
#13122=LINE('',#13119,#13121);
#13123=EDGE_CURVE('NONE',#13094,#13118,#13122,.T.);
#13124=ORIENTED_EDGE('',*,*,#13123,.T.);
#13125=CARTESIAN_POINT('',(-41.189785532,94.728777405,142.763989489));
#13126=DIRECTION('',(-0.,-0.,-1.));
#13127=VECTOR('',#13126,0.005);
#13128=LINE('',#13125,#13127);
#13129=EDGE_CURVE('NONE',#13118,#748,#13128,.T.);
#13130=ORIENTED_EDGE('',*,*,#13129,.T.);
#13131=EDGE_LOOP('',(#13115,#13116,#13124,#13130));
#13132=FACE_BOUND('',#13131,.T.);
#13133=ADVANCED_FACE('NONE',(#13132),#13114,.T.);
#13134=CARTESIAN_POINT('',(-41.189785532,94.728777405,142.763989489));
#13135=DIRECTION('',(1.,-0.,-0.));
#13136=DIRECTION('',(-0.,-1.,0.));
#13137=AXIS2_PLACEMENT_3D('',#13134,#13135,#13136);
#13138=PLANE('',#13137);
#13139=ORIENTED_EDGE('',*,*,#761,.F.);
#13140=ORIENTED_EDGE('',*,*,#13129,.F.);
#13141=CARTESIAN_POINT('',(-41.189785532,93.639234135,142.763989489));
#13142=VERTEX_POINT('',#13141);
#13143=CARTESIAN_POINT('',(-41.189785532,94.728777405,142.763989489));
#13144=DIRECTION('',(-0.,-1.,0.));
#13145=VECTOR('',#13144,1.08954327);
#13146=LINE('',#13143,#13145);
#13147=EDGE_CURVE('NONE',#13118,#13142,#13146,.T.);
#13148=ORIENTED_EDGE('',*,*,#13147,.T.);
#13149=CARTESIAN_POINT('',(-41.189785532,93.639234135,142.763989489));
#13150=DIRECTION('',(-0.,-0.,-1.));
#13151=VECTOR('',#13150,0.005);
#13152=LINE('',#13149,#13151);
#13153=EDGE_CURVE('NONE',#13142,#756,#13152,.T.);
#13154=ORIENTED_EDGE('',*,*,#13153,.T.);
#13155=EDGE_LOOP('',(#13139,#13140,#13148,#13154));
#13156=FACE_BOUND('',#13155,.T.);
#13157=ADVANCED_FACE('NONE',(#13156),#13138,.T.);
#13158=CARTESIAN_POINT('',(-41.189785532,93.639234135,142.763989489));
#13159=DIRECTION('',(0.559361627,-0.828923742,0.));
#13160=DIRECTION('',(-0.828923742,-0.559361627,0.));
#13161=AXIS2_PLACEMENT_3D('',#13158,#13159,#13160);
#13162=PLANE('',#13161);
#13163=ORIENTED_EDGE('',*,*,#769,.F.);
#13164=ORIENTED_EDGE('',*,*,#13153,.F.);
#13165=CARTESIAN_POINT('',(-41.49747784,93.431601924,142.763989489));
#13166=VERTEX_POINT('',#13165);
#13167=CARTESIAN_POINT('',(-41.189785532,93.639234135,142.763989489));
#13168=DIRECTION('',(-0.828923742,-0.559361627,0.));
#13169=VECTOR('',#13168,0.371194951);
#13170=LINE('',#13167,#13169);
#13171=EDGE_CURVE('NONE',#13142,#13166,#13170,.T.);
#13172=ORIENTED_EDGE('',*,*,#13171,.T.);
#13173=CARTESIAN_POINT('',(-41.49747784,93.431601924,142.763989489));
#13174=DIRECTION('',(-0.,-0.,-1.));
#13175=VECTOR('',#13174,0.005);
#13176=LINE('',#13173,#13175);
#13177=EDGE_CURVE('NONE',#13166,#764,#13176,.T.);
#13178=ORIENTED_EDGE('',*,*,#13177,.T.);
#13179=EDGE_LOOP('',(#13163,#13164,#13172,#13178));
#13180=FACE_BOUND('',#13179,.T.);
#13181=ADVANCED_FACE('NONE',(#13180),#13162,.T.);
#13182=CARTESIAN_POINT('',(-41.49747784,93.431601924,142.763989489));
#13183=DIRECTION('',(1.,-0.,-0.));
#13184=DIRECTION('',(-0.,-1.,0.));
#13185=AXIS2_PLACEMENT_3D('',#13182,#13183,#13184);
#13186=PLANE('',#13185);
#13187=ORIENTED_EDGE('',*,*,#775,.F.);
#13188=ORIENTED_EDGE('',*,*,#13177,.F.);
#13189=CARTESIAN_POINT('',(-41.49747784,93.431601924,142.763989489));
#13190=DIRECTION('',(-0.,-1.,0.));
#13191=VECTOR('',#13190,0.535757212);
#13192=LINE('',#13189,#13191);
#13193=EDGE_CURVE('NONE',#13166,#13014,#13192,.T.);
#13194=ORIENTED_EDGE('',*,*,#13193,.T.);
#13195=ORIENTED_EDGE('',*,*,#13019,.T.);
#13196=EDGE_LOOP('',(#13187,#13188,#13194,#13195));
#13197=FACE_BOUND('',#13196,.T.);
#13198=ADVANCED_FACE('NONE',(#13197),#13186,.T.);
#13199=CARTESIAN_POINT('',(-45.997477841,95.997758508,142.763989489));
#13200=DIRECTION('',(0.,0.,1.));
#13201=DIRECTION('',(-1.,0.,0.));
#13202=AXIS2_PLACEMENT_3D('',#13199,#13200,#13201);
#13203=PLANE('',#13202);
#13204=CARTESIAN_POINT('',(-40.920554763,94.546986539,142.763989489));
#13205=VERTEX_POINT('',#13204);
#13206=CARTESIAN_POINT('',(-40.39982159,94.184306251,142.763989489));
#13207=VERTEX_POINT('',#13206);
#13208=CARTESIAN_POINT('',(-40.920554763,94.546986539,142.763989489));
#13209=DIRECTION('',(0.820586589,-0.571522222,0.));
#13210=VECTOR('',#13209,0.634586502);
#13211=LINE('',#13208,#13210);
#13212=EDGE_CURVE('NONE',#13205,#13207,#13211,.T.);
#13213=ORIENTED_EDGE('',*,*,#13212,.F.);
#13214=CARTESIAN_POINT('',(-40.920554763,93.821325481,142.763989489));
#13215=VERTEX_POINT('',#13214);
#13216=CARTESIAN_POINT('',(-40.920554763,93.821325481,142.763989489));
#13217=DIRECTION('',(0.,1.,-0.));
#13218=VECTOR('',#13217,0.725661058);
#13219=LINE('',#13216,#13218);
#13220=EDGE_CURVE('NONE',#13215,#13205,#13219,.T.);
#13221=ORIENTED_EDGE('',*,*,#13220,.F.);
#13222=CARTESIAN_POINT('',(-40.39982159,94.184306251,142.763989489));
#13223=DIRECTION('',(-0.820364519,-0.571840936,0.));
#13224=VECTOR('',#13223,0.634758282);
#13225=LINE('',#13222,#13224);
#13226=EDGE_CURVE('NONE',#13207,#13215,#13225,.T.);
#13227=ORIENTED_EDGE('',*,*,#13226,.F.);
#13228=EDGE_LOOP('',(#13213,#13221,#13227));
#13229=FACE_BOUND('',#13228,.T.);
#13230=ORIENTED_EDGE('',*,*,#13027,.F.);
#13231=ORIENTED_EDGE('',*,*,#13193,.F.);
#13232=ORIENTED_EDGE('',*,*,#13171,.F.);
#13233=ORIENTED_EDGE('',*,*,#13147,.F.);
#13234=ORIENTED_EDGE('',*,*,#13123,.F.);
#13235=ORIENTED_EDGE('',*,*,#13099,.F.);
#13236=ORIENTED_EDGE('',*,*,#13075,.F.);
#13237=ORIENTED_EDGE('',*,*,#13051,.F.);
#13238=EDGE_LOOP('',(#13230,#13231,#13232,#13233,#13234,#13235,#13236,#13237));
#13239=FACE_BOUND('',#13238,.T.);
#13240=ADVANCED_FACE('NONE',(#13229,#13239),#13203,.F.);
#13241=CARTESIAN_POINT('',(-40.920554763,94.54698654,142.763989489));
#13242=DIRECTION('',(0.571522222,0.820586589,-0.));
#13243=DIRECTION('',(0.820586589,-0.571522222,0.));
#13244=AXIS2_PLACEMENT_3D('',#13241,#13242,#13243);
#13245=PLANE('',#13244);
#13246=CARTESIAN_POINT('',(-40.920554763,94.546986539,142.758989489));
#13247=VERTEX_POINT('',#13246);
#13248=CARTESIAN_POINT('',(-40.39982159,94.184306251,142.758989489));
#13249=VERTEX_POINT('',#13248);
#13250=CARTESIAN_POINT('',(-40.920554763,94.546986539,142.758989489));
#13251=DIRECTION('',(0.820586588,-0.571522223,0.));
#13252=VECTOR('',#13251,0.634586502);
#13253=LINE('',#13250,#13252);
#13254=EDGE_CURVE('NONE',#13247,#13249,#13253,.T.);
#13255=ORIENTED_EDGE('',*,*,#13254,.F.);
#13256=CARTESIAN_POINT('',(-40.920554763,94.54698654,142.763989489));
#13257=DIRECTION('',(-0.,-0.,-1.));
#13258=VECTOR('',#13257,0.005);
#13259=LINE('',#13256,#13258);
#13260=EDGE_CURVE('NONE',#13205,#13247,#13259,.T.);
#13261=ORIENTED_EDGE('',*,*,#13260,.F.);
#13262=ORIENTED_EDGE('',*,*,#13212,.T.);
#13263=CARTESIAN_POINT('',(-40.39982159,94.184306251,142.763989489));
#13264=DIRECTION('',(-0.,-0.,-1.));
#13265=VECTOR('',#13264,0.005);
#13266=LINE('',#13263,#13265);
#13267=EDGE_CURVE('NONE',#13207,#13249,#13266,.T.);
#13268=ORIENTED_EDGE('',*,*,#13267,.T.);
#13269=EDGE_LOOP('',(#13255,#13261,#13262,#13268));
#13270=FACE_BOUND('',#13269,.T.);
#13271=ADVANCED_FACE('NONE',(#13270),#13245,.T.);
#13272=CARTESIAN_POINT('',(-40.920554763,93.821325482,142.763989489));
#13273=DIRECTION('',(-1.,0.,0.));
#13274=DIRECTION('',(0.,1.,-0.));
#13275=AXIS2_PLACEMENT_3D('',#13272,#13273,#13274);
#13276=PLANE('',#13275);
#13277=CARTESIAN_POINT('',(-40.920554763,93.821325482,142.758989489));
#13278=VERTEX_POINT('',#13277);
#13279=CARTESIAN_POINT('',(-40.920554763,93.821325482,142.758989489));
#13280=DIRECTION('',(0.,1.,-0.));
#13281=VECTOR('',#13280,0.725661058);
#13282=LINE('',#13279,#13281);
#13283=EDGE_CURVE('NONE',#13278,#13247,#13282,.T.);
#13284=ORIENTED_EDGE('',*,*,#13283,.F.);
#13285=CARTESIAN_POINT('',(-40.920554762,93.821325482,142.763989489));
#13286=DIRECTION('',(-0.,-0.,-1.));
#13287=VECTOR('',#13286,0.005);
#13288=LINE('',#13285,#13287);
#13289=EDGE_CURVE('NONE',#13215,#13278,#13288,.T.);
#13290=ORIENTED_EDGE('',*,*,#13289,.F.);
#13291=ORIENTED_EDGE('',*,*,#13220,.T.);
#13292=ORIENTED_EDGE('',*,*,#13260,.T.);
#13293=EDGE_LOOP('',(#13284,#13290,#13291,#13292));
#13294=FACE_BOUND('',#13293,.T.);
#13295=ADVANCED_FACE('NONE',(#13294),#13276,.T.);
#13296=CARTESIAN_POINT('',(-40.39982159,94.184306251,142.763989489));
#13297=DIRECTION('',(0.571840936,-0.820364519,0.));
#13298=DIRECTION('',(-0.820364519,-0.571840936,0.));
#13299=AXIS2_PLACEMENT_3D('',#13296,#13297,#13298);
#13300=PLANE('',#13299);
#13301=CARTESIAN_POINT('',(-40.39982159,94.184306251,142.758989489));
#13302=DIRECTION('',(-0.82036452,-0.571840935,0.));
#13303=VECTOR('',#13302,0.634758282);
#13304=LINE('',#13301,#13303);
#13305=EDGE_CURVE('NONE',#13249,#13278,#13304,.T.);
#13306=ORIENTED_EDGE('',*,*,#13305,.F.);
#13307=ORIENTED_EDGE('',*,*,#13267,.F.);
#13308=ORIENTED_EDGE('',*,*,#13226,.T.);
#13309=ORIENTED_EDGE('',*,*,#13289,.T.);
#13310=EDGE_LOOP('',(#13306,#13307,#13308,#13309));
#13311=FACE_BOUND('',#13310,.T.);
#13312=ADVANCED_FACE('NONE',(#13311),#13300,.T.);
#13313=CARTESIAN_POINT('',(-41.49747784,95.905460097,142.763989489));
#13314=DIRECTION('',(0.,1.,-0.));
#13315=DIRECTION('',(1.,-0.,-0.));
#13316=AXIS2_PLACEMENT_3D('',#13313,#13314,#13315);
#13317=PLANE('',#13316);
#13318=ORIENTED_EDGE('',*,*,#2281,.F.);
#13319=CARTESIAN_POINT('',(-41.497477841,95.905460097,142.763989489));
#13320=VERTEX_POINT('',#13319);
#13321=CARTESIAN_POINT('',(-41.497477841,95.905460097,142.763989489));
#13322=DIRECTION('',(-0.,-0.,-1.));
#13323=VECTOR('',#13322,0.005);
#13324=LINE('',#13321,#13323);
#13325=EDGE_CURVE('NONE',#13320,#2274,#13324,.T.);
#13326=ORIENTED_EDGE('',*,*,#13325,.F.);
#13327=CARTESIAN_POINT('',(-39.997477841,95.905460097,142.763989489));
#13328=VERTEX_POINT('',#13327);
#13329=CARTESIAN_POINT('',(-41.497477841,95.905460097,142.763989489));
#13330=DIRECTION('',(1.,-0.,-0.));
#13331=VECTOR('',#13330,1.5);
#13332=LINE('',#13329,#13331);
#13333=EDGE_CURVE('NONE',#13320,#13328,#13332,.T.);
#13334=ORIENTED_EDGE('',*,*,#13333,.T.);
#13335=CARTESIAN_POINT('',(-39.997477841,95.905460097,142.763989489));
#13336=DIRECTION('',(-0.,-0.,-1.));
#13337=VECTOR('',#13336,0.005);
#13338=LINE('',#13335,#13337);
#13339=EDGE_CURVE('NONE',#13328,#2276,#13338,.T.);
#13340=ORIENTED_EDGE('',*,*,#13339,.T.);
#13341=EDGE_LOOP('',(#13318,#13326,#13334,#13340));
#13342=FACE_BOUND('',#13341,.T.);
#13343=ADVANCED_FACE('NONE',(#13342),#13317,.T.);
#13344=CARTESIAN_POINT('',(-39.997477841,95.905460097,142.763989489));
#13345=DIRECTION('',(-1.,0.,0.));
#13346=DIRECTION('',(0.,1.,-0.));
#13347=AXIS2_PLACEMENT_3D('',#13344,#13345,#13346);
#13348=PLANE('',#13347);
#13349=ORIENTED_EDGE('',*,*,#2289,.F.);
#13350=ORIENTED_EDGE('',*,*,#13339,.F.);
#13351=CARTESIAN_POINT('',(-39.997477841,96.441217309,142.763989489));
#13352=VERTEX_POINT('',#13351);
#13353=CARTESIAN_POINT('',(-39.997477841,95.905460097,142.763989489));
#13354=DIRECTION('',(0.,1.,-0.));
#13355=VECTOR('',#13354,0.535757212);
#13356=LINE('',#13353,#13355);
#13357=EDGE_CURVE('NONE',#13328,#13352,#13356,.T.);
#13358=ORIENTED_EDGE('',*,*,#13357,.T.);
#13359=CARTESIAN_POINT('',(-39.997477841,96.441217309,142.763989489));
#13360=DIRECTION('',(-0.,-0.,-1.));
#13361=VECTOR('',#13360,0.005);
#13362=LINE('',#13359,#13361);
#13363=EDGE_CURVE('NONE',#13352,#2284,#13362,.T.);
#13364=ORIENTED_EDGE('',*,*,#13363,.T.);
#13365=EDGE_LOOP('',(#13349,#13350,#13358,#13364));
#13366=FACE_BOUND('',#13365,.T.);
#13367=ADVANCED_FACE('NONE',(#13366),#13348,.T.);
#13368=CARTESIAN_POINT('',(-39.99747784,96.441217309,142.763989489));
#13369=CARTESIAN_POINT('',(-39.99747784,96.441217309,142.758989489));
#13370=CARTESIAN_POINT('',(-39.99755182,96.47657536,142.763989489));
#13371=CARTESIAN_POINT('',(-39.99755182,96.47657536,142.758989489));
#13372=CARTESIAN_POINT('',(-39.997694344,96.544694164,142.763989489));
#13373=CARTESIAN_POINT('',(-39.997694344,96.544694164,142.758989489));
#13374=CARTESIAN_POINT('',(-39.999927532,96.642858254,142.763989489));
#13375=CARTESIAN_POINT('',(-39.999927532,96.642858254,142.758989489));
#13376=CARTESIAN_POINT('',(-40.003004475,96.733130714,142.763989489));
#13377=CARTESIAN_POINT('',(-40.003004475,96.733130714,142.758989489));
#13378=CARTESIAN_POINT('',(-40.007889366,96.815470345,142.763989489));
#13379=CARTESIAN_POINT('',(-40.007889366,96.815470345,142.758989489));
#13380=CARTESIAN_POINT('',(-40.013626126,96.88994825,142.763989489));
#13381=CARTESIAN_POINT('',(-40.013626126,96.88994825,142.758989489));
#13382=CARTESIAN_POINT('',(-40.021187507,96.956473377,142.763989489));
#13383=CARTESIAN_POINT('',(-40.021187507,96.956473377,142.758989489));
#13384=CARTESIAN_POINT('',(-40.02960865,97.015179042,142.763989489));
#13385=CARTESIAN_POINT('',(-40.02960865,97.015179042,142.758989489));
#13386=CARTESIAN_POINT('',(-40.039931508,97.066819283,142.763989489));
#13387=CARTESIAN_POINT('',(-40.039931508,97.066819283,142.758989489));
#13388=CARTESIAN_POINT('',(-40.051954454,97.113311841,142.763989489));
#13389=CARTESIAN_POINT('',(-40.051954454,97.113311841,142.758989489));
#13390=CARTESIAN_POINT('',(-40.065512892,97.156621345,142.763989489));
#13391=CARTESIAN_POINT('',(-40.065512892,97.156621345,142.758989489));
#13392=CARTESIAN_POINT('',(-40.080519358,97.197847545,142.763989489));
#13393=CARTESIAN_POINT('',(-40.080519358,97.197847545,142.758989489));
#13394=CARTESIAN_POINT('',(-40.098446855,97.236320106,142.763989489));
#13395=CARTESIAN_POINT('',(-40.098446855,97.236320106,142.758989489));
#13396=CARTESIAN_POINT('',(-40.116581554,97.273171072,142.763989489));
#13397=CARTESIAN_POINT('',(-40.116581554,97.273171072,142.758989489));
#13398=CARTESIAN_POINT('',(-40.137635974,97.307210542,142.763989489));
#13399=CARTESIAN_POINT('',(-40.137635974,97.307210542,142.758989489));
#13400=CARTESIAN_POINT('',(-40.160158516,97.33917318,142.763989489));
#13401=CARTESIAN_POINT('',(-40.160158516,97.33917318,142.758989489));
#13402=CARTESIAN_POINT('',(-40.184332454,97.368807095,142.763989489));
#13403=CARTESIAN_POINT('',(-40.184332454,97.368807095,142.758989489));
#13404=CARTESIAN_POINT('',(-40.209915331,97.395639824,142.763989489));
#13405=CARTESIAN_POINT('',(-40.209915331,97.395639824,142.758989489));
#13406=CARTESIAN_POINT('',(-40.237245583,97.418462243,142.763989489));
#13407=CARTESIAN_POINT('',(-40.237245583,97.418462243,142.758989489));
#13408=CARTESIAN_POINT('',(-40.26524335,97.43843486,142.763989489));
#13409=CARTESIAN_POINT('',(-40.26524335,97.43843486,142.758989489));
#13410=CARTESIAN_POINT('',(-40.294867874,97.45416684,142.763989489));
#13411=CARTESIAN_POINT('',(-40.294867874,97.45416684,142.758989489));
#13412=CARTESIAN_POINT('',(-40.325302345,97.467193803,142.763989489));
#13413=CARTESIAN_POINT('',(-40.325302345,97.467193803,142.758989489));
#13414=CARTESIAN_POINT('',(-40.357106211,97.475634778,142.763989489));
#13415=CARTESIAN_POINT('',(-40.357106211,97.475634778,142.758989489));
#13416=CARTESIAN_POINT('',(-40.389894579,97.481433952,142.763989489));
#13417=CARTESIAN_POINT('',(-40.389894579,97.481433952,142.758989489));
#13418=CARTESIAN_POINT('',(-40.412215285,97.48206331,142.763989489));
#13419=CARTESIAN_POINT('',(-40.412215285,97.48206331,142.758989489));
#13420=CARTESIAN_POINT('',(-40.423559572,97.482383174,142.763989489));
#13421=CARTESIAN_POINT('',(-40.423559572,97.482383174,142.758989489));
#13422=B_SPLINE_SURFACE_WITH_KNOTS('',3,1,((#13368,#13369),(#13370,#13371),(#13372,#13373),(#13374,#13375),(#13376,#13377),(#13378,#13379),(#13380,#13381),(#13382,#13383),(#13384,#13385),(#13386,#13387),(#13388,#13389),(#13390,#13391),(#13392,#13393),(#13394,#13395),(#13396,#13397),(#13398,#13399),(#13400,#13401),(#13402,#13403),(#13404,#13405),(#13406,#13407),(#13408,#13409),(#13410,#13411),(#13412,#13413),(#13414,#13415),(#13416,#13417),(#13418,#13419),
(#13420,#13421)),.UNSPECIFIED.,.F.,.F.,.U.,(4,1,1,1,1,1,1,1,1,1,1,1,1,1,1,1,1,1,1,1,1,1,1,1,4),(2,2),(0.,0.085609406,0.164930198,0.23773379,0.304296279,0.364635426,0.418573223,0.466383882,0.508190235,0.546011796,0.582599527,0.618051635,0.652131775,0.685320113,0.717429408,0.748920046,0.779941204,0.809955396,0.838522878,0.866039591,0.893059146,0.919586635,0.946004151,0.972557126,1.),(0.,1.),.UNSPECIFIED.);
#13423=ORIENTED_EDGE('',*,*,#2321,.F.);
#13424=ORIENTED_EDGE('',*,*,#13363,.F.);
#13425=CARTESIAN_POINT('',(-40.42356002,97.482383159,142.763989489));
#13426=VERTEX_POINT('',#13425);
#13427=CARTESIAN_POINT('',(-39.99747784,96.441217309,142.763989489));
#13428=CARTESIAN_POINT('',(-39.99755182,96.47657536,142.763989489));
#13429=CARTESIAN_POINT('',(-39.997694344,96.544694164,142.763989489));
#13430=CARTESIAN_POINT('',(-39.999927532,96.642858254,142.763989489));
#13431=CARTESIAN_POINT('',(-40.003004475,96.733130714,142.763989489));
#13432=CARTESIAN_POINT('',(-40.007889366,96.815470345,142.763989489));
#13433=CARTESIAN_POINT('',(-40.013626126,96.88994825,142.763989489));
#13434=CARTESIAN_POINT('',(-40.021187507,96.956473377,142.763989489));
#13435=CARTESIAN_POINT('',(-40.02960865,97.015179042,142.763989489));
#13436=CARTESIAN_POINT('',(-40.039931508,97.066819283,142.763989489));
#13437=CARTESIAN_POINT('',(-40.051954454,97.113311841,142.763989489));
#13438=CARTESIAN_POINT('',(-40.065512892,97.156621345,142.763989489));
#13439=CARTESIAN_POINT('',(-40.080519358,97.197847545,142.763989489));
#13440=CARTESIAN_POINT('',(-40.098446855,97.236320106,142.763989489));
#13441=CARTESIAN_POINT('',(-40.116581554,97.273171072,142.763989489));
#13442=CARTESIAN_POINT('',(-40.137635974,97.307210542,142.763989489));
#13443=CARTESIAN_POINT('',(-40.160158516,97.33917318,142.763989489));
#13444=CARTESIAN_POINT('',(-40.184332454,97.368807095,142.763989489));
#13445=CARTESIAN_POINT('',(-40.209915331,97.395639824,142.763989489));
#13446=CARTESIAN_POINT('',(-40.237245583,97.418462243,142.763989489));
#13447=CARTESIAN_POINT('',(-40.26524335,97.43843486,142.763989489));
#13448=CARTESIAN_POINT('',(-40.294867874,97.45416684,142.763989489));
#13449=CARTESIAN_POINT('',(-40.325302345,97.467193803,142.763989489));
#13450=CARTESIAN_POINT('',(-40.357106211,97.475634778,142.763989489));
#13451=CARTESIAN_POINT('',(-40.389894579,97.481433952,142.763989489));
#13452=CARTESIAN_POINT('',(-40.412215285,97.48206331,142.763989489));
#13453=CARTESIAN_POINT('',(-40.423559572,97.482383174,142.763989489));
#13454=B_SPLINE_CURVE_WITH_KNOTS('',3,(#13427,#13428,#13429,#13430,#13431,#13432,#13433,#13434,#13435,#13436,#13437,#13438,#13439,#13440,#13441,#13442,#13443,#13444,#13445,#13446,#13447,#13448,#13449,#13450,#13451,#13452,
#13453),.UNSPECIFIED.,.F.,.F.,(4,1,1,1,1,1,1,1,1,1,1,1,1,1,1,1,1,1,1,1,1,1,1,1,4),(0.,0.085609406,0.164930198,0.23773379,0.304296279,0.364635426,0.418573223,0.466383882,0.508190235,0.546011796,0.582599527,0.618051635,0.652131775,0.685320113,0.717429408,0.748920046,0.779941204,0.809955396,0.838522878,0.866039591,0.893059146,0.919586635,0.946004151,0.972557126,1.),.UNSPECIFIED.);
#13455=EDGE_CURVE('NONE',#13352,#13426,#13454,.T.);
#13456=ORIENTED_EDGE('',*,*,#13455,.T.);
#13457=CARTESIAN_POINT('',(-40.423559572,97.482383174,142.763989489));
#13458=DIRECTION('',(-0.,-0.,-1.));
#13459=VECTOR('',#13458,0.005);
#13460=LINE('',#13457,#13459);
#13461=EDGE_CURVE('NONE',#13426,#2292,#13460,.T.);
#13462=ORIENTED_EDGE('',*,*,#13461,.T.);
#13463=EDGE_LOOP('',(#13423,#13424,#13456,#13462));
#13464=FACE_BOUND('',#13463,.T.);
#13465=ADVANCED_FACE('NONE',(#13464),#13422,.T.);
#13466=CARTESIAN_POINT('',(-40.42356002,97.482383159,142.763989489));
#13467=CARTESIAN_POINT('',(-40.42356002,97.482383159,142.758989489));
#13468=CARTESIAN_POINT('',(-40.435405839,97.48197263,142.763989489));
#13469=CARTESIAN_POINT('',(-40.435405839,97.48197263,142.758989489));
#13470=CARTESIAN_POINT('',(-40.458751771,97.481163529,142.763989489));
#13471=CARTESIAN_POINT('',(-40.458751771,97.481163529,142.758989489));
#13472=CARTESIAN_POINT('',(-40.492946593,97.474934936,142.763989489));
#13473=CARTESIAN_POINT('',(-40.492946593,97.474934936,142.758989489));
#13474=CARTESIAN_POINT('',(-40.525812778,97.465045753,142.763989489));
#13475=CARTESIAN_POINT('',(-40.525812778,97.465045753,142.758989489));
#13476=CARTESIAN_POINT('',(-40.556971703,97.450753202,142.763989489));
#13477=CARTESIAN_POINT('',(-40.556971703,97.450753202,142.758989489));
#13478=CARTESIAN_POINT('',(-40.58699371,97.432967871,142.763989489));
#13479=CARTESIAN_POINT('',(-40.58699371,97.432967871,142.758989489));
#13480=CARTESIAN_POINT('',(-40.614738821,97.410280579,142.763989489));
#13481=CARTESIAN_POINT('',(-40.614738821,97.410280579,142.758989489));
#13482=CARTESIAN_POINT('',(-40.641821434,97.384524043,142.763989489));
#13483=CARTESIAN_POINT('',(-40.641821434,97.384524043,142.758989489));
#13484=CARTESIAN_POINT('',(-40.666681543,97.353976635,142.763989489));
#13485=CARTESIAN_POINT('',(-40.666681543,97.353976635,142.758989489));
#13486=CARTESIAN_POINT('',(-40.69046659,97.319820446,142.763989489));
#13487=CARTESIAN_POINT('',(-40.69046659,97.319820446,142.758989489));
#13488=CARTESIAN_POINT('',(-40.712246357,97.281306216,142.763989489));
#13489=CARTESIAN_POINT('',(-40.712246357,97.281306216,142.758989489));
#13490=CARTESIAN_POINT('',(-40.733077988,97.239143018,142.763989489));
#13491=CARTESIAN_POINT('',(-40.733077988,97.239143018,142.758989489));
#13492=CARTESIAN_POINT('',(-40.75230964,97.192792385,142.763989489));
#13493=CARTESIAN_POINT('',(-40.75230964,97.192792385,142.758989489));
#13494=CARTESIAN_POINT('',(-40.769468745,97.142174574,142.763989489));
#13495=CARTESIAN_POINT('',(-40.769468745,97.142174574,142.758989489));
#13496=CARTESIAN_POINT('',(-40.785740107,97.087785067,142.763989489));
#13497=CARTESIAN_POINT('',(-40.785740107,97.087785067,142.758989489));
#13498=CARTESIAN_POINT('',(-40.800518166,97.029343747,142.763989489));
#13499=CARTESIAN_POINT('',(-40.800518166,97.029343747,142.758989489));
#13500=CARTESIAN_POINT('',(-40.808744694,96.988830684,142.763989489));
#13501=CARTESIAN_POINT('',(-40.808744694,96.988830684,142.758989489));
#13502=CARTESIAN_POINT('',(-40.812982648,96.967960097,142.763989489));
#13503=CARTESIAN_POINT('',(-40.812982648,96.967960097,142.758989489));
#13504=B_SPLINE_SURFACE_WITH_KNOTS('',3,1,((#13466,#13467),(#13468,#13469),(#13470,#13471),(#13472,#13473),(#13474,#13475),(#13476,#13477),(#13478,#13479),(#13480,#13481),(#13482,#13483),(#13484,#13485),(#13486,#13487),(#13488,#13489),(#13490,#13491),(#13492,#13493),(#13494,#13495),(#13496,#13497),(#13498,#13499),(#13500,#13501),(#13502,#13503)),.UNSPECIFIED.,.F.,.F.,.U.,(4,1,1,1,1,1,1,1,1,1,1,1,1,1,1,1,4),(2,2),(0.000000638,0.050638933,0.099799414,0.14817719,0.197068153,0.246071594,0.296985211,0.350003606,0.40567623,0.465092912,0.52784589,0.594709108,0.666151474,0.742289355,0.823205258,0.908922954,1.),(0.,1.),.UNSPECIFIED.);
#13505=ORIENTED_EDGE('',*,*,#2339,.F.);
#13506=ORIENTED_EDGE('',*,*,#13461,.F.);
#13507=CARTESIAN_POINT('',(-40.812982648,96.967960097,142.763989489));
#13508=VERTEX_POINT('',#13507);
#13509=CARTESIAN_POINT('',(-40.423560467,97.482383143,142.763989489));
#13510=CARTESIAN_POINT('',(-40.452777097,97.481370611,142.763989489));
#13511=CARTESIAN_POINT('',(-40.48200452,97.47821102,142.763989489));
#13512=CARTESIAN_POINT('',(-40.50996885,97.469626853,142.763989489));
#13513=CARTESIAN_POINT('',(-40.537933179,97.461042686,142.763989489));
#13514=CARTESIAN_POINT('',(-40.56444189,97.447988015,142.763989489));
#13515=CARTESIAN_POINT('',(-40.588260864,97.430993304,142.763989489));
#13516=CARTESIAN_POINT('',(-40.635898812,97.397003882,142.763989489));
#13517=CARTESIAN_POINT('',(-40.673122878,97.350077187,142.763989489));
#13518=CARTESIAN_POINT('',(-40.701991672,97.299176183,142.763989489));
#13519=CARTESIAN_POINT('',(-40.759729262,97.197374174,142.763989489));
#13520=CARTESIAN_POINT('',(-40.789699044,97.08262451,142.763989489));
#13521=CARTESIAN_POINT('',(-40.812982648,96.967960097,142.763989489));
#13522=B_SPLINE_CURVE_WITH_KNOTS('',3,(#13509,#13510,#13511,#13512,#13513,#13514,#13515,#13516,#13517,#13518,#13519,#13520,#13521),.UNSPECIFIED.,.F.,.F.,(4,3,3,3,4),(0.,0.000087702,0.000175405,0.000350809,0.000701619),.UNSPECIFIED.);
#13523=EDGE_CURVE('NONE',#13426,#13508,#13522,.T.);
#13524=ORIENTED_EDGE('',*,*,#13523,.T.);
#13525=CARTESIAN_POINT('',(-40.812982648,96.967960097,142.763989489));
#13526=DIRECTION('',(-0.,-0.,-1.));
#13527=VECTOR('',#13526,0.005);
#13528=LINE('',#13525,#13527);
#13529=EDGE_CURVE('NONE',#13508,#2324,#13528,.T.);
#13530=ORIENTED_EDGE('',*,*,#13529,.T.);
#13531=EDGE_LOOP('',(#13505,#13506,#13524,#13530));
#13532=FACE_BOUND('',#13531,.T.);
#13533=ADVANCED_FACE('NONE',(#13532),#13504,.T.);
#13534=CARTESIAN_POINT('',(-40.812982648,96.967960097,142.763989489));
#13535=DIRECTION('',(-0.682638211,-0.730756507,0.));
#13536=DIRECTION('',(-0.730756507,0.682638211,-0.));
#13537=AXIS2_PLACEMENT_3D('',#13534,#13535,#13536);
#13538=PLANE('',#13537);
#13539=ORIENTED_EDGE('',*,*,#2347,.F.);
#13540=ORIENTED_EDGE('',*,*,#13529,.F.);
#13541=CARTESIAN_POINT('',(-41.497477841,97.607383174,142.763989489));
#13542=VERTEX_POINT('',#13541);
#13543=CARTESIAN_POINT('',(-40.812982648,96.967960097,142.763989489));
#13544=DIRECTION('',(-0.730756507,0.682638211,-0.));
#13545=VECTOR('',#13544,0.936693942);
#13546=LINE('',#13543,#13545);
#13547=EDGE_CURVE('NONE',#13508,#13542,#13546,.T.);
#13548=ORIENTED_EDGE('',*,*,#13547,.T.);
#13549=CARTESIAN_POINT('',(-41.497477841,97.607383174,142.763989489));
#13550=DIRECTION('',(-0.,-0.,-1.));
#13551=VECTOR('',#13550,0.005);
#13552=LINE('',#13549,#13551);
#13553=EDGE_CURVE('NONE',#13542,#2342,#13552,.T.);
#13554=ORIENTED_EDGE('',*,*,#13553,.T.);
#13555=EDGE_LOOP('',(#13539,#13540,#13548,#13554));
#13556=FACE_BOUND('',#13555,.T.);
#13557=ADVANCED_FACE('NONE',(#13556),#13538,.T.);
#13558=CARTESIAN_POINT('',(-41.497477841,97.607383174,142.763989489));
#13559=DIRECTION('',(1.,-0.,-0.));
#13560=DIRECTION('',(-0.,-1.,0.));
#13561=AXIS2_PLACEMENT_3D('',#13558,#13559,#13560);
#13562=PLANE('',#13561);
#13563=ORIENTED_EDGE('',*,*,#2355,.F.);
#13564=ORIENTED_EDGE('',*,*,#13553,.F.);
#13565=CARTESIAN_POINT('',(-41.497477841,97.042178847,142.763989489));
#13566=VERTEX_POINT('',#13565);
#13567=CARTESIAN_POINT('',(-41.497477841,97.607383174,142.763989489));
#13568=DIRECTION('',(-0.,-1.,0.));
#13569=VECTOR('',#13568,0.565204327);
#13570=LINE('',#13567,#13569);
#13571=EDGE_CURVE('NONE',#13542,#13566,#13570,.T.);
#13572=ORIENTED_EDGE('',*,*,#13571,.T.);
#13573=CARTESIAN_POINT('',(-41.497477841,97.042178847,142.763989489));
#13574=DIRECTION('',(-0.,-0.,-1.));
#13575=VECTOR('',#13574,0.005);
#13576=LINE('',#13573,#13575);
#13577=EDGE_CURVE('NONE',#13566,#2350,#13576,.T.);
#13578=ORIENTED_EDGE('',*,*,#13577,.T.);
#13579=EDGE_LOOP('',(#13563,#13564,#13572,#13578));
#13580=FACE_BOUND('',#13579,.T.);
#13581=ADVANCED_FACE('NONE',(#13580),#13562,.T.);
#13582=CARTESIAN_POINT('',(-41.497477841,97.042178847,142.763989489));
#13583=DIRECTION('',(0.682509703,0.730876533,-0.));
#13584=DIRECTION('',(0.730876533,-0.682509703,0.));
#13585=AXIS2_PLACEMENT_3D('',#13582,#13583,#13584);
#13586=PLANE('',#13585);
#13587=ORIENTED_EDGE('',*,*,#2363,.F.);
#13588=ORIENTED_EDGE('',*,*,#13577,.F.);
#13589=CARTESIAN_POINT('',(-40.843631687,96.431601924,142.763989489));
#13590=VERTEX_POINT('',#13589);
#13591=CARTESIAN_POINT('',(-41.497477841,97.042178847,142.763989489));
#13592=DIRECTION('',(0.730876533,-0.682509703,0.));
#13593=VECTOR('',#13592,0.894605484);
#13594=LINE('',#13591,#13593);
#13595=EDGE_CURVE('NONE',#13566,#13590,#13594,.T.);
#13596=ORIENTED_EDGE('',*,*,#13595,.T.);
#13597=CARTESIAN_POINT('',(-40.843631687,96.431601924,142.763989489));
#13598=DIRECTION('',(-0.,-0.,-1.));
#13599=VECTOR('',#13598,0.005);
#13600=LINE('',#13597,#13599);
#13601=EDGE_CURVE('NONE',#13590,#2358,#13600,.T.);
#13602=ORIENTED_EDGE('',*,*,#13601,.T.);
#13603=EDGE_LOOP('',(#13587,#13588,#13596,#13602));
#13604=FACE_BOUND('',#13603,.T.);
#13605=ADVANCED_FACE('NONE',(#13604),#13586,.T.);
#13606=CARTESIAN_POINT('',(-40.843631687,96.431601925,142.763989489));
#13607=DIRECTION('',(1.,-0.,-0.));
#13608=DIRECTION('',(-0.,-1.,0.));
#13609=AXIS2_PLACEMENT_3D('',#13606,#13607,#13608);
#13610=PLANE('',#13609);
#13611=ORIENTED_EDGE('',*,*,#2371,.F.);
#13612=ORIENTED_EDGE('',*,*,#13601,.F.);
#13613=CARTESIAN_POINT('',(-40.843631687,96.405460098,142.763989489));
#13614=VERTEX_POINT('',#13613);
#13615=CARTESIAN_POINT('',(-40.843631687,96.431601924,142.763989489));
#13616=DIRECTION('',(-0.,-1.,0.));
#13617=VECTOR('',#13616,0.026141827);
#13618=LINE('',#13615,#13617);
#13619=EDGE_CURVE('NONE',#13590,#13614,#13618,.T.);
#13620=ORIENTED_EDGE('',*,*,#13619,.T.);
#13621=CARTESIAN_POINT('',(-40.843631687,96.405460098,142.763989489));
#13622=DIRECTION('',(-0.,-0.,-1.));
#13623=VECTOR('',#13622,0.005);
#13624=LINE('',#13621,#13623);
#13625=EDGE_CURVE('NONE',#13614,#2366,#13624,.T.);
#13626=ORIENTED_EDGE('',*,*,#13625,.T.);
#13627=EDGE_LOOP('',(#13611,#13612,#13620,#13626));
#13628=FACE_BOUND('',#13627,.T.);
#13629=ADVANCED_FACE('NONE',(#13628),#13610,.T.);
#13630=CARTESIAN_POINT('',(-40.843631687,96.405460098,142.763989489));
#13631=DIRECTION('',(-0.,-1.,0.));
#13632=DIRECTION('',(-1.,0.,0.));
#13633=AXIS2_PLACEMENT_3D('',#13630,#13631,#13632);
#13634=PLANE('',#13633);
#13635=ORIENTED_EDGE('',*,*,#2379,.F.);
#13636=ORIENTED_EDGE('',*,*,#13625,.F.);
#13637=CARTESIAN_POINT('',(-41.497477841,96.405460098,142.763989489));
#13638=VERTEX_POINT('',#13637);
#13639=CARTESIAN_POINT('',(-40.843631687,96.405460098,142.763989489));
#13640=DIRECTION('',(-1.,0.,0.));
#13641=VECTOR('',#13640,0.653846154);
#13642=LINE('',#13639,#13641);
#13643=EDGE_CURVE('NONE',#13614,#13638,#13642,.T.);
#13644=ORIENTED_EDGE('',*,*,#13643,.T.);
#13645=CARTESIAN_POINT('',(-41.497477841,96.405460098,142.763989489));
#13646=DIRECTION('',(-0.,-0.,-1.));
#13647=VECTOR('',#13646,0.005);
#13648=LINE('',#13645,#13647);
#13649=EDGE_CURVE('NONE',#13638,#2374,#13648,.T.);
#13650=ORIENTED_EDGE('',*,*,#13649,.T.);
#13651=EDGE_LOOP('',(#13635,#13636,#13644,#13650));
#13652=FACE_BOUND('',#13651,.T.);
#13653=ADVANCED_FACE('NONE',(#13652),#13634,.T.);
#13654=CARTESIAN_POINT('',(-41.497477841,96.405460098,142.763989489));
#13655=DIRECTION('',(1.,-0.,-0.));
#13656=DIRECTION('',(-0.,-1.,0.));
#13657=AXIS2_PLACEMENT_3D('',#13654,#13655,#13656);
#13658=PLANE('',#13657);
#13659=ORIENTED_EDGE('',*,*,#2385,.F.);
#13660=ORIENTED_EDGE('',*,*,#13649,.F.);
#13661=CARTESIAN_POINT('',(-41.497477841,96.405460098,142.763989489));
#13662=DIRECTION('',(-0.,-1.,0.));
#13663=VECTOR('',#13662,0.500000001);
#13664=LINE('',#13661,#13663);
#13665=EDGE_CURVE('NONE',#13638,#13320,#13664,.T.);
#13666=ORIENTED_EDGE('',*,*,#13665,.T.);
#13667=ORIENTED_EDGE('',*,*,#13325,.T.);
#13668=EDGE_LOOP('',(#13659,#13660,#13666,#13667));
#13669=FACE_BOUND('',#13668,.T.);
#13670=ADVANCED_FACE('NONE',(#13669),#13658,.T.);
#13671=CARTESIAN_POINT('',(-40.038523467,97.058418069,142.763989489));
#13672=DIRECTION('',(-0.,-0.,-1.));
#13673=DIRECTION('',(1.,-0.,-0.));
#13674=AXIS2_PLACEMENT_3D('',#13671,#13672,#13673);
#13675=PLANE('',#13674);
#13676=CARTESIAN_POINT('',(-40.26670861,96.543080292,142.763989489));
#13677=VERTEX_POINT('',#13676);
#13678=CARTESIAN_POINT('',(-40.26670861,96.405460098,142.763989489));
#13679=VERTEX_POINT('',#13678);
#13680=CARTESIAN_POINT('',(-40.26670861,96.543080292,142.763989489));
#13681=DIRECTION('',(-0.,-1.,0.));
#13682=VECTOR('',#13681,0.137620195);
#13683=LINE('',#13680,#13682);
#13684=EDGE_CURVE('NONE',#13677,#13679,#13683,.T.);
#13685=ORIENTED_EDGE('',*,*,#13684,.F.);
#13686=CARTESIAN_POINT('',(-40.419954431,96.982383149,142.763989489));
#13687=VERTEX_POINT('',#13686);
#13688=CARTESIAN_POINT('',(-40.41995505,96.982383247,142.763989489));
#13689=CARTESIAN_POINT('',(-40.409338454,96.981765623,142.763989489));
#13690=CARTESIAN_POINT('',(-40.398700677,96.980925895,142.763989489));
#13691=CARTESIAN_POINT('',(-40.388726003,96.977546002,142.763989489));
#13692=CARTESIAN_POINT('',(-40.378751329,96.974166109,142.763989489));
#13693=CARTESIAN_POINT('',(-40.36921145,96.969001977,142.763989489));
#13694=CARTESIAN_POINT('',(-40.360559268,96.962848307,142.763989489));
#13695=CARTESIAN_POINT('',(-40.343254905,96.950540965,142.763989489));
#13696=CARTESIAN_POINT('',(-40.329960995,96.933545939,142.763989489));
#13697=CARTESIAN_POINT('',(-40.318938441,96.915474216,142.763989489));
#13698=CARTESIAN_POINT('',(-40.296893334,96.879330772,142.763989489));
#13699=CARTESIAN_POINT('',(-40.284927462,96.838304706,142.763989489));
#13700=CARTESIAN_POINT('',(-40.278603419,96.796466993,142.763989489));
#13701=CARTESIAN_POINT('',(-40.272279375,96.754629281,142.763989489));
#13702=CARTESIAN_POINT('',(-40.270196139,96.712273599,142.763989489));
#13703=CARTESIAN_POINT('',(-40.268604364,96.669993409,142.763989489));
#13704=CARTESIAN_POINT('',(-40.26701259,96.627713219,142.763989489));
#13705=CARTESIAN_POINT('',(-40.266925107,96.585391069,142.763989489));
#13706=CARTESIAN_POINT('',(-40.26670861,96.543080295,142.763989489));
#13707=B_SPLINE_CURVE_WITH_KNOTS('',3,(#13688,#13689,#13690,#13691,#13692,#13693,#13694,#13695,#13696,#13697,#13698,#13699,#13700,#13701,#13702,#13703,#13704,#13705,#13706),.UNSPECIFIED.,.F.,.F.,(4,3,3,3,3,3,4),(0.,0.000031902,0.000063804,0.000127609,0.000255217,0.000382826,0.000510435),.UNSPECIFIED.);
#13708=EDGE_CURVE('NONE',#13687,#13677,#13707,.T.);
#13709=ORIENTED_EDGE('',*,*,#13708,.F.);
#13710=CARTESIAN_POINT('',(-40.574400918,96.562611539,142.763989489));
#13711=VERTEX_POINT('',#13710);
#13712=CARTESIAN_POINT('',(-40.574400918,96.562611539,142.763989489));
#13713=CARTESIAN_POINT('',(-40.573774057,96.64487524,142.763989489));
#13714=CARTESIAN_POINT('',(-40.572999725,96.727579901,142.763989489));
#13715=CARTESIAN_POINT('',(-40.559765595,96.808738345,142.763989489));
#13716=CARTESIAN_POINT('',(-40.55314853,96.849317567,142.763989489));
#13717=CARTESIAN_POINT('',(-40.544015777,96.89054242,142.763989489));
#13718=CARTESIAN_POINT('',(-40.522077096,96.925316214,142.763989489));
#13719=CARTESIAN_POINT('',(-40.511107756,96.942703111,142.763989489));
#13720=CARTESIAN_POINT('',(-40.496692685,96.9579375,142.763989489));
#13721=CARTESIAN_POINT('',(-40.478824655,96.967998412,142.763989489));
#13722=CARTESIAN_POINT('',(-40.460956624,96.978059324,142.763989489));
#13723=CARTESIAN_POINT('',(-40.440438206,96.98153059,142.763989489));
#13724=CARTESIAN_POINT('',(-40.419955057,96.982383123,142.763989489));
#13725=B_SPLINE_CURVE_WITH_KNOTS('',3,(#13712,#13713,#13714,#13715,#13716,#13717,#13718,#13719,#13720,#13721,#13722,#13723,#13724),.UNSPECIFIED.,.F.,.F.,(4,3,3,3,4),(0.,0.000246798,0.000370197,0.000431897,0.000493597),.UNSPECIFIED.);
#13726=EDGE_CURVE('NONE',#13711,#13687,#13725,.T.);
#13727=ORIENTED_EDGE('',*,*,#13726,.F.);
#13728=CARTESIAN_POINT('',(-40.574400918,96.405460098,142.763989489));
#13729=VERTEX_POINT('',#13728);
#13730=CARTESIAN_POINT('',(-40.574400918,96.405460098,142.763989489));
#13731=DIRECTION('',(0.,1.,-0.));
#13732=VECTOR('',#13731,0.157151442);
#13733=LINE('',#13730,#13732);
#13734=EDGE_CURVE('NONE',#13729,#13711,#13733,.T.);
#13735=ORIENTED_EDGE('',*,*,#13734,.F.);
#13736=CARTESIAN_POINT('',(-40.26670861,96.405460098,142.763989489));
#13737=DIRECTION('',(-1.,0.,0.));
#13738=VECTOR('',#13737,0.307692307);
#13739=LINE('',#13736,#13738);
#13740=EDGE_CURVE('NONE',#13679,#13729,#13739,.T.);
#13741=ORIENTED_EDGE('',*,*,#13740,.F.);
#13742=EDGE_LOOP('',(#13685,#13709,#13727,#13735,#13741));
#13743=FACE_BOUND('',#13742,.T.);
#13744=ORIENTED_EDGE('',*,*,#13333,.F.);
#13745=ORIENTED_EDGE('',*,*,#13665,.F.);
#13746=ORIENTED_EDGE('',*,*,#13643,.F.);
#13747=ORIENTED_EDGE('',*,*,#13619,.F.);
#13748=ORIENTED_EDGE('',*,*,#13595,.F.);
#13749=ORIENTED_EDGE('',*,*,#13571,.F.);
#13750=ORIENTED_EDGE('',*,*,#13547,.F.);
#13751=ORIENTED_EDGE('',*,*,#13523,.F.);
#13752=ORIENTED_EDGE('',*,*,#13455,.F.);
#13753=ORIENTED_EDGE('',*,*,#13357,.F.);
#13754=EDGE_LOOP('',(#13744,#13745,#13746,#13747,#13748,#13749,#13750,#13751,#13752,#13753));
#13755=FACE_BOUND('',#13754,.T.);
#13756=ADVANCED_FACE('NONE',(#13743,#13755),#13675,.T.);
#13757=CARTESIAN_POINT('',(-40.266708609,96.405460098,142.763989489));
#13758=DIRECTION('',(-0.,-1.,0.));
#13759=DIRECTION('',(-1.,0.,0.));
#13760=AXIS2_PLACEMENT_3D('',#13757,#13758,#13759);
#13761=PLANE('',#13760);
#13762=CARTESIAN_POINT('',(-40.26670861,96.405460098,142.758989489));
#13763=VERTEX_POINT('',#13762);
#13764=CARTESIAN_POINT('',(-40.574400918,96.405460098,142.758989489));
#13765=VERTEX_POINT('',#13764);
#13766=CARTESIAN_POINT('',(-40.26670861,96.405460098,142.758989489));
#13767=DIRECTION('',(-1.,0.,0.));
#13768=VECTOR('',#13767,0.307692307);
#13769=LINE('',#13766,#13768);
#13770=EDGE_CURVE('NONE',#13763,#13765,#13769,.T.);
#13771=ORIENTED_EDGE('',*,*,#13770,.F.);
#13772=CARTESIAN_POINT('',(-40.26670861,96.405460098,142.763989489));
#13773=DIRECTION('',(-0.,-0.,-1.));
#13774=VECTOR('',#13773,0.005);
#13775=LINE('',#13772,#13774);
#13776=EDGE_CURVE('NONE',#13679,#13763,#13775,.T.);
#13777=ORIENTED_EDGE('',*,*,#13776,.F.);
#13778=ORIENTED_EDGE('',*,*,#13740,.T.);
#13779=CARTESIAN_POINT('',(-40.574400918,96.405460098,142.763989489));
#13780=DIRECTION('',(-0.,-0.,-1.));
#13781=VECTOR('',#13780,0.005);
#13782=LINE('',#13779,#13781);
#13783=EDGE_CURVE('NONE',#13729,#13765,#13782,.T.);
#13784=ORIENTED_EDGE('',*,*,#13783,.T.);
#13785=EDGE_LOOP('',(#13771,#13777,#13778,#13784));
#13786=FACE_BOUND('',#13785,.T.);
#13787=ADVANCED_FACE('NONE',(#13786),#13761,.T.);
#13788=CARTESIAN_POINT('',(-40.26670861,96.54308029,142.763989489));
#13789=DIRECTION('',(1.,-0.,-0.));
#13790=DIRECTION('',(-0.,-1.,0.));
#13791=AXIS2_PLACEMENT_3D('',#13788,#13789,#13790);
#13792=PLANE('',#13791);
#13793=CARTESIAN_POINT('',(-40.26670861,96.543080292,142.758989489));
#13794=VERTEX_POINT('',#13793);
#13795=CARTESIAN_POINT('',(-40.26670861,96.543080292,142.758989489));
#13796=DIRECTION('',(-0.,-1.,0.));
#13797=VECTOR('',#13796,0.137620195);
#13798=LINE('',#13795,#13797);
#13799=EDGE_CURVE('NONE',#13794,#13763,#13798,.T.);
#13800=ORIENTED_EDGE('',*,*,#13799,.F.);
#13801=CARTESIAN_POINT('',(-40.26670861,96.54308029,142.763989489));
#13802=DIRECTION('',(-0.,-0.,-1.));
#13803=VECTOR('',#13802,0.005);
#13804=LINE('',#13801,#13803);
#13805=EDGE_CURVE('NONE',#13677,#13794,#13804,.T.);
#13806=ORIENTED_EDGE('',*,*,#13805,.F.);
#13807=ORIENTED_EDGE('',*,*,#13684,.T.);
#13808=ORIENTED_EDGE('',*,*,#13776,.T.);
#13809=EDGE_LOOP('',(#13800,#13806,#13807,#13808));
#13810=FACE_BOUND('',#13809,.T.);
#13811=ADVANCED_FACE('NONE',(#13810),#13792,.T.);
#13812=CARTESIAN_POINT('',(-40.419953803,96.982383175,142.763989489));
#13813=CARTESIAN_POINT('',(-40.419953803,96.982383175,142.758989489));
#13814=CARTESIAN_POINT('',(-40.411953677,96.981917765,142.763989489));
#13815=CARTESIAN_POINT('',(-40.411953677,96.981917765,142.758989489));
#13816=CARTESIAN_POINT('',(-40.396086776,96.980994705,142.763989489));
#13817=CARTESIAN_POINT('',(-40.396086776,96.980994705,142.758989489));
#13818=CARTESIAN_POINT('',(-40.373450917,96.971734813,142.763989489));
#13819=CARTESIAN_POINT('',(-40.373450917,96.971734813,142.758989489));
#13820=CARTESIAN_POINT('',(-40.352324214,96.957727733,142.763989489));
#13821=CARTESIAN_POINT('',(-40.352324214,96.957727733,142.758989489));
#13822=CARTESIAN_POINT('',(-40.333512066,96.937741691,142.763989489));
#13823=CARTESIAN_POINT('',(-40.333512066,96.937741691,142.758989489));
#13824=CARTESIAN_POINT('',(-40.316955817,96.913353317,142.763989489));
#13825=CARTESIAN_POINT('',(-40.316955817,96.913353317,142.758989489));
#13826=CARTESIAN_POINT('',(-40.302352407,96.885157313,142.763989489));
#13827=CARTESIAN_POINT('',(-40.302352407,96.885157313,142.758989489));
#13828=CARTESIAN_POINT('',(-40.290892208,96.852959239,142.763989489));
#13829=CARTESIAN_POINT('',(-40.290892208,96.852959239,142.758989489));
#13830=CARTESIAN_POINT('',(-40.282967618,96.823301127,142.763989489));
#13831=CARTESIAN_POINT('',(-40.282967618,96.823301127,142.758989489));
#13832=CARTESIAN_POINT('',(-40.278419691,96.796045474,142.763989489));
#13833=CARTESIAN_POINT('',(-40.278419691,96.796045474,142.758989489));
#13834=CARTESIAN_POINT('',(-40.275089093,96.771406977,142.763989489));
#13835=CARTESIAN_POINT('',(-40.275089093,96.771406977,142.758989489));
#13836=CARTESIAN_POINT('',(-40.272462179,96.742834085,142.763989489));
#13837=CARTESIAN_POINT('',(-40.272462179,96.742834085,142.758989489));
#13838=CARTESIAN_POINT('',(-40.270489888,96.710360705,142.763989489));
#13839=CARTESIAN_POINT('',(-40.270489888,96.710360705,142.758989489));
#13840=CARTESIAN_POINT('',(-40.268619139,96.674105861,142.763989489));
#13841=CARTESIAN_POINT('',(-40.268619139,96.674105861,142.758989489));
#13842=CARTESIAN_POINT('',(-40.267460998,96.63393253,142.763989489));
#13843=CARTESIAN_POINT('',(-40.267460998,96.63393253,142.758989489));
#13844=CARTESIAN_POINT('',(-40.266947958,96.589856499,142.763989489));
#13845=CARTESIAN_POINT('',(-40.266947958,96.589856499,142.758989489));
#13846=CARTESIAN_POINT('',(-40.266790611,96.559106031,142.763989489));
#13847=CARTESIAN_POINT('',(-40.266790611,96.559106031,142.758989489));
#13848=CARTESIAN_POINT('',(-40.26670861,96.54308029,142.763989489));
#13849=CARTESIAN_POINT('',(-40.26670861,96.54308029,142.758989489));
#13850=B_SPLINE_SURFACE_WITH_KNOTS('',3,1,((#13812,#13813),(#13814,#13815),(#13816,#13817),(#13818,#13819),(#13820,#13821),(#13822,#13823),(#13824,#13825),(#13826,#13827),(#13828,#13829),(#13830,#13831),(#13832,#13833),(#13834,#13835),(#13836,#13837),(#13838,#13839),(#13840,#13841),(#13842,#13843),(#13844,#13845),(#13846,#13847),(#13848,#13849)),.UNSPECIFIED.,.F.,.F.,.U.,(4,1,1,1,1,1,1,1,1,1,1,1,1,1,1,1,4),(2,2),(0.,0.047108109,0.093430996,0.142563391,0.196194454,0.254537235,0.316543413,0.383461375,0.456318669,0.49781292,0.546830871,0.603367804,0.66748913,0.739266422,0.818100936,0.905202499,1.),(0.,1.),.UNSPECIFIED.);
#13851=CARTESIAN_POINT('',(-40.419954431,96.982383149,142.758989489));
#13852=VERTEX_POINT('',#13851);
#13853=CARTESIAN_POINT('',(-40.41995505,96.982383247,142.758989489));
#13854=CARTESIAN_POINT('',(-40.409373771,96.981767678,142.758989489));
#13855=CARTESIAN_POINT('',(-40.398770297,96.9809355,142.758989489));
#13856=CARTESIAN_POINT('',(-40.388825564,96.977579668,142.758989489));
#13857=CARTESIAN_POINT('',(-40.378880831,96.974223837,142.758989489));
#13858=CARTESIAN_POINT('',(-40.369368774,96.969089957,142.758989489));
#13859=CARTESIAN_POINT('',(-40.360732094,96.962970988,142.758989489));
#13860=CARTESIAN_POINT('',(-40.343458734,96.95073305,142.758989489));
#13861=CARTESIAN_POINT('',(-40.330204061,96.933875677,142.758989489));
#13862=CARTESIAN_POINT('',(-40.319154596,96.915827943,142.758989489));
#13863=CARTESIAN_POINT('',(-40.297055666,96.879732476,142.758989489));
#13864=CARTESIAN_POINT('',(-40.284941451,96.83837221,142.758989489));
#13865=CARTESIAN_POINT('',(-40.278611976,96.79652359,142.758989489));
#13866=CARTESIAN_POINT('',(-40.272282501,96.75467497,142.758989489));
#13867=CARTESIAN_POINT('',(-40.270198179,96.712309915,142.758989489));
#13868=CARTESIAN_POINT('',(-40.268605411,96.670021209,142.758989489));
#13869=CARTESIAN_POINT('',(-40.267012643,96.627732502,142.758989489));
#13870=CARTESIAN_POINT('',(-40.266925154,96.585400296,142.758989489));
#13871=CARTESIAN_POINT('',(-40.26670861,96.543080295,142.758989489));
#13872=B_SPLINE_CURVE_WITH_KNOTS('',3,(#13853,#13854,#13855,#13856,#13857,#13858,#13859,#13860,#13861,#13862,#13863,#13864,#13865,#13866,#13867,#13868,#13869,#13870,#13871),.UNSPECIFIED.,.F.,.F.,(4,3,3,3,3,3,4),(0.,0.000031796,0.000063592,0.000127184,0.000254368,0.000381553,0.000508737),.UNSPECIFIED.);
#13873=EDGE_CURVE('NONE',#13852,#13794,#13872,.T.);
#13874=ORIENTED_EDGE('',*,*,#13873,.F.);
#13875=CARTESIAN_POINT('',(-40.419953805,96.982383175,142.763989489));
#13876=DIRECTION('',(-0.,-0.,-1.));
#13877=VECTOR('',#13876,0.005);
#13878=LINE('',#13875,#13877);
#13879=EDGE_CURVE('NONE',#13687,#13852,#13878,.T.);
#13880=ORIENTED_EDGE('',*,*,#13879,.F.);
#13881=ORIENTED_EDGE('',*,*,#13708,.T.);
#13882=ORIENTED_EDGE('',*,*,#13805,.T.);
#13883=EDGE_LOOP('',(#13874,#13880,#13881,#13882));
#13884=FACE_BOUND('',#13883,.T.);
#13885=ADVANCED_FACE('NONE',(#13884),#13850,.T.);
#13886=CARTESIAN_POINT('',(-40.574400918,96.562611539,142.763989489));
#13887=CARTESIAN_POINT('',(-40.574400918,96.562611539,142.758989489));
#13888=CARTESIAN_POINT('',(-40.574255138,96.581742409,142.763989489));
#13889=CARTESIAN_POINT('',(-40.574255138,96.581742409,142.758989489));
#13890=CARTESIAN_POINT('',(-40.573974982,96.618507869,142.763989489));
#13891=CARTESIAN_POINT('',(-40.573974982,96.618507869,142.758989489));
#13892=CARTESIAN_POINT('',(-40.57270185,96.671425387,142.763989489));
#13893=CARTESIAN_POINT('',(-40.57270185,96.671425387,142.758989489));
#13894=CARTESIAN_POINT('',(-40.569600103,96.719710929,142.763989489));
#13895=CARTESIAN_POINT('',(-40.569600103,96.719710929,142.758989489));
#13896=CARTESIAN_POINT('',(-40.565731113,96.763296186,142.763989489));
#13897=CARTESIAN_POINT('',(-40.565731113,96.763296186,142.758989489));
#13898=CARTESIAN_POINT('',(-40.561212844,96.802267727,142.763989489));
#13899=CARTESIAN_POINT('',(-40.561212844,96.802267727,142.758989489));
#13900=CARTESIAN_POINT('',(-40.554829824,96.836431196,142.763989489));
#13901=CARTESIAN_POINT('',(-40.554829824,96.836431196,142.758989489));
#13902=CARTESIAN_POINT('',(-40.547828997,96.866128289,142.763989489));
#13903=CARTESIAN_POINT('',(-40.547828997,96.866128289,142.758989489));
#13904=CARTESIAN_POINT('',(-40.539433724,96.89140236,142.763989489));
#13905=CARTESIAN_POINT('',(-40.539433724,96.89140236,142.758989489));
#13906=CARTESIAN_POINT('',(-40.529676535,96.912975861,142.763989489));
#13907=CARTESIAN_POINT('',(-40.529676535,96.912975861,142.758989489));
#13908=CARTESIAN_POINT('',(-40.518538846,96.931479939,142.763989489));
#13909=CARTESIAN_POINT('',(-40.518538846,96.931479939,142.758989489));
#13910=CARTESIAN_POINT('',(-40.50596305,96.947337133,142.763989489));
#13911=CARTESIAN_POINT('',(-40.50596305,96.947337133,142.758989489));
#13912=CARTESIAN_POINT('',(-40.491578849,96.960140476,142.763989489));
#13913=CARTESIAN_POINT('',(-40.491578849,96.960140476,142.758989489));
#13914=CARTESIAN_POINT('',(-40.475832506,96.970308148,142.763989489));
#13915=CARTESIAN_POINT('',(-40.475832506,96.970308148,142.758989489));
#13916=CARTESIAN_POINT('',(-40.45844092,96.977128084,142.763989489));
#13917=CARTESIAN_POINT('',(-40.45844092,96.977128084,142.758989489));
#13918=CARTESIAN_POINT('',(-40.439705823,96.981560915,142.763989489));
#13919=CARTESIAN_POINT('',(-40.439705823,96.981560915,142.758989489));
#13920=CARTESIAN_POINT('',(-40.426692986,96.982102682,142.763989489));
#13921=CARTESIAN_POINT('',(-40.426692986,96.982102682,142.758989489));
#13922=CARTESIAN_POINT('',(-40.419956312,96.98238307,142.763989489));
#13923=CARTESIAN_POINT('',(-40.419956312,96.98238307,142.758989489));
#13924=CARTESIAN_POINT('',(-40.419955476,96.982383105,142.763989489));
#13925=CARTESIAN_POINT('',(-40.419955476,96.982383105,142.758989489));
#13926=CARTESIAN_POINT('',(-40.419954641,96.98238314,142.763989489));
#13927=CARTESIAN_POINT('',(-40.419954641,96.98238314,142.758989489));
#13928=CARTESIAN_POINT('',(-40.419953805,96.982383175,142.763989489));
#13929=CARTESIAN_POINT('',(-40.419953805,96.982383175,142.758989489));
#13930=B_SPLINE_SURFACE_WITH_KNOTS('',3,1,((#13886,#13887),(#13888,#13889),(#13890,#13891),(#13892,#13893),(#13894,#13895),(#13896,#13897),(#13898,#13899),(#13900,#13901),(#13902,#13903),(#13904,#13905),(#13906,#13907),(#13908,#13909),(#13910,#13911),(#13912,#13913),(#13914,#13915),(#13916,#13917),(#13918,#13919),(#13920,#13921),(#13922,#13923),(#13924,#13925),(#13926,#13927),(#13928,#13929)),.UNSPECIFIED.,.F.,.F.,.U.,(4,1,1,1,1,1,1,1,1,1,1,1,1,1,1,1,3,4),(2,2),(0.,0.116513624,0.223914393,0.322311318,0.411113983,0.490405064,0.561113413,0.622658505,0.676090592,0.723039669,0.766558621,0.807331945,0.845780393,0.883347778,0.920840805,0.959017324,0.999994912,0.999999993),(0.,1.),.UNSPECIFIED.);
#13931=CARTESIAN_POINT('',(-40.574400918,96.562611539,142.758989489));
#13932=VERTEX_POINT('',#13931);
#13933=CARTESIAN_POINT('',(-40.574400918,96.562611539,142.758989489));
#13934=CARTESIAN_POINT('',(-40.573774057,96.64487524,142.758989489));
#13935=CARTESIAN_POINT('',(-40.572999725,96.727579901,142.758989489));
#13936=CARTESIAN_POINT('',(-40.559765595,96.808738345,142.758989489));
#13937=CARTESIAN_POINT('',(-40.55314853,96.849317567,142.758989489));
#13938=CARTESIAN_POINT('',(-40.544015777,96.89054242,142.758989489));
#13939=CARTESIAN_POINT('',(-40.522077096,96.925316214,142.758989489));
#13940=CARTESIAN_POINT('',(-40.511107756,96.942703111,142.758989489));
#13941=CARTESIAN_POINT('',(-40.496692685,96.9579375,142.758989489));
#13942=CARTESIAN_POINT('',(-40.478824655,96.967998412,142.758989489));
#13943=CARTESIAN_POINT('',(-40.460956624,96.978059324,142.758989489));
#13944=CARTESIAN_POINT('',(-40.440438206,96.98153059,142.758989489));
#13945=CARTESIAN_POINT('',(-40.419955057,96.982383123,142.758989489));
#13946=B_SPLINE_CURVE_WITH_KNOTS('',3,(#13933,#13934,#13935,#13936,#13937,#13938,#13939,#13940,#13941,#13942,#13943,#13944,#13945),.UNSPECIFIED.,.F.,.F.,(4,3,3,3,4),(0.,0.000246798,0.000370197,0.000431897,0.000493597),.UNSPECIFIED.);
#13947=EDGE_CURVE('NONE',#13932,#13852,#13946,.T.);
#13948=ORIENTED_EDGE('',*,*,#13947,.F.);
#13949=CARTESIAN_POINT('',(-40.574400918,96.562611539,142.763989489));
#13950=DIRECTION('',(-0.,-0.,-1.));
#13951=VECTOR('',#13950,0.005);
#13952=LINE('',#13949,#13951);
#13953=EDGE_CURVE('NONE',#13711,#13932,#13952,.T.);
#13954=ORIENTED_EDGE('',*,*,#13953,.F.);
#13955=ORIENTED_EDGE('',*,*,#13726,.T.);
#13956=ORIENTED_EDGE('',*,*,#13879,.T.);
#13957=EDGE_LOOP('',(#13948,#13954,#13955,#13956));
#13958=FACE_BOUND('',#13957,.T.);
#13959=ADVANCED_FACE('NONE',(#13958),#13930,.T.);
#13960=CARTESIAN_POINT('',(-40.574400918,96.405460098,142.763989489));
#13961=DIRECTION('',(-1.,0.,0.));
#13962=DIRECTION('',(0.,1.,-0.));
#13963=AXIS2_PLACEMENT_3D('',#13960,#13961,#13962);
#13964=PLANE('',#13963);
#13965=CARTESIAN_POINT('',(-40.574400918,96.405460098,142.758989489));
#13966=DIRECTION('',(0.,1.,-0.));
#13967=VECTOR('',#13966,0.157151442);
#13968=LINE('',#13965,#13967);
#13969=EDGE_CURVE('NONE',#13765,#13932,#13968,.T.);
#13970=ORIENTED_EDGE('',*,*,#13969,.F.);
#13971=ORIENTED_EDGE('',*,*,#13783,.F.);
#13972=ORIENTED_EDGE('',*,*,#13734,.T.);
#13973=ORIENTED_EDGE('',*,*,#13953,.T.);
#13974=EDGE_LOOP('',(#13970,#13971,#13972,#13973));
#13975=FACE_BOUND('',#13974,.T.);
#13976=ADVANCED_FACE('NONE',(#13975),#13964,.T.);
#13977=CARTESIAN_POINT('',(-32.497477846,110.747758513,142.758989489));
#13978=DIRECTION('',(0.,0.,1.));
#13979=DIRECTION('',(-1.,0.,0.));
#13980=AXIS2_PLACEMENT_3D('',#13977,#13978,#13979);
#13981=PLANE('',#13980);
#13982=ORIENTED_EDGE('',*,*,#7772,.T.);
#13983=ORIENTED_EDGE('',*,*,#7995,.T.);
#13984=ORIENTED_EDGE('',*,*,#7973,.T.);
#13985=ORIENTED_EDGE('',*,*,#7896,.T.);
#13986=ORIENTED_EDGE('',*,*,#7847,.T.);
#13987=ORIENTED_EDGE('',*,*,#7801,.T.);
#13988=EDGE_LOOP('',(#13982,#13983,#13984,#13985,#13986,#13987));
#13989=FACE_BOUND('',#13988,.T.);
#13990=ADVANCED_FACE('NONE',(#13989),#13981,.F.);
#13991=CARTESIAN_POINT('',(-32.497477846,110.747758513,142.758989489));
#13992=DIRECTION('',(0.,0.,1.));
#13993=DIRECTION('',(-1.,0.,0.));
#13994=AXIS2_PLACEMENT_3D('',#13991,#13992,#13993);
#13995=PLANE('',#13994);
#13996=ORIENTED_EDGE('',*,*,#9388,.T.);
#13997=ORIENTED_EDGE('',*,*,#9666,.T.);
#13998=ORIENTED_EDGE('',*,*,#9577,.T.);
#13999=ORIENTED_EDGE('',*,*,#9503,.T.);
#14000=ORIENTED_EDGE('',*,*,#9445,.T.);
#14001=EDGE_LOOP('',(#13996,#13997,#13998,#13999,#14000));
#14002=FACE_BOUND('',#14001,.T.);
#14003=ADVANCED_FACE('NONE',(#14002),#13995,.F.);
#14004=CARTESIAN_POINT('',(-32.497477846,110.747758513,142.758989489));
#14005=DIRECTION('',(0.,0.,1.));
#14006=DIRECTION('',(-1.,0.,0.));
#14007=AXIS2_PLACEMENT_3D('',#14004,#14005,#14006);
#14008=PLANE('',#14007);
#14009=ORIENTED_EDGE('',*,*,#9921,.T.);
#14010=ORIENTED_EDGE('',*,*,#9972,.T.);
#14011=ORIENTED_EDGE('',*,*,#9950,.T.);
#14012=EDGE_LOOP('',(#14009,#14010,#14011));
#14013=FACE_BOUND('',#14012,.T.);
#14014=ADVANCED_FACE('NONE',(#14013),#14008,.F.);
#14015=CARTESIAN_POINT('',(-32.497477846,110.747758513,142.758989489));
#14016=DIRECTION('',(0.,0.,1.));
#14017=DIRECTION('',(-1.,0.,0.));
#14018=AXIS2_PLACEMENT_3D('',#14015,#14016,#14017);
#14019=PLANE('',#14018);
#14020=ORIENTED_EDGE('',*,*,#13254,.T.);
#14021=ORIENTED_EDGE('',*,*,#13305,.T.);
#14022=ORIENTED_EDGE('',*,*,#13283,.T.);
#14023=EDGE_LOOP('',(#14020,#14021,#14022));
#14024=FACE_BOUND('',#14023,.T.);
#14025=ADVANCED_FACE('NONE',(#14024),#14019,.F.);
#14026=CARTESIAN_POINT('',(-32.497477846,110.747758513,142.758989489));
#14027=DIRECTION('',(0.,0.,1.));
#14028=DIRECTION('',(-1.,0.,0.));
#14029=AXIS2_PLACEMENT_3D('',#14026,#14027,#14028);
#14030=PLANE('',#14029);
#14031=ORIENTED_EDGE('',*,*,#13770,.T.);
#14032=ORIENTED_EDGE('',*,*,#13969,.T.);
#14033=ORIENTED_EDGE('',*,*,#13947,.T.);
#14034=ORIENTED_EDGE('',*,*,#13873,.T.);
#14035=ORIENTED_EDGE('',*,*,#13799,.T.);
#14036=EDGE_LOOP('',(#14031,#14032,#14033,#14034,#14035));
#14037=FACE_BOUND('',#14036,.T.);
#14038=ADVANCED_FACE('NONE',(#14037),#14030,.F.);
#14039=CARTESIAN_POINT('',(-34.497477839,91.497758513,149.258989489));
#14040=DIRECTION('',(-1.,0.,0.));
#14041=DIRECTION('',(0.,1.,-0.));
#14042=AXIS2_PLACEMENT_3D('',#14039,#14040,#14041);
#14043=PLANE('',#14042);
#14044=ORIENTED_EDGE('',*,*,#3617,.T.);
#14045=CARTESIAN_POINT('',(-34.497477839,82.497758509,152.353989489));
#14046=VERTEX_POINT('',#14045);
#14047=CARTESIAN_POINT('',(-34.497477839,82.497758512,146.158989489));
#14048=DIRECTION('',(0.,0.,1.));
#14049=VECTOR('',#14048,6.195);
#14050=LINE('',#14047,#14049);
#14051=EDGE_CURVE('NONE',#3604,#14046,#14050,.T.);
#14052=ORIENTED_EDGE('',*,*,#14051,.T.);
#14053=CARTESIAN_POINT('',(-34.497477839,82.497758509,152.353989489));
#14054=DIRECTION('',(0.,1.,-0.));
#14055=VECTOR('',#14054,0.005000004);
#14056=LINE('',#14053,#14055);
#14057=EDGE_CURVE('NONE',#14046,#7251,#14056,.T.);
#14058=ORIENTED_EDGE('',*,*,#14057,.T.);
#14059=ORIENTED_EDGE('',*,*,#7256,.T.);
#14060=EDGE_LOOP('',(#14044,#14052,#14058,#14059));
#14061=FACE_BOUND('',#14060,.T.);
#14062=ADVANCED_FACE('NONE',(#14061),#14043,.T.);
#14063=CARTESIAN_POINT('',(-52.403817734,91.951612266,152.353989489));
#14064=DIRECTION('',(-0.,-0.,-1.));
#14065=DIRECTION('',(1.,-0.,-0.));
#14066=AXIS2_PLACEMENT_3D('',#14063,#14064,#14065);
#14067=PLANE('',#14066);
#14068=CARTESIAN_POINT('',(-34.885222693,82.497758505,152.353989489));
#14069=DIRECTION('',(1.,-0.,-0.));
#14070=VECTOR('',#14069,0.387744854);
#14071=LINE('',#14068,#14070);
#14072=EDGE_CURVE('NONE',#210,#14046,#14071,.T.);
#14073=ORIENTED_EDGE('',*,*,#14072,.F.);
#14074=ORIENTED_EDGE('',*,*,#243,.T.);
#14075=ORIENTED_EDGE('',*,*,#7290,.T.);
#14076=ORIENTED_EDGE('',*,*,#14057,.F.);
#14077=EDGE_LOOP('',(#14073,#14074,#14075,#14076));
#14078=FACE_BOUND('',#14077,.T.);
#14079=ADVANCED_FACE('NONE',(#14078),#14067,.T.);
#14080=CARTESIAN_POINT('',(-52.40381773,82.497758505,152.353989489));
#14081=DIRECTION('',(0.,1.,-0.));
#14082=DIRECTION('',(1.,-0.,-0.));
#14083=AXIS2_PLACEMENT_3D('',#14080,#14081,#14082);
#14084=PLANE('',#14083);
#14085=ORIENTED_EDGE('',*,*,#3609,.F.);
#14086=ORIENTED_EDGE('',*,*,#162,.T.);
#14087=ORIENTED_EDGE('',*,*,#271,.T.);
#14088=ORIENTED_EDGE('',*,*,#14072,.T.);
#14089=ORIENTED_EDGE('',*,*,#14051,.F.);
#14090=EDGE_LOOP('',(#14085,#14086,#14087,#14088,#14089));
#14091=FACE_BOUND('',#14090,.T.);
#14092=ADVANCED_FACE('NONE',(#14091),#14084,.T.);
#14093=CARTESIAN_POINT('',(-34.497477837,86.247758512,149.258989489));
#14094=CARTESIAN_POINT('',(-34.497477837,86.247758512,149.258989489));
#14095=CARTESIAN_POINT('',(-34.497477837,86.247758512,149.258989489));
#14096=CARTESIAN_POINT('',(-34.497477837,86.247758512,149.258989489));
#14097=CARTESIAN_POINT('',(-34.497477837,87.914425179,149.258989489));
#14098=CARTESIAN_POINT('',(-34.497477837,87.914425179,145.925656156));
#14099=CARTESIAN_POINT('',(-34.497477836,84.581091845,145.925656156));
#14100=CARTESIAN_POINT('',(-34.497477836,84.581091845,149.258989489));
#14101=CARTESIAN_POINT('',(-36.497477837,88.497758512,149.258989489));
#14102=CARTESIAN_POINT('',(-36.497477837,88.497758512,144.758989489));
#14103=CARTESIAN_POINT('',(-36.497477836,83.997758512,144.758989489));
#14104=CARTESIAN_POINT('',(-36.497477836,83.997758512,149.258989489));
#14105=CARTESIAN_POINT('',(-37.497477838,88.497758511,149.258989489));
#14106=CARTESIAN_POINT('',(-37.497477838,88.497758511,144.758989489));
#14107=CARTESIAN_POINT('',(-37.497477836,83.997758511,144.758989489));
#14108=CARTESIAN_POINT('',(-37.497477836,83.997758511,149.258989489));
#14109=(BOUNDED_SURFACE()
B_SPLINE_SURFACE(3,3,((#14093,#14094,#14095,#14096),(#14097,#14098,#14099,#14100),(#14101,#14102,#14103,#14104),(#14105,#14106,#14107,#14108)),.UNSPECIFIED.,.F.,.F.,.U.)
B_SPLINE_SURFACE_WITH_KNOTS((4,4),(4,4),(0.,1.),(0.,1.),.UNSPECIFIED.)
GEOMETRIC_REPRESENTATION_ITEM()
RATIONAL_B_SPLINE_SURFACE(((1.,0.333333333,0.333333333,1.),(1.,0.333333333,0.333333333,1.),(1.,0.333333333,0.333333333,1.),(1.,0.333333333,0.333333333,1.)))
REPRESENTATION_ITEM('')
SURFACE()
);
#14110=ORIENTED_EDGE('',*,*,#62,.F.);
#14111=ORIENTED_EDGE('',*,*,#53,.T.);
#14112=ORIENTED_EDGE('',*,*,#280,.T.);
#14113=EDGE_LOOP('',(#14110,#14111,#14112));
#14114=FACE_BOUND('',#14113,.T.);
#14115=ADVANCED_FACE('NONE',(#14114),#14109,.F.);
#14116=CARTESIAN_POINT('',(-32.497477833,77.497758513,149.258989489));
#14117=DIRECTION('',(-1.,0.,0.));
#14118=DIRECTION('',(0.,1.,-0.));
#14119=AXIS2_PLACEMENT_3D('',#14116,#14117,#14118);
#14120=CYLINDRICAL_SURFACE('',#14119,3.75);
#14121=ORIENTED_EDGE('',*,*,#339,.T.);
#14122=ORIENTED_EDGE('',*,*,#3155,.T.);
#14123=ORIENTED_EDGE('',*,*,#3054,.T.);
#14124=EDGE_LOOP('',(#14121,#14122,#14123));
#14125=FACE_BOUND('',#14124,.T.);
#14126=ADVANCED_FACE('NONE',(#14125),#14120,.F.);
#14127=CARTESIAN_POINT('',(-32.497477848,114.497758513,149.258989489));
#14128=DIRECTION('',(-1.,0.,0.));
#14129=DIRECTION('',(0.,1.,-0.));
#14130=AXIS2_PLACEMENT_3D('',#14127,#14128,#14129);
#14131=CYLINDRICAL_SURFACE('',#14130,3.75);
#14132=ORIENTED_EDGE('',*,*,#475,.F.);
#14133=ORIENTED_EDGE('',*,*,#2914,.T.);
#14134=ORIENTED_EDGE('',*,*,#2969,.F.);
#14135=ORIENTED_EDGE('',*,*,#3105,.T.);
#14136=EDGE_LOOP('',(#14132,#14133,#14134,#14135));
#14137=FACE_BOUND('',#14136,.T.);
#14138=ADVANCED_FACE('NONE',(#14137),#14131,.T.);
#14139=CLOSED_SHELL('',(#73,#120,#284,#325,#359,#410,#461,#503,#575,#676,#707,#2389,#2429,#2469,#2500,#2531,#2671,#2695,#2767,#2852,#2933,#2950,#2974,#2998,#3021,#3038,
#3059,#3088,#3109,#3120,#3131,#3142,#3159,#3176,#3193,#3273,#3304,#3328,#3352,#3369,#3400,#3424,#3448,#3465,#3481,#3527,#3550,#3590,#3638,#3662,#3679,
#3696,#3718,#3840,#3862,#3970,#3982,#3994,#4006,#4062,#4234,#4290,#4409,#4449,#4480,#4504,#4528,#4545,#4585,#4616,#4640,#4664,#4681,#4721,#4752,#4776,
#4800,#4817,#4880,#4952,#5006,#5046,#5063,#5094,#5111,#5128,#5140,#5171,#5188,#5205,#5217,#5248,#5272,#5294,#5311,#5328,#5340,#5362,#5379,#5396,#5408,
#5430,#5447,#5464,#5476,#5516,#5547,#5578,#5618,#5649,#5680,#5702,#5742,#5773,#5804,#5826,#5868,#5910,#5928,#5946,#5964,#5982,#6000,#6042,#6060,#6078,
#6096,#6114,#6132,#6149,#6191,#6208,#6226,#6244,#6286,#6304,#6322,#6339,#6366,#6393,#6410,#6428,#6446,#6473,#6491,#6508,#6526,#6550,#6567,#6594,#6611,
#6629,#6647,#6665,#6683,#6700,#6718,#6745,#6763,#6781,#6799,#6811,#6853,#6880,#6907,#6919,#6961,#6988,#7015,#7027,#7069,#7096,#7123,#7135,#7177,#7204,
#7231,#7243,#7277,#7295,#7322,#7349,#7361,#7392,#7416,#7514,#7582,#7628,#7652,#7669,#7758,#7789,#7813,#7859,#7908,#7985,#8002,#8080,#8104,#8175,#8241,
#8303,#8327,#8351,#8375,#8399,#8423,#8447,#8507,#8561,#8582,#8613,#8637,#8661,#8685,#8709,#8733,#8757,#8781,#8798,#8815,#8874,#8961,#9054,#9147,#9198,
#9324,#9405,#9457,#9515,#9589,#9673,#9704,#9728,#9752,#9776,#9800,#9824,#9848,#9865,#9907,#9938,#9962,#9979,#10057,#10081,#10152,#10224,#10286,#10310,#10334,
#10358,#10382,#10406,#10430,#10490,#10538,#10559,#10590,#10614,#10638,#10662,#10686,#10703,#10717,#10748,#10772,#10796,#10820,#10844,#10868,#10892,#10916,#10940,#10957,#10975,
#11053,#11077,#11148,#11214,#11276,#11300,#11324,#11348,#11372,#11396,#11420,#11480,#11528,#11549,#11580,#11604,#11628,#11652,#11676,#11700,#11724,#11748,#11765,#11782,#11846,
#11870,#11919,#11971,#12012,#12061,#12107,#12167,#12247,#12318,#12342,#12394,#12454,#12520,#12607,#12674,#12698,#12729,#12753,#12777,#12801,#12825,#12849,#12873,#12897,#12921,
#12945,#12969,#12986,#13006,#13037,#13061,#13085,#13109,#13133,#13157,#13181,#13198,#13240,#13271,#13295,#13312,#13343,#13367,#13465,#13533,#13557,#13581,#13605,#13629,#13653,
#13670,#13756,#13787,#13811,#13885,#13959,#13976,#13990,#14003,#14014,#14025,#14038,#14062,#14079,#14092,#14115,#14126,#14138));
#14140=MANIFOLD_SOLID_BREP('GP2Y0A21YK0F',#14139);
#14141=DRAUGHTING_PRE_DEFINED_COLOUR('black');
#14142=FILL_AREA_STYLE_COLOUR('',#14141);
#14143=FILL_AREA_STYLE('',(#14142));
#14144=SURFACE_STYLE_FILL_AREA(#14143);
#14145=SURFACE_SIDE_STYLE('',(#14144));
#14146=SURFACE_STYLE_USAGE(.BOTH.,#14145);
#14147=PRESENTATION_STYLE_ASSIGNMENT((#14146));
#26=STYLED_ITEM('',(#14147),#14140);
#16=SHAPE_REPRESENTATION('GP2Y0A21YK0F',(#15),#10);
#17=ADVANCED_BREP_SHAPE_REPRESENTATION('GP2Y0A21YK0F',(#14140),#10);
#14155=SHAPE_REPRESENTATION_RELATIONSHIP('','',#16,#17);
#14156=CARTESIAN_POINT('',(0.,0.,0.));
#14157=DIRECTION('',(0.,0.,1.));
#14158=DIRECTION('',(1.,0.,0.));
#14159=AXIS2_PLACEMENT_3D('',#14156,#14157,#14158);
#14161=MAPPED_ITEM('',#14160,#14159);
#14160=REPRESENTATION_MAP(#14159,#16);
#14162=APPLICATION_CONTEXT('Managed model based 3d engineering');
#14163=APPLICATION_PROTOCOL_DEFINITION('international standard','ap242_managed_model_based_3d_engineering',2014,#14162);
#14164=PRODUCT_CONTEXT('',#14162,'mechanical');
#14165=PRODUCT_DEFINITION_CONTEXT('part definition',#14162,'design');
#24=PRODUCT('GP2Y0A21YK0F','GP2Y0A21YK0F','',(#14164));
#14166=PRODUCT_RELATED_PRODUCT_CATEGORY('part','',(#24));
#14167=PRODUCT_DEFINITION_FORMATION_WITH_SPECIFIED_SOURCE('','',#24,.NOT_KNOWN.);
#25=PRODUCT_DEFINITION('design','',#14167,#14165);
#23=PRODUCT_DEFINITION_SHAPE('','',#25);
#14168=SHAPE_DEFINITION_REPRESENTATION(#23,#16);
#11=DRAUGHTING_MODEL('',(#14161),#10);
#14169=DESCRIPTIVE_REPRESENTATION_ITEM('KEY','/Users/quimgraellsolive/Library/Containers/com.shapr3d.shapr/Data/tmp/8A0445F5-F9A7-46DB-BDDF-D4979F3C982F.tmp');
#14170=PROPERTY_DEFINITION('KEY','',#25);
#14171=REPRESENTATION('',(#14169),#10);
#14172=PROPERTY_DEFINITION_REPRESENTATION(#14170,#14171);
#14173=GENERAL_PROPERTY('','KEY','');
#14174=GENERAL_PROPERTY_ASSOCIATION('','',#14173,#14170);
#1=MECHANICAL_DESIGN_GEOMETRIC_PRESENTATION_REPRESENTATION('',(#26),#10);
ENDSEC;
END-ISO-10303-21;
