ISO-10303-21;
HEADER;

/* File generated by Shapr3D Version 5.831.0.8630 */

FILE_DESCRIPTION(('HOOPS Exchange Step'),'2;1');

FILE_NAME('/Users/quimgraellsolive/Library/Containers/com.shapr3d.shapr/Data/tmp/export/temp_export',
'2025-04-22T23:22:57+02:00',
('quimgraellsolive'),
('Shapr3D Limited'),
'HOOPS Exchange 2024.8',
'Shapr3D',
'Authorized');

FILE_SCHEMA( ('AP242_MANAGED_MODEL_BASED_3D_ENGINEERING_MIM_LF {1 0 10303 442 1 1 4}') );

ENDSEC;

DATA;
#3=(NAMED_UNIT(*)PLANE_ANGLE_UNIT()SI_UNIT($,.RADIAN.));
#4=PLANE_ANGLE_MEASURE_WITH_UNIT(PLANE_ANGLE_MEASURE(0.0174532925),#3);
#5=(CONVERSION_BASED_UNIT('DEGREE',#4)NAMED_UNIT(#6)PLANE_ANGLE_UNIT());
#6=DIMENSIONAL_EXPONENTS(0.,0.,0.,0.,0.,0.,0.);
#7=(NAMED_UNIT(*)SI_UNIT($,.STERADIAN.)SOLID_ANGLE_UNIT());
#8=(LENGTH_UNIT()NAMED_UNIT(*)SI_UNIT(.MILLI.,.METRE.));
#9=UNCERTAINTY_MEASURE_WITH_UNIT(LENGTH_MEASURE(1.000000E-05),#8,'DISTANCE_ACCURACY_VALUE','Maximum Tolerance applied to model');
#10=(GEOMETRIC_REPRESENTATION_CONTEXT(3)GLOBAL_UNCERTAINTY_ASSIGNED_CONTEXT((#9))GLOBAL_UNIT_ASSIGNED_CONTEXT((#8,#5,#7))REPRESENTATION_CONTEXT('','MG996R'));
#12=CARTESIAN_POINT('',(0.,0.,0.));
#13=DIRECTION('',(0.,0.,1.));
#14=DIRECTION('',(1.,0.,0.));
#15=AXIS2_PLACEMENT_3D('TS3D_PRODUCT_CSYS',#12,#13,#14);
#27=CARTESIAN_POINT('',(50.626101339,118.129587024,43.517693924));
#28=DIRECTION('',(-0.,-1.,0.));
#29=DIRECTION('',(0.,0.,1.));
#30=AXIS2_PLACEMENT_3D('',#27,#28,#29);
#31=PLANE('',#30);
#32=CARTESIAN_POINT('',(54.526101339,118.129587024,36.517693924));
#33=VERTEX_POINT('',#32);
#34=CARTESIAN_POINT('',(55.026101339,118.129587024,37.017693924));
#35=VERTEX_POINT('',#34);
#36=CARTESIAN_POINT('',(54.526101339,118.129587024,37.017693924));
#37=DIRECTION('',(-0.,-1.,0.));
#38=DIRECTION('',(-0.,0.,-1.));
#39=AXIS2_PLACEMENT_3D('',#36,#37,#38);
#40=CIRCLE('',#39,0.5);
#41=EDGE_CURVE('',#33,#35,#40,.T.);
#42=ORIENTED_EDGE('',*,*,#41,.F.);
#43=CARTESIAN_POINT('',(47.126101339,118.129587024,36.517693924));
#44=VERTEX_POINT('',#43);
#45=CARTESIAN_POINT('',(54.526101339,118.129587024,36.517693924));
#46=DIRECTION('',(-1.,0.,0.));
#47=VECTOR('',#46,7.4);
#48=LINE('',#45,#47);
#49=EDGE_CURVE('',#33,#44,#48,.T.);
#50=ORIENTED_EDGE('',*,*,#49,.T.);
#51=CARTESIAN_POINT('',(46.626101339,118.129587024,37.017693924));
#52=VERTEX_POINT('',#51);
#53=CARTESIAN_POINT('',(47.126101339,118.129587024,37.017693924));
#54=DIRECTION('',(-0.,-1.,0.));
#55=DIRECTION('',(-0.,0.,-1.));
#56=AXIS2_PLACEMENT_3D('',#53,#54,#55);
#57=CIRCLE('',#56,0.5);
#58=EDGE_CURVE('',#52,#44,#57,.T.);
#59=ORIENTED_EDGE('',*,*,#58,.F.);
#60=CARTESIAN_POINT('',(46.626101339,118.129587024,50.017693924));
#61=VERTEX_POINT('',#60);
#62=CARTESIAN_POINT('',(46.626101339,118.129587024,37.017693924));
#63=DIRECTION('',(0.,0.,1.));
#64=VECTOR('',#63,13.);
#65=LINE('',#62,#64);
#66=EDGE_CURVE('',#52,#61,#65,.T.);
#67=ORIENTED_EDGE('',*,*,#66,.T.);
#68=CARTESIAN_POINT('',(47.126101339,118.129587024,50.517693924));
#69=VERTEX_POINT('',#68);
#70=CARTESIAN_POINT('',(47.126101339,118.129587024,50.017693924));
#71=DIRECTION('',(-0.,-1.,0.));
#72=DIRECTION('',(-0.,0.,-1.));
#73=AXIS2_PLACEMENT_3D('',#70,#71,#72);
#74=CIRCLE('',#73,0.5);
#75=EDGE_CURVE('',#69,#61,#74,.T.);
#76=ORIENTED_EDGE('',*,*,#75,.F.);
#77=CARTESIAN_POINT('',(54.526101339,118.129587024,50.517693924));
#78=VERTEX_POINT('',#77);
#79=CARTESIAN_POINT('',(47.126101339,118.129587024,50.517693924));
#80=DIRECTION('',(1.,-0.,-0.));
#81=VECTOR('',#80,7.4);
#82=LINE('',#79,#81);
#83=EDGE_CURVE('',#69,#78,#82,.T.);
#84=ORIENTED_EDGE('',*,*,#83,.T.);
#85=CARTESIAN_POINT('',(55.026101339,118.129587024,50.017693924));
#86=VERTEX_POINT('',#85);
#87=CARTESIAN_POINT('',(54.526101339,118.129587024,50.017693924));
#88=DIRECTION('',(-0.,-1.,0.));
#89=DIRECTION('',(-0.,0.,-1.));
#90=AXIS2_PLACEMENT_3D('',#87,#88,#89);
#91=CIRCLE('',#90,0.5);
#92=EDGE_CURVE('',#86,#78,#91,.T.);
#93=ORIENTED_EDGE('',*,*,#92,.F.);
#94=CARTESIAN_POINT('',(55.026101339,118.129587024,50.017693924));
#95=DIRECTION('',(-0.,-0.,-1.));
#96=VECTOR('',#95,13.);
#97=LINE('',#94,#96);
#98=EDGE_CURVE('',#86,#35,#97,.T.);
#99=ORIENTED_EDGE('',*,*,#98,.T.);
#100=EDGE_LOOP('',(#42,#50,#59,#67,#76,#84,#93,#99));
#101=FACE_BOUND('',#100,.T.);
#102=CARTESIAN_POINT('',(57.126101339,118.129587024,34.517693924));
#103=VERTEX_POINT('',#102);
#104=CARTESIAN_POINT('',(44.126101339,118.129587024,34.517693924));
#105=VERTEX_POINT('',#104);
#106=CARTESIAN_POINT('',(57.126101339,118.129587024,34.517693924));
#107=DIRECTION('',(-1.,0.,0.));
#108=VECTOR('',#107,13.);
#109=LINE('',#106,#108);
#110=EDGE_CURVE('',#103,#105,#109,.T.);
#111=ORIENTED_EDGE('',*,*,#110,.F.);
#112=CARTESIAN_POINT('',(57.126101339,118.129587024,52.517693924));
#113=VERTEX_POINT('',#112);
#114=CARTESIAN_POINT('',(57.126101339,118.129587024,52.517693924));
#115=DIRECTION('',(-0.,-0.,-1.));
#116=VECTOR('',#115,18.);
#117=LINE('',#114,#116);
#118=EDGE_CURVE('',#113,#103,#117,.T.);
#119=ORIENTED_EDGE('',*,*,#118,.F.);
#120=CARTESIAN_POINT('',(44.126101339,118.129587024,52.517693924));
#121=VERTEX_POINT('',#120);
#122=CARTESIAN_POINT('',(44.126101339,118.129587024,52.517693924));
#123=DIRECTION('',(1.,-0.,-0.));
#124=VECTOR('',#123,13.);
#125=LINE('',#122,#124);
#126=EDGE_CURVE('',#121,#113,#125,.T.);
#127=ORIENTED_EDGE('',*,*,#126,.F.);
#128=CARTESIAN_POINT('',(44.126101339,118.129587024,34.517693924));
#129=DIRECTION('',(0.,0.,1.));
#130=VECTOR('',#129,18.);
#131=LINE('',#128,#130);
#132=EDGE_CURVE('',#105,#121,#131,.T.);
#133=ORIENTED_EDGE('',*,*,#132,.F.);
#134=EDGE_LOOP('',(#111,#119,#127,#133));
#135=FACE_BOUND('',#134,.T.);
#136=ADVANCED_FACE('',(#101,#135),#31,.T.);
#137=DRAUGHTING_PRE_DEFINED_COLOUR('black');
#138=FILL_AREA_STYLE_COLOUR('',#137);
#139=FILL_AREA_STYLE('',(#138));
#140=SURFACE_STYLE_FILL_AREA(#139);
#141=SURFACE_SIDE_STYLE('',(#140));
#142=SURFACE_STYLE_USAGE(.BOTH.,#141);
#143=PRESENTATION_STYLE_ASSIGNMENT((#142));
#144=OVER_RIDING_STYLED_ITEM('',(#143),#136,#26);
#145=CARTESIAN_POINT('',(54.526101339,118.129587024,37.017693924));
#146=DIRECTION('',(-0.,-1.,0.));
#147=DIRECTION('',(0.,0.,1.));
#148=AXIS2_PLACEMENT_3D('',#145,#146,#147);
#149=CYLINDRICAL_SURFACE('',#148,0.5);
#150=ORIENTED_EDGE('',*,*,#41,.T.);
#151=CARTESIAN_POINT('',(55.026101339,118.229587024,37.017693924));
#152=VERTEX_POINT('',#151);
#153=CARTESIAN_POINT('',(55.026101339,118.129587024,37.017693924));
#154=DIRECTION('',(0.,1.,-0.));
#155=VECTOR('',#154,0.1);
#156=LINE('',#153,#155);
#157=EDGE_CURVE('',#35,#152,#156,.T.);
#158=ORIENTED_EDGE('',*,*,#157,.T.);
#159=CARTESIAN_POINT('',(54.526101339,118.229587024,36.517693924));
#160=VERTEX_POINT('',#159);
#161=CARTESIAN_POINT('',(54.526101339,118.229587024,37.017693924));
#162=DIRECTION('',(-0.,-1.,0.));
#163=DIRECTION('',(-0.,0.,-1.));
#164=AXIS2_PLACEMENT_3D('',#161,#162,#163);
#165=CIRCLE('',#164,0.5);
#166=EDGE_CURVE('',#160,#152,#165,.T.);
#167=ORIENTED_EDGE('',*,*,#166,.F.);
#168=CARTESIAN_POINT('',(54.526101339,118.129587024,36.517693924));
#169=DIRECTION('',(0.,1.,-0.));
#170=VECTOR('',#169,0.1);
#171=LINE('',#168,#170);
#172=EDGE_CURVE('',#33,#160,#171,.T.);
#173=ORIENTED_EDGE('',*,*,#172,.F.);
#174=EDGE_LOOP('',(#150,#158,#167,#173));
#175=FACE_BOUND('',#174,.T.);
#176=ADVANCED_FACE('',(#175),#149,.F.);
#177=DRAUGHTING_PRE_DEFINED_COLOUR('magenta');
#178=FILL_AREA_STYLE_COLOUR('',#177);
#179=FILL_AREA_STYLE('',(#178));
#180=SURFACE_STYLE_FILL_AREA(#179);
#181=SURFACE_SIDE_STYLE('',(#180));
#182=SURFACE_STYLE_USAGE(.BOTH.,#181);
#183=PRESENTATION_STYLE_ASSIGNMENT((#182));
#184=OVER_RIDING_STYLED_ITEM('',(#183),#176,#26);
#185=CARTESIAN_POINT('',(55.026101339,118.129587024,50.017693924));
#186=DIRECTION('',(-1.,0.,0.));
#187=DIRECTION('',(-0.,0.,-1.));
#188=AXIS2_PLACEMENT_3D('',#185,#186,#187);
#189=PLANE('',#188);
#190=CARTESIAN_POINT('',(55.026101339,118.229587024,50.017693924));
#191=VERTEX_POINT('',#190);
#192=CARTESIAN_POINT('',(55.026101339,118.129587024,50.017693924));
#193=DIRECTION('',(0.,1.,-0.));
#194=VECTOR('',#193,0.1);
#195=LINE('',#192,#194);
#196=EDGE_CURVE('',#86,#191,#195,.T.);
#197=ORIENTED_EDGE('',*,*,#196,.T.);
#198=CARTESIAN_POINT('',(55.026101339,118.229587024,50.017693924));
#199=DIRECTION('',(-0.,0.,-1.));
#200=VECTOR('',#199,13.);
#201=LINE('',#198,#200);
#202=EDGE_CURVE('',#191,#152,#201,.T.);
#203=ORIENTED_EDGE('',*,*,#202,.T.);
#204=ORIENTED_EDGE('',*,*,#157,.F.);
#205=ORIENTED_EDGE('',*,*,#98,.F.);
#206=EDGE_LOOP('',(#197,#203,#204,#205));
#207=FACE_BOUND('',#206,.T.);
#208=ADVANCED_FACE('',(#207),#189,.T.);
#209=OVER_RIDING_STYLED_ITEM('',(#183),#208,#26);
#210=CARTESIAN_POINT('',(54.526101339,118.129587024,50.017693924));
#211=DIRECTION('',(-0.,-1.,0.));
#212=DIRECTION('',(0.,0.,1.));
#213=AXIS2_PLACEMENT_3D('',#210,#211,#212);
#214=CYLINDRICAL_SURFACE('',#213,0.5);
#215=ORIENTED_EDGE('',*,*,#92,.T.);
#216=CARTESIAN_POINT('',(54.526101339,118.229587024,50.517693924));
#217=VERTEX_POINT('',#216);
#218=CARTESIAN_POINT('',(54.526101339,118.129587024,50.517693924));
#219=DIRECTION('',(0.,1.,-0.));
#220=VECTOR('',#219,0.1);
#221=LINE('',#218,#220);
#222=EDGE_CURVE('',#78,#217,#221,.T.);
#223=ORIENTED_EDGE('',*,*,#222,.T.);
#224=CARTESIAN_POINT('',(54.526101339,118.229587024,50.017693924));
#225=DIRECTION('',(-0.,-1.,0.));
#226=DIRECTION('',(-0.,0.,-1.));
#227=AXIS2_PLACEMENT_3D('',#224,#225,#226);
#228=CIRCLE('',#227,0.5);
#229=EDGE_CURVE('',#191,#217,#228,.T.);
#230=ORIENTED_EDGE('',*,*,#229,.F.);
#231=ORIENTED_EDGE('',*,*,#196,.F.);
#232=EDGE_LOOP('',(#215,#223,#230,#231));
#233=FACE_BOUND('',#232,.T.);
#234=ADVANCED_FACE('',(#233),#214,.F.);
#235=OVER_RIDING_STYLED_ITEM('',(#183),#234,#26);
#236=CARTESIAN_POINT('',(47.126101339,118.129587024,50.517693924));
#237=DIRECTION('',(-0.,0.,-1.));
#238=DIRECTION('',(1.,-0.,-0.));
#239=AXIS2_PLACEMENT_3D('',#236,#237,#238);
#240=PLANE('',#239);
#241=CARTESIAN_POINT('',(47.126101339,118.229587024,50.517693924));
#242=VERTEX_POINT('',#241);
#243=CARTESIAN_POINT('',(47.126101339,118.129587024,50.517693924));
#244=DIRECTION('',(0.,1.,-0.));
#245=VECTOR('',#244,0.1);
#246=LINE('',#243,#245);
#247=EDGE_CURVE('',#69,#242,#246,.T.);
#248=ORIENTED_EDGE('',*,*,#247,.T.);
#249=CARTESIAN_POINT('',(47.126101339,118.229587024,50.517693924));
#250=DIRECTION('',(1.,-0.,-0.));
#251=VECTOR('',#250,7.4);
#252=LINE('',#249,#251);
#253=EDGE_CURVE('',#242,#217,#252,.T.);
#254=ORIENTED_EDGE('',*,*,#253,.T.);
#255=ORIENTED_EDGE('',*,*,#222,.F.);
#256=ORIENTED_EDGE('',*,*,#83,.F.);
#257=EDGE_LOOP('',(#248,#254,#255,#256));
#258=FACE_BOUND('',#257,.T.);
#259=ADVANCED_FACE('',(#258),#240,.T.);
#260=OVER_RIDING_STYLED_ITEM('',(#183),#259,#26);
#261=CARTESIAN_POINT('',(47.126101339,118.129587024,50.017693924));
#262=DIRECTION('',(-0.,-1.,0.));
#263=DIRECTION('',(0.,0.,1.));
#264=AXIS2_PLACEMENT_3D('',#261,#262,#263);
#265=CYLINDRICAL_SURFACE('',#264,0.5);
#266=ORIENTED_EDGE('',*,*,#75,.T.);
#267=CARTESIAN_POINT('',(46.626101339,118.229587024,50.017693924));
#268=VERTEX_POINT('',#267);
#269=CARTESIAN_POINT('',(46.626101339,118.129587024,50.017693924));
#270=DIRECTION('',(0.,1.,-0.));
#271=VECTOR('',#270,0.1);
#272=LINE('',#269,#271);
#273=EDGE_CURVE('',#61,#268,#272,.T.);
#274=ORIENTED_EDGE('',*,*,#273,.T.);
#275=CARTESIAN_POINT('',(47.126101339,118.229587024,50.017693924));
#276=DIRECTION('',(-0.,-1.,0.));
#277=DIRECTION('',(-0.,0.,-1.));
#278=AXIS2_PLACEMENT_3D('',#275,#276,#277);
#279=CIRCLE('',#278,0.5);
#280=EDGE_CURVE('',#242,#268,#279,.T.);
#281=ORIENTED_EDGE('',*,*,#280,.F.);
#282=ORIENTED_EDGE('',*,*,#247,.F.);
#283=EDGE_LOOP('',(#266,#274,#281,#282));
#284=FACE_BOUND('',#283,.T.);
#285=ADVANCED_FACE('',(#284),#265,.F.);
#286=OVER_RIDING_STYLED_ITEM('',(#183),#285,#26);
#287=CARTESIAN_POINT('',(46.626101339,118.129587024,37.017693924));
#288=DIRECTION('',(1.,-0.,-0.));
#289=DIRECTION('',(0.,0.,1.));
#290=AXIS2_PLACEMENT_3D('',#287,#288,#289);
#291=PLANE('',#290);
#292=CARTESIAN_POINT('',(46.626101339,118.229587024,37.017693924));
#293=VERTEX_POINT('',#292);
#294=CARTESIAN_POINT('',(46.626101339,118.129587024,37.017693924));
#295=DIRECTION('',(0.,1.,-0.));
#296=VECTOR('',#295,0.1);
#297=LINE('',#294,#296);
#298=EDGE_CURVE('',#52,#293,#297,.T.);
#299=ORIENTED_EDGE('',*,*,#298,.T.);
#300=CARTESIAN_POINT('',(46.626101339,118.229587024,37.017693924));
#301=DIRECTION('',(0.,0.,1.));
#302=VECTOR('',#301,13.);
#303=LINE('',#300,#302);
#304=EDGE_CURVE('',#293,#268,#303,.T.);
#305=ORIENTED_EDGE('',*,*,#304,.T.);
#306=ORIENTED_EDGE('',*,*,#273,.F.);
#307=ORIENTED_EDGE('',*,*,#66,.F.);
#308=EDGE_LOOP('',(#299,#305,#306,#307));
#309=FACE_BOUND('',#308,.T.);
#310=ADVANCED_FACE('',(#309),#291,.T.);
#311=OVER_RIDING_STYLED_ITEM('',(#183),#310,#26);
#312=CARTESIAN_POINT('',(47.126101339,118.129587024,37.017693924));
#313=DIRECTION('',(-0.,-1.,0.));
#314=DIRECTION('',(0.,0.,1.));
#315=AXIS2_PLACEMENT_3D('',#312,#313,#314);
#316=CYLINDRICAL_SURFACE('',#315,0.5);
#317=ORIENTED_EDGE('',*,*,#58,.T.);
#318=CARTESIAN_POINT('',(47.126101339,118.229587024,36.517693924));
#319=VERTEX_POINT('',#318);
#320=CARTESIAN_POINT('',(47.126101339,118.129587024,36.517693924));
#321=DIRECTION('',(0.,1.,-0.));
#322=VECTOR('',#321,0.1);
#323=LINE('',#320,#322);
#324=EDGE_CURVE('',#44,#319,#323,.T.);
#325=ORIENTED_EDGE('',*,*,#324,.T.);
#326=CARTESIAN_POINT('',(47.126101339,118.229587024,37.017693924));
#327=DIRECTION('',(-0.,-1.,0.));
#328=DIRECTION('',(-0.,0.,-1.));
#329=AXIS2_PLACEMENT_3D('',#326,#327,#328);
#330=CIRCLE('',#329,0.5);
#331=EDGE_CURVE('',#293,#319,#330,.T.);
#332=ORIENTED_EDGE('',*,*,#331,.F.);
#333=ORIENTED_EDGE('',*,*,#298,.F.);
#334=EDGE_LOOP('',(#317,#325,#332,#333));
#335=FACE_BOUND('',#334,.T.);
#336=ADVANCED_FACE('',(#335),#316,.F.);
#337=OVER_RIDING_STYLED_ITEM('',(#183),#336,#26);
#338=CARTESIAN_POINT('',(54.526101339,118.129587024,36.517693924));
#339=DIRECTION('',(0.,0.,1.));
#340=DIRECTION('',(-1.,0.,0.));
#341=AXIS2_PLACEMENT_3D('',#338,#339,#340);
#342=PLANE('',#341);
#343=ORIENTED_EDGE('',*,*,#172,.T.);
#344=CARTESIAN_POINT('',(54.526101339,118.229587024,36.517693924));
#345=DIRECTION('',(-1.,0.,0.));
#346=VECTOR('',#345,7.4);
#347=LINE('',#344,#346);
#348=EDGE_CURVE('',#160,#319,#347,.T.);
#349=ORIENTED_EDGE('',*,*,#348,.T.);
#350=ORIENTED_EDGE('',*,*,#324,.F.);
#351=ORIENTED_EDGE('',*,*,#49,.F.);
#352=EDGE_LOOP('',(#343,#349,#350,#351));
#353=FACE_BOUND('',#352,.T.);
#354=ADVANCED_FACE('',(#353),#342,.T.);
#355=OVER_RIDING_STYLED_ITEM('',(#183),#354,#26);
#356=CARTESIAN_POINT('',(51.05766614,118.229587024,43.517693924));
#357=DIRECTION('',(-0.,-1.,0.));
#358=DIRECTION('',(-1.,0.,0.));
#359=AXIS2_PLACEMENT_3D('',#356,#357,#358);
#360=PLANE('',#359);
#361=ORIENTED_EDGE('',*,*,#166,.T.);
#362=ORIENTED_EDGE('',*,*,#202,.F.);
#363=ORIENTED_EDGE('',*,*,#229,.T.);
#364=ORIENTED_EDGE('',*,*,#253,.F.);
#365=ORIENTED_EDGE('',*,*,#280,.T.);
#366=ORIENTED_EDGE('',*,*,#304,.F.);
#367=ORIENTED_EDGE('',*,*,#331,.T.);
#368=ORIENTED_EDGE('',*,*,#348,.F.);
#369=EDGE_LOOP('',(#361,#362,#363,#364,#365,#366,#367,#368));
#370=FACE_BOUND('',#369,.T.);
#371=CARTESIAN_POINT('',(49.826101339,118.229587024,36.617693924));
#372=VERTEX_POINT('',#371);
#373=CARTESIAN_POINT('',(49.826101339,118.229587024,50.417693924));
#374=VERTEX_POINT('',#373);
#375=CARTESIAN_POINT('',(49.826101339,118.229587024,36.617693924));
#376=DIRECTION('',(0.,-0.,1.));
#377=VECTOR('',#376,13.8);
#378=LINE('',#375,#377);
#379=EDGE_CURVE('',#372,#374,#378,.T.);
#380=ORIENTED_EDGE('',*,*,#379,.T.);
#381=CARTESIAN_POINT('',(53.026101339,118.229587024,50.417693924));
#382=VERTEX_POINT('',#381);
#383=CARTESIAN_POINT('',(49.826101339,118.229587024,50.417693924));
#384=DIRECTION('',(1.,-0.,-0.));
#385=VECTOR('',#384,3.2);
#386=LINE('',#383,#385);
#387=EDGE_CURVE('',#374,#382,#386,.T.);
#388=ORIENTED_EDGE('',*,*,#387,.T.);
#389=CARTESIAN_POINT('',(53.026101339,118.229587024,36.617693924));
#390=VERTEX_POINT('',#389);
#391=CARTESIAN_POINT('',(53.026101339,118.229587024,50.417693924));
#392=DIRECTION('',(-0.,0.,-1.));
#393=VECTOR('',#392,13.8);
#394=LINE('',#391,#393);
#395=EDGE_CURVE('',#382,#390,#394,.T.);
#396=ORIENTED_EDGE('',*,*,#395,.T.);
#397=CARTESIAN_POINT('',(53.026101339,118.229587024,36.617693924));
#398=DIRECTION('',(-1.,0.,0.));
#399=VECTOR('',#398,3.2);
#400=LINE('',#397,#399);
#401=EDGE_CURVE('',#390,#372,#400,.T.);
#402=ORIENTED_EDGE('',*,*,#401,.T.);
#403=EDGE_LOOP('',(#380,#388,#396,#402));
#404=FACE_BOUND('',#403,.T.);
#405=CARTESIAN_POINT('',(47.126101339,118.229587024,50.417693924));
#406=VERTEX_POINT('',#405);
#407=CARTESIAN_POINT('',(49.726101339,118.229587024,50.417693924));
#408=VERTEX_POINT('',#407);
#409=CARTESIAN_POINT('',(47.126101339,118.229587024,50.417693924));
#410=DIRECTION('',(1.,-0.,-0.));
#411=VECTOR('',#410,2.6);
#412=LINE('',#409,#411);
#413=EDGE_CURVE('',#406,#408,#412,.T.);
#414=ORIENTED_EDGE('',*,*,#413,.T.);
#415=CARTESIAN_POINT('',(49.726101339,118.229587024,36.617693924));
#416=VERTEX_POINT('',#415);
#417=CARTESIAN_POINT('',(49.726101339,118.229587024,50.417693924));
#418=DIRECTION('',(-0.,0.,-1.));
#419=VECTOR('',#418,13.8);
#420=LINE('',#417,#419);
#421=EDGE_CURVE('',#408,#416,#420,.T.);
#422=ORIENTED_EDGE('',*,*,#421,.T.);
#423=CARTESIAN_POINT('',(47.126101339,118.229587024,36.617693924));
#424=VERTEX_POINT('',#423);
#425=CARTESIAN_POINT('',(49.726101339,118.229587024,36.617693924));
#426=DIRECTION('',(-1.,0.,0.));
#427=VECTOR('',#426,2.6);
#428=LINE('',#425,#427);
#429=EDGE_CURVE('',#416,#424,#428,.T.);
#430=ORIENTED_EDGE('',*,*,#429,.T.);
#431=CARTESIAN_POINT('',(46.726101339,118.229587024,37.017693924));
#432=VERTEX_POINT('',#431);
#433=CARTESIAN_POINT('',(47.126101339,118.229587024,37.017693924));
#434=DIRECTION('',(-0.,-1.,0.));
#435=DIRECTION('',(-0.,0.,-1.));
#436=AXIS2_PLACEMENT_3D('',#433,#434,#435);
#437=CIRCLE('',#436,0.4);
#438=EDGE_CURVE('',#432,#424,#437,.T.);
#439=ORIENTED_EDGE('',*,*,#438,.F.);
#440=CARTESIAN_POINT('',(46.726101339,118.229587024,50.017693924));
#441=VERTEX_POINT('',#440);
#442=CARTESIAN_POINT('',(46.726101339,118.229587024,37.017693924));
#443=DIRECTION('',(0.,-0.,1.));
#444=VECTOR('',#443,13.);
#445=LINE('',#442,#444);
#446=EDGE_CURVE('',#432,#441,#445,.T.);
#447=ORIENTED_EDGE('',*,*,#446,.T.);
#448=CARTESIAN_POINT('',(47.126101339,118.229587024,50.017693924));
#449=DIRECTION('',(-0.,-1.,0.));
#450=DIRECTION('',(-0.,0.,-1.));
#451=AXIS2_PLACEMENT_3D('',#448,#449,#450);
#452=CIRCLE('',#451,0.4);
#453=EDGE_CURVE('',#406,#441,#452,.T.);
#454=ORIENTED_EDGE('',*,*,#453,.F.);
#455=EDGE_LOOP('',(#414,#422,#430,#439,#447,#454));
#456=FACE_BOUND('',#455,.T.);
#457=CARTESIAN_POINT('',(54.526101339,118.229587024,36.617693924));
#458=VERTEX_POINT('',#457);
#459=CARTESIAN_POINT('',(53.126101339,118.229587024,36.617693924));
#460=VERTEX_POINT('',#459);
#461=CARTESIAN_POINT('',(54.526101339,118.229587024,36.617693924));
#462=DIRECTION('',(-1.,0.,0.));
#463=VECTOR('',#462,1.4);
#464=LINE('',#461,#463);
#465=EDGE_CURVE('',#458,#460,#464,.T.);
#466=ORIENTED_EDGE('',*,*,#465,.T.);
#467=CARTESIAN_POINT('',(53.126101339,118.229587024,50.417693924));
#468=VERTEX_POINT('',#467);
#469=CARTESIAN_POINT('',(53.126101339,118.229587024,36.617693924));
#470=DIRECTION('',(0.,-0.,1.));
#471=VECTOR('',#470,13.8);
#472=LINE('',#469,#471);
#473=EDGE_CURVE('',#460,#468,#472,.T.);
#474=ORIENTED_EDGE('',*,*,#473,.T.);
#475=CARTESIAN_POINT('',(54.526101339,118.229587024,50.417693924));
#476=VERTEX_POINT('',#475);
#477=CARTESIAN_POINT('',(53.126101339,118.229587024,50.417693924));
#478=DIRECTION('',(1.,-0.,-0.));
#479=VECTOR('',#478,1.4);
#480=LINE('',#477,#479);
#481=EDGE_CURVE('',#468,#476,#480,.T.);
#482=ORIENTED_EDGE('',*,*,#481,.T.);
#483=CARTESIAN_POINT('',(54.926101339,118.229587024,50.017693924));
#484=VERTEX_POINT('',#483);
#485=CARTESIAN_POINT('',(54.526101339,118.229587024,50.017693924));
#486=DIRECTION('',(-0.,-1.,0.));
#487=DIRECTION('',(-0.,0.,-1.));
#488=AXIS2_PLACEMENT_3D('',#485,#486,#487);
#489=CIRCLE('',#488,0.4);
#490=EDGE_CURVE('',#484,#476,#489,.T.);
#491=ORIENTED_EDGE('',*,*,#490,.F.);
#492=CARTESIAN_POINT('',(54.926101339,118.229587024,37.017693924));
#493=VERTEX_POINT('',#492);
#494=CARTESIAN_POINT('',(54.926101339,118.229587024,50.017693924));
#495=DIRECTION('',(-0.,0.,-1.));
#496=VECTOR('',#495,13.);
#497=LINE('',#494,#496);
#498=EDGE_CURVE('',#484,#493,#497,.T.);
#499=ORIENTED_EDGE('',*,*,#498,.T.);
#500=CARTESIAN_POINT('',(54.526101339,118.229587024,37.017693924));
#501=DIRECTION('',(-0.,-1.,0.));
#502=DIRECTION('',(-0.,0.,-1.));
#503=AXIS2_PLACEMENT_3D('',#500,#501,#502);
#504=CIRCLE('',#503,0.4);
#505=EDGE_CURVE('',#458,#493,#504,.T.);
#506=ORIENTED_EDGE('',*,*,#505,.F.);
#507=EDGE_LOOP('',(#466,#474,#482,#491,#499,#506));
#508=FACE_BOUND('',#507,.T.);
#509=ADVANCED_FACE('',(#370,#404,#456,#508),#360,.T.);
#510=CARTESIAN_POINT('',(49.826101339,118.129587024,36.617693924));
#511=DIRECTION('',(1.,-0.,-0.));
#512=DIRECTION('',(0.,0.,1.));
#513=AXIS2_PLACEMENT_3D('',#510,#511,#512);
#514=PLANE('',#513);
#515=CARTESIAN_POINT('',(49.826101339,118.129587024,36.617693924));
#516=VERTEX_POINT('',#515);
#517=CARTESIAN_POINT('',(49.826101339,118.129587024,50.417693924));
#518=VERTEX_POINT('',#517);
#519=CARTESIAN_POINT('',(49.826101339,118.129587024,36.617693924));
#520=DIRECTION('',(0.,0.,1.));
#521=VECTOR('',#520,13.8);
#522=LINE('',#519,#521);
#523=EDGE_CURVE('',#516,#518,#522,.T.);
#524=ORIENTED_EDGE('',*,*,#523,.T.);
#525=CARTESIAN_POINT('',(49.826101339,118.129587024,50.417693924));
#526=DIRECTION('',(0.,1.,-0.));
#527=VECTOR('',#526,0.1);
#528=LINE('',#525,#527);
#529=EDGE_CURVE('',#518,#374,#528,.T.);
#530=ORIENTED_EDGE('',*,*,#529,.T.);
#531=ORIENTED_EDGE('',*,*,#379,.F.);
#532=CARTESIAN_POINT('',(49.826101339,118.129587024,36.617693924));
#533=DIRECTION('',(0.,1.,-0.));
#534=VECTOR('',#533,0.1);
#535=LINE('',#532,#534);
#536=EDGE_CURVE('',#516,#372,#535,.T.);
#537=ORIENTED_EDGE('',*,*,#536,.F.);
#538=EDGE_LOOP('',(#524,#530,#531,#537));
#539=FACE_BOUND('',#538,.T.);
#540=ADVANCED_FACE('',(#539),#514,.F.);
#541=OVER_RIDING_STYLED_ITEM('',(#183),#540,#26);
#542=CARTESIAN_POINT('',(49.826101339,118.129587024,50.417693924));
#543=DIRECTION('',(-0.,0.,-1.));
#544=DIRECTION('',(1.,-0.,-0.));
#545=AXIS2_PLACEMENT_3D('',#542,#543,#544);
#546=PLANE('',#545);
#547=CARTESIAN_POINT('',(53.026101339,118.129587024,50.417693924));
#548=VERTEX_POINT('',#547);
#549=CARTESIAN_POINT('',(49.826101339,118.129587024,50.417693924));
#550=DIRECTION('',(1.,-0.,-0.));
#551=VECTOR('',#550,3.2);
#552=LINE('',#549,#551);
#553=EDGE_CURVE('',#518,#548,#552,.T.);
#554=ORIENTED_EDGE('',*,*,#553,.T.);
#555=CARTESIAN_POINT('',(53.026101339,118.129587024,50.417693924));
#556=DIRECTION('',(0.,1.,-0.));
#557=VECTOR('',#556,0.1);
#558=LINE('',#555,#557);
#559=EDGE_CURVE('',#548,#382,#558,.T.);
#560=ORIENTED_EDGE('',*,*,#559,.T.);
#561=ORIENTED_EDGE('',*,*,#387,.F.);
#562=ORIENTED_EDGE('',*,*,#529,.F.);
#563=EDGE_LOOP('',(#554,#560,#561,#562));
#564=FACE_BOUND('',#563,.T.);
#565=ADVANCED_FACE('',(#564),#546,.F.);
#566=OVER_RIDING_STYLED_ITEM('',(#183),#565,#26);
#567=CARTESIAN_POINT('',(53.026101339,118.129587024,50.417693924));
#568=DIRECTION('',(-1.,0.,0.));
#569=DIRECTION('',(-0.,0.,-1.));
#570=AXIS2_PLACEMENT_3D('',#567,#568,#569);
#571=PLANE('',#570);
#572=CARTESIAN_POINT('',(53.026101339,118.129587024,36.617693924));
#573=VERTEX_POINT('',#572);
#574=CARTESIAN_POINT('',(53.026101339,118.129587024,50.417693924));
#575=DIRECTION('',(-0.,0.,-1.));
#576=VECTOR('',#575,13.8);
#577=LINE('',#574,#576);
#578=EDGE_CURVE('',#548,#573,#577,.T.);
#579=ORIENTED_EDGE('',*,*,#578,.T.);
#580=CARTESIAN_POINT('',(53.026101339,118.129587024,36.617693924));
#581=DIRECTION('',(0.,1.,-0.));
#582=VECTOR('',#581,0.1);
#583=LINE('',#580,#582);
#584=EDGE_CURVE('',#573,#390,#583,.T.);
#585=ORIENTED_EDGE('',*,*,#584,.T.);
#586=ORIENTED_EDGE('',*,*,#395,.F.);
#587=ORIENTED_EDGE('',*,*,#559,.F.);
#588=EDGE_LOOP('',(#579,#585,#586,#587));
#589=FACE_BOUND('',#588,.T.);
#590=ADVANCED_FACE('',(#589),#571,.F.);
#591=OVER_RIDING_STYLED_ITEM('',(#183),#590,#26);
#592=CARTESIAN_POINT('',(53.026101339,118.129587024,36.617693924));
#593=DIRECTION('',(0.,0.,1.));
#594=DIRECTION('',(-1.,0.,0.));
#595=AXIS2_PLACEMENT_3D('',#592,#593,#594);
#596=PLANE('',#595);
#597=CARTESIAN_POINT('',(53.026101339,118.129587024,36.617693924));
#598=DIRECTION('',(-1.,0.,0.));
#599=VECTOR('',#598,3.2);
#600=LINE('',#597,#599);
#601=EDGE_CURVE('',#573,#516,#600,.T.);
#602=ORIENTED_EDGE('',*,*,#601,.T.);
#603=ORIENTED_EDGE('',*,*,#536,.T.);
#604=ORIENTED_EDGE('',*,*,#401,.F.);
#605=ORIENTED_EDGE('',*,*,#584,.F.);
#606=EDGE_LOOP('',(#602,#603,#604,#605));
#607=FACE_BOUND('',#606,.T.);
#608=ADVANCED_FACE('',(#607),#596,.F.);
#609=OVER_RIDING_STYLED_ITEM('',(#183),#608,#26);
#610=CARTESIAN_POINT('',(47.126101339,118.129587024,50.417693924));
#611=DIRECTION('',(-0.,0.,-1.));
#612=DIRECTION('',(1.,-0.,-0.));
#613=AXIS2_PLACEMENT_3D('',#610,#611,#612);
#614=PLANE('',#613);
#615=CARTESIAN_POINT('',(47.126101339,118.129587024,50.417693924));
#616=VERTEX_POINT('',#615);
#617=CARTESIAN_POINT('',(49.726101339,118.129587024,50.417693924));
#618=VERTEX_POINT('',#617);
#619=CARTESIAN_POINT('',(47.126101339,118.129587024,50.417693924));
#620=DIRECTION('',(1.,-0.,-0.));
#621=VECTOR('',#620,2.6);
#622=LINE('',#619,#621);
#623=EDGE_CURVE('',#616,#618,#622,.T.);
#624=ORIENTED_EDGE('',*,*,#623,.T.);
#625=CARTESIAN_POINT('',(49.726101339,118.129587024,50.417693924));
#626=DIRECTION('',(0.,1.,-0.));
#627=VECTOR('',#626,0.1);
#628=LINE('',#625,#627);
#629=EDGE_CURVE('',#618,#408,#628,.T.);
#630=ORIENTED_EDGE('',*,*,#629,.T.);
#631=ORIENTED_EDGE('',*,*,#413,.F.);
#632=CARTESIAN_POINT('',(47.126101339,118.129587024,50.417693924));
#633=DIRECTION('',(0.,1.,-0.));
#634=VECTOR('',#633,0.1);
#635=LINE('',#632,#634);
#636=EDGE_CURVE('',#616,#406,#635,.T.);
#637=ORIENTED_EDGE('',*,*,#636,.F.);
#638=EDGE_LOOP('',(#624,#630,#631,#637));
#639=FACE_BOUND('',#638,.T.);
#640=ADVANCED_FACE('',(#639),#614,.F.);
#641=OVER_RIDING_STYLED_ITEM('',(#183),#640,#26);
#642=CARTESIAN_POINT('',(49.726101339,118.129587024,50.417693924));
#643=DIRECTION('',(-1.,0.,0.));
#644=DIRECTION('',(-0.,0.,-1.));
#645=AXIS2_PLACEMENT_3D('',#642,#643,#644);
#646=PLANE('',#645);
#647=CARTESIAN_POINT('',(49.726101339,118.129587024,36.617693924));
#648=VERTEX_POINT('',#647);
#649=CARTESIAN_POINT('',(49.726101339,118.129587024,50.417693924));
#650=DIRECTION('',(-0.,0.,-1.));
#651=VECTOR('',#650,13.8);
#652=LINE('',#649,#651);
#653=EDGE_CURVE('',#618,#648,#652,.T.);
#654=ORIENTED_EDGE('',*,*,#653,.T.);
#655=CARTESIAN_POINT('',(49.726101339,118.129587024,36.617693924));
#656=DIRECTION('',(0.,1.,-0.));
#657=VECTOR('',#656,0.1);
#658=LINE('',#655,#657);
#659=EDGE_CURVE('',#648,#416,#658,.T.);
#660=ORIENTED_EDGE('',*,*,#659,.T.);
#661=ORIENTED_EDGE('',*,*,#421,.F.);
#662=ORIENTED_EDGE('',*,*,#629,.F.);
#663=EDGE_LOOP('',(#654,#660,#661,#662));
#664=FACE_BOUND('',#663,.T.);
#665=ADVANCED_FACE('',(#664),#646,.F.);
#666=OVER_RIDING_STYLED_ITEM('',(#183),#665,#26);
#667=CARTESIAN_POINT('',(49.726101339,118.129587024,36.617693924));
#668=DIRECTION('',(0.,0.,1.));
#669=DIRECTION('',(-1.,0.,0.));
#670=AXIS2_PLACEMENT_3D('',#667,#668,#669);
#671=PLANE('',#670);
#672=CARTESIAN_POINT('',(47.126101339,118.129587024,36.617693924));
#673=VERTEX_POINT('',#672);
#674=CARTESIAN_POINT('',(49.726101339,118.129587024,36.617693924));
#675=DIRECTION('',(-1.,0.,0.));
#676=VECTOR('',#675,2.6);
#677=LINE('',#674,#676);
#678=EDGE_CURVE('',#648,#673,#677,.T.);
#679=ORIENTED_EDGE('',*,*,#678,.T.);
#680=CARTESIAN_POINT('',(47.126101339,118.129587024,36.617693924));
#681=DIRECTION('',(0.,1.,-0.));
#682=VECTOR('',#681,0.1);
#683=LINE('',#680,#682);
#684=EDGE_CURVE('',#673,#424,#683,.T.);
#685=ORIENTED_EDGE('',*,*,#684,.T.);
#686=ORIENTED_EDGE('',*,*,#429,.F.);
#687=ORIENTED_EDGE('',*,*,#659,.F.);
#688=EDGE_LOOP('',(#679,#685,#686,#687));
#689=FACE_BOUND('',#688,.T.);
#690=ADVANCED_FACE('',(#689),#671,.F.);
#691=OVER_RIDING_STYLED_ITEM('',(#183),#690,#26);
#692=CARTESIAN_POINT('',(47.126101339,118.129587024,37.017693924));
#693=DIRECTION('',(-0.,-1.,0.));
#694=DIRECTION('',(0.,0.,1.));
#695=AXIS2_PLACEMENT_3D('',#692,#693,#694);
#696=CYLINDRICAL_SURFACE('',#695,0.4);
#697=CARTESIAN_POINT('',(46.726101339,118.129587024,37.017693924));
#698=VERTEX_POINT('',#697);
#699=CARTESIAN_POINT('',(46.726101339,118.129587024,37.017693924));
#700=DIRECTION('',(0.,1.,-0.));
#701=VECTOR('',#700,0.1);
#702=LINE('',#699,#701);
#703=EDGE_CURVE('',#698,#432,#702,.T.);
#704=ORIENTED_EDGE('',*,*,#703,.T.);
#705=ORIENTED_EDGE('',*,*,#438,.T.);
#706=ORIENTED_EDGE('',*,*,#684,.F.);
#707=CARTESIAN_POINT('',(47.126101339,118.129587024,37.017693924));
#708=DIRECTION('',(-0.,-1.,0.));
#709=DIRECTION('',(-0.,0.,-1.));
#710=AXIS2_PLACEMENT_3D('',#707,#708,#709);
#711=CIRCLE('',#710,0.4);
#712=EDGE_CURVE('',#698,#673,#711,.T.);
#713=ORIENTED_EDGE('',*,*,#712,.F.);
#714=EDGE_LOOP('',(#704,#705,#706,#713));
#715=FACE_BOUND('',#714,.T.);
#716=ADVANCED_FACE('',(#715),#696,.T.);
#717=OVER_RIDING_STYLED_ITEM('',(#183),#716,#26);
#718=CARTESIAN_POINT('',(46.726101339,118.129587024,37.017693924));
#719=DIRECTION('',(1.,-0.,-0.));
#720=DIRECTION('',(0.,0.,1.));
#721=AXIS2_PLACEMENT_3D('',#718,#719,#720);
#722=PLANE('',#721);
#723=CARTESIAN_POINT('',(46.726101339,118.129587024,50.017693924));
#724=VERTEX_POINT('',#723);
#725=CARTESIAN_POINT('',(46.726101339,118.129587024,37.017693924));
#726=DIRECTION('',(0.,0.,1.));
#727=VECTOR('',#726,13.);
#728=LINE('',#725,#727);
#729=EDGE_CURVE('',#698,#724,#728,.T.);
#730=ORIENTED_EDGE('',*,*,#729,.T.);
#731=CARTESIAN_POINT('',(46.726101339,118.129587024,50.017693924));
#732=DIRECTION('',(0.,1.,-0.));
#733=VECTOR('',#732,0.1);
#734=LINE('',#731,#733);
#735=EDGE_CURVE('',#724,#441,#734,.T.);
#736=ORIENTED_EDGE('',*,*,#735,.T.);
#737=ORIENTED_EDGE('',*,*,#446,.F.);
#738=ORIENTED_EDGE('',*,*,#703,.F.);
#739=EDGE_LOOP('',(#730,#736,#737,#738));
#740=FACE_BOUND('',#739,.T.);
#741=ADVANCED_FACE('',(#740),#722,.F.);
#742=OVER_RIDING_STYLED_ITEM('',(#183),#741,#26);
#743=CARTESIAN_POINT('',(47.126101339,118.129587024,50.017693924));
#744=DIRECTION('',(-0.,-1.,0.));
#745=DIRECTION('',(0.,0.,1.));
#746=AXIS2_PLACEMENT_3D('',#743,#744,#745);
#747=CYLINDRICAL_SURFACE('',#746,0.4);
#748=ORIENTED_EDGE('',*,*,#636,.T.);
#749=ORIENTED_EDGE('',*,*,#453,.T.);
#750=ORIENTED_EDGE('',*,*,#735,.F.);
#751=CARTESIAN_POINT('',(47.126101339,118.129587024,50.017693924));
#752=DIRECTION('',(-0.,-1.,0.));
#753=DIRECTION('',(-0.,0.,-1.));
#754=AXIS2_PLACEMENT_3D('',#751,#752,#753);
#755=CIRCLE('',#754,0.4);
#756=EDGE_CURVE('',#616,#724,#755,.T.);
#757=ORIENTED_EDGE('',*,*,#756,.F.);
#758=EDGE_LOOP('',(#748,#749,#750,#757));
#759=FACE_BOUND('',#758,.T.);
#760=ADVANCED_FACE('',(#759),#747,.T.);
#761=OVER_RIDING_STYLED_ITEM('',(#183),#760,#26);
#762=CARTESIAN_POINT('',(54.526101339,118.129587024,36.617693924));
#763=DIRECTION('',(0.,0.,1.));
#764=DIRECTION('',(-1.,0.,0.));
#765=AXIS2_PLACEMENT_3D('',#762,#763,#764);
#766=PLANE('',#765);
#767=CARTESIAN_POINT('',(54.526101339,118.129587024,36.617693924));
#768=VERTEX_POINT('',#767);
#769=CARTESIAN_POINT('',(53.126101339,118.129587024,36.617693924));
#770=VERTEX_POINT('',#769);
#771=CARTESIAN_POINT('',(54.526101339,118.129587024,36.617693924));
#772=DIRECTION('',(-1.,0.,0.));
#773=VECTOR('',#772,1.4);
#774=LINE('',#771,#773);
#775=EDGE_CURVE('',#768,#770,#774,.T.);
#776=ORIENTED_EDGE('',*,*,#775,.T.);
#777=CARTESIAN_POINT('',(53.126101339,118.129587024,36.617693924));
#778=DIRECTION('',(0.,1.,-0.));
#779=VECTOR('',#778,0.1);
#780=LINE('',#777,#779);
#781=EDGE_CURVE('',#770,#460,#780,.T.);
#782=ORIENTED_EDGE('',*,*,#781,.T.);
#783=ORIENTED_EDGE('',*,*,#465,.F.);
#784=CARTESIAN_POINT('',(54.526101339,118.129587024,36.617693924));
#785=DIRECTION('',(0.,1.,-0.));
#786=VECTOR('',#785,0.1);
#787=LINE('',#784,#786);
#788=EDGE_CURVE('',#768,#458,#787,.T.);
#789=ORIENTED_EDGE('',*,*,#788,.F.);
#790=EDGE_LOOP('',(#776,#782,#783,#789));
#791=FACE_BOUND('',#790,.T.);
#792=ADVANCED_FACE('',(#791),#766,.F.);
#793=OVER_RIDING_STYLED_ITEM('',(#183),#792,#26);
#794=CARTESIAN_POINT('',(53.126101339,118.129587024,36.617693924));
#795=DIRECTION('',(1.,-0.,-0.));
#796=DIRECTION('',(0.,0.,1.));
#797=AXIS2_PLACEMENT_3D('',#794,#795,#796);
#798=PLANE('',#797);
#799=CARTESIAN_POINT('',(53.126101339,118.129587024,50.417693924));
#800=VERTEX_POINT('',#799);
#801=CARTESIAN_POINT('',(53.126101339,118.129587024,36.617693924));
#802=DIRECTION('',(0.,0.,1.));
#803=VECTOR('',#802,13.8);
#804=LINE('',#801,#803);
#805=EDGE_CURVE('',#770,#800,#804,.T.);
#806=ORIENTED_EDGE('',*,*,#805,.T.);
#807=CARTESIAN_POINT('',(53.126101339,118.129587024,50.417693924));
#808=DIRECTION('',(0.,1.,-0.));
#809=VECTOR('',#808,0.1);
#810=LINE('',#807,#809);
#811=EDGE_CURVE('',#800,#468,#810,.T.);
#812=ORIENTED_EDGE('',*,*,#811,.T.);
#813=ORIENTED_EDGE('',*,*,#473,.F.);
#814=ORIENTED_EDGE('',*,*,#781,.F.);
#815=EDGE_LOOP('',(#806,#812,#813,#814));
#816=FACE_BOUND('',#815,.T.);
#817=ADVANCED_FACE('',(#816),#798,.F.);
#818=OVER_RIDING_STYLED_ITEM('',(#183),#817,#26);
#819=CARTESIAN_POINT('',(53.126101339,118.129587024,50.417693924));
#820=DIRECTION('',(-0.,0.,-1.));
#821=DIRECTION('',(1.,-0.,-0.));
#822=AXIS2_PLACEMENT_3D('',#819,#820,#821);
#823=PLANE('',#822);
#824=CARTESIAN_POINT('',(54.526101339,118.129587024,50.417693924));
#825=VERTEX_POINT('',#824);
#826=CARTESIAN_POINT('',(53.126101339,118.129587024,50.417693924));
#827=DIRECTION('',(1.,-0.,-0.));
#828=VECTOR('',#827,1.4);
#829=LINE('',#826,#828);
#830=EDGE_CURVE('',#800,#825,#829,.T.);
#831=ORIENTED_EDGE('',*,*,#830,.T.);
#832=CARTESIAN_POINT('',(54.526101339,118.129587024,50.417693924));
#833=DIRECTION('',(0.,1.,-0.));
#834=VECTOR('',#833,0.1);
#835=LINE('',#832,#834);
#836=EDGE_CURVE('',#825,#476,#835,.T.);
#837=ORIENTED_EDGE('',*,*,#836,.T.);
#838=ORIENTED_EDGE('',*,*,#481,.F.);
#839=ORIENTED_EDGE('',*,*,#811,.F.);
#840=EDGE_LOOP('',(#831,#837,#838,#839));
#841=FACE_BOUND('',#840,.T.);
#842=ADVANCED_FACE('',(#841),#823,.F.);
#843=OVER_RIDING_STYLED_ITEM('',(#183),#842,#26);
#844=CARTESIAN_POINT('',(54.526101339,118.129587024,50.017693924));
#845=DIRECTION('',(-0.,-1.,0.));
#846=DIRECTION('',(0.,0.,1.));
#847=AXIS2_PLACEMENT_3D('',#844,#845,#846);
#848=CYLINDRICAL_SURFACE('',#847,0.4);
#849=CARTESIAN_POINT('',(54.926101339,118.129587024,50.017693924));
#850=VERTEX_POINT('',#849);
#851=CARTESIAN_POINT('',(54.926101339,118.129587024,50.017693924));
#852=DIRECTION('',(0.,1.,-0.));
#853=VECTOR('',#852,0.1);
#854=LINE('',#851,#853);
#855=EDGE_CURVE('',#850,#484,#854,.T.);
#856=ORIENTED_EDGE('',*,*,#855,.T.);
#857=ORIENTED_EDGE('',*,*,#490,.T.);
#858=ORIENTED_EDGE('',*,*,#836,.F.);
#859=CARTESIAN_POINT('',(54.526101339,118.129587024,50.017693924));
#860=DIRECTION('',(-0.,-1.,0.));
#861=DIRECTION('',(-0.,0.,-1.));
#862=AXIS2_PLACEMENT_3D('',#859,#860,#861);
#863=CIRCLE('',#862,0.4);
#864=EDGE_CURVE('',#850,#825,#863,.T.);
#865=ORIENTED_EDGE('',*,*,#864,.F.);
#866=EDGE_LOOP('',(#856,#857,#858,#865));
#867=FACE_BOUND('',#866,.T.);
#868=ADVANCED_FACE('',(#867),#848,.T.);
#869=OVER_RIDING_STYLED_ITEM('',(#183),#868,#26);
#870=CARTESIAN_POINT('',(54.926101339,118.129587024,50.017693924));
#871=DIRECTION('',(-1.,0.,0.));
#872=DIRECTION('',(-0.,0.,-1.));
#873=AXIS2_PLACEMENT_3D('',#870,#871,#872);
#874=PLANE('',#873);
#875=CARTESIAN_POINT('',(54.926101339,118.129587024,37.017693924));
#876=VERTEX_POINT('',#875);
#877=CARTESIAN_POINT('',(54.926101339,118.129587024,50.017693924));
#878=DIRECTION('',(-0.,0.,-1.));
#879=VECTOR('',#878,13.);
#880=LINE('',#877,#879);
#881=EDGE_CURVE('',#850,#876,#880,.T.);
#882=ORIENTED_EDGE('',*,*,#881,.T.);
#883=CARTESIAN_POINT('',(54.926101339,118.129587024,37.017693924));
#884=DIRECTION('',(0.,1.,-0.));
#885=VECTOR('',#884,0.1);
#886=LINE('',#883,#885);
#887=EDGE_CURVE('',#876,#493,#886,.T.);
#888=ORIENTED_EDGE('',*,*,#887,.T.);
#889=ORIENTED_EDGE('',*,*,#498,.F.);
#890=ORIENTED_EDGE('',*,*,#855,.F.);
#891=EDGE_LOOP('',(#882,#888,#889,#890));
#892=FACE_BOUND('',#891,.T.);
#893=ADVANCED_FACE('',(#892),#874,.F.);
#894=OVER_RIDING_STYLED_ITEM('',(#183),#893,#26);
#895=CARTESIAN_POINT('',(54.526101339,118.129587024,37.017693924));
#896=DIRECTION('',(-0.,-1.,0.));
#897=DIRECTION('',(0.,0.,1.));
#898=AXIS2_PLACEMENT_3D('',#895,#896,#897);
#899=CYLINDRICAL_SURFACE('',#898,0.4);
#900=ORIENTED_EDGE('',*,*,#788,.T.);
#901=ORIENTED_EDGE('',*,*,#505,.T.);
#902=ORIENTED_EDGE('',*,*,#887,.F.);
#903=CARTESIAN_POINT('',(54.526101339,118.129587024,37.017693924));
#904=DIRECTION('',(-0.,-1.,0.));
#905=DIRECTION('',(-0.,0.,-1.));
#906=AXIS2_PLACEMENT_3D('',#903,#904,#905);
#907=CIRCLE('',#906,0.4);
#908=EDGE_CURVE('',#768,#876,#907,.T.);
#909=ORIENTED_EDGE('',*,*,#908,.F.);
#910=EDGE_LOOP('',(#900,#901,#902,#909));
#911=FACE_BOUND('',#910,.T.);
#912=ADVANCED_FACE('',(#911),#899,.T.);
#913=OVER_RIDING_STYLED_ITEM('',(#183),#912,#26);
#914=CARTESIAN_POINT('',(50.626101339,118.129587024,43.517693924));
#915=DIRECTION('',(-0.,-1.,0.));
#916=DIRECTION('',(0.,0.,1.));
#917=AXIS2_PLACEMENT_3D('',#914,#915,#916);
#918=PLANE('',#917);
#919=ORIENTED_EDGE('',*,*,#523,.F.);
#920=ORIENTED_EDGE('',*,*,#601,.F.);
#921=ORIENTED_EDGE('',*,*,#578,.F.);
#922=ORIENTED_EDGE('',*,*,#553,.F.);
#923=EDGE_LOOP('',(#919,#920,#921,#922));
#924=FACE_BOUND('',#923,.T.);
#925=CARTESIAN_POINT('',(52.337523844,118.129587024,42.728649338));
#926=VERTEX_POINT('',#925);
#927=CARTESIAN_POINT('',(51.99671705,118.129587024,42.529006026));
#928=VERTEX_POINT('',#927);
#929=CARTESIAN_POINT('',(52.337523844,118.129587024,42.728649338));
#930=CARTESIAN_POINT('',(52.256674587,118.129587024,42.617906239));
#931=CARTESIAN_POINT('',(52.143072322,118.129587024,42.551358468));
#932=CARTESIAN_POINT('',(51.99671705,118.129587024,42.529006026));
#933=B_SPLINE_CURVE_WITH_KNOTS('',3,(#929,#930,#931,#932),.UNSPECIFIED.,.F.,.F.,(4,4),(0.,1.),.UNSPECIFIED.);
#934=EDGE_CURVE('',#926,#928,#933,.T.);
#935=ORIENTED_EDGE('',*,*,#934,.T.);
#936=CARTESIAN_POINT('',(51.980411317,118.129587024,42.796420039));
#937=VERTEX_POINT('',#936);
#938=CARTESIAN_POINT('',(51.99671705,118.129587024,42.529006026));
#939=DIRECTION('',(-0.060862572,0.,0.998146155));
#940=VECTOR('',#939,0.267910678);
#941=LINE('',#938,#940);
#942=EDGE_CURVE('',#928,#937,#941,.T.);
#943=ORIENTED_EDGE('',*,*,#942,.T.);
#944=CARTESIAN_POINT('',(52.200199805,118.129587024,42.922994386));
#945=VERTEX_POINT('',#944);
#946=CARTESIAN_POINT('',(51.980411317,118.129587024,42.796420039));
#947=CARTESIAN_POINT('',(52.081416271,118.129587024,42.818500719));
#948=CARTESIAN_POINT('',(52.154678833,118.129587024,42.860691801));
#949=CARTESIAN_POINT('',(52.200199003,118.129587024,42.922993288));
#950=B_SPLINE_CURVE_WITH_KNOTS('',3,(#946,#947,#948,#949),.UNSPECIFIED.,.F.,.F.,(4,4),(0.,1.),.UNSPECIFIED.);
#951=EDGE_CURVE('',#937,#945,#950,.T.);
#952=ORIENTED_EDGE('',*,*,#951,.T.);
#953=CARTESIAN_POINT('',(52.268479258,118.129587024,43.162789466));
#954=VERTEX_POINT('',#953);
#955=CARTESIAN_POINT('',(52.200199003,118.129587024,42.922993288));
#956=CARTESIAN_POINT('',(52.245719173,118.129587024,42.985362714));
#957=CARTESIAN_POINT('',(52.268479258,118.129587024,43.065294774));
#958=CARTESIAN_POINT('',(52.268479258,118.129587024,43.162789466));
#959=B_SPLINE_CURVE_WITH_KNOTS('',3,(#955,#956,#957,#958),.UNSPECIFIED.,.F.,.F.,(4,4),(0.,1.),.UNSPECIFIED.);
#960=EDGE_CURVE('',#945,#954,#959,.T.);
#961=ORIENTED_EDGE('',*,*,#960,.T.);
#962=CARTESIAN_POINT('',(52.219901763,118.129587024,43.383732141));
#963=VERTEX_POINT('',#962);
#964=CARTESIAN_POINT('',(52.268479258,118.129587024,43.162789466));
#965=CARTESIAN_POINT('',(52.268479258,118.129587024,43.246220464));
#966=CARTESIAN_POINT('',(52.25228676,118.129587024,43.319868022));
#967=CARTESIAN_POINT('',(52.219901763,118.129587024,43.383732141));
#968=B_SPLINE_CURVE_WITH_KNOTS('',3,(#964,#965,#966,#967),.UNSPECIFIED.,.F.,.F.,(4,4),(0.,1.),.UNSPECIFIED.);
#969=EDGE_CURVE('',#954,#963,#968,.T.);
#970=ORIENTED_EDGE('',*,*,#969,.T.);
#971=CARTESIAN_POINT('',(52.090135295,118.129587024,43.538330877));
#972=VERTEX_POINT('',#971);
#973=CARTESIAN_POINT('',(52.219901763,118.129587024,43.383732141));
#974=CARTESIAN_POINT('',(52.187516767,118.129587024,43.4476642));
#975=CARTESIAN_POINT('',(52.144261282,118.129587024,43.499197109));
#976=CARTESIAN_POINT('',(52.090135309,118.129587024,43.538330867));
#977=B_SPLINE_CURVE_WITH_KNOTS('',3,(#973,#974,#975,#976),.UNSPECIFIED.,.F.,.F.,(4,4),(0.,1.),.UNSPECIFIED.);
#978=EDGE_CURVE('',#963,#972,#977,.T.);
#979=ORIENTED_EDGE('',*,*,#978,.T.);
#980=CARTESIAN_POINT('',(51.870857177,118.129587024,43.637693924));
#981=VERTEX_POINT('',#980);
#982=CARTESIAN_POINT('',(52.090135309,118.129587024,43.538330867));
#983=CARTESIAN_POINT('',(52.035952719,118.129587024,43.577464625));
#984=CARTESIAN_POINT('',(51.962860008,118.129587024,43.610585644));
#985=CARTESIAN_POINT('',(51.870857177,118.129587024,43.637693924));
#986=B_SPLINE_CURVE_WITH_KNOTS('',3,(#982,#983,#984,#985),.UNSPECIFIED.,.F.,.F.,(4,4),(0.,1.),.UNSPECIFIED.);
#987=EDGE_CURVE('',#972,#981,#986,.T.);
#988=ORIENTED_EDGE('',*,*,#987,.T.);
#989=CARTESIAN_POINT('',(51.590177766,118.129587024,43.678458256));
#990=VERTEX_POINT('',#989);
#991=CARTESIAN_POINT('',(51.870857177,118.129587024,43.637693924));
#992=CARTESIAN_POINT('',(51.778854346,118.129587024,43.664870145));
#993=CARTESIAN_POINT('',(51.685294545,118.129587024,43.678458256));
#994=CARTESIAN_POINT('',(51.590177772,118.129587024,43.678458256));
#995=B_SPLINE_CURVE_WITH_KNOTS('',3,(#991,#992,#993,#994),.UNSPECIFIED.,.F.,.F.,(4,4),(0.,1.),.UNSPECIFIED.);
#996=EDGE_CURVE('',#981,#990,#995,.T.);
#997=ORIENTED_EDGE('',*,*,#996,.T.);
#998=CARTESIAN_POINT('',(51.544318292,118.129587024,43.676929299));
#999=VERTEX_POINT('',#998);
#1000=CARTESIAN_POINT('',(51.590177772,118.129587024,43.678458256));
#1001=CARTESIAN_POINT('',(51.579986689,118.129587024,43.678458256));
#1002=CARTESIAN_POINT('',(51.564700065,118.129587024,43.677948702));
#1003=CARTESIAN_POINT('',(51.544317899,118.129587024,43.676929593));
#1004=B_SPLINE_CURVE_WITH_KNOTS('',3,(#1000,#1001,#1002,#1003),.UNSPECIFIED.,.F.,.F.,(4,4),(0.,1.),.UNSPECIFIED.);
#1005=EDGE_CURVE('',#990,#999,#1004,.T.);
#1006=ORIENTED_EDGE('',*,*,#1005,.T.);
#1007=CARTESIAN_POINT('',(51.722067368,118.129587024,43.453541058));
#1008=VERTEX_POINT('',#1007);
#1009=CARTESIAN_POINT('',(51.544317899,118.129587024,43.676929593));
#1010=CARTESIAN_POINT('',(51.617353993,118.129587024,43.622441271));
#1011=CARTESIAN_POINT('',(51.676603816,118.129587024,43.547978426));
#1012=CARTESIAN_POINT('',(51.722067368,118.129587024,43.453541058));
#1013=B_SPLINE_CURVE_WITH_KNOTS('',3,(#1009,#1010,#1011,#1012),.UNSPECIFIED.,.F.,.F.,(4,4),(0.,1.),.UNSPECIFIED.);
#1014=EDGE_CURVE('',#999,#1008,#1013,.T.);
#1015=ORIENTED_EDGE('',*,*,#1014,.T.);
#1016=CARTESIAN_POINT('',(51.790177772,118.129587024,43.146993288));
#1017=VERTEX_POINT('',#1016);
#1018=CARTESIAN_POINT('',(51.722067368,118.129587024,43.453541058));
#1019=CARTESIAN_POINT('',(51.767474304,118.129587024,43.359171631));
#1020=CARTESIAN_POINT('',(51.790177772,118.129587024,43.256989041));
#1021=CARTESIAN_POINT('',(51.790177772,118.129587024,43.146993288));
#1022=B_SPLINE_CURVE_WITH_KNOTS('',3,(#1018,#1019,#1020,#1021),.UNSPECIFIED.,.F.,.F.,(4,4),(0.,1.),.UNSPECIFIED.);
#1023=EDGE_CURVE('',#1008,#1017,#1022,.T.);
#1024=ORIENTED_EDGE('',*,*,#1023,.T.);
#1025=CARTESIAN_POINT('',(51.621685203,118.129587024,42.680649338));
#1026=VERTEX_POINT('',#1025);
#1027=CARTESIAN_POINT('',(51.790177772,118.129587024,43.146993288));
#1028=CARTESIAN_POINT('',(51.790177772,118.129587024,42.963282035));
#1029=CARTESIAN_POINT('',(51.734013582,118.129587024,42.807834052));
#1030=CARTESIAN_POINT('',(51.621685203,118.129587024,42.680649338));
#1031=B_SPLINE_CURVE_WITH_KNOTS('',3,(#1027,#1028,#1029,#1030),.UNSPECIFIED.,.F.,.F.,(4,4),(0.,1.),.UNSPECIFIED.);
#1032=EDGE_CURVE('',#1017,#1026,#1031,.T.);
#1033=ORIENTED_EDGE('',*,*,#1032,.T.);
#1034=CARTESIAN_POINT('',(51.177438918,118.129587024,42.489872268));
#1035=VERTEX_POINT('',#1034);
#1036=CARTESIAN_POINT('',(51.621685203,118.129587024,42.680649338));
#1037=CARTESIAN_POINT('',(51.509356823,118.129587024,42.553464625));
#1038=CARTESIAN_POINT('',(51.361274729,118.129587024,42.489872268));
#1039=CARTESIAN_POINT('',(51.177438918,118.129587024,42.489872268));
#1040=B_SPLINE_CURVE_WITH_KNOTS('',3,(#1036,#1037,#1038,#1039),.UNSPECIFIED.,.F.,.F.,(4,4),(0.,1.),.UNSPECIFIED.);
#1041=EDGE_CURVE('',#1026,#1035,#1040,.T.);
#1042=ORIENTED_EDGE('',*,*,#1041,.T.);
#1043=CARTESIAN_POINT('',(50.719179895,118.129587024,42.690025135));
#1044=VERTEX_POINT('',#1043);
#1045=CARTESIAN_POINT('',(51.177438918,118.129587024,42.489872268));
#1046=CARTESIAN_POINT('',(50.98765831,118.129587024,42.489872268));
#1047=CARTESIAN_POINT('',(50.834905302,118.129587024,42.55658989));
#1048=CARTESIAN_POINT('',(50.719179895,118.129587024,42.690025135));
#1049=B_SPLINE_CURVE_WITH_KNOTS('',3,(#1045,#1046,#1047,#1048),.UNSPECIFIED.,.F.,.F.,(4,4),(0.,1.),.UNSPECIFIED.);
#1050=EDGE_CURVE('',#1035,#1044,#1049,.T.);
#1051=ORIENTED_EDGE('',*,*,#1050,.T.);
#1052=CARTESIAN_POINT('',(50.545506859,118.129587024,43.19163023));
#1053=VERTEX_POINT('',#1052);
#1054=CARTESIAN_POINT('',(50.719179895,118.129587024,42.690025135));
#1055=CARTESIAN_POINT('',(50.603397871,118.129587024,42.823528319));
#1056=CARTESIAN_POINT('',(50.545506859,118.129587024,42.990730018));
#1057=CARTESIAN_POINT('',(50.545506859,118.129587024,43.19163023));
#1058=B_SPLINE_CURVE_WITH_KNOTS('',3,(#1054,#1055,#1056,#1057),.UNSPECIFIED.,.F.,.F.,(4,4),(0.,1.),.UNSPECIFIED.);
#1059=EDGE_CURVE('',#1044,#1053,#1058,.T.);
#1060=ORIENTED_EDGE('',*,*,#1059,.T.);
#1061=CARTESIAN_POINT('',(50.643935734,118.129587024,43.589693924));
#1062=VERTEX_POINT('',#1061);
#1063=CARTESIAN_POINT('',(50.545506859,118.129587024,43.19163023));
#1064=CARTESIAN_POINT('',(50.545506859,118.129587024,43.336751249));
#1065=CARTESIAN_POINT('',(50.578316484,118.129587024,43.469439147));
#1066=CARTESIAN_POINT('',(50.643935734,118.129587024,43.589693924));
#1067=B_SPLINE_CURVE_WITH_KNOTS('',3,(#1063,#1064,#1065,#1066),.UNSPECIFIED.,.F.,.F.,(4,4),(0.,1.),.UNSPECIFIED.);
#1068=EDGE_CURVE('',#1053,#1062,#1067,.T.);
#1069=ORIENTED_EDGE('',*,*,#1068,.T.);
#1070=CARTESIAN_POINT('',(50.924445294,118.129587024,43.863732144));
#1071=VERTEX_POINT('',#1070);
#1072=CARTESIAN_POINT('',(50.643935734,118.129587024,43.589693924));
#1073=CARTESIAN_POINT('',(50.709554983,118.129587024,43.710016642));
#1074=CARTESIAN_POINT('',(50.803058168,118.129587024,43.801362714));
#1075=CARTESIAN_POINT('',(50.924445288,118.129587024,43.863732141));
#1076=B_SPLINE_CURVE_WITH_KNOTS('',3,(#1072,#1073,#1074,#1075),.UNSPECIFIED.,.F.,.F.,(4,4),(0.,1.),.UNSPECIFIED.);
#1077=EDGE_CURVE('',#1062,#1071,#1076,.T.);
#1078=ORIENTED_EDGE('',*,*,#1077,.T.);
#1079=CARTESIAN_POINT('',(51.451663971,118.129587024,43.957388192));
#1080=VERTEX_POINT('',#1079);
#1081=CARTESIAN_POINT('',(50.924445288,118.129587024,43.863732141));
#1082=CARTESIAN_POINT('',(51.045832407,118.129587024,43.926169508));
#1083=CARTESIAN_POINT('',(51.221571969,118.129587024,43.957388192));
#1084=CARTESIAN_POINT('',(51.451663971,118.129587024,43.957388192));
#1085=B_SPLINE_CURVE_WITH_KNOTS('',3,(#1081,#1082,#1083,#1084),.UNSPECIFIED.,.F.,.F.,(4,4),(0.,1.),.UNSPECIFIED.);
#1086=EDGE_CURVE('',#1071,#1080,#1085,.T.);
#1087=ORIENTED_EDGE('',*,*,#1086,.T.);
#1088=CARTESIAN_POINT('',(52.023553568,118.129587024,43.864343606));
#1089=VERTEX_POINT('',#1088);
#1090=CARTESIAN_POINT('',(51.451663971,118.129587024,43.957388192));
#1091=CARTESIAN_POINT('',(51.691041183,118.129587024,43.957388192));
#1092=CARTESIAN_POINT('',(51.881671048,118.129587024,43.92637333));
#1093=CARTESIAN_POINT('',(52.023553568,118.129587024,43.864343606));
#1094=B_SPLINE_CURVE_WITH_KNOTS('',3,(#1090,#1091,#1092,#1093),.UNSPECIFIED.,.F.,.F.,(4,4),(0.,1.),.UNSPECIFIED.);
#1095=EDGE_CURVE('',#1080,#1089,#1094,.T.);
#1096=ORIENTED_EDGE('',*,*,#1095,.T.);
#1097=CARTESIAN_POINT('',(52.347545075,118.129587024,43.587655708));
#1098=VERTEX_POINT('',#1097);
#1099=CARTESIAN_POINT('',(52.023553568,118.129587024,43.864343606));
#1100=CARTESIAN_POINT('',(52.165436087,118.129587024,43.802381823));
#1101=CARTESIAN_POINT('',(52.273433257,118.129587024,43.710152523));
#1102=CARTESIAN_POINT('',(52.347545075,118.129587024,43.587655708));
#1103=B_SPLINE_CURVE_WITH_KNOTS('',3,(#1099,#1100,#1101,#1102),.UNSPECIFIED.,.F.,.F.,(4,4),(0.,1.),.UNSPECIFIED.);
#1104=EDGE_CURVE('',#1089,#1098,#1103,.T.);
#1105=ORIENTED_EDGE('',*,*,#1104,.T.);
#1106=CARTESIAN_POINT('',(52.458712804,118.129587024,43.157082459));
#1107=VERTEX_POINT('',#1106);
#1108=CARTESIAN_POINT('',(52.347545075,118.129587024,43.587655708));
#1109=CARTESIAN_POINT('',(52.421656894,118.129587024,43.465226833));
#1110=CARTESIAN_POINT('',(52.458712804,118.129587024,43.321702417));
#1111=CARTESIAN_POINT('',(52.458712804,118.129587024,43.157082459));
#1112=B_SPLINE_CURVE_WITH_KNOTS('',3,(#1108,#1109,#1110,#1111),.UNSPECIFIED.,.F.,.F.,(4,4),(0.,1.),.UNSPECIFIED.);
#1113=EDGE_CURVE('',#1098,#1107,#1112,.T.);
#1114=ORIENTED_EDGE('',*,*,#1113,.T.);
#1115=CARTESIAN_POINT('',(52.458712804,118.129587024,43.157082459));
#1116=CARTESIAN_POINT('',(52.458712804,118.129587024,42.982271419));
#1117=CARTESIAN_POINT('',(52.418316484,118.129587024,42.839460379));
#1118=CARTESIAN_POINT('',(52.337523844,118.129587024,42.728649338));
#1119=B_SPLINE_CURVE_WITH_KNOTS('',3,(#1115,#1116,#1117,#1118),.UNSPECIFIED.,.F.,.F.,(4,4),(0.,1.),.UNSPECIFIED.);
#1120=EDGE_CURVE('',#1107,#926,#1119,.T.);
#1121=ORIENTED_EDGE('',*,*,#1120,.T.);
#1122=EDGE_LOOP('',(#935,#943,#952,#961,#970,#979,#988,#997,#1006,#1015,#1024,#1033,#1042,#1051,#1060,#1069,#1078,#1087,#1096,#1105,#1114,#1121));
#1123=FACE_BOUND('',#1122,.T.);
#1124=CARTESIAN_POINT('',(52.337523844,118.129587024,44.470101568));
#1125=VERTEX_POINT('',#1124);
#1126=CARTESIAN_POINT('',(51.99671705,118.129587024,44.270458256));
#1127=VERTEX_POINT('',#1126);
#1128=CARTESIAN_POINT('',(52.337523844,118.129587024,44.470101568));
#1129=CARTESIAN_POINT('',(52.256674587,118.129587024,44.359358468));
#1130=CARTESIAN_POINT('',(52.143072322,118.129587024,44.292810697));
#1131=CARTESIAN_POINT('',(51.99671705,118.129587024,44.270458256));
#1132=B_SPLINE_CURVE_WITH_KNOTS('',3,(#1128,#1129,#1130,#1131),.UNSPECIFIED.,.F.,.F.,(4,4),(0.,1.),.UNSPECIFIED.);
#1133=EDGE_CURVE('',#1125,#1127,#1132,.T.);
#1134=ORIENTED_EDGE('',*,*,#1133,.T.);
#1135=CARTESIAN_POINT('',(51.980411317,118.129587024,44.537872268));
#1136=VERTEX_POINT('',#1135);
#1137=CARTESIAN_POINT('',(51.99671705,118.129587024,44.270458256));
#1138=DIRECTION('',(-0.060862573,0.,0.998146155));
#1139=VECTOR('',#1138,0.267910677);
#1140=LINE('',#1137,#1139);
#1141=EDGE_CURVE('',#1127,#1136,#1140,.T.);
#1142=ORIENTED_EDGE('',*,*,#1141,.T.);
#1143=CARTESIAN_POINT('',(52.200199805,118.129587024,44.664446615));
#1144=VERTEX_POINT('',#1143);
#1145=CARTESIAN_POINT('',(51.980411317,118.129587024,44.537872268));
#1146=CARTESIAN_POINT('',(52.081416271,118.129587024,44.559952948));
#1147=CARTESIAN_POINT('',(52.154678833,118.129587024,44.602144031));
#1148=CARTESIAN_POINT('',(52.200199003,118.129587024,44.664445517));
#1149=B_SPLINE_CURVE_WITH_KNOTS('',3,(#1145,#1146,#1147,#1148),.UNSPECIFIED.,.F.,.F.,(4,4),(0.,1.),.UNSPECIFIED.);
#1150=EDGE_CURVE('',#1136,#1144,#1149,.T.);
#1151=ORIENTED_EDGE('',*,*,#1150,.T.);
#1152=CARTESIAN_POINT('',(52.268479258,118.129587024,44.904241695));
#1153=VERTEX_POINT('',#1152);
#1154=CARTESIAN_POINT('',(52.200199003,118.129587024,44.664445517));
#1155=CARTESIAN_POINT('',(52.245719173,118.129587024,44.726814944));
#1156=CARTESIAN_POINT('',(52.268479258,118.129587024,44.806747003));
#1157=CARTESIAN_POINT('',(52.268479258,118.129587024,44.904241695));
#1158=B_SPLINE_CURVE_WITH_KNOTS('',3,(#1154,#1155,#1156,#1157),.UNSPECIFIED.,.F.,.F.,(4,4),(0.,1.),.UNSPECIFIED.);
#1159=EDGE_CURVE('',#1144,#1153,#1158,.T.);
#1160=ORIENTED_EDGE('',*,*,#1159,.T.);
#1161=CARTESIAN_POINT('',(52.219901763,118.129587024,45.12518437));
#1162=VERTEX_POINT('',#1161);
#1163=CARTESIAN_POINT('',(52.268479258,118.129587024,44.904241695));
#1164=CARTESIAN_POINT('',(52.268479258,118.129587024,44.987672693));
#1165=CARTESIAN_POINT('',(52.25228676,118.129587024,45.061320251));
#1166=CARTESIAN_POINT('',(52.219901763,118.129587024,45.12518437));
#1167=B_SPLINE_CURVE_WITH_KNOTS('',3,(#1163,#1164,#1165,#1166),.UNSPECIFIED.,.F.,.F.,(4,4),(0.,1.),.UNSPECIFIED.);
#1168=EDGE_CURVE('',#1153,#1162,#1167,.T.);
#1169=ORIENTED_EDGE('',*,*,#1168,.T.);
#1170=CARTESIAN_POINT('',(52.090135295,118.129587024,45.279783106));
#1171=VERTEX_POINT('',#1170);
#1172=CARTESIAN_POINT('',(52.219901763,118.129587024,45.12518437));
#1173=CARTESIAN_POINT('',(52.187516767,118.129587024,45.18911643));
#1174=CARTESIAN_POINT('',(52.144261282,118.129587024,45.240649338));
#1175=CARTESIAN_POINT('',(52.090135309,118.129587024,45.279783096));
#1176=B_SPLINE_CURVE_WITH_KNOTS('',3,(#1172,#1173,#1174,#1175),.UNSPECIFIED.,.F.,.F.,(4,4),(0.,1.),.UNSPECIFIED.);
#1177=EDGE_CURVE('',#1162,#1171,#1176,.T.);
#1178=ORIENTED_EDGE('',*,*,#1177,.T.);
#1179=CARTESIAN_POINT('',(51.870857177,118.129587024,45.379146154));
#1180=VERTEX_POINT('',#1179);
#1181=CARTESIAN_POINT('',(52.090135309,118.129587024,45.279783096));
#1182=CARTESIAN_POINT('',(52.035952719,118.129587024,45.318916854));
#1183=CARTESIAN_POINT('',(51.962860008,118.129587024,45.352037873));
#1184=CARTESIAN_POINT('',(51.870857177,118.129587024,45.379146154));
#1185=B_SPLINE_CURVE_WITH_KNOTS('',3,(#1181,#1182,#1183,#1184),.UNSPECIFIED.,.F.,.F.,(4,4),(0.,1.),.UNSPECIFIED.);
#1186=EDGE_CURVE('',#1171,#1180,#1185,.T.);
#1187=ORIENTED_EDGE('',*,*,#1186,.T.);
#1188=CARTESIAN_POINT('',(51.590177766,118.129587024,45.419910485));
#1189=VERTEX_POINT('',#1188);
#1190=CARTESIAN_POINT('',(51.870857177,118.129587024,45.379146154));
#1191=CARTESIAN_POINT('',(51.778854346,118.129587024,45.406322375));
#1192=CARTESIAN_POINT('',(51.685294545,118.129587024,45.419910485));
#1193=CARTESIAN_POINT('',(51.590177772,118.129587024,45.419910485));
#1194=B_SPLINE_CURVE_WITH_KNOTS('',3,(#1190,#1191,#1192,#1193),.UNSPECIFIED.,.F.,.F.,(4,4),(0.,1.),.UNSPECIFIED.);
#1195=EDGE_CURVE('',#1180,#1189,#1194,.T.);
#1196=ORIENTED_EDGE('',*,*,#1195,.T.);
#1197=CARTESIAN_POINT('',(51.544318293,118.129587024,45.418381529));
#1198=VERTEX_POINT('',#1197);
#1199=CARTESIAN_POINT('',(51.590177772,118.129587024,45.419910485));
#1200=CARTESIAN_POINT('',(51.579986689,118.129587024,45.419910485));
#1201=CARTESIAN_POINT('',(51.564700065,118.129587024,45.419400931));
#1202=CARTESIAN_POINT('',(51.544317899,118.129587024,45.418381823));
#1203=B_SPLINE_CURVE_WITH_KNOTS('',3,(#1199,#1200,#1201,#1202),.UNSPECIFIED.,.F.,.F.,(4,4),(0.,1.),.UNSPECIFIED.);
#1204=EDGE_CURVE('',#1189,#1198,#1203,.T.);
#1205=ORIENTED_EDGE('',*,*,#1204,.T.);
#1206=CARTESIAN_POINT('',(51.722067368,118.129587024,45.194993288));
#1207=VERTEX_POINT('',#1206);
#1208=CARTESIAN_POINT('',(51.544317899,118.129587024,45.418381823));
#1209=CARTESIAN_POINT('',(51.617353993,118.129587024,45.3638935));
#1210=CARTESIAN_POINT('',(51.676603816,118.129587024,45.289430655));
#1211=CARTESIAN_POINT('',(51.722067368,118.129587024,45.194993288));
#1212=B_SPLINE_CURVE_WITH_KNOTS('',3,(#1208,#1209,#1210,#1211),.UNSPECIFIED.,.F.,.F.,(4,4),(0.,1.),.UNSPECIFIED.);
#1213=EDGE_CURVE('',#1198,#1207,#1212,.T.);
#1214=ORIENTED_EDGE('',*,*,#1213,.T.);
#1215=CARTESIAN_POINT('',(51.790177772,118.129587024,44.888445517));
#1216=VERTEX_POINT('',#1215);
#1217=CARTESIAN_POINT('',(51.722067368,118.129587024,45.194993288));
#1218=CARTESIAN_POINT('',(51.767474304,118.129587024,45.100623861));
#1219=CARTESIAN_POINT('',(51.790177772,118.129587024,44.998441271));
#1220=CARTESIAN_POINT('',(51.790177772,118.129587024,44.888445517));
#1221=B_SPLINE_CURVE_WITH_KNOTS('',3,(#1217,#1218,#1219,#1220),.UNSPECIFIED.,.F.,.F.,(4,4),(0.,1.),.UNSPECIFIED.);
#1222=EDGE_CURVE('',#1207,#1216,#1221,.T.);
#1223=ORIENTED_EDGE('',*,*,#1222,.T.);
#1224=CARTESIAN_POINT('',(51.621685203,118.129587024,44.422101568));
#1225=VERTEX_POINT('',#1224);
#1226=CARTESIAN_POINT('',(51.790177772,118.129587024,44.888445517));
#1227=CARTESIAN_POINT('',(51.790177772,118.129587024,44.704734264));
#1228=CARTESIAN_POINT('',(51.734013582,118.129587024,44.549286281));
#1229=CARTESIAN_POINT('',(51.621685203,118.129587024,44.422101568));
#1230=B_SPLINE_CURVE_WITH_KNOTS('',3,(#1226,#1227,#1228,#1229),.UNSPECIFIED.,.F.,.F.,(4,4),(0.,1.),.UNSPECIFIED.);
#1231=EDGE_CURVE('',#1216,#1225,#1230,.T.);
#1232=ORIENTED_EDGE('',*,*,#1231,.T.);
#1233=CARTESIAN_POINT('',(51.177438918,118.129587024,44.231324498));
#1234=VERTEX_POINT('',#1233);
#1235=CARTESIAN_POINT('',(51.621685203,118.129587024,44.422101568));
#1236=CARTESIAN_POINT('',(51.509356823,118.129587024,44.294916854));
#1237=CARTESIAN_POINT('',(51.361274729,118.129587024,44.231324498));
#1238=CARTESIAN_POINT('',(51.177438918,118.129587024,44.231324498));
#1239=B_SPLINE_CURVE_WITH_KNOTS('',3,(#1235,#1236,#1237,#1238),.UNSPECIFIED.,.F.,.F.,(4,4),(0.,1.),.UNSPECIFIED.);
#1240=EDGE_CURVE('',#1225,#1234,#1239,.T.);
#1241=ORIENTED_EDGE('',*,*,#1240,.T.);
#1242=CARTESIAN_POINT('',(50.719179895,118.129587024,44.431477364));
#1243=VERTEX_POINT('',#1242);
#1244=CARTESIAN_POINT('',(51.177438918,118.129587024,44.231324498));
#1245=CARTESIAN_POINT('',(50.98765831,118.129587024,44.231324498));
#1246=CARTESIAN_POINT('',(50.834905302,118.129587024,44.29804212));
#1247=CARTESIAN_POINT('',(50.719179895,118.129587024,44.431477364));
#1248=B_SPLINE_CURVE_WITH_KNOTS('',3,(#1244,#1245,#1246,#1247),.UNSPECIFIED.,.F.,.F.,(4,4),(0.,1.),.UNSPECIFIED.);
#1249=EDGE_CURVE('',#1234,#1243,#1248,.T.);
#1250=ORIENTED_EDGE('',*,*,#1249,.T.);
#1251=CARTESIAN_POINT('',(50.545506859,118.129587024,44.933082459));
#1252=VERTEX_POINT('',#1251);
#1253=CARTESIAN_POINT('',(50.719179895,118.129587024,44.431477364));
#1254=CARTESIAN_POINT('',(50.603397871,118.129587024,44.564980549));
#1255=CARTESIAN_POINT('',(50.545506859,118.129587024,44.732182247));
#1256=CARTESIAN_POINT('',(50.545506859,118.129587024,44.933082459));
#1257=B_SPLINE_CURVE_WITH_KNOTS('',3,(#1253,#1254,#1255,#1256),.UNSPECIFIED.,.F.,.F.,(4,4),(0.,1.),.UNSPECIFIED.);
#1258=EDGE_CURVE('',#1243,#1252,#1257,.T.);
#1259=ORIENTED_EDGE('',*,*,#1258,.T.);
#1260=CARTESIAN_POINT('',(50.643935734,118.129587024,45.331146154));
#1261=VERTEX_POINT('',#1260);
#1262=CARTESIAN_POINT('',(50.545506859,118.129587024,44.933082459));
#1263=CARTESIAN_POINT('',(50.545506859,118.129587024,45.078203479));
#1264=CARTESIAN_POINT('',(50.578316484,118.129587024,45.210891377));
#1265=CARTESIAN_POINT('',(50.643935734,118.129587024,45.331146154));
#1266=B_SPLINE_CURVE_WITH_KNOTS('',3,(#1262,#1263,#1264,#1265),.UNSPECIFIED.,.F.,.F.,(4,4),(0.,1.),.UNSPECIFIED.);
#1267=EDGE_CURVE('',#1252,#1261,#1266,.T.);
#1268=ORIENTED_EDGE('',*,*,#1267,.T.);
#1269=CARTESIAN_POINT('',(50.924445294,118.129587024,45.605184373));
#1270=VERTEX_POINT('',#1269);
#1271=CARTESIAN_POINT('',(50.643935734,118.129587024,45.331146154));
#1272=CARTESIAN_POINT('',(50.709554983,118.129587024,45.451468871));
#1273=CARTESIAN_POINT('',(50.803058168,118.129587024,45.542814944));
#1274=CARTESIAN_POINT('',(50.924445288,118.129587024,45.60518437));
#1275=B_SPLINE_CURVE_WITH_KNOTS('',3,(#1271,#1272,#1273,#1274),.UNSPECIFIED.,.F.,.F.,(4,4),(0.,1.),.UNSPECIFIED.);
#1276=EDGE_CURVE('',#1261,#1270,#1275,.T.);
#1277=ORIENTED_EDGE('',*,*,#1276,.T.);
#1278=CARTESIAN_POINT('',(51.451663971,118.129587024,45.698840421));
#1279=VERTEX_POINT('',#1278);
#1280=CARTESIAN_POINT('',(50.924445288,118.129587024,45.60518437));
#1281=CARTESIAN_POINT('',(51.045832407,118.129587024,45.667621738));
#1282=CARTESIAN_POINT('',(51.221571969,118.129587024,45.698840421));
#1283=CARTESIAN_POINT('',(51.451663971,118.129587024,45.698840421));
#1284=B_SPLINE_CURVE_WITH_KNOTS('',3,(#1280,#1281,#1282,#1283),.UNSPECIFIED.,.F.,.F.,(4,4),(0.,1.),.UNSPECIFIED.);
#1285=EDGE_CURVE('',#1270,#1279,#1284,.T.);
#1286=ORIENTED_EDGE('',*,*,#1285,.T.);
#1287=CARTESIAN_POINT('',(52.023553568,118.129587024,45.605795835));
#1288=VERTEX_POINT('',#1287);
#1289=CARTESIAN_POINT('',(51.451663971,118.129587024,45.698840421));
#1290=CARTESIAN_POINT('',(51.691041183,118.129587024,45.698840421));
#1291=CARTESIAN_POINT('',(51.881671048,118.129587024,45.667825559));
#1292=CARTESIAN_POINT('',(52.023553568,118.129587024,45.605795835));
#1293=B_SPLINE_CURVE_WITH_KNOTS('',3,(#1289,#1290,#1291,#1292),.UNSPECIFIED.,.F.,.F.,(4,4),(0.,1.),.UNSPECIFIED.);
#1294=EDGE_CURVE('',#1279,#1288,#1293,.T.);
#1295=ORIENTED_EDGE('',*,*,#1294,.T.);
#1296=CARTESIAN_POINT('',(52.347545075,118.129587024,45.329107937));
#1297=VERTEX_POINT('',#1296);
#1298=CARTESIAN_POINT('',(52.023553568,118.129587024,45.605795835));
#1299=CARTESIAN_POINT('',(52.165436087,118.129587024,45.543834052));
#1300=CARTESIAN_POINT('',(52.273433257,118.129587024,45.451604752));
#1301=CARTESIAN_POINT('',(52.347545075,118.129587024,45.329107937));
#1302=B_SPLINE_CURVE_WITH_KNOTS('',3,(#1298,#1299,#1300,#1301),.UNSPECIFIED.,.F.,.F.,(4,4),(0.,1.),.UNSPECIFIED.);
#1303=EDGE_CURVE('',#1288,#1297,#1302,.T.);
#1304=ORIENTED_EDGE('',*,*,#1303,.T.);
#1305=CARTESIAN_POINT('',(52.458712804,118.129587024,44.898534689));
#1306=VERTEX_POINT('',#1305);
#1307=CARTESIAN_POINT('',(52.347545075,118.129587024,45.329107937));
#1308=CARTESIAN_POINT('',(52.421656894,118.129587024,45.206679062));
#1309=CARTESIAN_POINT('',(52.458712804,118.129587024,45.063154646));
#1310=CARTESIAN_POINT('',(52.458712804,118.129587024,44.898534689));
#1311=B_SPLINE_CURVE_WITH_KNOTS('',3,(#1307,#1308,#1309,#1310),.UNSPECIFIED.,.F.,.F.,(4,4),(0.,1.),.UNSPECIFIED.);
#1312=EDGE_CURVE('',#1297,#1306,#1311,.T.);
#1313=ORIENTED_EDGE('',*,*,#1312,.T.);
#1314=CARTESIAN_POINT('',(52.458712804,118.129587024,44.898534689));
#1315=CARTESIAN_POINT('',(52.458712804,118.129587024,44.723723648));
#1316=CARTESIAN_POINT('',(52.418316484,118.129587024,44.580912608));
#1317=CARTESIAN_POINT('',(52.337523844,118.129587024,44.470101568));
#1318=B_SPLINE_CURVE_WITH_KNOTS('',3,(#1314,#1315,#1316,#1317),.UNSPECIFIED.,.F.,.F.,(4,4),(0.,1.),.UNSPECIFIED.);
#1319=EDGE_CURVE('',#1306,#1125,#1318,.T.);
#1320=ORIENTED_EDGE('',*,*,#1319,.T.);
#1321=EDGE_LOOP('',(#1134,#1142,#1151,#1160,#1169,#1178,#1187,#1196,#1205,#1214,#1223,#1232,#1241,#1250,#1259,#1268,#1277,#1286,#1295,#1304,#1313,#1320));
#1322=FACE_BOUND('',#1321,.T.);
#1323=CARTESIAN_POINT('',(50.669753143,118.129587024,47.198356345));
#1324=VERTEX_POINT('',#1323);
#1325=CARTESIAN_POINT('',(51.012937857,118.129587024,47.401158893));
#1326=VERTEX_POINT('',#1325);
#1327=CARTESIAN_POINT('',(50.669753143,118.129587024,47.198356345));
#1328=CARTESIAN_POINT('',(50.752527383,118.129587024,47.311137661));
#1329=CARTESIAN_POINT('',(50.866922287,118.129587024,47.37873851));
#1330=CARTESIAN_POINT('',(51.012937857,118.129587024,47.401158893));
#1331=B_SPLINE_CURVE_WITH_KNOTS('',3,(#1327,#1328,#1329,#1330),.UNSPECIFIED.,.F.,.F.,(4,4),(0.,1.),.UNSPECIFIED.);
#1332=EDGE_CURVE('',#1324,#1326,#1331,.T.);
#1333=ORIENTED_EDGE('',*,*,#1332,.T.);
#1334=CARTESIAN_POINT('',(51.029243589,118.129587024,47.127222587));
#1335=VERTEX_POINT('',#1334);
#1336=CARTESIAN_POINT('',(51.012937857,118.129587024,47.401158893));
#1337=DIRECTION('',(0.059418638,-0.,-0.998233152));
#1338=VECTOR('',#1337,0.274421167);
#1339=LINE('',#1336,#1338);
#1340=EDGE_CURVE('',#1326,#1335,#1339,.T.);
#1341=ORIENTED_EDGE('',*,*,#1340,.T.);
#1342=CARTESIAN_POINT('',(50.833574799,118.129587024,47.023171631));
#1343=VERTEX_POINT('',#1342);
#1344=CARTESIAN_POINT('',(51.029243589,118.129587024,47.127222587));
#1345=CARTESIAN_POINT('',(50.939448826,118.129587024,47.102763988));
#1346=CARTESIAN_POINT('',(50.874225896,118.129587024,47.068080336));
#1347=CARTESIAN_POINT('',(50.833574799,118.129587024,47.023171631));
#1348=B_SPLINE_CURVE_WITH_KNOTS('',3,(#1344,#1345,#1346,#1347),.UNSPECIFIED.,.F.,.F.,(4,4),(0.,1.),.UNSPECIFIED.);
#1349=EDGE_CURVE('',#1335,#1343,#1348,.T.);
#1350=ORIENTED_EDGE('',*,*,#1349,.T.);
#1351=CARTESIAN_POINT('',(50.735740404,118.129587024,46.747808574));
#1352=VERTEX_POINT('',#1351);
#1353=CARTESIAN_POINT('',(50.833574799,118.129587024,47.023171631));
#1354=CARTESIAN_POINT('',(50.768351869,118.129587024,46.948708786));
#1355=CARTESIAN_POINT('',(50.735740404,118.129587024,46.856921101));
#1356=CARTESIAN_POINT('',(50.735740404,118.129587024,46.747808574));
#1357=B_SPLINE_CURVE_WITH_KNOTS('',3,(#1353,#1354,#1355,#1356),.UNSPECIFIED.,.F.,.F.,(4,4),(0.,1.),.UNSPECIFIED.);
#1358=EDGE_CURVE('',#1343,#1352,#1357,.T.);
#1359=ORIENTED_EDGE('',*,*,#1358,.T.);
#1360=CARTESIAN_POINT('',(50.796632124,118.129587024,46.51351558));
#1361=VERTEX_POINT('',#1360);
#1362=CARTESIAN_POINT('',(50.735740404,118.129587024,46.747808574));
#1363=CARTESIAN_POINT('',(50.735740404,118.129587024,46.660029381));
#1364=CARTESIAN_POINT('',(50.756037644,118.129587024,46.581931716));
#1365=CARTESIAN_POINT('',(50.796632124,118.129587024,46.51351558));
#1366=B_SPLINE_CURVE_WITH_KNOTS('',3,(#1362,#1363,#1364,#1365),.UNSPECIFIED.,.F.,.F.,(4,4),(0.,1.),.UNSPECIFIED.);
#1367=EDGE_CURVE('',#1352,#1361,#1366,.T.);
#1368=ORIENTED_EDGE('',*,*,#1367,.T.);
#1369=CARTESIAN_POINT('',(51.026101344,118.129587024,46.311630227));
#1370=VERTEX_POINT('',#1369);
#1371=CARTESIAN_POINT('',(50.796632124,118.129587024,46.51351558));
#1372=CARTESIAN_POINT('',(50.849002966,118.129587024,46.428929593));
#1373=CARTESIAN_POINT('',(50.925492705,118.129587024,46.361634476));
#1374=CARTESIAN_POINT('',(51.026101339,118.129587024,46.31163023));
#1375=B_SPLINE_CURVE_WITH_KNOTS('',3,(#1371,#1372,#1373,#1374),.UNSPECIFIED.,.F.,.F.,(4,4),(0.,1.),.UNSPECIFIED.);
#1376=EDGE_CURVE('',#1361,#1370,#1375,.T.);
#1377=ORIENTED_EDGE('',*,*,#1376,.T.);
#1378=CARTESIAN_POINT('',(51.457013969,118.129587024,46.2336687));
#1379=VERTEX_POINT('',#1378);
#1380=CARTESIAN_POINT('',(51.026101339,118.129587024,46.31163023));
#1381=CARTESIAN_POINT('',(51.126653356,118.129587024,46.261693924));
#1382=CARTESIAN_POINT('',(51.270291006,118.129587024,46.235706663));
#1383=CARTESIAN_POINT('',(51.45701429,118.129587024,46.233668447));
#1384=B_SPLINE_CURVE_WITH_KNOTS('',3,(#1380,#1381,#1382,#1383),.UNSPECIFIED.,.F.,.F.,(4,4),(0.,1.),.UNSPECIFIED.);
#1385=EDGE_CURVE('',#1370,#1379,#1384,.T.);
#1386=ORIENTED_EDGE('',*,*,#1385,.T.);
#1387=CARTESIAN_POINT('',(51.269753143,118.129587024,46.476827682));
#1388=VERTEX_POINT('',#1387);
#1389=CARTESIAN_POINT('',(51.45701429,118.129587024,46.233668447));
#1390=CARTESIAN_POINT('',(51.372937857,118.129587024,46.299910485));
#1391=CARTESIAN_POINT('',(51.310517475,118.129587024,46.380963564));
#1392=CARTESIAN_POINT('',(51.269753143,118.129587024,46.476827682));
#1393=B_SPLINE_CURVE_WITH_KNOTS('',3,(#1389,#1390,#1391,#1392),.UNSPECIFIED.,.F.,.F.,(4,4),(0.,1.),.UNSPECIFIED.);
#1394=EDGE_CURVE('',#1379,#1388,#1393,.T.);
#1395=ORIENTED_EDGE('',*,*,#1394,.T.);
#1396=CARTESIAN_POINT('',(51.208606646,118.129587024,46.77807609));
#1397=VERTEX_POINT('',#1396);
#1398=CARTESIAN_POINT('',(51.269753143,118.129587024,46.476827682));
#1399=CARTESIAN_POINT('',(51.228988812,118.129587024,46.572691801));
#1400=CARTESIAN_POINT('',(51.208606646,118.129587024,46.673107937));
#1401=CARTESIAN_POINT('',(51.208606646,118.129587024,46.77807609));
#1402=B_SPLINE_CURVE_WITH_KNOTS('',3,(#1398,#1399,#1400,#1401),.UNSPECIFIED.,.F.,.F.,(4,4),(0.,1.),.UNSPECIFIED.);
#1403=EDGE_CURVE('',#1388,#1397,#1402,.T.);
#1404=ORIENTED_EDGE('',*,*,#1403,.T.);
#1405=CARTESIAN_POINT('',(51.378373101,118.129587024,47.246763988));
#1406=VERTEX_POINT('',#1405);
#1407=CARTESIAN_POINT('',(51.208606646,118.129587024,46.77807609));
#1408=CARTESIAN_POINT('',(51.208606646,118.129587024,46.961583521));
#1409=CARTESIAN_POINT('',(51.265195465,118.129587024,47.11781282));
#1410=CARTESIAN_POINT('',(51.378373101,118.129587024,47.246763988));
#1411=B_SPLINE_CURVE_WITH_KNOTS('',3,(#1407,#1408,#1409,#1410),.UNSPECIFIED.,.F.,.F.,(4,4),(0.,1.),.UNSPECIFIED.);
#1412=EDGE_CURVE('',#1397,#1406,#1411,.T.);
#1413=ORIENTED_EDGE('',*,*,#1412,.T.);
#1414=CARTESIAN_POINT('',(51.81701429,118.129587024,47.440292651));
#1415=VERTEX_POINT('',#1414);
#1416=CARTESIAN_POINT('',(51.378373101,118.129587024,47.246763988));
#1417=CARTESIAN_POINT('',(51.49149412,118.129587024,47.375783096));
#1418=CARTESIAN_POINT('',(51.63770785,118.129587024,47.440292651));
#1419=CARTESIAN_POINT('',(51.81701429,118.129587024,47.440292651));
#1420=B_SPLINE_CURVE_WITH_KNOTS('',3,(#1416,#1417,#1418,#1419),.UNSPECIFIED.,.F.,.F.,(4,4),(0.,1.),.UNSPECIFIED.);
#1421=EDGE_CURVE('',#1406,#1415,#1420,.T.);
#1422=ORIENTED_EDGE('',*,*,#1421,.T.);
#1423=CARTESIAN_POINT('',(52.145591784,118.129587024,47.349286281));
#1424=VERTEX_POINT('',#1423);
#1425=CARTESIAN_POINT('',(51.81701429,118.129587024,47.440292651));
#1426=CARTESIAN_POINT('',(51.93483453,118.129587024,47.440292651));
#1427=CARTESIAN_POINT('',(52.044360362,118.129587024,47.409957194));
#1428=CARTESIAN_POINT('',(52.145591784,118.129587024,47.349286281));
#1429=B_SPLINE_CURVE_WITH_KNOTS('',3,(#1425,#1426,#1427,#1428),.UNSPECIFIED.,.F.,.F.,(4,4),(0.,1.),.UNSPECIFIED.);
#1430=EDGE_CURVE('',#1415,#1424,#1429,.T.);
#1431=ORIENTED_EDGE('',*,*,#1430,.T.);
#1432=CARTESIAN_POINT('',(52.378033398,118.129587024,47.099197109));
#1433=VERTEX_POINT('',#1432);
#1434=CARTESIAN_POINT('',(52.145591784,118.129587024,47.349286281));
#1435=CARTESIAN_POINT('',(52.24676659,118.129587024,47.288615368));
#1436=CARTESIAN_POINT('',(52.324247128,118.129587024,47.205252311));
#1437=CARTESIAN_POINT('',(52.378033398,118.129587024,47.099197109));
#1438=B_SPLINE_CURVE_WITH_KNOTS('',3,(#1434,#1435,#1436,#1437),.UNSPECIFIED.,.F.,.F.,(4,4),(0.,1.),.UNSPECIFIED.);
#1439=EDGE_CURVE('',#1424,#1433,#1438,.T.);
#1440=ORIENTED_EDGE('',*,*,#1439,.T.);
#1441=CARTESIAN_POINT('',(52.458712804,118.129587024,46.738228956));
#1442=VERTEX_POINT('',#1441);
#1443=CARTESIAN_POINT('',(52.378033398,118.129587024,47.099197109));
#1444=CARTESIAN_POINT('',(52.431819668,118.129587024,46.993141907));
#1445=CARTESIAN_POINT('',(52.458712804,118.129587024,46.87281919));
#1446=CARTESIAN_POINT('',(52.458712804,118.129587024,46.738228956));
#1447=B_SPLINE_CURVE_WITH_KNOTS('',3,(#1443,#1444,#1445,#1446),.UNSPECIFIED.,.F.,.F.,(4,4),(0.,1.),.UNSPECIFIED.);
#1448=EDGE_CURVE('',#1433,#1442,#1447,.T.);
#1449=ORIENTED_EDGE('',*,*,#1448,.T.);
#1450=CARTESIAN_POINT('',(52.247247835,118.129587024,46.176904116));
#1451=VERTEX_POINT('',#1450);
#1452=CARTESIAN_POINT('',(52.458712804,118.129587024,46.738228956));
#1453=CARTESIAN_POINT('',(52.458712804,118.129587024,46.508793712));
#1454=CARTESIAN_POINT('',(52.388224481,118.129587024,46.321685432));
#1455=CARTESIAN_POINT('',(52.247247835,118.129587024,46.176904116));
#1456=B_SPLINE_CURVE_WITH_KNOTS('',3,(#1452,#1453,#1454,#1455),.UNSPECIFIED.,.F.,.F.,(4,4),(0.,1.),.UNSPECIFIED.);
#1457=EDGE_CURVE('',#1442,#1451,#1456,.T.);
#1458=ORIENTED_EDGE('',*,*,#1457,.T.);
#1459=CARTESIAN_POINT('',(51.55000792,118.129587024,45.959732141));
#1460=VERTEX_POINT('',#1459);
#1461=CARTESIAN_POINT('',(52.247247835,118.129587024,46.176904116));
#1462=CARTESIAN_POINT('',(52.106214573,118.129587024,46.032122799));
#1463=CARTESIAN_POINT('',(51.873801268,118.129587024,45.959732141));
#1464=CARTESIAN_POINT('',(51.55000792,118.129587024,45.959732141));
#1465=B_SPLINE_CURVE_WITH_KNOTS('',3,(#1461,#1462,#1463,#1464),.UNSPECIFIED.,.F.,.F.,(4,4),(0.,1.),.UNSPECIFIED.);
#1466=EDGE_CURVE('',#1451,#1460,#1465,.T.);
#1467=ORIENTED_EDGE('',*,*,#1466,.T.);
#1468=CARTESIAN_POINT('',(50.760199003,118.129587024,46.199935963));
#1469=VERTEX_POINT('',#1468);
#1470=CARTESIAN_POINT('',(51.55000792,118.129587024,45.959732141));
#1471=CARTESIAN_POINT('',(51.187941395,118.129587024,45.959732141));
#1472=CARTESIAN_POINT('',(50.924671756,118.129587024,46.039800082));
#1473=CARTESIAN_POINT('',(50.760199003,118.129587024,46.199935963));
#1474=B_SPLINE_CURVE_WITH_KNOTS('',3,(#1470,#1471,#1472,#1473),.UNSPECIFIED.,.F.,.F.,(4,4),(0.,1.),.UNSPECIFIED.);
#1475=EDGE_CURVE('',#1460,#1469,#1474,.T.);
#1476=ORIENTED_EDGE('',*,*,#1475,.T.);
#1477=CARTESIAN_POINT('',(50.545506859,118.129587024,46.764623861));
#1478=VERTEX_POINT('',#1477);
#1479=CARTESIAN_POINT('',(50.760199003,118.129587024,46.199935963));
#1480=CARTESIAN_POINT('',(50.617070907,118.129587024,46.339689678));
#1481=CARTESIAN_POINT('',(50.545506859,118.129587024,46.527918978));
#1482=CARTESIAN_POINT('',(50.545506859,118.129587024,46.764623861));
#1483=B_SPLINE_CURVE_WITH_KNOTS('',3,(#1479,#1480,#1481,#1482),.UNSPECIFIED.,.F.,.F.,(4,4),(0.,1.),.UNSPECIFIED.);
#1484=EDGE_CURVE('',#1469,#1478,#1483,.T.);
#1485=ORIENTED_EDGE('',*,*,#1484,.T.);
#1486=CARTESIAN_POINT('',(50.545506859,118.129587024,46.764623861));
#1487=CARTESIAN_POINT('',(50.545506859,118.129587024,46.941065474));
#1488=CARTESIAN_POINT('',(50.586922287,118.129587024,47.085642969));
#1489=CARTESIAN_POINT('',(50.669753143,118.129587024,47.198356345));
#1490=B_SPLINE_CURVE_WITH_KNOTS('',3,(#1486,#1487,#1488,#1489),.UNSPECIFIED.,.F.,.F.,(4,4),(0.,1.),.UNSPECIFIED.);
#1491=EDGE_CURVE('',#1478,#1324,#1490,.T.);
#1492=ORIENTED_EDGE('',*,*,#1491,.T.);
#1493=EDGE_LOOP('',(#1333,#1341,#1350,#1359,#1368,#1377,#1386,#1395,#1404,#1413,#1422,#1431,#1440,#1449,#1458,#1467,#1476,#1485,#1492));
#1494=FACE_BOUND('',#1493,.T.);
#1495=CARTESIAN_POINT('',(52.426101339,118.129587024,37.832955071));
#1496=VERTEX_POINT('',#1495);
#1497=CARTESIAN_POINT('',(52.426101339,118.129587024,37.545974179));
#1498=VERTEX_POINT('',#1497);
#1499=CARTESIAN_POINT('',(52.426101339,118.129587024,37.832955071));
#1500=DIRECTION('',(-0.,-0.,-1.));
#1501=VECTOR('',#1500,0.286980892);
#1502=LINE('',#1499,#1501);
#1503=EDGE_CURVE('',#1496,#1498,#1502,.T.);
#1504=ORIENTED_EDGE('',*,*,#1503,.T.);
#1505=CARTESIAN_POINT('',(50.556377347,118.129587024,37.545974179));
#1506=VERTEX_POINT('',#1505);
#1507=CARTESIAN_POINT('',(52.426101339,118.129587024,37.545974179));
#1508=DIRECTION('',(-1.,0.,0.));
#1509=VECTOR('',#1508,1.869723992);
#1510=LINE('',#1507,#1509);
#1511=EDGE_CURVE('',#1498,#1506,#1510,.T.);
#1512=ORIENTED_EDGE('',*,*,#1511,.T.);
#1513=CARTESIAN_POINT('',(50.556377347,118.129587024,37.991120676));
#1514=VERTEX_POINT('',#1513);
#1515=CARTESIAN_POINT('',(50.556377347,118.129587024,37.545974179));
#1516=DIRECTION('',(0.,0.,1.));
#1517=VECTOR('',#1516,0.445146497);
#1518=LINE('',#1515,#1517);
#1519=EDGE_CURVE('',#1506,#1514,#1518,.T.);
#1520=ORIENTED_EDGE('',*,*,#1519,.T.);
#1521=CARTESIAN_POINT('',(51.878670341,118.129587024,38.524318128));
#1522=VERTEX_POINT('',#1521);
#1523=CARTESIAN_POINT('',(50.556377347,118.129587024,37.991120676));
#1524=DIRECTION('',(0.927437873,-0.,0.37397726));
#1525=VECTOR('',#1524,1.425748324);
#1526=LINE('',#1523,#1525);
#1527=EDGE_CURVE('',#1514,#1522,#1526,.T.);
#1528=ORIENTED_EDGE('',*,*,#1527,.T.);
#1529=CARTESIAN_POINT('',(52.15510302,118.129587024,38.631936133));
#1530=VERTEX_POINT('',#1529);
#1531=CARTESIAN_POINT('',(51.878670341,118.129587024,38.524318128));
#1532=CARTESIAN_POINT('',(52.001812591,118.129587024,38.573507088));
#1533=CARTESIAN_POINT('',(52.093956965,118.129587024,38.609379699));
#1534=CARTESIAN_POINT('',(52.155103462,118.129587024,38.631935963));
#1535=B_SPLINE_CURVE_WITH_KNOTS('',3,(#1531,#1532,#1533,#1534),.UNSPECIFIED.,.F.,.F.,(4,4),(0.,1.),.UNSPECIFIED.);
#1536=EDGE_CURVE('',#1522,#1530,#1535,.T.);
#1537=ORIENTED_EDGE('',*,*,#1536,.T.);
#1538=CARTESIAN_POINT('',(51.855740404,118.129587024,38.754127045));
#1539=VERTEX_POINT('',#1538);
#1540=CARTESIAN_POINT('',(52.155103462,118.129587024,38.631935963));
#1541=CARTESIAN_POINT('',(52.08716291,118.129587024,38.658025135));
#1542=CARTESIAN_POINT('',(51.987375224,118.129587024,38.698755496));
#1543=CARTESIAN_POINT('',(51.855740404,118.129587024,38.754127045));
#1544=B_SPLINE_CURVE_WITH_KNOTS('',3,(#1540,#1541,#1542,#1543),.UNSPECIFIED.,.F.,.F.,(4,4),(0.,1.),.UNSPECIFIED.);
#1545=EDGE_CURVE('',#1530,#1539,#1544,.T.);
#1546=ORIENTED_EDGE('',*,*,#1545,.T.);
#1547=CARTESIAN_POINT('',(50.556377347,118.129587024,39.303935963));
#1548=VERTEX_POINT('',#1547);
#1549=CARTESIAN_POINT('',(51.855740404,118.129587024,38.754127045));
#1550=DIRECTION('',(-0.920947311,0.,0.389687118));
#1551=VECTOR('',#1550,1.410898366);
#1552=LINE('',#1549,#1551);
#1553=EDGE_CURVE('',#1539,#1548,#1552,.T.);
#1554=ORIENTED_EDGE('',*,*,#1553,.T.);
#1555=CARTESIAN_POINT('',(50.556377347,118.129587024,39.691808574));
#1556=VERTEX_POINT('',#1555);
#1557=CARTESIAN_POINT('',(50.556377347,118.129587024,39.303935963));
#1558=DIRECTION('',(0.,0.,1.));
#1559=VECTOR('',#1558,0.387872611);
#1560=LINE('',#1557,#1559);
#1561=EDGE_CURVE('',#1548,#1556,#1560,.T.);
#1562=ORIENTED_EDGE('',*,*,#1561,.T.);
#1563=CARTESIAN_POINT('',(52.426101339,118.129587024,39.691808574));
#1564=VERTEX_POINT('',#1563);
#1565=CARTESIAN_POINT('',(50.556377347,118.129587024,39.691808574));
#1566=DIRECTION('',(1.,-0.,-0.));
#1567=VECTOR('',#1566,1.869723992);
#1568=LINE('',#1565,#1567);
#1569=EDGE_CURVE('',#1556,#1564,#1568,.T.);
#1570=ORIENTED_EDGE('',*,*,#1569,.T.);
#1571=CARTESIAN_POINT('',(52.426101339,118.129587024,39.404827682));
#1572=VERTEX_POINT('',#1571);
#1573=CARTESIAN_POINT('',(52.426101339,118.129587024,39.691808574));
#1574=DIRECTION('',(-0.,-0.,-1.));
#1575=VECTOR('',#1574,0.286980892);
#1576=LINE('',#1573,#1575);
#1577=EDGE_CURVE('',#1564,#1572,#1576,.T.);
#1578=ORIENTED_EDGE('',*,*,#1577,.T.);
#1579=CARTESIAN_POINT('',(50.86075102,118.129587024,39.404827682));
#1580=VERTEX_POINT('',#1579);
#1581=CARTESIAN_POINT('',(52.426101339,118.129587024,39.404827682));
#1582=DIRECTION('',(-1.,0.,0.));
#1583=VECTOR('',#1582,1.565350319);
#1584=LINE('',#1581,#1583);
#1585=EDGE_CURVE('',#1572,#1580,#1584,.T.);
#1586=ORIENTED_EDGE('',*,*,#1585,.T.);
#1587=CARTESIAN_POINT('',(52.426101339,118.129587024,38.741082459));
#1588=VERTEX_POINT('',#1587);
#1589=CARTESIAN_POINT('',(50.86075102,118.129587024,39.404827682));
#1590=DIRECTION('',(0.920654252,-0.,-0.390378981));
#1591=VECTOR('',#1590,1.70025861);
#1592=LINE('',#1589,#1591);
#1593=EDGE_CURVE('',#1580,#1588,#1592,.T.);
#1594=ORIENTED_EDGE('',*,*,#1593,.T.);
#1595=CARTESIAN_POINT('',(52.426101339,118.129587024,38.481821313));
#1596=VERTEX_POINT('',#1595);
#1597=CARTESIAN_POINT('',(52.426101339,118.129587024,38.741082459));
#1598=DIRECTION('',(-0.,-0.,-1.));
#1599=VECTOR('',#1598,0.259261146);
#1600=LINE('',#1597,#1599);
#1601=EDGE_CURVE('',#1588,#1596,#1600,.T.);
#1602=ORIENTED_EDGE('',*,*,#1601,.T.);
#1603=CARTESIAN_POINT('',(50.839010044,118.129587024,37.832955071));
#1604=VERTEX_POINT('',#1603);
#1605=CARTESIAN_POINT('',(52.426101339,118.129587024,38.481821313));
#1606=DIRECTION('',(-0.925628358,0.,-0.378433803));
#1607=VECTOR('',#1606,1.714609629);
#1608=LINE('',#1605,#1607);
#1609=EDGE_CURVE('',#1596,#1604,#1608,.T.);
#1610=ORIENTED_EDGE('',*,*,#1609,.T.);
#1611=CARTESIAN_POINT('',(50.839010044,118.129587024,37.832955071));
#1612=DIRECTION('',(1.,-0.,-0.));
#1613=VECTOR('',#1612,1.587091295);
#1614=LINE('',#1611,#1613);
#1615=EDGE_CURVE('',#1604,#1496,#1614,.T.);
#1616=ORIENTED_EDGE('',*,*,#1615,.T.);
#1617=EDGE_LOOP('',(#1504,#1512,#1520,#1528,#1537,#1546,#1554,#1562,#1570,#1578,#1586,#1594,#1602,#1610,#1616));
#1618=FACE_BOUND('',#1617,.T.);
#1619=CARTESIAN_POINT('',(51.697778621,118.129587024,41.870254434));
#1620=VERTEX_POINT('',#1619);
#1621=CARTESIAN_POINT('',(51.697778621,118.129587024,41.218025135));
#1622=VERTEX_POINT('',#1621);
#1623=CARTESIAN_POINT('',(51.697778621,118.129587024,41.870254434));
#1624=DIRECTION('',(-0.,-0.,-1.));
#1625=VECTOR('',#1624,0.652229299);
#1626=LINE('',#1623,#1625);
#1627=EDGE_CURVE('',#1620,#1622,#1626,.T.);
#1628=ORIENTED_EDGE('',*,*,#1627,.T.);
#1629=CARTESIAN_POINT('',(51.47493361,118.129587024,41.218025135));
#1630=VERTEX_POINT('',#1629);
#1631=CARTESIAN_POINT('',(51.697778621,118.129587024,41.218025135));
#1632=DIRECTION('',(-1.,0.,0.));
#1633=VECTOR('',#1632,0.222845011);
#1634=LINE('',#1631,#1633);
#1635=EDGE_CURVE('',#1622,#1630,#1634,.T.);
#1636=ORIENTED_EDGE('',*,*,#1635,.T.);
#1637=CARTESIAN_POINT('',(51.47493361,118.129587024,42.163757619));
#1638=VERTEX_POINT('',#1637);
#1639=CARTESIAN_POINT('',(51.47493361,118.129587024,41.218025135));
#1640=DIRECTION('',(0.,0.,1.));
#1641=VECTOR('',#1640,0.945732484);
#1642=LINE('',#1639,#1641);
#1643=EDGE_CURVE('',#1630,#1638,#1642,.T.);
#1644=ORIENTED_EDGE('',*,*,#1643,.T.);
#1645=CARTESIAN_POINT('',(52.167247835,118.129587024,42.163757619));
#1646=VERTEX_POINT('',#1645);
#1647=CARTESIAN_POINT('',(51.47493361,118.129587024,42.163757619));
#1648=DIRECTION('',(1.,-0.,-0.));
#1649=VECTOR('',#1648,0.692314225);
#1650=LINE('',#1647,#1649);
#1651=EDGE_CURVE('',#1638,#1646,#1650,.T.);
#1652=ORIENTED_EDGE('',*,*,#1651,.T.);
#1653=CARTESIAN_POINT('',(52.385591784,118.129587024,41.713923224));
#1654=VERTEX_POINT('',#1653);
#1655=CARTESIAN_POINT('',(52.167247835,118.129587024,42.163757619));
#1656=CARTESIAN_POINT('',(52.264006505,118.129587024,42.018364837));
#1657=CARTESIAN_POINT('',(52.336787821,118.129587024,41.868420039));
#1658=CARTESIAN_POINT('',(52.385591784,118.129587024,41.713923224));
#1659=B_SPLINE_CURVE_WITH_KNOTS('',3,(#1655,#1656,#1657,#1658),.UNSPECIFIED.,.F.,.F.,(4,4),(0.,1.),.UNSPECIFIED.);
#1660=EDGE_CURVE('',#1646,#1654,#1659,.T.);
#1661=ORIENTED_EDGE('',*,*,#1660,.T.);
#1662=CARTESIAN_POINT('',(52.458712804,118.129587024,41.238203479));
#1663=VERTEX_POINT('',#1662);
#1664=CARTESIAN_POINT('',(52.385591784,118.129587024,41.713923224));
#1665=CARTESIAN_POINT('',(52.434339131,118.129587024,41.559426409));
#1666=CARTESIAN_POINT('',(52.458712804,118.129587024,41.40085316));
#1667=CARTESIAN_POINT('',(52.458712804,118.129587024,41.238203479));
#1668=B_SPLINE_CURVE_WITH_KNOTS('',3,(#1664,#1665,#1666,#1667),.UNSPECIFIED.,.F.,.F.,(4,4),(0.,1.),.UNSPECIFIED.);
#1669=EDGE_CURVE('',#1654,#1663,#1668,.T.);
#1670=ORIENTED_EDGE('',*,*,#1669,.T.);
#1671=CARTESIAN_POINT('',(52.340666094,118.129587024,40.639783096));
#1672=VERTEX_POINT('',#1671);
#1673=CARTESIAN_POINT('',(52.458712804,118.129587024,41.238203479));
#1674=CARTESIAN_POINT('',(52.458712804,118.129587024,41.018687555));
#1675=CARTESIAN_POINT('',(52.419363901,118.129587024,40.819214094));
#1676=CARTESIAN_POINT('',(52.340666094,118.129587024,40.639783096));
#1677=B_SPLINE_CURVE_WITH_KNOTS('',3,(#1673,#1674,#1675,#1676),.UNSPECIFIED.,.F.,.F.,(4,4),(0.,1.),.UNSPECIFIED.);
#1678=EDGE_CURVE('',#1663,#1672,#1677,.T.);
#1679=ORIENTED_EDGE('',*,*,#1678,.T.);
#1680=CARTESIAN_POINT('',(51.999264821,118.129587024,40.233362714));
#1681=VERTEX_POINT('',#1680);
#1682=CARTESIAN_POINT('',(52.340666094,118.129587024,40.639783096));
#1683=CARTESIAN_POINT('',(52.261968288,118.129587024,40.460352099));
#1684=CARTESIAN_POINT('',(52.148167864,118.129587024,40.324878638));
#1685=CARTESIAN_POINT('',(51.999264821,118.129587024,40.233362714));
#1686=B_SPLINE_CURVE_WITH_KNOTS('',3,(#1682,#1683,#1684,#1685),.UNSPECIFIED.,.F.,.F.,(4,4),(0.,1.),.UNSPECIFIED.);
#1687=EDGE_CURVE('',#1672,#1681,#1686,.T.);
#1688=ORIENTED_EDGE('',*,*,#1687,.T.);
#1689=CARTESIAN_POINT('',(51.50015654,118.129587024,40.09619074));
#1690=VERTEX_POINT('',#1689);
#1691=CARTESIAN_POINT('',(51.999264821,118.129587024,40.233362714));
#1692=CARTESIAN_POINT('',(51.85030516,118.129587024,40.141914731));
#1693=CARTESIAN_POINT('',(51.683935734,118.129587024,40.09619074));
#1694=CARTESIAN_POINT('',(51.50015654,118.129587024,40.09619074));
#1695=B_SPLINE_CURVE_WITH_KNOTS('',3,(#1691,#1692,#1693,#1694),.UNSPECIFIED.,.F.,.F.,(4,4),(0.,1.),.UNSPECIFIED.);
#1696=EDGE_CURVE('',#1681,#1690,#1695,.T.);
#1697=ORIENTED_EDGE('',*,*,#1696,.T.);
#1698=CARTESIAN_POINT('',(50.990262697,118.129587024,40.232649338));
#1699=VERTEX_POINT('',#1698);
#1700=CARTESIAN_POINT('',(51.50015654,118.129587024,40.09619074));
#1701=CARTESIAN_POINT('',(51.318075861,118.129587024,40.09619074));
#1702=CARTESIAN_POINT('',(51.148111247,118.129587024,40.141676939));
#1703=CARTESIAN_POINT('',(50.990262697,118.129587024,40.232649338));
#1704=B_SPLINE_CURVE_WITH_KNOTS('',3,(#1700,#1701,#1702,#1703),.UNSPECIFIED.,.F.,.F.,(4,4),(0.,1.),.UNSPECIFIED.);
#1705=EDGE_CURVE('',#1690,#1699,#1704,.T.);
#1706=ORIENTED_EDGE('',*,*,#1705,.T.);
#1707=CARTESIAN_POINT('',(50.638670341,118.129587024,40.625209848));
#1708=VERTEX_POINT('',#1707);
#1709=CARTESIAN_POINT('',(50.990262697,118.129587024,40.232649338));
#1710=CARTESIAN_POINT('',(50.832414148,118.129587024,40.323621738));
#1711=CARTESIAN_POINT('',(50.715216696,118.129587024,40.454475241));
#1712=CARTESIAN_POINT('',(50.638670341,118.129587024,40.625209848));
#1713=B_SPLINE_CURVE_WITH_KNOTS('',3,(#1709,#1710,#1711,#1712),.UNSPECIFIED.,.F.,.F.,(4,4),(0.,1.),.UNSPECIFIED.);
#1714=EDGE_CURVE('',#1699,#1708,#1713,.T.);
#1715=ORIENTED_EDGE('',*,*,#1714,.T.);
#1716=CARTESIAN_POINT('',(50.523765882,118.129587024,41.215171631));
#1717=VERTEX_POINT('',#1716);
#1718=CARTESIAN_POINT('',(50.638670341,118.129587024,40.625209848));
#1719=CARTESIAN_POINT('',(50.562067368,118.129587024,40.795944455));
#1720=CARTESIAN_POINT('',(50.523765882,118.129587024,40.992598383));
#1721=CARTESIAN_POINT('',(50.523765882,118.129587024,41.215171631));
#1722=B_SPLINE_CURVE_WITH_KNOTS('',3,(#1718,#1719,#1720,#1721),.UNSPECIFIED.,.F.,.F.,(4,4),(0.,1.),.UNSPECIFIED.);
#1723=EDGE_CURVE('',#1708,#1717,#1722,.T.);
#1724=ORIENTED_EDGE('',*,*,#1723,.T.);
#1725=CARTESIAN_POINT('',(50.589668218,118.129587024,41.653388192));
#1726=VERTEX_POINT('',#1725);
#1727=CARTESIAN_POINT('',(50.523765882,118.129587024,41.215171631));
#1728=CARTESIAN_POINT('',(50.523765882,118.129587024,41.376734264));
#1729=CARTESIAN_POINT('',(50.545733327,118.129587024,41.522806451));
#1730=CARTESIAN_POINT('',(50.589668218,118.129587024,41.653388192));
#1731=B_SPLINE_CURVE_WITH_KNOTS('',3,(#1727,#1728,#1729,#1730),.UNSPECIFIED.,.F.,.F.,(4,4),(0.,1.),.UNSPECIFIED.);
#1732=EDGE_CURVE('',#1717,#1726,#1731,.T.);
#1733=ORIENTED_EDGE('',*,*,#1732,.T.);
#1734=CARTESIAN_POINT('',(50.77327756,118.129587024,41.960649338));
#1735=VERTEX_POINT('',#1734);
#1736=CARTESIAN_POINT('',(50.589668218,118.129587024,41.653388192));
#1737=CARTESIAN_POINT('',(50.633603108,118.129587024,41.784037873));
#1738=CARTESIAN_POINT('',(50.694806222,118.129587024,41.886458256));
#1739=CARTESIAN_POINT('',(50.773277559,118.129587024,41.960649338));
#1740=B_SPLINE_CURVE_WITH_KNOTS('',3,(#1736,#1737,#1738,#1739),.UNSPECIFIED.,.F.,.F.,(4,4),(0.,1.),.UNSPECIFIED.);
#1741=EDGE_CURVE('',#1726,#1735,#1740,.T.);
#1742=ORIENTED_EDGE('',*,*,#1741,.T.);
#1743=CARTESIAN_POINT('',(51.080368855,118.129587024,42.129821313));
#1744=VERTEX_POINT('',#1743);
#1745=CARTESIAN_POINT('',(50.773277559,118.129587024,41.960649338));
#1746=CARTESIAN_POINT('',(50.851748897,118.129587024,42.034840421));
#1747=CARTESIAN_POINT('',(50.954112662,118.129587024,42.091231079));
#1748=CARTESIAN_POINT('',(51.080368855,118.129587024,42.129821313));
#1749=B_SPLINE_CURVE_WITH_KNOTS('',3,(#1745,#1746,#1747,#1748),.UNSPECIFIED.,.F.,.F.,(4,4),(0.,1.),.UNSPECIFIED.);
#1750=EDGE_CURVE('',#1735,#1744,#1749,.T.);
#1751=ORIENTED_EDGE('',*,*,#1750,.T.);
#1752=CARTESIAN_POINT('',(51.141515351,118.129587024,41.859655708));
#1753=VERTEX_POINT('',#1752);
#1754=CARTESIAN_POINT('',(51.080368855,118.129587024,42.129821313));
#1755=DIRECTION('',(0.220746411,-0.,-0.975331237));
#1756=VECTOR('',#1755,0.276998823);
#1757=LINE('',#1754,#1756);
#1758=EDGE_CURVE('',#1744,#1753,#1757,.T.);
#1759=ORIENTED_EDGE('',*,*,#1758,.T.);
#1760=CARTESIAN_POINT('',(50.916462273,118.129587024,41.735018765));
#1761=VERTEX_POINT('',#1760);
#1762=CARTESIAN_POINT('',(51.141515351,118.129587024,41.859655708));
#1763=CARTESIAN_POINT('',(51.046115493,118.129587024,41.826228956));
#1764=CARTESIAN_POINT('',(50.9710978,118.129587024,41.784683309));
#1765=CARTESIAN_POINT('',(50.916462273,118.129587024,41.735018765));
#1766=B_SPLINE_CURVE_WITH_KNOTS('',3,(#1762,#1763,#1764,#1765),.UNSPECIFIED.,.F.,.F.,(4,4),(0.,1.),.UNSPECIFIED.);
#1767=EDGE_CURVE('',#1753,#1761,#1766,.T.);
#1768=ORIENTED_EDGE('',*,*,#1767,.T.);
#1769=CARTESIAN_POINT('',(50.78508223,118.129587024,41.522330866));
#1770=VERTEX_POINT('',#1769);
#1771=CARTESIAN_POINT('',(50.916462273,118.129587024,41.735018765));
#1772=CARTESIAN_POINT('',(50.861770128,118.129587024,41.685422162));
#1773=CARTESIAN_POINT('',(50.817976781,118.129587024,41.614526196));
#1774=CARTESIAN_POINT('',(50.78508223,118.129587024,41.522330867));
#1775=B_SPLINE_CURVE_WITH_KNOTS('',3,(#1771,#1772,#1773,#1774),.UNSPECIFIED.,.F.,.F.,(4,4),(0.,1.),.UNSPECIFIED.);
#1776=EDGE_CURVE('',#1761,#1770,#1775,.T.);
#1777=ORIENTED_EDGE('',*,*,#1776,.T.);
#1778=CARTESIAN_POINT('',(50.735740404,118.129587024,41.215477364));
#1779=VERTEX_POINT('',#1778);
#1780=CARTESIAN_POINT('',(50.78508223,118.129587024,41.522330867));
#1781=CARTESIAN_POINT('',(50.75218768,118.129587024,41.430203479));
#1782=CARTESIAN_POINT('',(50.735740404,118.129587024,41.327918978));
#1783=CARTESIAN_POINT('',(50.735740404,118.129587024,41.215477364));
#1784=B_SPLINE_CURVE_WITH_KNOTS('',3,(#1780,#1781,#1782,#1783),.UNSPECIFIED.,.F.,.F.,(4,4),(0.,1.),.UNSPECIFIED.);
#1785=EDGE_CURVE('',#1770,#1779,#1784,.T.);
#1786=ORIENTED_EDGE('',*,*,#1785,.T.);
#1787=CARTESIAN_POINT('',(50.78746015,118.129587024,40.866127045));
#1788=VERTEX_POINT('',#1787);
#1789=CARTESIAN_POINT('',(50.735740404,118.129587024,41.215477364));
#1790=CARTESIAN_POINT('',(50.735740404,118.129587024,41.08081919));
#1791=CARTESIAN_POINT('',(50.75298032,118.129587024,40.964369084));
#1792=CARTESIAN_POINT('',(50.78746015,118.129587024,40.866127045));
#1793=B_SPLINE_CURVE_WITH_KNOTS('',3,(#1789,#1790,#1791,#1792),.UNSPECIFIED.,.F.,.F.,(4,4),(0.,1.),.UNSPECIFIED.);
#1794=EDGE_CURVE('',#1779,#1788,#1793,.T.);
#1795=ORIENTED_EDGE('',*,*,#1794,.T.);
#1796=CARTESIAN_POINT('',(50.923426179,118.129587024,40.628369084));
#1797=VERTEX_POINT('',#1796);
#1798=CARTESIAN_POINT('',(50.78746015,118.129587024,40.866127045));
#1799=CARTESIAN_POINT('',(50.82193998,118.129587024,40.767885007));
#1800=CARTESIAN_POINT('',(50.86726199,118.129587024,40.688632353));
#1801=CARTESIAN_POINT('',(50.923426179,118.129587024,40.628369084));
#1802=B_SPLINE_CURVE_WITH_KNOTS('',3,(#1798,#1799,#1800,#1801),.UNSPECIFIED.,.F.,.F.,(4,4),(0.,1.),.UNSPECIFIED.);
#1803=EDGE_CURVE('',#1788,#1797,#1802,.T.);
#1804=ORIENTED_EDGE('',*,*,#1803,.T.);
#1805=CARTESIAN_POINT('',(51.108564184,118.129587024,40.487834052));
#1806=VERTEX_POINT('',#1805);
#1807=CARTESIAN_POINT('',(50.923426179,118.129587024,40.628369084));
#1808=CARTESIAN_POINT('',(50.979590369,118.129587024,40.568105814));
#1809=CARTESIAN_POINT('',(51.041303037,118.129587024,40.521260803));
#1810=CARTESIAN_POINT('',(51.108564184,118.129587024,40.487834052));
#1811=B_SPLINE_CURVE_WITH_KNOTS('',3,(#1807,#1808,#1809,#1810),.UNSPECIFIED.,.F.,.F.,(4,4),(0.,1.),.UNSPECIFIED.);
#1812=EDGE_CURVE('',#1797,#1806,#1811,.T.);
#1813=ORIENTED_EDGE('',*,*,#1812,.T.);
#1814=CARTESIAN_POINT('',(51.485124693,118.129587024,40.40273851));
#1815=VERTEX_POINT('',#1814);
#1816=CARTESIAN_POINT('',(51.108564184,118.129587024,40.487834052));
#1817=CARTESIAN_POINT('',(51.224289591,118.129587024,40.431103691));
#1818=CARTESIAN_POINT('',(51.34980976,118.129587024,40.40273851));
#1819=CARTESIAN_POINT('',(51.485124693,118.129587024,40.40273851));
#1820=B_SPLINE_CURVE_WITH_KNOTS('',3,(#1816,#1817,#1818,#1819),.UNSPECIFIED.,.F.,.F.,(4,4),(0.,1.),.UNSPECIFIED.);
#1821=EDGE_CURVE('',#1806,#1815,#1820,.T.);
#1822=ORIENTED_EDGE('',*,*,#1821,.T.);
#1823=CARTESIAN_POINT('',(51.903978196,118.129587024,40.505260803));
#1824=VERTEX_POINT('',#1823);
#1825=CARTESIAN_POINT('',(51.485124693,118.129587024,40.40273851));
#1826=CARTESIAN_POINT('',(51.651975366,118.129587024,40.40273851));
#1827=CARTESIAN_POINT('',(51.7915932,118.129587024,40.436912608));
#1828=CARTESIAN_POINT('',(51.903978196,118.129587024,40.505260803));
#1829=B_SPLINE_CURVE_WITH_KNOTS('',3,(#1825,#1826,#1827,#1828),.UNSPECIFIED.,.F.,.F.,(4,4),(0.,1.),.UNSPECIFIED.);
#1830=EDGE_CURVE('',#1815,#1824,#1829,.T.);
#1831=ORIENTED_EDGE('',*,*,#1830,.T.);
#1832=CARTESIAN_POINT('',(52.154169279,118.129587024,40.803757619));
#1833=VERTEX_POINT('',#1832);
#1834=CARTESIAN_POINT('',(51.903978196,118.129587024,40.505260803));
#1835=CARTESIAN_POINT('',(52.016306576,118.129587024,40.573608999));
#1836=CARTESIAN_POINT('',(52.099703603,118.129587024,40.673107937));
#1837=CARTESIAN_POINT('',(52.154169279,118.129587024,40.803757619));
#1838=B_SPLINE_CURVE_WITH_KNOTS('',3,(#1834,#1835,#1836,#1837),.UNSPECIFIED.,.F.,.F.,(4,4),(0.,1.),.UNSPECIFIED.);
#1839=EDGE_CURVE('',#1824,#1833,#1838,.T.);
#1840=ORIENTED_EDGE('',*,*,#1839,.T.);
#1841=CARTESIAN_POINT('',(52.235867793,118.129587024,41.220063351));
#1842=VERTEX_POINT('',#1841);
#1843=CARTESIAN_POINT('',(52.154169279,118.129587024,40.803757619));
#1844=CARTESIAN_POINT('',(52.208634955,118.129587024,40.9344073));
#1845=CARTESIAN_POINT('',(52.235867793,118.129587024,41.073175878));
#1846=CARTESIAN_POINT('',(52.235867793,118.129587024,41.220063351));
#1847=B_SPLINE_CURVE_WITH_KNOTS('',3,(#1843,#1844,#1845,#1846),.UNSPECIFIED.,.F.,.F.,(4,4),(0.,1.),.UNSPECIFIED.);
#1848=EDGE_CURVE('',#1833,#1842,#1847,.T.);
#1849=ORIENTED_EDGE('',*,*,#1848,.T.);
#1850=CARTESIAN_POINT('',(52.174466519,118.129587024,41.593770358));
#1851=VERTEX_POINT('',#1850);
#1852=CARTESIAN_POINT('',(52.235867793,118.129587024,41.220063351));
#1853=CARTESIAN_POINT('',(52.235867793,118.129587024,41.347655708));
#1854=CARTESIAN_POINT('',(52.215400702,118.129587024,41.47222471));
#1855=CARTESIAN_POINT('',(52.174466519,118.129587024,41.593770358));
#1856=B_SPLINE_CURVE_WITH_KNOTS('',3,(#1852,#1853,#1854,#1855),.UNSPECIFIED.,.F.,.F.,(4,4),(0.,1.),.UNSPECIFIED.);
#1857=EDGE_CURVE('',#1842,#1851,#1856,.T.);
#1858=ORIENTED_EDGE('',*,*,#1857,.T.);
#1859=CARTESIAN_POINT('',(52.043426179,118.129587024,41.870254434));
#1860=VERTEX_POINT('',#1859);
#1861=CARTESIAN_POINT('',(52.174466519,118.129587024,41.593770358));
#1862=CARTESIAN_POINT('',(52.133532337,118.129587024,41.715316005));
#1863=CARTESIAN_POINT('',(52.089852223,118.129587024,41.807477364));
#1864=CARTESIAN_POINT('',(52.043426179,118.129587024,41.870254434));
#1865=B_SPLINE_CURVE_WITH_KNOTS('',3,(#1861,#1862,#1863,#1864),.UNSPECIFIED.,.F.,.F.,(4,4),(0.,1.),.UNSPECIFIED.);
#1866=EDGE_CURVE('',#1851,#1860,#1865,.T.);
#1867=ORIENTED_EDGE('',*,*,#1866,.T.);
#1868=CARTESIAN_POINT('',(52.043426179,118.129587024,41.870254434));
#1869=DIRECTION('',(-1.,0.,0.));
#1870=VECTOR('',#1869,0.345647558);
#1871=LINE('',#1868,#1870);
#1872=EDGE_CURVE('',#1860,#1620,#1871,.T.);
#1873=ORIENTED_EDGE('',*,*,#1872,.T.);
#1874=EDGE_LOOP('',(#1628,#1636,#1644,#1652,#1661,#1670,#1679,#1688,#1697,#1706,#1715,#1724,#1733,#1742,#1751,#1759,#1768,#1777,#1786,#1795,#1804,#1813,#1822,#1831,#1840,#1849,
#1858,#1867,#1873));
#1875=FACE_BOUND('',#1874,.T.);
#1876=CARTESIAN_POINT('',(52.426101339,118.129587024,48.131655708));
#1877=VERTEX_POINT('',#1876);
#1878=CARTESIAN_POINT('',(52.426101339,118.129587024,47.838152523));
#1879=VERTEX_POINT('',#1878);
#1880=CARTESIAN_POINT('',(52.426101339,118.129587024,48.131655708));
#1881=DIRECTION('',(-0.,-0.,-1.));
#1882=VECTOR('',#1881,0.293503185);
#1883=LINE('',#1880,#1882);
#1884=EDGE_CURVE('',#1877,#1879,#1883,.T.);
#1885=ORIENTED_EDGE('',*,*,#1884,.T.);
#1886=CARTESIAN_POINT('',(50.556377347,118.129587024,47.838152523));
#1887=VERTEX_POINT('',#1886);
#1888=CARTESIAN_POINT('',(52.426101339,118.129587024,47.838152523));
#1889=DIRECTION('',(-1.,0.,0.));
#1890=VECTOR('',#1889,1.869723992);
#1891=LINE('',#1888,#1890);
#1892=EDGE_CURVE('',#1879,#1887,#1891,.T.);
#1893=ORIENTED_EDGE('',*,*,#1892,.T.);
#1894=CARTESIAN_POINT('',(50.556377347,118.129587024,48.828012396));
#1895=VERTEX_POINT('',#1894);
#1896=CARTESIAN_POINT('',(50.556377347,118.129587024,47.838152523));
#1897=DIRECTION('',(0.,0.,1.));
#1898=VECTOR('',#1897,0.989859873);
#1899=LINE('',#1896,#1898);
#1900=EDGE_CURVE('',#1887,#1895,#1899,.T.);
#1901=ORIENTED_EDGE('',*,*,#1900,.T.);
#1902=CARTESIAN_POINT('',(50.606653356,118.129587024,49.283146154));
#1903=VERTEX_POINT('',#1902);
#1904=CARTESIAN_POINT('',(50.556377347,118.129587024,48.828012396));
#1905=CARTESIAN_POINT('',(50.556377347,118.129587024,49.027553797));
#1906=CARTESIAN_POINT('',(50.573136017,118.129587024,49.17926505));
#1907=CARTESIAN_POINT('',(50.606653356,118.129587024,49.283146154));
#1908=B_SPLINE_CURVE_WITH_KNOTS('',3,(#1904,#1905,#1906,#1907),.UNSPECIFIED.,.F.,.F.,(4,4),(0.,1.),.UNSPECIFIED.);
#1909=EDGE_CURVE('',#1895,#1903,#1908,.T.);
#1910=ORIENTED_EDGE('',*,*,#1909,.T.);
#1911=CARTESIAN_POINT('',(50.784063122,118.129587024,49.532114307));
#1912=VERTEX_POINT('',#1911);
#1913=CARTESIAN_POINT('',(50.606653356,118.129587024,49.283146154));
#1914=CARTESIAN_POINT('',(50.640114077,118.129587024,49.387027258));
#1915=CARTESIAN_POINT('',(50.699250666,118.129587024,49.470016642));
#1916=CARTESIAN_POINT('',(50.784063122,118.129587024,49.532114307));
#1917=B_SPLINE_CURVE_WITH_KNOTS('',3,(#1913,#1914,#1915,#1916),.UNSPECIFIED.,.F.,.F.,(4,4),(0.,1.),.UNSPECIFIED.);
#1918=EDGE_CURVE('',#1903,#1912,#1917,.T.);
#1919=ORIENTED_EDGE('',*,*,#1918,.T.);
#1920=CARTESIAN_POINT('',(51.065167156,118.129587024,49.625260803));
#1921=VERTEX_POINT('',#1920);
#1922=CARTESIAN_POINT('',(50.784063122,118.129587024,49.532114307));
#1923=CARTESIAN_POINT('',(50.868875578,118.129587024,49.594211971));
#1924=CARTESIAN_POINT('',(50.962576923,118.129587024,49.625260803));
#1925=CARTESIAN_POINT('',(51.065167156,118.129587024,49.625260803));
#1926=B_SPLINE_CURVE_WITH_KNOTS('',3,(#1922,#1923,#1924,#1925),.UNSPECIFIED.,.F.,.F.,(4,4),(0.,1.),.UNSPECIFIED.);
#1927=EDGE_CURVE('',#1912,#1921,#1926,.T.);
#1928=ORIENTED_EDGE('',*,*,#1927,.T.);
#1929=CARTESIAN_POINT('',(51.399774376,118.129587024,49.470967809));
#1930=VERTEX_POINT('',#1929);
#1931=CARTESIAN_POINT('',(51.065167156,118.129587024,49.625260803));
#1932=CARTESIAN_POINT('',(51.197481381,118.129587024,49.625260803));
#1933=CARTESIAN_POINT('',(51.309017121,118.129587024,49.573829806));
#1934=CARTESIAN_POINT('',(51.399774375,118.129587024,49.47096781));
#1935=B_SPLINE_CURVE_WITH_KNOTS('',3,(#1931,#1932,#1933,#1934),.UNSPECIFIED.,.F.,.F.,(4,4),(0.,1.),.UNSPECIFIED.);
#1936=EDGE_CURVE('',#1921,#1930,#1935,.T.);
#1937=ORIENTED_EDGE('',*,*,#1936,.T.);
#1938=CARTESIAN_POINT('',(51.572768201,118.129587024,48.994535175));
#1939=VERTEX_POINT('',#1938);
#1940=CARTESIAN_POINT('',(51.399774375,118.129587024,49.47096781));
#1941=CARTESIAN_POINT('',(51.490531629,118.129587024,49.368173755));
#1942=CARTESIAN_POINT('',(51.548196172,118.129587024,49.209362714));
#1943=CARTESIAN_POINT('',(51.572768005,118.129587024,48.994534689));
#1944=B_SPLINE_CURVE_WITH_KNOTS('',3,(#1940,#1941,#1942,#1943),.UNSPECIFIED.,.F.,.F.,(4,4),(0.,1.),.UNSPECIFIED.);
#1945=EDGE_CURVE('',#1930,#1939,#1944,.T.);
#1946=ORIENTED_EDGE('',*,*,#1945,.T.);
#1947=CARTESIAN_POINT('',(51.666186265,118.129587024,49.17308246));
#1948=VERTEX_POINT('',#1947);
#1949=CARTESIAN_POINT('',(51.572768005,118.129587024,48.994534689));
#1950=CARTESIAN_POINT('',(51.604360362,118.129587024,49.072870145));
#1951=CARTESIAN_POINT('',(51.635499782,118.129587024,49.132386069));
#1952=CARTESIAN_POINT('',(51.666186264,118.129587024,49.173082459));
#1953=B_SPLINE_CURVE_WITH_KNOTS('',3,(#1949,#1950,#1951,#1952),.UNSPECIFIED.,.F.,.F.,(4,4),(0.,1.),.UNSPECIFIED.);
#1954=EDGE_CURVE('',#1939,#1948,#1953,.T.);
#1955=ORIENTED_EDGE('',*,*,#1954,.T.);
#1956=CARTESIAN_POINT('',(51.915613016,118.129587024,49.418279912));
#1957=VERTEX_POINT('',#1956);
#1958=CARTESIAN_POINT('',(51.666186264,118.129587024,49.173082459));
#1959=CARTESIAN_POINT('',(51.732768005,118.129587024,49.259570782));
#1960=CARTESIAN_POINT('',(51.815910256,118.129587024,49.341303266));
#1961=CARTESIAN_POINT('',(51.915613016,118.129587024,49.418279912));
#1962=B_SPLINE_CURVE_WITH_KNOTS('',3,(#1958,#1959,#1960,#1961),.UNSPECIFIED.,.F.,.F.,(4,4),(0.,1.),.UNSPECIFIED.);
#1963=EDGE_CURVE('',#1948,#1957,#1962,.T.);
#1964=ORIENTED_EDGE('',*,*,#1963,.T.);
#1965=CARTESIAN_POINT('',(52.426101339,118.129587024,49.805846791));
#1966=VERTEX_POINT('',#1965);
#1967=CARTESIAN_POINT('',(51.915613016,118.129587024,49.418279912));
#1968=DIRECTION('',(0.796465933,-0.,0.604683402));
#1969=VECTOR('',#1968,0.640941818);
#1970=LINE('',#1967,#1969);
#1971=EDGE_CURVE('',#1957,#1966,#1970,.T.);
#1972=ORIENTED_EDGE('',*,*,#1971,.T.);
#1973=CARTESIAN_POINT('',(52.426101339,118.129587024,49.435910485));
#1974=VERTEX_POINT('',#1973);
#1975=CARTESIAN_POINT('',(52.426101339,118.129587024,49.805846791));
#1976=DIRECTION('',(-0.,-0.,-1.));
#1977=VECTOR('',#1976,0.369936306);
#1978=LINE('',#1975,#1977);
#1979=EDGE_CURVE('',#1966,#1974,#1978,.T.);
#1980=ORIENTED_EDGE('',*,*,#1979,.T.);
#1981=CARTESIAN_POINT('',(52.035867793,118.129587024,49.139655708));
#1982=VERTEX_POINT('',#1981);
#1983=CARTESIAN_POINT('',(52.426101339,118.129587024,49.435910485));
#1984=DIRECTION('',(-0.796479399,0.,-0.604665665));
#1985=VECTOR('',#1984,0.489948072);
#1986=LINE('',#1983,#1985);
#1987=EDGE_CURVE('',#1974,#1982,#1986,.T.);
#1988=ORIENTED_EDGE('',*,*,#1987,.T.);
#1989=CARTESIAN_POINT('',(51.777523844,118.129587024,48.92574488));
#1990=VERTEX_POINT('',#1989);
#1991=CARTESIAN_POINT('',(52.035867793,118.129587024,49.139655708));
#1992=CARTESIAN_POINT('',(51.923312945,118.129587024,49.053099445));
#1993=CARTESIAN_POINT('',(51.837198295,118.129587024,48.981795835));
#1994=CARTESIAN_POINT('',(51.777523844,118.129587024,48.92574488));
#1995=B_SPLINE_CURVE_WITH_KNOTS('',3,(#1991,#1992,#1993,#1994),.UNSPECIFIED.,.F.,.F.,(4,4),(0.,1.),.UNSPECIFIED.);
#1996=EDGE_CURVE('',#1982,#1990,#1995,.T.);
#1997=ORIENTED_EDGE('',*,*,#1996,.T.);
#1998=CARTESIAN_POINT('',(51.652598154,118.129587024,48.775324498));
#1999=VERTEX_POINT('',#1998);
#2000=CARTESIAN_POINT('',(51.777523844,118.129587024,48.92574488));
#2001=CARTESIAN_POINT('',(51.717792775,118.129587024,48.869761865));
#2002=CARTESIAN_POINT('',(51.676150879,118.129587024,48.819621738));
#2003=CARTESIAN_POINT('',(51.652598154,118.129587024,48.775324498));
#2004=B_SPLINE_CURVE_WITH_KNOTS('',3,(#2000,#2001,#2002,#2003),.UNSPECIFIED.,.F.,.F.,(4,4),(0.,1.),.UNSPECIFIED.);
#2005=EDGE_CURVE('',#1990,#1999,#2004,.T.);
#2006=ORIENTED_EDGE('',*,*,#2005,.T.);
#2007=CARTESIAN_POINT('',(51.603341202,118.129587024,48.640190438));
#2008=VERTEX_POINT('',#2007);
#2009=CARTESIAN_POINT('',(51.652598154,118.129587024,48.775324498));
#2010=CARTESIAN_POINT('',(51.629045429,118.129587024,48.731027258));
#2011=CARTESIAN_POINT('',(51.612626462,118.129587024,48.685982672));
#2012=CARTESIAN_POINT('',(51.603341254,118.129587024,48.64019074));
#2013=B_SPLINE_CURVE_WITH_KNOTS('',3,(#2009,#2010,#2011,#2012),.UNSPECIFIED.,.F.,.F.,(4,4),(0.,1.),.UNSPECIFIED.);
#2014=EDGE_CURVE('',#1999,#2008,#2013,.T.);
#2015=ORIENTED_EDGE('',*,*,#2014,.T.);
#2016=CARTESIAN_POINT('',(51.594508982,118.129587024,48.47529902));
#2017=VERTEX_POINT('',#2016);
#2018=CARTESIAN_POINT('',(51.603341254,118.129587024,48.64019074));
#2019=CARTESIAN_POINT('',(51.597453073,118.129587024,48.606628107));
#2020=CARTESIAN_POINT('',(51.594508982,118.129587024,48.5516642));
#2021=CARTESIAN_POINT('',(51.594508982,118.129587024,48.47529902));
#2022=B_SPLINE_CURVE_WITH_KNOTS('',3,(#2018,#2019,#2020,#2021),.UNSPECIFIED.,.F.,.F.,(4,4),(0.,1.),.UNSPECIFIED.);
#2023=EDGE_CURVE('',#2008,#2017,#2022,.T.);
#2024=ORIENTED_EDGE('',*,*,#2023,.T.);
#2025=CARTESIAN_POINT('',(51.594508982,118.129587024,48.131655708));
#2026=VERTEX_POINT('',#2025);
#2027=CARTESIAN_POINT('',(51.594508982,118.129587024,48.47529902));
#2028=DIRECTION('',(-0.,-0.,-1.));
#2029=VECTOR('',#2028,0.343643312);
#2030=LINE('',#2027,#2029);
#2031=EDGE_CURVE('',#2017,#2026,#2030,.T.);
#2032=ORIENTED_EDGE('',*,*,#2031,.T.);
#2033=CARTESIAN_POINT('',(51.594508982,118.129587024,48.131655708));
#2034=DIRECTION('',(1.,-0.,-0.));
#2035=VECTOR('',#2034,0.831592357);
#2036=LINE('',#2033,#2035);
#2037=EDGE_CURVE('',#2026,#1877,#2036,.T.);
#2038=ORIENTED_EDGE('',*,*,#2037,.T.);
#2039=EDGE_LOOP('',(#1885,#1893,#1901,#1910,#1919,#1928,#1937,#1946,#1955,#1964,#1972,#1980,#1988,#1997,#2006,#2015,#2024,#2032,#2038));
#2040=FACE_BOUND('',#2039,.T.);
#2041=ADVANCED_FACE('',(#924,#1123,#1322,#1494,#1618,#1875,#2040),#918,.T.);
#2042=OVER_RIDING_STYLED_ITEM('',(#143),#2041,#26);
#2043=CARTESIAN_POINT('',(50.626101339,118.129587024,43.517693924));
#2044=DIRECTION('',(-0.,-1.,0.));
#2045=DIRECTION('',(0.,0.,1.));
#2046=AXIS2_PLACEMENT_3D('',#2043,#2044,#2045);
#2047=PLANE('',#2046);
#2048=ORIENTED_EDGE('',*,*,#623,.F.);
#2049=ORIENTED_EDGE('',*,*,#756,.T.);
#2050=ORIENTED_EDGE('',*,*,#729,.F.);
#2051=ORIENTED_EDGE('',*,*,#712,.T.);
#2052=ORIENTED_EDGE('',*,*,#678,.F.);
#2053=ORIENTED_EDGE('',*,*,#653,.F.);
#2054=EDGE_LOOP('',(#2048,#2049,#2050,#2051,#2052,#2053));
#2055=FACE_BOUND('',#2054,.T.);
#2056=ADVANCED_FACE('',(#2055),#2047,.T.);
#2057=OVER_RIDING_STYLED_ITEM('',(#183),#2056,#26);
#2058=CARTESIAN_POINT('',(50.626101339,118.129587024,43.517693924));
#2059=DIRECTION('',(-0.,-1.,0.));
#2060=DIRECTION('',(0.,0.,1.));
#2061=AXIS2_PLACEMENT_3D('',#2058,#2059,#2060);
#2062=PLANE('',#2061);
#2063=ORIENTED_EDGE('',*,*,#775,.F.);
#2064=ORIENTED_EDGE('',*,*,#908,.T.);
#2065=ORIENTED_EDGE('',*,*,#881,.F.);
#2066=ORIENTED_EDGE('',*,*,#864,.T.);
#2067=ORIENTED_EDGE('',*,*,#830,.F.);
#2068=ORIENTED_EDGE('',*,*,#805,.F.);
#2069=EDGE_LOOP('',(#2063,#2064,#2065,#2066,#2067,#2068));
#2070=FACE_BOUND('',#2069,.T.);
#2071=CARTESIAN_POINT('',(54.526101339,118.129587024,38.042585644));
#2072=VERTEX_POINT('',#2071);
#2073=CARTESIAN_POINT('',(54.526101339,118.129587024,37.638356345));
#2074=VERTEX_POINT('',#2073);
#2075=CARTESIAN_POINT('',(54.526101339,118.129587024,38.042585644));
#2076=DIRECTION('',(-0.,-0.,-1.));
#2077=VECTOR('',#2076,0.404229299);
#2078=LINE('',#2075,#2077);
#2079=EDGE_CURVE('',#2072,#2074,#2078,.T.);
#2080=ORIENTED_EDGE('',*,*,#2079,.T.);
#2081=CARTESIAN_POINT('',(53.591239343,118.129587024,37.638356345));
#2082=VERTEX_POINT('',#2081);
#2083=CARTESIAN_POINT('',(54.526101339,118.129587024,37.638356345));
#2084=DIRECTION('',(-1.,0.,0.));
#2085=VECTOR('',#2084,0.934861996);
#2086=LINE('',#2083,#2085);
#2087=EDGE_CURVE('',#2074,#2082,#2086,.T.);
#2088=ORIENTED_EDGE('',*,*,#2087,.T.);
#2089=CARTESIAN_POINT('',(53.591239343,118.129587024,38.024241695));
#2090=VERTEX_POINT('',#2089);
#2091=CARTESIAN_POINT('',(53.591239343,118.129587024,37.638356345));
#2092=DIRECTION('',(0.,0.,1.));
#2093=VECTOR('',#2092,0.38588535);
#2094=LINE('',#2091,#2093);
#2095=EDGE_CURVE('',#2082,#2090,#2094,.T.);
#2096=ORIENTED_EDGE('',*,*,#2095,.T.);
#2097=CARTESIAN_POINT('',(53.604615139,118.129587024,38.223681186));
#2098=VERTEX_POINT('',#2097);
#2099=CARTESIAN_POINT('',(53.591239343,118.129587024,38.024241695));
#2100=CARTESIAN_POINT('',(53.591239343,118.129587024,38.111375453));
#2101=CARTESIAN_POINT('',(53.595697942,118.129587024,38.177855283));
#2102=CARTESIAN_POINT('',(53.604615139,118.129587024,38.223681186));
#2103=B_SPLINE_CURVE_WITH_KNOTS('',3,(#2099,#2100,#2101,#2102),.UNSPECIFIED.,.F.,.F.,(4,4),(0.,1.),.UNSPECIFIED.);
#2104=EDGE_CURVE('',#2090,#2098,#2103,.T.);
#2105=ORIENTED_EDGE('',*,*,#2104,.T.);
#2106=CARTESIAN_POINT('',(53.671579046,118.129587024,38.388012396));
#2107=VERTEX_POINT('',#2106);
#2108=CARTESIAN_POINT('',(53.604615139,118.129587024,38.223681186));
#2109=CARTESIAN_POINT('',(53.616957673,118.129587024,38.287885007));
#2110=CARTESIAN_POINT('',(53.639278975,118.129587024,38.342662077));
#2111=CARTESIAN_POINT('',(53.671579046,118.129587024,38.388012396));
#2112=B_SPLINE_CURVE_WITH_KNOTS('',3,(#2108,#2109,#2110,#2111),.UNSPECIFIED.,.F.,.F.,(4,4),(0.,1.),.UNSPECIFIED.);
#2113=EDGE_CURVE('',#2098,#2107,#2112,.T.);
#2114=ORIENTED_EDGE('',*,*,#2113,.T.);
#2115=CARTESIAN_POINT('',(53.831324269,118.129587024,38.520547428));
#2116=VERTEX_POINT('',#2115);
#2117=CARTESIAN_POINT('',(53.671579046,118.129587024,38.388012396));
#2118=CARTESIAN_POINT('',(53.713249251,118.129587024,38.447086706));
#2119=CARTESIAN_POINT('',(53.766497659,118.129587024,38.49126505));
#2120=CARTESIAN_POINT('',(53.831324269,118.129587024,38.520547428));
#2121=B_SPLINE_CURVE_WITH_KNOTS('',3,(#2117,#2118,#2119,#2120),.UNSPECIFIED.,.F.,.F.,(4,4),(0.,1.),.UNSPECIFIED.);
#2122=EDGE_CURVE('',#2107,#2116,#2121,.T.);
#2123=ORIENTED_EDGE('',*,*,#2122,.T.);
#2124=CARTESIAN_POINT('',(54.053574799,118.129587024,38.56452195));
#2125=VERTEX_POINT('',#2124);
#2126=CARTESIAN_POINT('',(53.831324269,118.129587024,38.520547428));
#2127=CARTESIAN_POINT('',(53.896150879,118.129587024,38.549863776));
#2128=CARTESIAN_POINT('',(53.970234389,118.129587024,38.56452195));
#2129=CARTESIAN_POINT('',(54.053574799,118.129587024,38.56452195));
#2130=B_SPLINE_CURVE_WITH_KNOTS('',3,(#2126,#2127,#2128,#2129),.UNSPECIFIED.,.F.,.F.,(4,4),(0.,1.),.UNSPECIFIED.);
#2131=EDGE_CURVE('',#2116,#2125,#2130,.T.);
#2132=ORIENTED_EDGE('',*,*,#2131,.T.);
#2133=CARTESIAN_POINT('',(54.242322145,118.129587024,38.534713033));
#2134=VERTEX_POINT('',#2133);
#2135=CARTESIAN_POINT('',(54.053574799,118.129587024,38.56452195));
#2136=CARTESIAN_POINT('',(54.124572676,118.129587024,38.56452195));
#2137=CARTESIAN_POINT('',(54.187488458,118.129587024,38.554585644));
#2138=CARTESIAN_POINT('',(54.242322145,118.129587024,38.534713033));
#2139=B_SPLINE_CURVE_WITH_KNOTS('',3,(#2135,#2136,#2137,#2138),.UNSPECIFIED.,.F.,.F.,(4,4),(0.,1.),.UNSPECIFIED.);
#2140=EDGE_CURVE('',#2125,#2134,#2139,.T.);
#2141=ORIENTED_EDGE('',*,*,#2140,.T.);
#2142=CARTESIAN_POINT('',(54.378458027,118.129587024,38.458279912));
#2143=VERTEX_POINT('',#2142);
#2144=CARTESIAN_POINT('',(54.242322145,118.129587024,38.534713033));
#2145=CARTESIAN_POINT('',(54.297155833,118.129587024,38.514840421));
#2146=CARTESIAN_POINT('',(54.34253446,118.129587024,38.489362714));
#2147=CARTESIAN_POINT('',(54.378458027,118.129587024,38.458279912));
#2148=B_SPLINE_CURVE_WITH_KNOTS('',3,(#2144,#2145,#2146,#2147),.UNSPECIFIED.,.F.,.F.,(4,4),(0.,1.),.UNSPECIFIED.);
#2149=EDGE_CURVE('',#2134,#2143,#2148,.T.);
#2150=ORIENTED_EDGE('',*,*,#2149,.T.);
#2151=CARTESIAN_POINT('',(54.463298792,118.129587024,38.356267171));
#2152=VERTEX_POINT('',#2151);
#2153=CARTESIAN_POINT('',(54.378458027,118.129587024,38.458279912));
#2154=CARTESIAN_POINT('',(54.414381593,118.129587024,38.427231079));
#2155=CARTESIAN_POINT('',(54.442661848,118.129587024,38.393226833));
#2156=CARTESIAN_POINT('',(54.463298791,118.129587024,38.356267173));
#2157=B_SPLINE_CURVE_WITH_KNOTS('',3,(#2153,#2154,#2155,#2156),.UNSPECIFIED.,.F.,.F.,(4,4),(0.,1.),.UNSPECIFIED.);
#2158=EDGE_CURVE('',#2143,#2152,#2157,.T.);
#2159=ORIENTED_EDGE('',*,*,#2158,.T.);
#2160=CARTESIAN_POINT('',(54.510177787,118.129587024,38.222560094));
#2161=VERTEX_POINT('',#2160);
#2162=CARTESIAN_POINT('',(54.463298791,118.129587024,38.356267173));
#2163=CARTESIAN_POINT('',(54.483907425,118.129587024,38.319341483));
#2164=CARTESIAN_POINT('',(54.499533752,118.129587024,38.274772481));
#2165=CARTESIAN_POINT('',(54.510177772,118.129587024,38.222560166));
#2166=B_SPLINE_CURVE_WITH_KNOTS('',3,(#2162,#2163,#2164,#2165),.UNSPECIFIED.,.F.,.F.,(4,4),(0.,1.),.UNSPECIFIED.);
#2167=EDGE_CURVE('',#2152,#2161,#2166,.T.);
#2168=ORIENTED_EDGE('',*,*,#2167,.T.);
#2169=CARTESIAN_POINT('',(54.510177772,118.129587024,38.222560166));
#2170=CARTESIAN_POINT('',(54.520793483,118.129587024,38.170347852));
#2171=CARTESIAN_POINT('',(54.526101339,118.129587024,38.110356345));
#2172=CARTESIAN_POINT('',(54.526101339,118.129587024,38.042585644));
#2173=B_SPLINE_CURVE_WITH_KNOTS('',3,(#2169,#2170,#2171,#2172),.UNSPECIFIED.,.F.,.F.,(4,4),(0.,1.),.UNSPECIFIED.);
#2174=EDGE_CURVE('',#2161,#2072,#2173,.T.);
#2175=ORIENTED_EDGE('',*,*,#2174,.T.);
#2176=EDGE_LOOP('',(#2080,#2088,#2096,#2105,#2114,#2123,#2132,#2141,#2150,#2159,#2168,#2175));
#2177=FACE_BOUND('',#2176,.T.);
#2178=CARTESIAN_POINT('',(54.526101339,118.129587024,38.942814944));
#2179=VERTEX_POINT('',#2178);
#2180=CARTESIAN_POINT('',(54.526101339,118.129587024,38.796063351));
#2181=VERTEX_POINT('',#2180);
#2182=CARTESIAN_POINT('',(54.526101339,118.129587024,38.942814944));
#2183=DIRECTION('',(-0.,-0.,-1.));
#2184=VECTOR('',#2183,0.146751593);
#2185=LINE('',#2182,#2184);
#2186=EDGE_CURVE('',#2179,#2181,#2185,.T.);
#2187=ORIENTED_EDGE('',*,*,#2186,.T.);
#2188=CARTESIAN_POINT('',(53.591239343,118.129587024,38.796063351));
#2189=VERTEX_POINT('',#2188);
#2190=CARTESIAN_POINT('',(54.526101339,118.129587024,38.796063351));
#2191=DIRECTION('',(-1.,0.,0.));
#2192=VECTOR('',#2191,0.934861996);
#2193=LINE('',#2190,#2192);
#2194=EDGE_CURVE('',#2181,#2189,#2193,.T.);
#2195=ORIENTED_EDGE('',*,*,#2194,.T.);
#2196=CARTESIAN_POINT('',(53.591239343,118.129587024,38.942814944));
#2197=VERTEX_POINT('',#2196);
#2198=CARTESIAN_POINT('',(53.591239343,118.129587024,38.796063351));
#2199=DIRECTION('',(0.,0.,1.));
#2200=VECTOR('',#2199,0.146751593);
#2201=LINE('',#2198,#2200);
#2202=EDGE_CURVE('',#2189,#2197,#2201,.T.);
#2203=ORIENTED_EDGE('',*,*,#2202,.T.);
#2204=CARTESIAN_POINT('',(53.591239343,118.129587024,38.942814944));
#2205=DIRECTION('',(1.,-0.,-0.));
#2206=VECTOR('',#2205,0.934861996);
#2207=LINE('',#2204,#2206);
#2208=EDGE_CURVE('',#2197,#2179,#2207,.T.);
#2209=ORIENTED_EDGE('',*,*,#2208,.T.);
#2210=EDGE_LOOP('',(#2187,#2195,#2203,#2209));
#2211=FACE_BOUND('',#2210,.T.);
#2212=CARTESIAN_POINT('',(54.16193998,118.129587024,40.054865899));
#2213=VERTEX_POINT('',#2212);
#2214=CARTESIAN_POINT('',(54.16193998,118.129587024,39.728751249));
#2215=VERTEX_POINT('',#2214);
#2216=CARTESIAN_POINT('',(54.16193998,118.129587024,40.054865899));
#2217=DIRECTION('',(-0.,-0.,-1.));
#2218=VECTOR('',#2217,0.32611465);
#2219=LINE('',#2216,#2218);
#2220=EDGE_CURVE('',#2213,#2215,#2219,.T.);
#2221=ORIENTED_EDGE('',*,*,#2220,.T.);
#2222=CARTESIAN_POINT('',(54.050517475,118.129587024,39.728751249));
#2223=VERTEX_POINT('',#2222);
#2224=CARTESIAN_POINT('',(54.16193998,118.129587024,39.728751249));
#2225=DIRECTION('',(-1.,0.,0.));
#2226=VECTOR('',#2225,0.111422505);
#2227=LINE('',#2224,#2226);
#2228=EDGE_CURVE('',#2215,#2223,#2227,.T.);
#2229=ORIENTED_EDGE('',*,*,#2228,.T.);
#2230=CARTESIAN_POINT('',(54.050517475,118.129587024,40.201617491));
#2231=VERTEX_POINT('',#2230);
#2232=CARTESIAN_POINT('',(54.050517475,118.129587024,39.728751249));
#2233=DIRECTION('',(0.,0.,1.));
#2234=VECTOR('',#2233,0.472866242);
#2235=LINE('',#2232,#2234);
#2236=EDGE_CURVE('',#2223,#2231,#2235,.T.);
#2237=ORIENTED_EDGE('',*,*,#2236,.T.);
#2238=CARTESIAN_POINT('',(54.396674587,118.129587024,40.201617491));
#2239=VERTEX_POINT('',#2238);
#2240=CARTESIAN_POINT('',(54.050517475,118.129587024,40.201617491));
#2241=DIRECTION('',(1.,-0.,-0.));
#2242=VECTOR('',#2241,0.346157112);
#2243=LINE('',#2240,#2242);
#2244=EDGE_CURVE('',#2231,#2239,#2243,.T.);
#2245=ORIENTED_EDGE('',*,*,#2244,.T.);
#2246=CARTESIAN_POINT('',(54.505846562,118.129587024,39.976700294));
#2247=VERTEX_POINT('',#2246);
#2248=CARTESIAN_POINT('',(54.396674587,118.129587024,40.201617491));
#2249=CARTESIAN_POINT('',(54.445053922,118.129587024,40.128921101));
#2250=CARTESIAN_POINT('',(54.48144458,118.129587024,40.053948702));
#2251=CARTESIAN_POINT('',(54.505846562,118.129587024,39.976700294));
#2252=B_SPLINE_CURVE_WITH_KNOTS('',3,(#2248,#2249,#2250,#2251),.UNSPECIFIED.,.F.,.F.,(4,4),(0.,1.),.UNSPECIFIED.);
#2253=EDGE_CURVE('',#2239,#2247,#2252,.T.);
#2254=ORIENTED_EDGE('',*,*,#2253,.T.);
#2255=CARTESIAN_POINT('',(54.542407071,118.129587024,39.738840421));
#2256=VERTEX_POINT('',#2255);
#2257=CARTESIAN_POINT('',(54.505846562,118.129587024,39.976700294));
#2258=CARTESIAN_POINT('',(54.530220235,118.129587024,39.899451886));
#2259=CARTESIAN_POINT('',(54.542407071,118.129587024,39.820165262));
#2260=CARTESIAN_POINT('',(54.542407071,118.129587024,39.738840421));
#2261=B_SPLINE_CURVE_WITH_KNOTS('',3,(#2257,#2258,#2259,#2260),.UNSPECIFIED.,.F.,.F.,(4,4),(0.,1.),.UNSPECIFIED.);
#2262=EDGE_CURVE('',#2247,#2256,#2261,.T.);
#2263=ORIENTED_EDGE('',*,*,#2262,.T.);
#2264=CARTESIAN_POINT('',(54.483383717,118.129587024,39.43963023));
#2265=VERTEX_POINT('',#2264);
#2266=CARTESIAN_POINT('',(54.542407071,118.129587024,39.738840421));
#2267=CARTESIAN_POINT('',(54.542407071,118.129587024,39.629082459));
#2268=CARTESIAN_POINT('',(54.52273262,118.129587024,39.529345729));
#2269=CARTESIAN_POINT('',(54.483383717,118.129587024,39.43963023));
#2270=B_SPLINE_CURVE_WITH_KNOTS('',3,(#2266,#2267,#2268,#2269),.UNSPECIFIED.,.F.,.F.,(4,4),(0.,1.),.UNSPECIFIED.);
#2271=EDGE_CURVE('',#2256,#2265,#2270,.T.);
#2272=ORIENTED_EDGE('',*,*,#2271,.T.);
#2273=CARTESIAN_POINT('',(54.31268308,118.129587024,39.236420039));
#2274=VERTEX_POINT('',#2273);
#2275=CARTESIAN_POINT('',(54.483383717,118.129587024,39.43963023));
#2276=CARTESIAN_POINT('',(54.444034814,118.129587024,39.349914731));
#2277=CARTESIAN_POINT('',(54.387134601,118.129587024,39.282178001));
#2278=CARTESIAN_POINT('',(54.31268308,118.129587024,39.236420039));
#2279=B_SPLINE_CURVE_WITH_KNOTS('',3,(#2275,#2276,#2277,#2278),.UNSPECIFIED.,.F.,.F.,(4,4),(0.,1.),.UNSPECIFIED.);
#2280=EDGE_CURVE('',#2265,#2274,#2279,.T.);
#2281=ORIENTED_EDGE('',*,*,#2280,.T.);
#2282=CARTESIAN_POINT('',(54.063128939,118.129587024,39.167834052));
#2283=VERTEX_POINT('',#2282);
#2284=CARTESIAN_POINT('',(54.31268308,118.129587024,39.236420039));
#2285=CARTESIAN_POINT('',(54.238203249,118.129587024,39.190696048));
#2286=CARTESIAN_POINT('',(54.155018536,118.129587024,39.167834052));
#2287=CARTESIAN_POINT('',(54.063128939,118.129587024,39.167834052));
#2288=B_SPLINE_CURVE_WITH_KNOTS('',3,(#2284,#2285,#2286,#2287),.UNSPECIFIED.,.F.,.F.,(4,4),(0.,1.),.UNSPECIFIED.);
#2289=EDGE_CURVE('',#2274,#2283,#2288,.T.);
#2290=ORIENTED_EDGE('',*,*,#2289,.T.);
#2291=CARTESIAN_POINT('',(53.808182018,118.129587024,39.236063351));
#2292=VERTEX_POINT('',#2291);
#2293=CARTESIAN_POINT('',(54.063128939,118.129587024,39.167834052));
#2294=CARTESIAN_POINT('',(53.9720886,118.129587024,39.167834052));
#2295=CARTESIAN_POINT('',(53.887106293,118.129587024,39.190577152));
#2296=CARTESIAN_POINT('',(53.808182018,118.129587024,39.236063351));
#2297=B_SPLINE_CURVE_WITH_KNOTS('',3,(#2293,#2294,#2295,#2296),.UNSPECIFIED.,.F.,.F.,(4,4),(0.,1.),.UNSPECIFIED.);
#2298=EDGE_CURVE('',#2283,#2292,#2297,.T.);
#2299=ORIENTED_EDGE('',*,*,#2298,.T.);
#2300=CARTESIAN_POINT('',(53.63238584,118.129587024,39.432343606));
#2301=VERTEX_POINT('',#2300);
#2302=CARTESIAN_POINT('',(53.808182018,118.129587024,39.236063351));
#2303=CARTESIAN_POINT('',(53.729257743,118.129587024,39.281549551));
#2304=CARTESIAN_POINT('',(53.670659017,118.129587024,39.346976302));
#2305=CARTESIAN_POINT('',(53.63238584,118.129587024,39.432343606));
#2306=B_SPLINE_CURVE_WITH_KNOTS('',3,(#2302,#2303,#2304,#2305),.UNSPECIFIED.,.F.,.F.,(4,4),(0.,1.),.UNSPECIFIED.);
#2307=EDGE_CURVE('',#2292,#2301,#2306,.T.);
#2308=ORIENTED_EDGE('',*,*,#2307,.T.);
#2309=CARTESIAN_POINT('',(53.57493361,118.129587024,39.727324498));
#2310=VERTEX_POINT('',#2309);
#2311=CARTESIAN_POINT('',(53.63238584,118.129587024,39.432343606));
#2312=CARTESIAN_POINT('',(53.594084353,118.129587024,39.51771091));
#2313=CARTESIAN_POINT('',(53.57493361,118.129587024,39.616037873));
#2314=CARTESIAN_POINT('',(53.57493361,118.129587024,39.727324498));
#2315=B_SPLINE_CURVE_WITH_KNOTS('',3,(#2311,#2312,#2313,#2314),.UNSPECIFIED.,.F.,.F.,(4,4),(0.,1.),.UNSPECIFIED.);
#2316=EDGE_CURVE('',#2301,#2310,#2315,.T.);
#2317=ORIENTED_EDGE('',*,*,#2316,.T.);
#2318=CARTESIAN_POINT('',(53.607884778,118.129587024,39.946432778));
#2319=VERTEX_POINT('',#2318);
#2320=CARTESIAN_POINT('',(53.57493361,118.129587024,39.727324498));
#2321=CARTESIAN_POINT('',(53.57493361,118.129587024,39.808105814));
#2322=CARTESIAN_POINT('',(53.585917333,118.129587024,39.881141907));
#2323=CARTESIAN_POINT('',(53.607884778,118.129587024,39.946432778));
#2324=B_SPLINE_CURVE_WITH_KNOTS('',3,(#2320,#2321,#2322,#2323),.UNSPECIFIED.,.F.,.F.,(4,4),(0.,1.),.UNSPECIFIED.);
#2325=EDGE_CURVE('',#2310,#2319,#2324,.T.);
#2326=ORIENTED_EDGE('',*,*,#2325,.T.);
#2327=CARTESIAN_POINT('',(53.69968945,118.129587024,40.100063351));
#2328=VERTEX_POINT('',#2327);
#2329=CARTESIAN_POINT('',(53.607884778,118.129587024,39.946432778));
#2330=CARTESIAN_POINT('',(53.629852223,118.129587024,40.011757619));
#2331=CARTESIAN_POINT('',(53.66045378,118.129587024,40.06296781));
#2332=CARTESIAN_POINT('',(53.699689449,118.129587024,40.100063351));
#2333=B_SPLINE_CURVE_WITH_KNOTS('',3,(#2329,#2330,#2331,#2332),.UNSPECIFIED.,.F.,.F.,(4,4),(0.,1.),.UNSPECIFIED.);
#2334=EDGE_CURVE('',#2319,#2328,#2333,.T.);
#2335=ORIENTED_EDGE('',*,*,#2334,.T.);
#2336=CARTESIAN_POINT('',(53.853235097,118.129587024,40.184649338));
#2337=VERTEX_POINT('',#2336);
#2338=CARTESIAN_POINT('',(53.699689449,118.129587024,40.100063351));
#2339=CARTESIAN_POINT('',(53.738925118,118.129587024,40.137158893));
#2340=CARTESIAN_POINT('',(53.790107,118.129587024,40.165354222));
#2341=CARTESIAN_POINT('',(53.853235097,118.129587024,40.184649338));
#2342=B_SPLINE_CURVE_WITH_KNOTS('',3,(#2338,#2339,#2340,#2341),.UNSPECIFIED.,.F.,.F.,(4,4),(0.,1.),.UNSPECIFIED.);
#2343=EDGE_CURVE('',#2328,#2337,#2342,.T.);
#2344=ORIENTED_EDGE('',*,*,#2343,.T.);
#2345=CARTESIAN_POINT('',(53.883808345,118.129587024,40.049566536));
#2346=VERTEX_POINT('',#2345);
#2347=CARTESIAN_POINT('',(53.853235097,118.129587024,40.184649338));
#2348=DIRECTION('',(0.220746411,-0.,-0.975331237));
#2349=VECTOR('',#2348,0.138499411);
#2350=LINE('',#2347,#2349);
#2351=EDGE_CURVE('',#2337,#2346,#2350,.T.);
#2352=ORIENTED_EDGE('',*,*,#2351,.T.);
#2353=CARTESIAN_POINT('',(53.771281806,118.129587024,39.987248065));
#2354=VERTEX_POINT('',#2353);
#2355=CARTESIAN_POINT('',(53.883808345,118.129587024,40.049566536));
#2356=CARTESIAN_POINT('',(53.836108416,118.129587024,40.03285316));
#2357=CARTESIAN_POINT('',(53.798599569,118.129587024,40.012080336));
#2358=CARTESIAN_POINT('',(53.771281806,118.129587024,39.987248065));
#2359=B_SPLINE_CURVE_WITH_KNOTS('',3,(#2355,#2356,#2357,#2358),.UNSPECIFIED.,.F.,.F.,(4,4),(0.,1.),.UNSPECIFIED.);
#2360=EDGE_CURVE('',#2346,#2354,#2359,.T.);
#2361=ORIENTED_EDGE('',*,*,#2360,.T.);
#2362=CARTESIAN_POINT('',(53.705591784,118.129587024,39.880904115));
#2363=VERTEX_POINT('',#2362);
#2364=CARTESIAN_POINT('',(53.771281806,118.129587024,39.987248065));
#2365=CARTESIAN_POINT('',(53.743935734,118.129587024,39.962449763));
#2366=CARTESIAN_POINT('',(53.72203906,118.129587024,39.92700178));
#2367=CARTESIAN_POINT('',(53.705591784,118.129587024,39.880904116));
#2368=B_SPLINE_CURVE_WITH_KNOTS('',3,(#2364,#2365,#2366,#2367),.UNSPECIFIED.,.F.,.F.,(4,4),(0.,1.),.UNSPECIFIED.);
#2369=EDGE_CURVE('',#2354,#2363,#2368,.T.);
#2370=ORIENTED_EDGE('',*,*,#2369,.T.);
#2371=CARTESIAN_POINT('',(53.680920872,118.129587024,39.727477364));
#2372=VERTEX_POINT('',#2371);
#2373=CARTESIAN_POINT('',(53.705591784,118.129587024,39.880904116));
#2374=CARTESIAN_POINT('',(53.689144509,118.129587024,39.834840421));
#2375=CARTESIAN_POINT('',(53.680920872,118.129587024,39.783698171));
#2376=CARTESIAN_POINT('',(53.680920872,118.129587024,39.727477364));
#2377=B_SPLINE_CURVE_WITH_KNOTS('',3,(#2373,#2374,#2375,#2376),.UNSPECIFIED.,.F.,.F.,(4,4),(0.,1.),.UNSPECIFIED.);
#2378=EDGE_CURVE('',#2363,#2372,#2377,.T.);
#2379=ORIENTED_EDGE('',*,*,#2378,.T.);
#2380=CARTESIAN_POINT('',(53.706780744,118.129587024,39.552802205));
#2381=VERTEX_POINT('',#2380);
#2382=CARTESIAN_POINT('',(53.680920872,118.129587024,39.727477364));
#2383=CARTESIAN_POINT('',(53.680920872,118.129587024,39.660148277));
#2384=CARTESIAN_POINT('',(53.689540829,118.129587024,39.601923224));
#2385=CARTESIAN_POINT('',(53.706780744,118.129587024,39.552802205));
#2386=B_SPLINE_CURVE_WITH_KNOTS('',3,(#2382,#2383,#2384,#2385),.UNSPECIFIED.,.F.,.F.,(4,4),(0.,1.),.UNSPECIFIED.);
#2387=EDGE_CURVE('',#2372,#2381,#2386,.T.);
#2388=ORIENTED_EDGE('',*,*,#2387,.T.);
#2389=CARTESIAN_POINT('',(53.774763759,118.129587024,39.433923224));
#2390=VERTEX_POINT('',#2389);
#2391=CARTESIAN_POINT('',(53.706780744,118.129587024,39.552802205));
#2392=CARTESIAN_POINT('',(53.724020659,118.129587024,39.503681186));
#2393=CARTESIAN_POINT('',(53.746681664,118.129587024,39.464054859));
#2394=CARTESIAN_POINT('',(53.774763759,118.129587024,39.433923224));
#2395=B_SPLINE_CURVE_WITH_KNOTS('',3,(#2391,#2392,#2393,#2394),.UNSPECIFIED.,.F.,.F.,(4,4),(0.,1.),.UNSPECIFIED.);
#2396=EDGE_CURVE('',#2381,#2390,#2395,.T.);
#2397=ORIENTED_EDGE('',*,*,#2396,.T.);
#2398=CARTESIAN_POINT('',(53.867332761,118.129587024,39.363655708));
#2399=VERTEX_POINT('',#2398);
#2400=CARTESIAN_POINT('',(53.774763759,118.129587024,39.433923224));
#2401=CARTESIAN_POINT('',(53.802845854,118.129587024,39.403791589));
#2402=CARTESIAN_POINT('',(53.833702188,118.129587024,39.380369084));
#2403=CARTESIAN_POINT('',(53.867332761,118.129587024,39.363655708));
#2404=B_SPLINE_CURVE_WITH_KNOTS('',3,(#2400,#2401,#2402,#2403),.UNSPECIFIED.,.F.,.F.,(4,4),(0.,1.),.UNSPECIFIED.);
#2405=EDGE_CURVE('',#2390,#2399,#2404,.T.);
#2406=ORIENTED_EDGE('',*,*,#2405,.T.);
#2407=CARTESIAN_POINT('',(54.055613016,118.129587024,39.321107937));
#2408=VERTEX_POINT('',#2407);
#2409=CARTESIAN_POINT('',(53.867332761,118.129587024,39.363655708));
#2410=CARTESIAN_POINT('',(53.925195465,118.129587024,39.335290527));
#2411=CARTESIAN_POINT('',(53.98795555,118.129587024,39.321107937));
#2412=CARTESIAN_POINT('',(54.055613016,118.129587024,39.321107937));
#2413=B_SPLINE_CURVE_WITH_KNOTS('',3,(#2409,#2410,#2411,#2412),.UNSPECIFIED.,.F.,.F.,(4,4),(0.,1.),.UNSPECIFIED.);
#2414=EDGE_CURVE('',#2399,#2408,#2413,.T.);
#2415=ORIENTED_EDGE('',*,*,#2414,.T.);
#2416=CARTESIAN_POINT('',(54.265039768,118.129587024,39.372369084));
#2417=VERTEX_POINT('',#2416);
#2418=CARTESIAN_POINT('',(54.055613016,118.129587024,39.321107937));
#2419=CARTESIAN_POINT('',(54.139038352,118.129587024,39.321107937));
#2420=CARTESIAN_POINT('',(54.208847269,118.129587024,39.338194986));
#2421=CARTESIAN_POINT('',(54.265039768,118.129587024,39.372369084));
#2422=B_SPLINE_CURVE_WITH_KNOTS('',3,(#2418,#2419,#2420,#2421),.UNSPECIFIED.,.F.,.F.,(4,4),(0.,1.),.UNSPECIFIED.);
#2423=EDGE_CURVE('',#2408,#2417,#2422,.T.);
#2424=ORIENTED_EDGE('',*,*,#2423,.T.);
#2425=CARTESIAN_POINT('',(54.390135309,118.129587024,39.521617491));
#2426=VERTEX_POINT('',#2425);
#2427=CARTESIAN_POINT('',(54.265039768,118.129587024,39.372369084));
#2428=CARTESIAN_POINT('',(54.321203957,118.129587024,39.406543181));
#2429=CARTESIAN_POINT('',(54.362902471,118.129587024,39.456292651));
#2430=CARTESIAN_POINT('',(54.390135309,118.129587024,39.521617491));
#2431=B_SPLINE_CURVE_WITH_KNOTS('',3,(#2427,#2428,#2429,#2430),.UNSPECIFIED.,.F.,.F.,(4,4),(0.,1.),.UNSPECIFIED.);
#2432=EDGE_CURVE('',#2417,#2426,#2431,.T.);
#2433=ORIENTED_EDGE('',*,*,#2432,.T.);
#2434=CARTESIAN_POINT('',(54.430984566,118.129587024,39.729770358));
#2435=VERTEX_POINT('',#2434);
#2436=CARTESIAN_POINT('',(54.390135309,118.129587024,39.521617491));
#2437=CARTESIAN_POINT('',(54.417368147,118.129587024,39.586942332));
#2438=CARTESIAN_POINT('',(54.430984566,118.129587024,39.656326621));
#2439=CARTESIAN_POINT('',(54.430984566,118.129587024,39.729770358));
#2440=B_SPLINE_CURVE_WITH_KNOTS('',3,(#2436,#2437,#2438,#2439),.UNSPECIFIED.,.F.,.F.,(4,4),(0.,1.),.UNSPECIFIED.);
#2441=EDGE_CURVE('',#2426,#2435,#2440,.T.);
#2442=ORIENTED_EDGE('',*,*,#2441,.T.);
#2443=CARTESIAN_POINT('',(54.400283929,118.129587024,39.916623861));
#2444=VERTEX_POINT('',#2443);
#2445=CARTESIAN_POINT('',(54.430984566,118.129587024,39.729770358));
#2446=CARTESIAN_POINT('',(54.430984566,118.129587024,39.793566536));
#2447=CARTESIAN_POINT('',(54.42075102,118.129587024,39.855851037));
#2448=CARTESIAN_POINT('',(54.400283929,118.129587024,39.916623861));
#2449=B_SPLINE_CURVE_WITH_KNOTS('',3,(#2445,#2446,#2447,#2448),.UNSPECIFIED.,.F.,.F.,(4,4),(0.,1.),.UNSPECIFIED.);
#2450=EDGE_CURVE('',#2435,#2444,#2449,.T.);
#2451=ORIENTED_EDGE('',*,*,#2450,.T.);
#2452=CARTESIAN_POINT('',(54.334763759,118.129587024,40.054865899));
#2453=VERTEX_POINT('',#2452);
#2454=CARTESIAN_POINT('',(54.400283929,118.129587024,39.916623861));
#2455=CARTESIAN_POINT('',(54.379816838,118.129587024,39.977396685));
#2456=CARTESIAN_POINT('',(54.357976781,118.129587024,40.023477364));
#2457=CARTESIAN_POINT('',(54.334763759,118.129587024,40.054865899));
#2458=B_SPLINE_CURVE_WITH_KNOTS('',3,(#2454,#2455,#2456,#2457),.UNSPECIFIED.,.F.,.F.,(4,4),(0.,1.),.UNSPECIFIED.);
#2459=EDGE_CURVE('',#2444,#2453,#2458,.T.);
#2460=ORIENTED_EDGE('',*,*,#2459,.T.);
#2461=CARTESIAN_POINT('',(54.334763759,118.129587024,40.054865899));
#2462=DIRECTION('',(-1.,0.,0.));
#2463=VECTOR('',#2462,0.172823779);
#2464=LINE('',#2461,#2463);
#2465=EDGE_CURVE('',#2453,#2213,#2464,.T.);
#2466=ORIENTED_EDGE('',*,*,#2465,.T.);
#2467=EDGE_LOOP('',(#2221,#2229,#2237,#2245,#2254,#2263,#2272,#2281,#2290,#2299,#2308,#2317,#2326,#2335,#2344,#2352,#2361,#2370,#2379,#2388,#2397,#2406,#2415,#2424,#2433,#2442,
#2451,#2460,#2466));
#2468=FACE_BOUND('',#2467,.T.);
#2469=CARTESIAN_POINT('',(54.526101339,118.129587024,40.592955071));
#2470=VERTEX_POINT('',#2469);
#2471=CARTESIAN_POINT('',(54.526101339,118.129587024,40.446203479));
#2472=VERTEX_POINT('',#2471);
#2473=CARTESIAN_POINT('',(54.526101339,118.129587024,40.592955071));
#2474=DIRECTION('',(-0.,-0.,-1.));
#2475=VECTOR('',#2474,0.146751592);
#2476=LINE('',#2473,#2475);
#2477=EDGE_CURVE('',#2470,#2472,#2476,.T.);
#2478=ORIENTED_EDGE('',*,*,#2477,.T.);
#2479=CARTESIAN_POINT('',(53.591239343,118.129587024,40.446203479));
#2480=VERTEX_POINT('',#2479);
#2481=CARTESIAN_POINT('',(54.526101339,118.129587024,40.446203479));
#2482=DIRECTION('',(-1.,0.,0.));
#2483=VECTOR('',#2482,0.934861996);
#2484=LINE('',#2481,#2483);
#2485=EDGE_CURVE('',#2472,#2480,#2484,.T.);
#2486=ORIENTED_EDGE('',*,*,#2485,.T.);
#2487=CARTESIAN_POINT('',(53.591239343,118.129587024,40.592955071));
#2488=VERTEX_POINT('',#2487);
#2489=CARTESIAN_POINT('',(53.591239343,118.129587024,40.446203479));
#2490=DIRECTION('',(0.,0.,1.));
#2491=VECTOR('',#2490,0.146751592);
#2492=LINE('',#2489,#2491);
#2493=EDGE_CURVE('',#2480,#2488,#2492,.T.);
#2494=ORIENTED_EDGE('',*,*,#2493,.T.);
#2495=CARTESIAN_POINT('',(53.591239343,118.129587024,40.592955071));
#2496=DIRECTION('',(1.,-0.,-0.));
#2497=VECTOR('',#2496,0.934861996);
#2498=LINE('',#2495,#2497);
#2499=EDGE_CURVE('',#2488,#2470,#2498,.T.);
#2500=ORIENTED_EDGE('',*,*,#2499,.T.);
#2501=EDGE_LOOP('',(#2478,#2486,#2494,#2500));
#2502=FACE_BOUND('',#2501,.T.);
#2503=CARTESIAN_POINT('',(54.526101339,118.129587024,41.44085316));
#2504=VERTEX_POINT('',#2503);
#2505=CARTESIAN_POINT('',(54.526101339,118.129587024,41.294101568));
#2506=VERTEX_POINT('',#2505);
#2507=CARTESIAN_POINT('',(54.526101339,118.129587024,41.44085316));
#2508=DIRECTION('',(-0.,-0.,-1.));
#2509=VECTOR('',#2508,0.146751592);
#2510=LINE('',#2507,#2509);
#2511=EDGE_CURVE('',#2504,#2506,#2510,.T.);
#2512=ORIENTED_EDGE('',*,*,#2511,.T.);
#2513=CARTESIAN_POINT('',(53.591239343,118.129587024,41.294101568));
#2514=VERTEX_POINT('',#2513);
#2515=CARTESIAN_POINT('',(54.526101339,118.129587024,41.294101568));
#2516=DIRECTION('',(-1.,0.,0.));
#2517=VECTOR('',#2516,0.934861996);
#2518=LINE('',#2515,#2517);
#2519=EDGE_CURVE('',#2506,#2514,#2518,.T.);
#2520=ORIENTED_EDGE('',*,*,#2519,.T.);
#2521=CARTESIAN_POINT('',(53.591239343,118.129587024,41.44085316));
#2522=VERTEX_POINT('',#2521);
#2523=CARTESIAN_POINT('',(53.591239343,118.129587024,41.294101568));
#2524=DIRECTION('',(0.,0.,1.));
#2525=VECTOR('',#2524,0.146751592);
#2526=LINE('',#2523,#2525);
#2527=EDGE_CURVE('',#2514,#2522,#2526,.T.);
#2528=ORIENTED_EDGE('',*,*,#2527,.T.);
#2529=CARTESIAN_POINT('',(53.974424056,118.129587024,41.44085316));
#2530=VERTEX_POINT('',#2529);
#2531=CARTESIAN_POINT('',(53.591239343,118.129587024,41.44085316));
#2532=DIRECTION('',(1.,-0.,-0.));
#2533=VECTOR('',#2532,0.383184713);
#2534=LINE('',#2531,#2533);
#2535=EDGE_CURVE('',#2522,#2530,#2534,.T.);
#2536=ORIENTED_EDGE('',*,*,#2535,.T.);
#2537=CARTESIAN_POINT('',(53.974424056,118.129587024,42.024598383));
#2538=VERTEX_POINT('',#2537);
#2539=CARTESIAN_POINT('',(53.974424056,118.129587024,41.44085316));
#2540=DIRECTION('',(0.,0.,1.));
#2541=VECTOR('',#2540,0.583745223);
#2542=LINE('',#2539,#2541);
#2543=EDGE_CURVE('',#2530,#2538,#2542,.T.);
#2544=ORIENTED_EDGE('',*,*,#2543,.T.);
#2545=CARTESIAN_POINT('',(53.591239343,118.129587024,42.024598383));
#2546=VERTEX_POINT('',#2545);
#2547=CARTESIAN_POINT('',(53.974424056,118.129587024,42.024598383));
#2548=DIRECTION('',(-1.,0.,0.));
#2549=VECTOR('',#2548,0.383184713);
#2550=LINE('',#2547,#2549);
#2551=EDGE_CURVE('',#2538,#2546,#2550,.T.);
#2552=ORIENTED_EDGE('',*,*,#2551,.T.);
#2553=CARTESIAN_POINT('',(53.591239343,118.129587024,42.171349975));
#2554=VERTEX_POINT('',#2553);
#2555=CARTESIAN_POINT('',(53.591239343,118.129587024,42.024598383));
#2556=DIRECTION('',(0.,0.,1.));
#2557=VECTOR('',#2556,0.146751592);
#2558=LINE('',#2555,#2557);
#2559=EDGE_CURVE('',#2546,#2554,#2558,.T.);
#2560=ORIENTED_EDGE('',*,*,#2559,.T.);
#2561=CARTESIAN_POINT('',(54.526101339,118.129587024,42.171349975));
#2562=VERTEX_POINT('',#2561);
#2563=CARTESIAN_POINT('',(53.591239343,118.129587024,42.171349975));
#2564=DIRECTION('',(1.,-0.,-0.));
#2565=VECTOR('',#2564,0.934861996);
#2566=LINE('',#2563,#2565);
#2567=EDGE_CURVE('',#2554,#2562,#2566,.T.);
#2568=ORIENTED_EDGE('',*,*,#2567,.T.);
#2569=CARTESIAN_POINT('',(54.526101339,118.129587024,42.024598383));
#2570=VERTEX_POINT('',#2569);
#2571=CARTESIAN_POINT('',(54.526101339,118.129587024,42.171349975));
#2572=DIRECTION('',(-0.,-0.,-1.));
#2573=VECTOR('',#2572,0.146751592);
#2574=LINE('',#2571,#2573);
#2575=EDGE_CURVE('',#2562,#2570,#2574,.T.);
#2576=ORIENTED_EDGE('',*,*,#2575,.T.);
#2577=CARTESIAN_POINT('',(54.085846562,118.129587024,42.024598383));
#2578=VERTEX_POINT('',#2577);
#2579=CARTESIAN_POINT('',(54.526101339,118.129587024,42.024598383));
#2580=DIRECTION('',(-1.,0.,0.));
#2581=VECTOR('',#2580,0.440254777);
#2582=LINE('',#2579,#2581);
#2583=EDGE_CURVE('',#2570,#2578,#2582,.T.);
#2584=ORIENTED_EDGE('',*,*,#2583,.T.);
#2585=CARTESIAN_POINT('',(54.085846562,118.129587024,41.44085316));
#2586=VERTEX_POINT('',#2585);
#2587=CARTESIAN_POINT('',(54.085846562,118.129587024,42.024598383));
#2588=DIRECTION('',(-0.,-0.,-1.));
#2589=VECTOR('',#2588,0.583745223);
#2590=LINE('',#2587,#2589);
#2591=EDGE_CURVE('',#2578,#2586,#2590,.T.);
#2592=ORIENTED_EDGE('',*,*,#2591,.T.);
#2593=CARTESIAN_POINT('',(54.085846562,118.129587024,41.44085316));
#2594=DIRECTION('',(1.,-0.,-0.));
#2595=VECTOR('',#2594,0.440254777);
#2596=LINE('',#2593,#2595);
#2597=EDGE_CURVE('',#2586,#2504,#2596,.T.);
#2598=ORIENTED_EDGE('',*,*,#2597,.T.);
#2599=EDGE_LOOP('',(#2512,#2520,#2528,#2536,#2544,#2552,#2560,#2568,#2576,#2584,#2592,#2598));
#2600=FACE_BOUND('',#2599,.T.);
#2601=CARTESIAN_POINT('',(54.526101339,118.129587024,42.592037873));
#2602=VERTEX_POINT('',#2601);
#2603=CARTESIAN_POINT('',(54.526101339,118.129587024,42.445286281));
#2604=VERTEX_POINT('',#2603);
#2605=CARTESIAN_POINT('',(54.526101339,118.129587024,42.592037873));
#2606=DIRECTION('',(-0.,-0.,-1.));
#2607=VECTOR('',#2606,0.146751592);
#2608=LINE('',#2605,#2607);
#2609=EDGE_CURVE('',#2602,#2604,#2608,.T.);
#2610=ORIENTED_EDGE('',*,*,#2609,.T.);
#2611=CARTESIAN_POINT('',(53.591239343,118.129587024,42.445286281));
#2612=VERTEX_POINT('',#2611);
#2613=CARTESIAN_POINT('',(54.526101339,118.129587024,42.445286281));
#2614=DIRECTION('',(-1.,0.,0.));
#2615=VECTOR('',#2614,0.934861996);
#2616=LINE('',#2613,#2615);
#2617=EDGE_CURVE('',#2604,#2612,#2616,.T.);
#2618=ORIENTED_EDGE('',*,*,#2617,.T.);
#2619=CARTESIAN_POINT('',(53.591239343,118.129587024,42.592037873));
#2620=VERTEX_POINT('',#2619);
#2621=CARTESIAN_POINT('',(53.591239343,118.129587024,42.445286281));
#2622=DIRECTION('',(0.,0.,1.));
#2623=VECTOR('',#2622,0.146751592);
#2624=LINE('',#2621,#2623);
#2625=EDGE_CURVE('',#2612,#2620,#2624,.T.);
#2626=ORIENTED_EDGE('',*,*,#2625,.T.);
#2627=CARTESIAN_POINT('',(53.591239343,118.129587024,42.592037873));
#2628=DIRECTION('',(1.,-0.,-0.));
#2629=VECTOR('',#2628,0.934861996);
#2630=LINE('',#2627,#2629);
#2631=EDGE_CURVE('',#2620,#2602,#2630,.T.);
#2632=ORIENTED_EDGE('',*,*,#2631,.T.);
#2633=EDGE_LOOP('',(#2610,#2618,#2626,#2632));
#2634=FACE_BOUND('',#2633,.T.);
#2635=CARTESIAN_POINT('',(54.526101339,118.129587024,43.687783096));
#2636=VERTEX_POINT('',#2635);
#2637=CARTESIAN_POINT('',(54.526101339,118.129587024,43.541031504));
#2638=VERTEX_POINT('',#2637);
#2639=CARTESIAN_POINT('',(54.526101339,118.129587024,43.687783096));
#2640=DIRECTION('',(-0.,-0.,-1.));
#2641=VECTOR('',#2640,0.146751592);
#2642=LINE('',#2639,#2641);
#2643=EDGE_CURVE('',#2636,#2638,#2642,.T.);
#2644=ORIENTED_EDGE('',*,*,#2643,.T.);
#2645=CARTESIAN_POINT('',(53.702661848,118.129587024,43.541031504));
#2646=VERTEX_POINT('',#2645);
#2647=CARTESIAN_POINT('',(54.526101339,118.129587024,43.541031504));
#2648=DIRECTION('',(-1.,0.,0.));
#2649=VECTOR('',#2648,0.823439491);
#2650=LINE('',#2647,#2649);
#2651=EDGE_CURVE('',#2638,#2646,#2650,.T.);
#2652=ORIENTED_EDGE('',*,*,#2651,.T.);
#2653=CARTESIAN_POINT('',(53.702661848,118.129587024,43.17252195));
#2654=VERTEX_POINT('',#2653);
#2655=CARTESIAN_POINT('',(53.702661848,118.129587024,43.541031504));
#2656=DIRECTION('',(-0.,-0.,-1.));
#2657=VECTOR('',#2656,0.368509554);
#2658=LINE('',#2655,#2657);
#2659=EDGE_CURVE('',#2646,#2654,#2658,.T.);
#2660=ORIENTED_EDGE('',*,*,#2659,.T.);
#2661=CARTESIAN_POINT('',(53.591239343,118.129587024,43.17252195));
#2662=VERTEX_POINT('',#2661);
#2663=CARTESIAN_POINT('',(53.702661848,118.129587024,43.17252195));
#2664=DIRECTION('',(-1.,0.,0.));
#2665=VECTOR('',#2664,0.111422505);
#2666=LINE('',#2663,#2665);
#2667=EDGE_CURVE('',#2654,#2662,#2666,.T.);
#2668=ORIENTED_EDGE('',*,*,#2667,.T.);
#2669=CARTESIAN_POINT('',(53.591239343,118.129587024,44.056292651));
#2670=VERTEX_POINT('',#2669);
#2671=CARTESIAN_POINT('',(53.591239343,118.129587024,43.17252195));
#2672=DIRECTION('',(0.,0.,1.));
#2673=VECTOR('',#2672,0.883770701);
#2674=LINE('',#2671,#2673);
#2675=EDGE_CURVE('',#2662,#2670,#2674,.T.);
#2676=ORIENTED_EDGE('',*,*,#2675,.T.);
#2677=CARTESIAN_POINT('',(53.702661848,118.129587024,44.056292651));
#2678=VERTEX_POINT('',#2677);
#2679=CARTESIAN_POINT('',(53.591239343,118.129587024,44.056292651));
#2680=DIRECTION('',(1.,-0.,-0.));
#2681=VECTOR('',#2680,0.111422505);
#2682=LINE('',#2679,#2681);
#2683=EDGE_CURVE('',#2670,#2678,#2682,.T.);
#2684=ORIENTED_EDGE('',*,*,#2683,.T.);
#2685=CARTESIAN_POINT('',(53.702661848,118.129587024,43.687783096));
#2686=VERTEX_POINT('',#2685);
#2687=CARTESIAN_POINT('',(53.702661848,118.129587024,44.056292651));
#2688=DIRECTION('',(-0.,-0.,-1.));
#2689=VECTOR('',#2688,0.368509555);
#2690=LINE('',#2687,#2689);
#2691=EDGE_CURVE('',#2678,#2686,#2690,.T.);
#2692=ORIENTED_EDGE('',*,*,#2691,.T.);
#2693=CARTESIAN_POINT('',(53.702661848,118.129587024,43.687783096));
#2694=DIRECTION('',(1.,-0.,-0.));
#2695=VECTOR('',#2694,0.823439491);
#2696=LINE('',#2693,#2695);
#2697=EDGE_CURVE('',#2686,#2636,#2696,.T.);
#2698=ORIENTED_EDGE('',*,*,#2697,.T.);
#2699=EDGE_LOOP('',(#2644,#2652,#2660,#2668,#2676,#2684,#2692,#2698));
#2700=FACE_BOUND('',#2699,.T.);
#2701=CARTESIAN_POINT('',(54.304530213,118.129587024,44.198814944));
#2702=VERTEX_POINT('',#2701);
#2703=CARTESIAN_POINT('',(54.071111954,118.129587024,44.134560166));
#2704=VERTEX_POINT('',#2703);
#2705=CARTESIAN_POINT('',(54.304530213,118.129587024,44.198814944));
#2706=CARTESIAN_POINT('',(54.230984566,118.129587024,44.155978426));
#2707=CARTESIAN_POINT('',(54.153178479,118.129587024,44.134560166));
#2708=CARTESIAN_POINT('',(54.071111954,118.129587024,44.134560166));
#2709=B_SPLINE_CURVE_WITH_KNOTS('',3,(#2705,#2706,#2707,#2708),.UNSPECIFIED.,.F.,.F.,(4,4),(0.,1.),.UNSPECIFIED.);
#2710=EDGE_CURVE('',#2702,#2704,#2709,.T.);
#2711=ORIENTED_EDGE('',*,*,#2710,.T.);
#2712=CARTESIAN_POINT('',(53.706653356,118.129587024,44.28452195));
#2713=VERTEX_POINT('',#2712);
#2714=CARTESIAN_POINT('',(54.071111954,118.129587024,44.134560166));
#2715=CARTESIAN_POINT('',(53.91592441,118.129587024,44.134560166));
#2716=CARTESIAN_POINT('',(53.794438211,118.129587024,44.184547428));
#2717=CARTESIAN_POINT('',(53.706653356,118.129587024,44.28452195));
#2718=B_SPLINE_CURVE_WITH_KNOTS('',3,(#2714,#2715,#2716,#2717),.UNSPECIFIED.,.F.,.F.,(4,4),(0.,1.),.UNSPECIFIED.);
#2719=EDGE_CURVE('',#2704,#2713,#2718,.T.);
#2720=ORIENTED_EDGE('',*,*,#2719,.T.);
#2721=CARTESIAN_POINT('',(53.57493361,118.129587024,44.671783096));
#2722=VERTEX_POINT('',#2721);
#2723=CARTESIAN_POINT('',(53.706653356,118.129587024,44.28452195));
#2724=CARTESIAN_POINT('',(53.618840192,118.129587024,44.384530442));
#2725=CARTESIAN_POINT('',(53.57493361,118.129587024,44.513617491));
#2726=CARTESIAN_POINT('',(53.57493361,118.129587024,44.671783096));
#2727=B_SPLINE_CURVE_WITH_KNOTS('',3,(#2723,#2724,#2725,#2726),.UNSPECIFIED.,.F.,.F.,(4,4),(0.,1.),.UNSPECIFIED.);
#2728=EDGE_CURVE('',#2713,#2722,#2727,.T.);
#2729=ORIENTED_EDGE('',*,*,#2728,.T.);
#2730=CARTESIAN_POINT('',(53.636801976,118.129587024,44.951885007));
#2731=VERTEX_POINT('',#2730);
#2732=CARTESIAN_POINT('',(53.57493361,118.129587024,44.671783096));
#2733=CARTESIAN_POINT('',(53.57493361,118.129587024,44.775358468));
#2734=CARTESIAN_POINT('',(53.595556399,118.129587024,44.868725772));
#2735=CARTESIAN_POINT('',(53.636801976,118.129587024,44.951885007));
#2736=B_SPLINE_CURVE_WITH_KNOTS('',3,(#2732,#2733,#2734,#2735),.UNSPECIFIED.,.F.,.F.,(4,4),(0.,1.),.UNSPECIFIED.);
#2737=EDGE_CURVE('',#2722,#2731,#2736,.T.);
#2738=ORIENTED_EDGE('',*,*,#2737,.T.);
#2739=CARTESIAN_POINT('',(53.809328515,118.129587024,45.142050612));
#2740=VERTEX_POINT('',#2739);
#2741=CARTESIAN_POINT('',(53.636801976,118.129587024,44.951885007));
#2742=CARTESIAN_POINT('',(53.678047552,118.129587024,45.035044243));
#2743=CARTESIAN_POINT('',(53.735556399,118.129587024,45.098432778));
#2744=CARTESIAN_POINT('',(53.809328515,118.129587024,45.142050612));
#2745=B_SPLINE_CURVE_WITH_KNOTS('',3,(#2741,#2742,#2743,#2744),.UNSPECIFIED.,.F.,.F.,(4,4),(0.,1.),.UNSPECIFIED.);
#2746=EDGE_CURVE('',#2731,#2740,#2745,.T.);
#2747=ORIENTED_EDGE('',*,*,#2746,.T.);
#2748=CARTESIAN_POINT('',(54.060283929,118.129587024,45.207477364));
#2749=VERTEX_POINT('',#2748);
#2750=CARTESIAN_POINT('',(53.809328515,118.129587024,45.142050612));
#2751=CARTESIAN_POINT('',(53.883072322,118.129587024,45.185668447));
#2752=CARTESIAN_POINT('',(53.966724127,118.129587024,45.207477364));
#2753=CARTESIAN_POINT('',(54.060283929,118.129587024,45.207477364));
#2754=B_SPLINE_CURVE_WITH_KNOTS('',3,(#2750,#2751,#2752,#2753),.UNSPECIFIED.,.F.,.F.,(4,4),(0.,1.),.UNSPECIFIED.);
#2755=EDGE_CURVE('',#2740,#2749,#2754,.T.);
#2756=ORIENTED_EDGE('',*,*,#2755,.T.);
#2757=CARTESIAN_POINT('',(54.314763759,118.129587024,45.138585644));
#2758=VERTEX_POINT('',#2757);
#2759=CARTESIAN_POINT('',(54.060283929,118.129587024,45.207477364));
#2760=CARTESIAN_POINT('',(54.155089307,118.129587024,45.207477364));
#2761=CARTESIAN_POINT('',(54.239915918,118.129587024,45.184513457));
#2762=CARTESIAN_POINT('',(54.314763759,118.129587024,45.138585644));
#2763=B_SPLINE_CURVE_WITH_KNOTS('',3,(#2759,#2760,#2761,#2762),.UNSPECIFIED.,.F.,.F.,(4,4),(0.,1.),.UNSPECIFIED.);
#2764=EDGE_CURVE('',#2749,#2758,#2763,.T.);
#2765=ORIENTED_EDGE('',*,*,#2764,.T.);
#2766=CARTESIAN_POINT('',(54.484700065,118.129587024,44.943477364));
#2767=VERTEX_POINT('',#2766);
#2768=CARTESIAN_POINT('',(54.314763759,118.129587024,45.138585644));
#2769=CARTESIAN_POINT('',(54.389583292,118.129587024,45.092691801));
#2770=CARTESIAN_POINT('',(54.446228727,118.129587024,45.027655708));
#2771=CARTESIAN_POINT('',(54.484700065,118.129587024,44.943477364));
#2772=B_SPLINE_CURVE_WITH_KNOTS('',3,(#2768,#2769,#2770,#2771),.UNSPECIFIED.,.F.,.F.,(4,4),(0.,1.),.UNSPECIFIED.);
#2773=EDGE_CURVE('',#2758,#2767,#2772,.T.);
#2774=ORIENTED_EDGE('',*,*,#2773,.T.);
#2775=CARTESIAN_POINT('',(54.542407071,118.129587024,44.671018765));
#2776=VERTEX_POINT('',#2775);
#2777=CARTESIAN_POINT('',(54.484700065,118.129587024,44.943477364));
#2778=CARTESIAN_POINT('',(54.523171402,118.129587024,44.85929902));
#2779=CARTESIAN_POINT('',(54.542407071,118.129587024,44.768479487));
#2780=CARTESIAN_POINT('',(54.542407071,118.129587024,44.671018765));
#2781=B_SPLINE_CURVE_WITH_KNOTS('',3,(#2777,#2778,#2779,#2780),.UNSPECIFIED.,.F.,.F.,(4,4),(0.,1.),.UNSPECIFIED.);
#2782=EDGE_CURVE('',#2767,#2776,#2781,.T.);
#2783=ORIENTED_EDGE('',*,*,#2782,.T.);
#2784=CARTESIAN_POINT('',(54.478627878,118.129587024,44.38785953));
#2785=VERTEX_POINT('',#2784);
#2786=CARTESIAN_POINT('',(54.542407071,118.129587024,44.671018765));
#2787=CARTESIAN_POINT('',(54.542407071,118.129587024,44.565405177));
#2788=CARTESIAN_POINT('',(54.52114734,118.129587024,44.471018765));
#2789=CARTESIAN_POINT('',(54.478627878,118.129587024,44.38785953));
#2790=B_SPLINE_CURVE_WITH_KNOTS('',3,(#2786,#2787,#2788,#2789),.UNSPECIFIED.,.F.,.F.,(4,4),(0.,1.),.UNSPECIFIED.);
#2791=EDGE_CURVE('',#2776,#2785,#2790,.T.);
#2792=ORIENTED_EDGE('',*,*,#2791,.T.);
#2793=CARTESIAN_POINT('',(54.478627878,118.129587024,44.38785953));
#2794=CARTESIAN_POINT('',(54.436108416,118.129587024,44.304700294));
#2795=CARTESIAN_POINT('',(54.378075861,118.129587024,44.241685432));
#2796=CARTESIAN_POINT('',(54.304530213,118.129587024,44.198814944));
#2797=B_SPLINE_CURVE_WITH_KNOTS('',3,(#2793,#2794,#2795,#2796),.UNSPECIFIED.,.F.,.F.,(4,4),(0.,1.),.UNSPECIFIED.);
#2798=EDGE_CURVE('',#2785,#2702,#2797,.T.);
#2799=ORIENTED_EDGE('',*,*,#2798,.T.);
#2800=EDGE_LOOP('',(#2711,#2720,#2729,#2738,#2747,#2756,#2765,#2774,#2783,#2792,#2799));
#2801=FACE_BOUND('',#2800,.T.);
#2802=CARTESIAN_POINT('',(54.526101339,118.129587024,45.553158893));
#2803=VERTEX_POINT('',#2802);
#2804=CARTESIAN_POINT('',(54.526101339,118.129587024,45.4064073));
#2805=VERTEX_POINT('',#2804);
#2806=CARTESIAN_POINT('',(54.526101339,118.129587024,45.553158893));
#2807=DIRECTION('',(-0.,-0.,-1.));
#2808=VECTOR('',#2807,0.146751593);
#2809=LINE('',#2806,#2808);
#2810=EDGE_CURVE('',#2803,#2805,#2809,.T.);
#2811=ORIENTED_EDGE('',*,*,#2810,.T.);
#2812=CARTESIAN_POINT('',(53.591239343,118.129587024,45.4064073));
#2813=VERTEX_POINT('',#2812);
#2814=CARTESIAN_POINT('',(54.526101339,118.129587024,45.4064073));
#2815=DIRECTION('',(-1.,0.,0.));
#2816=VECTOR('',#2815,0.934861996);
#2817=LINE('',#2814,#2816);
#2818=EDGE_CURVE('',#2805,#2813,#2817,.T.);
#2819=ORIENTED_EDGE('',*,*,#2818,.T.);
#2820=CARTESIAN_POINT('',(53.591239343,118.129587024,45.901337237));
#2821=VERTEX_POINT('',#2820);
#2822=CARTESIAN_POINT('',(53.591239343,118.129587024,45.4064073));
#2823=DIRECTION('',(0.,0.,1.));
#2824=VECTOR('',#2823,0.494929937);
#2825=LINE('',#2822,#2824);
#2826=EDGE_CURVE('',#2813,#2821,#2825,.T.);
#2827=ORIENTED_EDGE('',*,*,#2826,.T.);
#2828=CARTESIAN_POINT('',(53.616377347,118.129587024,46.128904116));
#2829=VERTEX_POINT('',#2828);
#2830=CARTESIAN_POINT('',(53.591239343,118.129587024,45.901337237));
#2831=CARTESIAN_POINT('',(53.591239343,118.129587024,46.001107937));
#2832=CARTESIAN_POINT('',(53.599618678,118.129587024,46.076963564));
#2833=CARTESIAN_POINT('',(53.616377347,118.129587024,46.128904116));
#2834=B_SPLINE_CURVE_WITH_KNOTS('',3,(#2830,#2831,#2832,#2833),.UNSPECIFIED.,.F.,.F.,(4,4),(0.,1.),.UNSPECIFIED.);
#2835=EDGE_CURVE('',#2821,#2829,#2834,.T.);
#2836=ORIENTED_EDGE('',*,*,#2835,.T.);
#2837=CARTESIAN_POINT('',(53.70508223,118.129587024,46.253388192));
#2838=VERTEX_POINT('',#2837);
#2839=CARTESIAN_POINT('',(53.616377347,118.129587024,46.128904116));
#2840=CARTESIAN_POINT('',(53.633107708,118.129587024,46.180844668));
#2841=CARTESIAN_POINT('',(53.662676002,118.129587024,46.22233936));
#2842=CARTESIAN_POINT('',(53.70508223,118.129587024,46.253388192));
#2843=B_SPLINE_CURVE_WITH_KNOTS('',3,(#2839,#2840,#2841,#2842),.UNSPECIFIED.,.F.,.F.,(4,4),(0.,1.),.UNSPECIFIED.);
#2844=EDGE_CURVE('',#2829,#2838,#2843,.T.);
#2845=ORIENTED_EDGE('',*,*,#2844,.T.);
#2846=CARTESIAN_POINT('',(53.845634247,118.129587024,46.29996144));
#2847=VERTEX_POINT('',#2846);
#2848=CARTESIAN_POINT('',(53.70508223,118.129587024,46.253388192));
#2849=CARTESIAN_POINT('',(53.747488458,118.129587024,46.284437024));
#2850=CARTESIAN_POINT('',(53.794339131,118.129587024,46.29996144));
#2851=CARTESIAN_POINT('',(53.845634247,118.129587024,46.29996144));
#2852=B_SPLINE_CURVE_WITH_KNOTS('',3,(#2848,#2849,#2850,#2851),.UNSPECIFIED.,.F.,.F.,(4,4),(0.,1.),.UNSPECIFIED.);
#2853=EDGE_CURVE('',#2838,#2847,#2852,.T.);
#2854=ORIENTED_EDGE('',*,*,#2853,.T.);
#2855=CARTESIAN_POINT('',(54.012937858,118.129587024,46.222814943));
#2856=VERTEX_POINT('',#2855);
#2857=CARTESIAN_POINT('',(53.845634247,118.129587024,46.29996144));
#2858=CARTESIAN_POINT('',(53.91179136,118.129587024,46.29996144));
#2859=CARTESIAN_POINT('',(53.96755923,118.129587024,46.274245941));
#2860=CARTESIAN_POINT('',(54.012937857,118.129587024,46.222814944));
#2861=B_SPLINE_CURVE_WITH_KNOTS('',3,(#2857,#2858,#2859,#2860),.UNSPECIFIED.,.F.,.F.,(4,4),(0.,1.),.UNSPECIFIED.);
#2862=EDGE_CURVE('',#2847,#2856,#2861,.T.);
#2863=ORIENTED_EDGE('',*,*,#2862,.T.);
#2864=CARTESIAN_POINT('',(54.099434868,118.129587024,45.984598869));
#2865=VERTEX_POINT('',#2864);
#2866=CARTESIAN_POINT('',(54.012937857,118.129587024,46.222814944));
#2867=CARTESIAN_POINT('',(54.058316484,118.129587024,46.171417916));
#2868=CARTESIAN_POINT('',(54.087148755,118.129587024,46.092012396));
#2869=CARTESIAN_POINT('',(54.099434672,118.129587024,45.984598383));
#2870=B_SPLINE_CURVE_WITH_KNOTS('',3,(#2866,#2867,#2868,#2869),.UNSPECIFIED.,.F.,.F.,(4,4),(0.,1.),.UNSPECIFIED.);
#2871=EDGE_CURVE('',#2856,#2865,#2870,.T.);
#2872=ORIENTED_EDGE('',*,*,#2871,.T.);
#2873=CARTESIAN_POINT('',(54.146143802,118.129587024,46.073872268));
#2874=VERTEX_POINT('',#2873);
#2875=CARTESIAN_POINT('',(54.099434672,118.129587024,45.984598383));
#2876=CARTESIAN_POINT('',(54.11523085,118.129587024,46.023766111));
#2877=CARTESIAN_POINT('',(54.13080056,118.129587024,46.053524073));
#2878=CARTESIAN_POINT('',(54.146143801,118.129587024,46.073872268));
#2879=B_SPLINE_CURVE_WITH_KNOTS('',3,(#2875,#2876,#2877,#2878),.UNSPECIFIED.,.F.,.F.,(4,4),(0.,1.),.UNSPECIFIED.);
#2880=EDGE_CURVE('',#2865,#2874,#2879,.T.);
#2881=ORIENTED_EDGE('',*,*,#2880,.T.);
#2882=CARTESIAN_POINT('',(54.270857177,118.129587024,46.196470995));
#2883=VERTEX_POINT('',#2882);
#2884=CARTESIAN_POINT('',(54.146143801,118.129587024,46.073872268));
#2885=CARTESIAN_POINT('',(54.179434672,118.129587024,46.11711643));
#2886=CARTESIAN_POINT('',(54.221005797,118.129587024,46.157982672));
#2887=CARTESIAN_POINT('',(54.270857177,118.129587024,46.196470995));
#2888=B_SPLINE_CURVE_WITH_KNOTS('',3,(#2884,#2885,#2886,#2887),.UNSPECIFIED.,.F.,.F.,(4,4),(0.,1.),.UNSPECIFIED.);
#2889=EDGE_CURVE('',#2874,#2883,#2888,.T.);
#2890=ORIENTED_EDGE('',*,*,#2889,.T.);
#2891=CARTESIAN_POINT('',(54.526101339,118.129587024,46.390254434));
#2892=VERTEX_POINT('',#2891);
#2893=CARTESIAN_POINT('',(54.270857177,118.129587024,46.196470995));
#2894=DIRECTION('',(0.796465935,-0.,0.604683401));
#2895=VECTOR('',#2894,0.320470909);
#2896=LINE('',#2893,#2895);
#2897=EDGE_CURVE('',#2883,#2892,#2896,.T.);
#2898=ORIENTED_EDGE('',*,*,#2897,.T.);
#2899=CARTESIAN_POINT('',(54.526101339,118.129587024,46.205286281));
#2900=VERTEX_POINT('',#2899);
#2901=CARTESIAN_POINT('',(54.526101339,118.129587024,46.390254434));
#2902=DIRECTION('',(-0.,-0.,-1.));
#2903=VECTOR('',#2902,0.184968153);
#2904=LINE('',#2901,#2903);
#2905=EDGE_CURVE('',#2892,#2900,#2904,.T.);
#2906=ORIENTED_EDGE('',*,*,#2905,.T.);
#2907=CARTESIAN_POINT('',(54.330984566,118.129587024,46.057158893));
#2908=VERTEX_POINT('',#2907);
#2909=CARTESIAN_POINT('',(54.526101339,118.129587024,46.205286281));
#2910=DIRECTION('',(-0.7964794,0.,-0.604665664));
#2911=VECTOR('',#2910,0.244974036);
#2912=LINE('',#2909,#2911);
#2913=EDGE_CURVE('',#2900,#2908,#2912,.T.);
#2914=ORIENTED_EDGE('',*,*,#2913,.T.);
#2915=CARTESIAN_POINT('',(54.201812591,118.129587024,45.950203479));
#2916=VERTEX_POINT('',#2915);
#2917=CARTESIAN_POINT('',(54.330984566,118.129587024,46.057158893));
#2918=CARTESIAN_POINT('',(54.274707142,118.129587024,46.013880761));
#2919=CARTESIAN_POINT('',(54.231649817,118.129587024,45.978228956));
#2920=CARTESIAN_POINT('',(54.201812591,118.129587024,45.950203479));
#2921=B_SPLINE_CURVE_WITH_KNOTS('',3,(#2917,#2918,#2919,#2920),.UNSPECIFIED.,.F.,.F.,(4,4),(0.,1.),.UNSPECIFIED.);
#2922=EDGE_CURVE('',#2908,#2916,#2921,.T.);
#2923=ORIENTED_EDGE('',*,*,#2922,.T.);
#2924=CARTESIAN_POINT('',(54.139349746,118.129587024,45.874993288));
#2925=VERTEX_POINT('',#2924);
#2926=CARTESIAN_POINT('',(54.201812591,118.129587024,45.950203479));
#2927=CARTESIAN_POINT('',(54.171947057,118.129587024,45.922211971));
#2928=CARTESIAN_POINT('',(54.151126109,118.129587024,45.897141907));
#2929=CARTESIAN_POINT('',(54.139349746,118.129587024,45.874993288));
#2930=B_SPLINE_CURVE_WITH_KNOTS('',3,(#2926,#2927,#2928,#2929),.UNSPECIFIED.,.F.,.F.,(4,4),(0.,1.),.UNSPECIFIED.);
#2931=EDGE_CURVE('',#2916,#2925,#2930,.T.);
#2932=ORIENTED_EDGE('',*,*,#2931,.T.);
#2933=CARTESIAN_POINT('',(54.11472127,118.129587024,45.807426258));
#2934=VERTEX_POINT('',#2933);
#2935=CARTESIAN_POINT('',(54.139349746,118.129587024,45.874993288));
#2936=CARTESIAN_POINT('',(54.127573384,118.129587024,45.852844668));
#2937=CARTESIAN_POINT('',(54.119363901,118.129587024,45.830322375));
#2938=CARTESIAN_POINT('',(54.114721296,118.129587024,45.807426409));
#2939=B_SPLINE_CURVE_WITH_KNOTS('',3,(#2935,#2936,#2937,#2938),.UNSPECIFIED.,.F.,.F.,(4,4),(0.,1.),.UNSPECIFIED.);
#2940=EDGE_CURVE('',#2925,#2934,#2939,.T.);
#2941=ORIENTED_EDGE('',*,*,#2940,.T.);
#2942=CARTESIAN_POINT('',(54.11030516,118.129587024,45.724980549));
#2943=VERTEX_POINT('',#2942);
#2944=CARTESIAN_POINT('',(54.114721296,118.129587024,45.807426409));
#2945=CARTESIAN_POINT('',(54.111777206,118.129587024,45.790645092));
#2946=CARTESIAN_POINT('',(54.11030516,118.129587024,45.763163139));
#2947=CARTESIAN_POINT('',(54.11030516,118.129587024,45.724980549));
#2948=B_SPLINE_CURVE_WITH_KNOTS('',3,(#2944,#2945,#2946,#2947),.UNSPECIFIED.,.F.,.F.,(4,4),(0.,1.),.UNSPECIFIED.);
#2949=EDGE_CURVE('',#2934,#2943,#2948,.T.);
#2950=ORIENTED_EDGE('',*,*,#2949,.T.);
#2951=CARTESIAN_POINT('',(54.11030516,118.129587024,45.553158893));
#2952=VERTEX_POINT('',#2951);
#2953=CARTESIAN_POINT('',(54.11030516,118.129587024,45.724980549));
#2954=DIRECTION('',(-0.,-0.,-1.));
#2955=VECTOR('',#2954,0.171821656);
#2956=LINE('',#2953,#2955);
#2957=EDGE_CURVE('',#2943,#2952,#2956,.T.);
#2958=ORIENTED_EDGE('',*,*,#2957,.T.);
#2959=CARTESIAN_POINT('',(54.11030516,118.129587024,45.553158893));
#2960=DIRECTION('',(1.,-0.,-0.));
#2961=VECTOR('',#2960,0.415796179);
#2962=LINE('',#2959,#2961);
#2963=EDGE_CURVE('',#2952,#2803,#2962,.T.);
#2964=ORIENTED_EDGE('',*,*,#2963,.T.);
#2965=EDGE_LOOP('',(#2811,#2819,#2827,#2836,#2845,#2854,#2863,#2872,#2881,#2890,#2898,#2906,#2914,#2923,#2932,#2941,#2950,#2958,#2964));
#2966=FACE_BOUND('',#2965,.T.);
#2967=CARTESIAN_POINT('',(54.265846562,118.129587024,47.503579275));
#2968=VERTEX_POINT('',#2967);
#2969=CARTESIAN_POINT('',(54.426228861,118.129587024,47.376496705));
#2970=VERTEX_POINT('',#2969);
#2971=CARTESIAN_POINT('',(54.265846562,118.129587024,47.503579275));
#2972=CARTESIAN_POINT('',(54.327276144,118.129587024,47.475519827));
#2973=CARTESIAN_POINT('',(54.380736866,118.129587024,47.433158893));
#2974=CARTESIAN_POINT('',(54.426228727,118.129587024,47.376496472));
#2975=B_SPLINE_CURVE_WITH_KNOTS('',3,(#2971,#2972,#2973,#2974),.UNSPECIFIED.,.F.,.F.,(4,4),(0.,1.),.UNSPECIFIED.);
#2976=EDGE_CURVE('',#2968,#2970,#2975,.T.);
#2977=ORIENTED_EDGE('',*,*,#2976,.T.);
#2978=CARTESIAN_POINT('',(54.513107708,118.129587024,47.568547428));
#2979=VERTEX_POINT('',#2978);
#2980=CARTESIAN_POINT('',(54.426228727,118.129587024,47.376496472));
#2981=CARTESIAN_POINT('',(54.465832407,118.129587024,47.445897746));
#2982=CARTESIAN_POINT('',(54.494792068,118.129587024,47.509914731));
#2983=CARTESIAN_POINT('',(54.513107708,118.129587024,47.568547428));
#2984=B_SPLINE_CURVE_WITH_KNOTS('',3,(#2980,#2981,#2982,#2983),.UNSPECIFIED.,.F.,.F.,(4,4),(0.,1.),.UNSPECIFIED.);
#2985=EDGE_CURVE('',#2970,#2979,#2984,.T.);
#2986=ORIENTED_EDGE('',*,*,#2985,.T.);
#2987=CARTESIAN_POINT('',(54.599094969,118.129587024,47.523502841));
#2988=VERTEX_POINT('',#2987);
#2989=CARTESIAN_POINT('',(54.513107708,118.129587024,47.568547428));
#2990=DIRECTION('',(0.885816121,-0.,-0.464036421));
#2991=VECTOR('',#2990,0.097071231);
#2992=LINE('',#2989,#2991);
#2993=EDGE_CURVE('',#2979,#2988,#2992,.T.);
#2994=ORIENTED_EDGE('',*,*,#2993,.T.);
#2995=CARTESIAN_POINT('',(54.483978321,118.129587024,47.2832478));
#2996=VERTEX_POINT('',#2995);
#2997=CARTESIAN_POINT('',(54.599094969,118.129587024,47.523502841));
#2998=CARTESIAN_POINT('',(54.574806222,118.129587024,47.443163139));
#2999=CARTESIAN_POINT('',(54.536433964,118.129587024,47.363078213));
#3000=CARTESIAN_POINT('',(54.483978196,118.129587024,47.283248065));
#3001=B_SPLINE_CURVE_WITH_KNOTS('',3,(#2997,#2998,#2999,#3000),.UNSPECIFIED.,.F.,.F.,(4,4),(0.,1.),.UNSPECIFIED.);
#3002=EDGE_CURVE('',#2988,#2996,#3001,.T.);
#3003=ORIENTED_EDGE('',*,*,#3002,.T.);
#3004=CARTESIAN_POINT('',(54.542407071,118.129587024,47.009719402));
#3005=VERTEX_POINT('',#3004);
#3006=CARTESIAN_POINT('',(54.483978196,118.129587024,47.283248065));
#3007=CARTESIAN_POINT('',(54.52293078,118.129587024,47.200666324));
#3008=CARTESIAN_POINT('',(54.542407071,118.129587024,47.109490103));
#3009=CARTESIAN_POINT('',(54.542407071,118.129587024,47.009719402));
#3010=B_SPLINE_CURVE_WITH_KNOTS('',3,(#3006,#3007,#3008,#3009),.UNSPECIFIED.,.F.,.F.,(4,4),(0.,1.),.UNSPECIFIED.);
#3011=EDGE_CURVE('',#2996,#3005,#3010,.T.);
#3012=ORIENTED_EDGE('',*,*,#3011,.T.);
#3013=CARTESIAN_POINT('',(54.481175649,118.129587024,46.735375453));
#3014=VERTEX_POINT('',#3013);
#3015=CARTESIAN_POINT('',(54.542407071,118.129587024,47.009719402));
#3016=CARTESIAN_POINT('',(54.542407071,118.129587024,46.908895623));
#3017=CARTESIAN_POINT('',(54.521996597,118.129587024,46.81744764));
#3018=CARTESIAN_POINT('',(54.481175649,118.129587024,46.735375453));
#3019=B_SPLINE_CURVE_WITH_KNOTS('',3,(#3015,#3016,#3017,#3018),.UNSPECIFIED.,.F.,.F.,(4,4),(0.,1.),.UNSPECIFIED.);
#3020=EDGE_CURVE('',#3005,#3014,#3019,.T.);
#3021=ORIENTED_EDGE('',*,*,#3020,.T.);
#3022=CARTESIAN_POINT('',(54.308988812,118.129587024,46.545821313));
#3023=VERTEX_POINT('',#3022);
#3024=CARTESIAN_POINT('',(54.481175649,118.129587024,46.735375453));
#3025=CARTESIAN_POINT('',(54.4403547,118.129587024,46.653337237));
#3026=CARTESIAN_POINT('',(54.382959088,118.129587024,46.590152523));
#3027=CARTESIAN_POINT('',(54.308988812,118.129587024,46.545821313));
#3028=B_SPLINE_CURVE_WITH_KNOTS('',3,(#3024,#3025,#3026,#3027),.UNSPECIFIED.,.F.,.F.,(4,4),(0.,1.),.UNSPECIFIED.);
#3029=EDGE_CURVE('',#3014,#3023,#3028,.T.);
#3030=ORIENTED_EDGE('',*,*,#3029,.T.);
#3031=CARTESIAN_POINT('',(54.059010044,118.129587024,46.479324498));
#3032=VERTEX_POINT('',#3031);
#3033=CARTESIAN_POINT('',(54.308988812,118.129587024,46.545821313));
#3034=CARTESIAN_POINT('',(54.235018536,118.129587024,46.501490103));
#3035=CARTESIAN_POINT('',(54.15169228,118.129587024,46.479324498));
#3036=CARTESIAN_POINT('',(54.059010044,118.129587024,46.479324498));
#3037=B_SPLINE_CURVE_WITH_KNOTS('',3,(#3033,#3034,#3035,#3036),.UNSPECIFIED.,.F.,.F.,(4,4),(0.,1.),.UNSPECIFIED.);
#3038=EDGE_CURVE('',#3023,#3032,#3037,.T.);
#3039=ORIENTED_EDGE('',*,*,#3038,.T.);
#3040=CARTESIAN_POINT('',(53.807077984,118.129587024,46.546228956));
#3041=VERTEX_POINT('',#3040);
#3042=CARTESIAN_POINT('',(54.059010044,118.129587024,46.479324498));
#3043=CARTESIAN_POINT('',(53.966724127,118.129587024,46.479324498));
#3044=CARTESIAN_POINT('',(53.882746774,118.129587024,46.501625984));
#3045=CARTESIAN_POINT('',(53.807077984,118.129587024,46.546228956));
#3046=B_SPLINE_CURVE_WITH_KNOTS('',3,(#3042,#3043,#3044,#3045),.UNSPECIFIED.,.F.,.F.,(4,4),(0.,1.),.UNSPECIFIED.);
#3047=EDGE_CURVE('',#3032,#3041,#3046,.T.);
#3048=ORIENTED_EDGE('',*,*,#3047,.T.);
#3049=CARTESIAN_POINT('',(53.634254205,118.129587024,46.736802205));
#3050=VERTEX_POINT('',#3049);
#3051=CARTESIAN_POINT('',(53.807077984,118.129587024,46.546228956));
#3052=CARTESIAN_POINT('',(53.731409194,118.129587024,46.590865899));
#3053=CARTESIAN_POINT('',(53.673801268,118.129587024,46.654390315));
#3054=CARTESIAN_POINT('',(53.634254205,118.129587024,46.736802205));
#3055=B_SPLINE_CURVE_WITH_KNOTS('',3,(#3051,#3052,#3053,#3054),.UNSPECIFIED.,.F.,.F.,(4,4),(0.,1.),.UNSPECIFIED.);
#3056=EDGE_CURVE('',#3041,#3050,#3055,.T.);
#3057=ORIENTED_EDGE('',*,*,#3056,.T.);
#3058=CARTESIAN_POINT('',(53.57493361,118.129587024,47.013286281));
#3059=VERTEX_POINT('',#3058);
#3060=CARTESIAN_POINT('',(53.634254205,118.129587024,46.736802205));
#3061=CARTESIAN_POINT('',(53.594707142,118.129587024,46.819214094));
#3062=CARTESIAN_POINT('',(53.57493361,118.129587024,46.911375453));
#3063=CARTESIAN_POINT('',(53.57493361,118.129587024,47.013286281));
#3064=B_SPLINE_CURVE_WITH_KNOTS('',3,(#3060,#3061,#3062,#3063),.UNSPECIFIED.,.F.,.F.,(4,4),(0.,1.),.UNSPECIFIED.);
#3065=EDGE_CURVE('',#3050,#3059,#3064,.T.);
#3066=ORIENTED_EDGE('',*,*,#3065,.T.);
#3067=CARTESIAN_POINT('',(53.636462273,118.129587024,47.291655708));
#3068=VERTEX_POINT('',#3067);
#3069=CARTESIAN_POINT('',(53.57493361,118.129587024,47.013286281));
#3070=CARTESIAN_POINT('',(53.57493361,118.129587024,47.116216217));
#3071=CARTESIAN_POINT('',(53.595443165,118.129587024,47.209006026));
#3072=CARTESIAN_POINT('',(53.636462273,118.129587024,47.291655708));
#3073=B_SPLINE_CURVE_WITH_KNOTS('',3,(#3069,#3070,#3071,#3072),.UNSPECIFIED.,.F.,.F.,(4,4),(0.,1.),.UNSPECIFIED.);
#3074=EDGE_CURVE('',#3059,#3068,#3073,.T.);
#3075=ORIENTED_EDGE('',*,*,#3074,.T.);
#3076=CARTESIAN_POINT('',(53.808649109,118.129587024,47.480649338));
#3077=VERTEX_POINT('',#3076);
#3078=CARTESIAN_POINT('',(53.636462273,118.129587024,47.291655708));
#3079=CARTESIAN_POINT('',(53.677481381,118.129587024,47.374305389));
#3080=CARTESIAN_POINT('',(53.734876993,118.129587024,47.437303266));
#3081=CARTESIAN_POINT('',(53.808649109,118.129587024,47.480649338));
#3082=B_SPLINE_CURVE_WITH_KNOTS('',3,(#3078,#3079,#3080,#3081),.UNSPECIFIED.,.F.,.F.,(4,4),(0.,1.),.UNSPECIFIED.);
#3083=EDGE_CURVE('',#3068,#3077,#3082,.T.);
#3084=ORIENTED_EDGE('',*,*,#3083,.T.);
#3085=CARTESIAN_POINT('',(54.058288175,118.129587024,47.545719402));
#3086=VERTEX_POINT('',#3085);
#3087=CARTESIAN_POINT('',(53.808649109,118.129587024,47.480649338));
#3088=CARTESIAN_POINT('',(53.882392917,118.129587024,47.524029381));
#3089=CARTESIAN_POINT('',(53.965605939,118.129587024,47.545719402));
#3090=CARTESIAN_POINT('',(54.058288175,118.129587024,47.545719402));
#3091=B_SPLINE_CURVE_WITH_KNOTS('',3,(#3087,#3088,#3089,#3090),.UNSPECIFIED.,.F.,.F.,(4,4),(0.,1.),.UNSPECIFIED.);
#3092=EDGE_CURVE('',#3077,#3086,#3091,.T.);
#3093=ORIENTED_EDGE('',*,*,#3092,.T.);
#3094=CARTESIAN_POINT('',(54.058288175,118.129587024,47.545719402));
#3095=CARTESIAN_POINT('',(54.13523085,118.129587024,47.545719402));
#3096=CARTESIAN_POINT('',(54.204416979,118.129587024,47.531672693));
#3097=CARTESIAN_POINT('',(54.265846562,118.129587024,47.503579275));
#3098=B_SPLINE_CURVE_WITH_KNOTS('',3,(#3094,#3095,#3096,#3097),.UNSPECIFIED.,.F.,.F.,(4,4),(0.,1.),.UNSPECIFIED.);
#3099=EDGE_CURVE('',#3086,#2968,#3098,.T.);
#3100=ORIENTED_EDGE('',*,*,#3099,.T.);
#3101=EDGE_LOOP('',(#2977,#2986,#2994,#3003,#3012,#3021,#3030,#3039,#3048,#3057,#3066,#3075,#3084,#3093,#3100));
#3102=FACE_BOUND('',#3101,.T.);
#3103=CARTESIAN_POINT('',(54.129328515,118.129587024,48.484929593));
#3104=VERTEX_POINT('',#3103);
#3105=CARTESIAN_POINT('',(53.591239343,118.129587024,48.484929593));
#3106=VERTEX_POINT('',#3105);
#3107=CARTESIAN_POINT('',(54.129328515,118.129587024,48.484929593));
#3108=DIRECTION('',(-1.,0.,0.));
#3109=VECTOR('',#3108,0.538089172);
#3110=LINE('',#3107,#3109);
#3111=EDGE_CURVE('',#3104,#3106,#3110,.T.);
#3112=ORIENTED_EDGE('',*,*,#3111,.T.);
#3113=CARTESIAN_POINT('',(53.591239343,118.129587024,48.631681186));
#3114=VERTEX_POINT('',#3113);
#3115=CARTESIAN_POINT('',(53.591239343,118.129587024,48.484929593));
#3116=DIRECTION('',(0.,0.,1.));
#3117=VECTOR('',#3116,0.146751593);
#3118=LINE('',#3115,#3117);
#3119=EDGE_CURVE('',#3106,#3114,#3118,.T.);
#3120=ORIENTED_EDGE('',*,*,#3119,.T.);
#3121=CARTESIAN_POINT('',(54.131579046,118.129587024,48.631681186));
#3122=VERTEX_POINT('',#3121);
#3123=CARTESIAN_POINT('',(53.591239343,118.129587024,48.631681186));
#3124=DIRECTION('',(1.,-0.,-0.));
#3125=VECTOR('',#3124,0.540339703);
#3126=LINE('',#3123,#3125);
#3127=EDGE_CURVE('',#3114,#3122,#3126,.T.);
#3128=ORIENTED_EDGE('',*,*,#3127,.T.);
#3129=CARTESIAN_POINT('',(54.355485627,118.129587024,48.593617491));
#3130=VERTEX_POINT('',#3129);
#3131=CARTESIAN_POINT('',(54.131579046,118.129587024,48.631681186));
#3132=CARTESIAN_POINT('',(54.225563476,118.129587024,48.631681186));
#3133=CARTESIAN_POINT('',(54.300199003,118.129587024,48.618993288));
#3134=CARTESIAN_POINT('',(54.355485627,118.129587024,48.593617491));
#3135=B_SPLINE_CURVE_WITH_KNOTS('',3,(#3131,#3132,#3133,#3134),.UNSPECIFIED.,.F.,.F.,(4,4),(0.,1.),.UNSPECIFIED.);
#3136=EDGE_CURVE('',#3122,#3130,#3135,.T.);
#3137=ORIENTED_EDGE('',*,*,#3136,.T.);
#3138=CARTESIAN_POINT('',(54.49043255,118.129587024,48.45629265));
#3139=VERTEX_POINT('',#3138);
#3140=CARTESIAN_POINT('',(54.355485627,118.129587024,48.593617491));
#3141=CARTESIAN_POINT('',(54.410772252,118.129587024,48.568275665));
#3142=CARTESIAN_POINT('',(54.455754559,118.129587024,48.522500719));
#3143=CARTESIAN_POINT('',(54.490432549,118.129587024,48.456292651));
#3144=B_SPLINE_CURVE_WITH_KNOTS('',3,(#3140,#3141,#3142,#3143),.UNSPECIFIED.,.F.,.F.,(4,4),(0.,1.),.UNSPECIFIED.);
#3145=EDGE_CURVE('',#3130,#3139,#3144,.T.);
#3146=ORIENTED_EDGE('',*,*,#3145,.T.);
#3147=CARTESIAN_POINT('',(54.542407071,118.129587024,48.195706663));
#3148=VERTEX_POINT('',#3147);
#3149=CARTESIAN_POINT('',(54.490432549,118.129587024,48.456292651));
#3150=CARTESIAN_POINT('',(54.52508223,118.129587024,48.390118553));
#3151=CARTESIAN_POINT('',(54.542407071,118.129587024,48.303256557));
#3152=CARTESIAN_POINT('',(54.542407071,118.129587024,48.195706663));
#3153=B_SPLINE_CURVE_WITH_KNOTS('',3,(#3149,#3150,#3151,#3152),.UNSPECIFIED.,.F.,.F.,(4,4),(0.,1.),.UNSPECIFIED.);
#3154=EDGE_CURVE('',#3139,#3148,#3153,.T.);
#3155=ORIENTED_EDGE('',*,*,#3154,.T.);
#3156=CARTESIAN_POINT('',(54.497141678,118.129587024,47.93929902));
#3157=VERTEX_POINT('',#3156);
#3158=CARTESIAN_POINT('',(54.542407071,118.129587024,48.195706663));
#3159=CARTESIAN_POINT('',(54.542407071,118.129587024,48.091214094));
#3160=CARTESIAN_POINT('',(54.527318607,118.129587024,48.00574488));
#3161=CARTESIAN_POINT('',(54.497141678,118.129587024,47.93929902));
#3162=B_SPLINE_CURVE_WITH_KNOTS('',3,(#3158,#3159,#3160,#3161),.UNSPECIFIED.,.F.,.F.,(4,4),(0.,1.),.UNSPECIFIED.);
#3163=EDGE_CURVE('',#3148,#3157,#3162,.T.);
#3164=ORIENTED_EDGE('',*,*,#3163,.T.);
#3165=CARTESIAN_POINT('',(54.366016412,118.129587024,47.797031503));
#3166=VERTEX_POINT('',#3165);
#3167=CARTESIAN_POINT('',(54.497141678,118.129587024,47.93929902));
#3168=CARTESIAN_POINT('',(54.466936441,118.129587024,47.87285316));
#3169=CARTESIAN_POINT('',(54.423228019,118.129587024,47.825430655));
#3170=CARTESIAN_POINT('',(54.366016413,118.129587024,47.797031504));
#3171=B_SPLINE_CURVE_WITH_KNOTS('',3,(#3167,#3168,#3169,#3170),.UNSPECIFIED.,.F.,.F.,(4,4),(0.,1.),.UNSPECIFIED.);
#3172=EDGE_CURVE('',#3157,#3166,#3171,.T.);
#3173=ORIENTED_EDGE('',*,*,#3172,.T.);
#3174=CARTESIAN_POINT('',(54.131579046,118.129587024,47.754432778));
#3175=VERTEX_POINT('',#3174);
#3176=CARTESIAN_POINT('',(54.366016413,118.129587024,47.797031504));
#3177=CARTESIAN_POINT('',(54.308804806,118.129587024,47.768632353));
#3178=CARTESIAN_POINT('',(54.230659017,118.129587024,47.754432778));
#3179=CARTESIAN_POINT('',(54.131579046,118.129587024,47.754432778));
#3180=B_SPLINE_CURVE_WITH_KNOTS('',3,(#3176,#3177,#3178,#3179),.UNSPECIFIED.,.F.,.F.,(4,4),(0.,1.),.UNSPECIFIED.);
#3181=EDGE_CURVE('',#3166,#3175,#3180,.T.);
#3182=ORIENTED_EDGE('',*,*,#3181,.T.);
#3183=CARTESIAN_POINT('',(53.591239343,118.129587024,47.754432778));
#3184=VERTEX_POINT('',#3183);
#3185=CARTESIAN_POINT('',(54.131579046,118.129587024,47.754432778));
#3186=DIRECTION('',(-1.,0.,0.));
#3187=VECTOR('',#3186,0.540339703);
#3188=LINE('',#3185,#3187);
#3189=EDGE_CURVE('',#3175,#3184,#3188,.T.);
#3190=ORIENTED_EDGE('',*,*,#3189,.T.);
#3191=CARTESIAN_POINT('',(53.591239343,118.129587024,47.90118437));
#3192=VERTEX_POINT('',#3191);
#3193=CARTESIAN_POINT('',(53.591239343,118.129587024,47.754432778));
#3194=DIRECTION('',(0.,0.,1.));
#3195=VECTOR('',#3194,0.146751592);
#3196=LINE('',#3193,#3195);
#3197=EDGE_CURVE('',#3184,#3192,#3196,.T.);
#3198=ORIENTED_EDGE('',*,*,#3197,.T.);
#3199=CARTESIAN_POINT('',(54.129328515,118.129587024,47.90118437));
#3200=VERTEX_POINT('',#3199);
#3201=CARTESIAN_POINT('',(53.591239343,118.129587024,47.90118437));
#3202=DIRECTION('',(1.,-0.,-0.));
#3203=VECTOR('',#3202,0.538089172);
#3204=LINE('',#3201,#3203);
#3205=EDGE_CURVE('',#3192,#3200,#3204,.T.);
#3206=ORIENTED_EDGE('',*,*,#3205,.T.);
#3207=CARTESIAN_POINT('',(54.308394332,118.129587024,47.928241695));
#3208=VERTEX_POINT('',#3207);
#3209=CARTESIAN_POINT('',(54.129328515,118.129587024,47.90118437));
#3210=CARTESIAN_POINT('',(54.210319315,118.129587024,47.90118437));
#3211=CARTESIAN_POINT('',(54.27000792,118.129587024,47.910203479));
#3212=CARTESIAN_POINT('',(54.308394332,118.129587024,47.928241695));
#3213=B_SPLINE_CURVE_WITH_KNOTS('',3,(#3209,#3210,#3211,#3212),.UNSPECIFIED.,.F.,.F.,(4,4),(0.,1.),.UNSPECIFIED.);
#3214=EDGE_CURVE('',#3200,#3208,#3213,.T.);
#3215=ORIENTED_EDGE('',*,*,#3214,.T.);
#3216=CARTESIAN_POINT('',(54.397099216,118.129587024,48.021337238));
#3217=VERTEX_POINT('',#3216);
#3218=CARTESIAN_POINT('',(54.308394332,118.129587024,47.928241695));
#3219=CARTESIAN_POINT('',(54.346752436,118.129587024,47.946313882));
#3220=CARTESIAN_POINT('',(54.37632073,118.129587024,47.977345729));
#3221=CARTESIAN_POINT('',(54.397099215,118.129587024,48.021337237));
#3222=B_SPLINE_CURVE_WITH_KNOTS('',3,(#3218,#3219,#3220,#3221),.UNSPECIFIED.,.F.,.F.,(4,4),(0.,1.),.UNSPECIFIED.);
#3223=EDGE_CURVE('',#3208,#3217,#3222,.T.);
#3224=ORIENTED_EDGE('',*,*,#3223,.T.);
#3225=CARTESIAN_POINT('',(54.428266944,118.129587024,48.182763988));
#3226=VERTEX_POINT('',#3225);
#3227=CARTESIAN_POINT('',(54.397099215,118.129587024,48.021337237));
#3228=CARTESIAN_POINT('',(54.417877701,118.129587024,48.065362714));
#3229=CARTESIAN_POINT('',(54.428266944,118.129587024,48.119171631));
#3230=CARTESIAN_POINT('',(54.428266944,118.129587024,48.182763988));
#3231=B_SPLINE_CURVE_WITH_KNOTS('',3,(#3227,#3228,#3229,#3230),.UNSPECIFIED.,.F.,.F.,(4,4),(0.,1.),.UNSPECIFIED.);
#3232=EDGE_CURVE('',#3217,#3226,#3231,.T.);
#3233=ORIENTED_EDGE('',*,*,#3232,.T.);
#3234=CARTESIAN_POINT('',(54.36656843,118.129587024,48.415477364));
#3235=VERTEX_POINT('',#3234);
#3236=CARTESIAN_POINT('',(54.428266944,118.129587024,48.182763988));
#3237=CARTESIAN_POINT('',(54.428266944,118.129587024,48.291638723));
#3238=CARTESIAN_POINT('',(54.407700772,118.129587024,48.369209848));
#3239=CARTESIAN_POINT('',(54.36656843,118.129587024,48.415477364));
#3240=B_SPLINE_CURVE_WITH_KNOTS('',3,(#3236,#3237,#3238,#3239),.UNSPECIFIED.,.F.,.F.,(4,4),(0.,1.),.UNSPECIFIED.);
#3241=EDGE_CURVE('',#3226,#3235,#3240,.T.);
#3242=ORIENTED_EDGE('',*,*,#3241,.T.);
#3243=CARTESIAN_POINT('',(54.36656843,118.129587024,48.415477364));
#3244=CARTESIAN_POINT('',(54.325436087,118.129587024,48.46177885));
#3245=CARTESIAN_POINT('',(54.246356116,118.129587024,48.484929593));
#3246=CARTESIAN_POINT('',(54.129328515,118.129587024,48.484929593));
#3247=B_SPLINE_CURVE_WITH_KNOTS('',3,(#3243,#3244,#3245,#3246),.UNSPECIFIED.,.F.,.F.,(4,4),(0.,1.),.UNSPECIFIED.);
#3248=EDGE_CURVE('',#3235,#3104,#3247,.T.);
#3249=ORIENTED_EDGE('',*,*,#3248,.T.);
#3250=EDGE_LOOP('',(#3112,#3120,#3128,#3137,#3146,#3155,#3164,#3173,#3182,#3190,#3198,#3206,#3215,#3224,#3233,#3242,#3249));
#3251=FACE_BOUND('',#3250,.T.);
#3252=CARTESIAN_POINT('',(54.526101339,118.129587024,49.717642969));
#3253=VERTEX_POINT('',#3252);
#3254=CARTESIAN_POINT('',(54.526101339,118.129587024,48.886050612));
#3255=VERTEX_POINT('',#3254);
#3256=CARTESIAN_POINT('',(54.526101339,118.129587024,49.717642969));
#3257=DIRECTION('',(-0.,-0.,-1.));
#3258=VECTOR('',#3257,0.831592357);
#3259=LINE('',#3256,#3258);
#3260=EDGE_CURVE('',#3253,#3255,#3259,.T.);
#3261=ORIENTED_EDGE('',*,*,#3260,.T.);
#3262=CARTESIAN_POINT('',(53.591239343,118.129587024,48.886050612));
#3263=VERTEX_POINT('',#3262);
#3264=CARTESIAN_POINT('',(54.526101339,118.129587024,48.886050612));
#3265=DIRECTION('',(-1.,0.,0.));
#3266=VECTOR('',#3265,0.934861996);
#3267=LINE('',#3264,#3266);
#3268=EDGE_CURVE('',#3255,#3263,#3267,.T.);
#3269=ORIENTED_EDGE('',*,*,#3268,.T.);
#3270=CARTESIAN_POINT('',(53.591239343,118.129587024,49.691553797));
#3271=VERTEX_POINT('',#3270);
#3272=CARTESIAN_POINT('',(53.591239343,118.129587024,48.886050612));
#3273=DIRECTION('',(0.,0.,1.));
#3274=VECTOR('',#3273,0.805503185);
#3275=LINE('',#3272,#3274);
#3276=EDGE_CURVE('',#3263,#3271,#3275,.T.);
#3277=ORIENTED_EDGE('',*,*,#3276,.T.);
#3278=CARTESIAN_POINT('',(53.702661848,118.129587024,49.691553797));
#3279=VERTEX_POINT('',#3278);
#3280=CARTESIAN_POINT('',(53.591239343,118.129587024,49.691553797));
#3281=DIRECTION('',(1.,-0.,-0.));
#3282=VECTOR('',#3281,0.111422505);
#3283=LINE('',#3280,#3282);
#3284=EDGE_CURVE('',#3271,#3279,#3283,.T.);
#3285=ORIENTED_EDGE('',*,*,#3284,.T.);
#3286=CARTESIAN_POINT('',(53.702661848,118.129587024,49.032802205));
#3287=VERTEX_POINT('',#3286);
#3288=CARTESIAN_POINT('',(53.702661848,118.129587024,49.691553797));
#3289=DIRECTION('',(-0.,-0.,-1.));
#3290=VECTOR('',#3289,0.658751592);
#3291=LINE('',#3288,#3290);
#3292=EDGE_CURVE('',#3279,#3287,#3291,.T.);
#3293=ORIENTED_EDGE('',*,*,#3292,.T.);
#3294=CARTESIAN_POINT('',(53.985294545,118.129587024,49.032802205));
#3295=VERTEX_POINT('',#3294);
#3296=CARTESIAN_POINT('',(53.702661848,118.129587024,49.032802205));
#3297=DIRECTION('',(1.,-0.,-0.));
#3298=VECTOR('',#3297,0.282632697);
#3299=LINE('',#3296,#3298);
#3300=EDGE_CURVE('',#3287,#3295,#3299,.T.);
#3301=ORIENTED_EDGE('',*,*,#3300,.T.);
#3302=CARTESIAN_POINT('',(53.985294545,118.129587024,49.649158893));
#3303=VERTEX_POINT('',#3302);
#3304=CARTESIAN_POINT('',(53.985294545,118.129587024,49.032802205));
#3305=DIRECTION('',(0.,0.,1.));
#3306=VECTOR('',#3305,0.616356688);
#3307=LINE('',#3304,#3306);
#3308=EDGE_CURVE('',#3295,#3303,#3307,.T.);
#3309=ORIENTED_EDGE('',*,*,#3308,.T.);
#3310=CARTESIAN_POINT('',(54.09671705,118.129587024,49.649158893));
#3311=VERTEX_POINT('',#3310);
#3312=CARTESIAN_POINT('',(53.985294545,118.129587024,49.649158893));
#3313=DIRECTION('',(1.,-0.,-0.));
#3314=VECTOR('',#3313,0.111422505);
#3315=LINE('',#3312,#3314);
#3316=EDGE_CURVE('',#3303,#3311,#3315,.T.);
#3317=ORIENTED_EDGE('',*,*,#3316,.T.);
#3318=CARTESIAN_POINT('',(54.09671705,118.129587024,49.032802205));
#3319=VERTEX_POINT('',#3318);
#3320=CARTESIAN_POINT('',(54.09671705,118.129587024,49.649158893));
#3321=DIRECTION('',(-0.,-0.,-1.));
#3322=VECTOR('',#3321,0.616356688);
#3323=LINE('',#3320,#3322);
#3324=EDGE_CURVE('',#3311,#3319,#3323,.T.);
#3325=ORIENTED_EDGE('',*,*,#3324,.T.);
#3326=CARTESIAN_POINT('',(54.414678833,118.129587024,49.032802205));
#3327=VERTEX_POINT('',#3326);
#3328=CARTESIAN_POINT('',(54.09671705,118.129587024,49.032802205));
#3329=DIRECTION('',(1.,-0.,-0.));
#3330=VECTOR('',#3329,0.317961783);
#3331=LINE('',#3328,#3330);
#3332=EDGE_CURVE('',#3319,#3327,#3331,.T.);
#3333=ORIENTED_EDGE('',*,*,#3332,.T.);
#3334=CARTESIAN_POINT('',(54.414678833,118.129587024,49.717642969));
#3335=VERTEX_POINT('',#3334);
#3336=CARTESIAN_POINT('',(54.414678833,118.129587024,49.032802205));
#3337=DIRECTION('',(0.,0.,1.));
#3338=VECTOR('',#3337,0.684840764);
#3339=LINE('',#3336,#3338);
#3340=EDGE_CURVE('',#3327,#3335,#3339,.T.);
#3341=ORIENTED_EDGE('',*,*,#3340,.T.);
#3342=CARTESIAN_POINT('',(54.414678833,118.129587024,49.717642969));
#3343=DIRECTION('',(1.,-0.,-0.));
#3344=VECTOR('',#3343,0.111422506);
#3345=LINE('',#3342,#3344);
#3346=EDGE_CURVE('',#3335,#3253,#3345,.T.);
#3347=ORIENTED_EDGE('',*,*,#3346,.T.);
#3348=EDGE_LOOP('',(#3261,#3269,#3277,#3285,#3293,#3301,#3309,#3317,#3325,#3333,#3341,#3347));
#3349=FACE_BOUND('',#3348,.T.);
#3350=ADVANCED_FACE('',(#2070,#2177,#2211,#2468,#2502,#2600,#2634,#2700,#2801,#2966,#3102,#3251,#3349),#2062,.T.);
#3351=OVER_RIDING_STYLED_ITEM('',(#183),#3350,#26);
#3352=CARTESIAN_POINT('',(52.337523844,118.129587024,42.728649338));
#3353=CARTESIAN_POINT('',(52.216249959,118.129587024,42.562534689));
#3354=CARTESIAN_POINT('',(51.99671705,118.129587024,42.529006026));
#3355=B_SPLINE_CURVE_WITH_KNOTS('',2,(#3352,#3353,#3354),.UNSPECIFIED.,.F.,.F.,(3,3),(0.,1.),.UNSPECIFIED.);
#3356=DIRECTION('',(-0.,-1.,0.));
#3357=VECTOR('',#3356,1.);
#3358=SURFACE_OF_LINEAR_EXTRUSION('',#3355,#3357);
#3359=CARTESIAN_POINT('',(52.337523844,118.229587024,42.728649338));
#3360=VERTEX_POINT('',#3359);
#3361=CARTESIAN_POINT('',(52.337523844,118.129587024,42.728649338));
#3362=DIRECTION('',(0.,1.,-0.));
#3363=VECTOR('',#3362,0.1);
#3364=LINE('',#3361,#3363);
#3365=EDGE_CURVE('',#926,#3360,#3364,.T.);
#3366=ORIENTED_EDGE('',*,*,#3365,.T.);
#3367=CARTESIAN_POINT('',(51.99671705,118.229587024,42.529006026));
#3368=VERTEX_POINT('',#3367);
#3369=CARTESIAN_POINT('',(52.337523844,118.229587024,42.728649338));
#3370=CARTESIAN_POINT('',(52.256674587,118.229587024,42.617906239));
#3371=CARTESIAN_POINT('',(52.143072322,118.229587024,42.551358468));
#3372=CARTESIAN_POINT('',(51.99671705,118.229587024,42.529006026));
#3373=B_SPLINE_CURVE_WITH_KNOTS('',3,(#3369,#3370,#3371,#3372),.UNSPECIFIED.,.F.,.F.,(4,4),(0.,1.),.UNSPECIFIED.);
#3374=EDGE_CURVE('',#3360,#3368,#3373,.T.);
#3375=ORIENTED_EDGE('',*,*,#3374,.T.);
#3376=CARTESIAN_POINT('',(51.99671705,118.129587024,42.529006026));
#3377=DIRECTION('',(0.,1.,-0.));
#3378=VECTOR('',#3377,0.1);
#3379=LINE('',#3376,#3378);
#3380=EDGE_CURVE('',#928,#3368,#3379,.T.);
#3381=ORIENTED_EDGE('',*,*,#3380,.F.);
#3382=ORIENTED_EDGE('',*,*,#934,.F.);
#3383=EDGE_LOOP('',(#3366,#3375,#3381,#3382));
#3384=FACE_BOUND('',#3383,.T.);
#3385=ADVANCED_FACE('',(#3384),#3358,.T.);
#3386=CARTESIAN_POINT('',(52.458712804,118.129587024,43.157082459));
#3387=CARTESIAN_POINT('',(52.458712804,118.129587024,42.894865899));
#3388=CARTESIAN_POINT('',(52.337523844,118.129587024,42.728649338));
#3389=B_SPLINE_CURVE_WITH_KNOTS('',2,(#3386,#3387,#3388),.UNSPECIFIED.,.F.,.F.,(3,3),(0.,1.),.UNSPECIFIED.);
#3390=DIRECTION('',(-0.,-1.,0.));
#3391=VECTOR('',#3390,1.);
#3392=SURFACE_OF_LINEAR_EXTRUSION('',#3389,#3391);
#3393=CARTESIAN_POINT('',(52.458712804,118.229587024,43.157082459));
#3394=VERTEX_POINT('',#3393);
#3395=CARTESIAN_POINT('',(52.458712804,118.129587024,43.157082459));
#3396=DIRECTION('',(0.,1.,-0.));
#3397=VECTOR('',#3396,0.1);
#3398=LINE('',#3395,#3397);
#3399=EDGE_CURVE('',#1107,#3394,#3398,.T.);
#3400=ORIENTED_EDGE('',*,*,#3399,.T.);
#3401=CARTESIAN_POINT('',(52.458712804,118.229587024,43.157082459));
#3402=CARTESIAN_POINT('',(52.458712804,118.229587024,42.982271419));
#3403=CARTESIAN_POINT('',(52.418316484,118.229587024,42.839460379));
#3404=CARTESIAN_POINT('',(52.337523844,118.229587024,42.728649338));
#3405=B_SPLINE_CURVE_WITH_KNOTS('',3,(#3401,#3402,#3403,#3404),.UNSPECIFIED.,.F.,.F.,(4,4),(0.,1.),.UNSPECIFIED.);
#3406=EDGE_CURVE('',#3394,#3360,#3405,.T.);
#3407=ORIENTED_EDGE('',*,*,#3406,.T.);
#3408=ORIENTED_EDGE('',*,*,#3365,.F.);
#3409=ORIENTED_EDGE('',*,*,#1120,.F.);
#3410=EDGE_LOOP('',(#3400,#3407,#3408,#3409));
#3411=FACE_BOUND('',#3410,.T.);
#3412=ADVANCED_FACE('',(#3411),#3392,.T.);
#3413=CARTESIAN_POINT('',(52.347545075,118.129587024,43.587655708));
#3414=CARTESIAN_POINT('',(52.458712804,118.129587024,43.404012396));
#3415=CARTESIAN_POINT('',(52.458712804,118.129587024,43.157082459));
#3416=B_SPLINE_CURVE_WITH_KNOTS('',2,(#3413,#3414,#3415),.UNSPECIFIED.,.F.,.F.,(3,3),(0.,1.),.UNSPECIFIED.);
#3417=DIRECTION('',(-0.,-1.,0.));
#3418=VECTOR('',#3417,1.);
#3419=SURFACE_OF_LINEAR_EXTRUSION('',#3416,#3418);
#3420=CARTESIAN_POINT('',(52.347545075,118.229587024,43.587655708));
#3421=VERTEX_POINT('',#3420);
#3422=CARTESIAN_POINT('',(52.347545075,118.129587024,43.587655708));
#3423=DIRECTION('',(0.,1.,-0.));
#3424=VECTOR('',#3423,0.1);
#3425=LINE('',#3422,#3424);
#3426=EDGE_CURVE('',#1098,#3421,#3425,.T.);
#3427=ORIENTED_EDGE('',*,*,#3426,.T.);
#3428=CARTESIAN_POINT('',(52.347545075,118.229587024,43.587655708));
#3429=CARTESIAN_POINT('',(52.421656894,118.229587024,43.465226833));
#3430=CARTESIAN_POINT('',(52.458712804,118.229587024,43.321702417));
#3431=CARTESIAN_POINT('',(52.458712804,118.229587024,43.157082459));
#3432=B_SPLINE_CURVE_WITH_KNOTS('',3,(#3428,#3429,#3430,#3431),.UNSPECIFIED.,.F.,.F.,(4,4),(0.,1.),.UNSPECIFIED.);
#3433=EDGE_CURVE('',#3421,#3394,#3432,.T.);
#3434=ORIENTED_EDGE('',*,*,#3433,.T.);
#3435=ORIENTED_EDGE('',*,*,#3399,.F.);
#3436=ORIENTED_EDGE('',*,*,#1113,.F.);
#3437=EDGE_LOOP('',(#3427,#3434,#3435,#3436));
#3438=FACE_BOUND('',#3437,.T.);
#3439=ADVANCED_FACE('',(#3438),#3419,.T.);
#3440=CARTESIAN_POINT('',(52.023553568,118.129587024,43.864343606));
#3441=CARTESIAN_POINT('',(52.236377347,118.129587024,43.771400931));
#3442=CARTESIAN_POINT('',(52.347545075,118.129587024,43.587655708));
#3443=B_SPLINE_CURVE_WITH_KNOTS('',2,(#3440,#3441,#3442),.UNSPECIFIED.,.F.,.F.,(3,3),(0.,1.),.UNSPECIFIED.);
#3444=DIRECTION('',(-0.,-1.,0.));
#3445=VECTOR('',#3444,1.);
#3446=SURFACE_OF_LINEAR_EXTRUSION('',#3443,#3445);
#3447=CARTESIAN_POINT('',(52.023553568,118.229587024,43.864343606));
#3448=VERTEX_POINT('',#3447);
#3449=CARTESIAN_POINT('',(52.023553568,118.129587024,43.864343606));
#3450=DIRECTION('',(0.,1.,-0.));
#3451=VECTOR('',#3450,0.1);
#3452=LINE('',#3449,#3451);
#3453=EDGE_CURVE('',#1089,#3448,#3452,.T.);
#3454=ORIENTED_EDGE('',*,*,#3453,.T.);
#3455=CARTESIAN_POINT('',(52.023553568,118.229587024,43.864343606));
#3456=CARTESIAN_POINT('',(52.165436087,118.229587024,43.802381823));
#3457=CARTESIAN_POINT('',(52.273433257,118.229587024,43.710152523));
#3458=CARTESIAN_POINT('',(52.347545075,118.229587024,43.587655708));
#3459=B_SPLINE_CURVE_WITH_KNOTS('',3,(#3455,#3456,#3457,#3458),.UNSPECIFIED.,.F.,.F.,(4,4),(0.,1.),.UNSPECIFIED.);
#3460=EDGE_CURVE('',#3448,#3421,#3459,.T.);
#3461=ORIENTED_EDGE('',*,*,#3460,.T.);
#3462=ORIENTED_EDGE('',*,*,#3426,.F.);
#3463=ORIENTED_EDGE('',*,*,#1104,.F.);
#3464=EDGE_LOOP('',(#3454,#3461,#3462,#3463));
#3465=FACE_BOUND('',#3464,.T.);
#3466=ADVANCED_FACE('',(#3465),#3446,.T.);
#3467=CARTESIAN_POINT('',(51.451663971,118.129587024,43.957388192));
#3468=CARTESIAN_POINT('',(51.810729789,118.129587024,43.957388192));
#3469=CARTESIAN_POINT('',(52.023553568,118.129587024,43.864343606));
#3470=B_SPLINE_CURVE_WITH_KNOTS('',2,(#3467,#3468,#3469),.UNSPECIFIED.,.F.,.F.,(3,3),(0.,1.),.UNSPECIFIED.);
#3471=DIRECTION('',(-0.,-1.,0.));
#3472=VECTOR('',#3471,1.);
#3473=SURFACE_OF_LINEAR_EXTRUSION('',#3470,#3472);
#3474=CARTESIAN_POINT('',(51.451663971,118.229587024,43.957388192));
#3475=VERTEX_POINT('',#3474);
#3476=CARTESIAN_POINT('',(51.451663971,118.129587024,43.957388192));
#3477=DIRECTION('',(0.,1.,-0.));
#3478=VECTOR('',#3477,0.1);
#3479=LINE('',#3476,#3478);
#3480=EDGE_CURVE('',#1080,#3475,#3479,.T.);
#3481=ORIENTED_EDGE('',*,*,#3480,.T.);
#3482=CARTESIAN_POINT('',(51.451663971,118.229587024,43.957388192));
#3483=CARTESIAN_POINT('',(51.691041183,118.229587024,43.957388192));
#3484=CARTESIAN_POINT('',(51.881671048,118.229587024,43.92637333));
#3485=CARTESIAN_POINT('',(52.023553568,118.229587024,43.864343606));
#3486=B_SPLINE_CURVE_WITH_KNOTS('',3,(#3482,#3483,#3484,#3485),.UNSPECIFIED.,.F.,.F.,(4,4),(0.,1.),.UNSPECIFIED.);
#3487=EDGE_CURVE('',#3475,#3448,#3486,.T.);
#3488=ORIENTED_EDGE('',*,*,#3487,.T.);
#3489=ORIENTED_EDGE('',*,*,#3453,.F.);
#3490=ORIENTED_EDGE('',*,*,#1095,.F.);
#3491=EDGE_LOOP('',(#3481,#3488,#3489,#3490));
#3492=FACE_BOUND('',#3491,.T.);
#3493=ADVANCED_FACE('',(#3492),#3473,.T.);
#3494=CARTESIAN_POINT('',(50.924445288,118.129587024,43.863732141));
#3495=CARTESIAN_POINT('',(51.106525967,118.129587024,43.957388192));
#3496=CARTESIAN_POINT('',(51.451663971,118.129587024,43.957388192));
#3497=B_SPLINE_CURVE_WITH_KNOTS('',2,(#3494,#3495,#3496),.UNSPECIFIED.,.F.,.F.,(3,3),(0.,1.),.UNSPECIFIED.);
#3498=DIRECTION('',(-0.,-1.,0.));
#3499=VECTOR('',#3498,1.);
#3500=SURFACE_OF_LINEAR_EXTRUSION('',#3497,#3499);
#3501=CARTESIAN_POINT('',(50.924445288,118.229587024,43.863732141));
#3502=VERTEX_POINT('',#3501);
#3503=CARTESIAN_POINT('',(50.924445299,118.129587024,43.863732146));
#3504=DIRECTION('',(0.,1.,-0.));
#3505=VECTOR('',#3504,0.1);
#3506=LINE('',#3503,#3505);
#3507=EDGE_CURVE('',#1071,#3502,#3506,.T.);
#3508=ORIENTED_EDGE('',*,*,#3507,.T.);
#3509=CARTESIAN_POINT('',(50.924445288,118.229587024,43.863732141));
#3510=CARTESIAN_POINT('',(51.045832407,118.229587024,43.926169508));
#3511=CARTESIAN_POINT('',(51.221571969,118.229587024,43.957388192));
#3512=CARTESIAN_POINT('',(51.451663971,118.229587024,43.957388192));
#3513=B_SPLINE_CURVE_WITH_KNOTS('',3,(#3509,#3510,#3511,#3512),.UNSPECIFIED.,.F.,.F.,(4,4),(0.,1.),.UNSPECIFIED.);
#3514=EDGE_CURVE('',#3502,#3475,#3513,.T.);
#3515=ORIENTED_EDGE('',*,*,#3514,.T.);
#3516=ORIENTED_EDGE('',*,*,#3480,.F.);
#3517=ORIENTED_EDGE('',*,*,#1086,.F.);
#3518=EDGE_LOOP('',(#3508,#3515,#3516,#3517));
#3519=FACE_BOUND('',#3518,.T.);
#3520=ADVANCED_FACE('',(#3519),#3500,.T.);
#3521=CARTESIAN_POINT('',(50.643935734,118.129587024,43.589693924));
#3522=CARTESIAN_POINT('',(50.742364608,118.129587024,43.770178001));
#3523=CARTESIAN_POINT('',(50.924445288,118.129587024,43.863732141));
#3524=CARTESIAN_POINT('',(50.926266094,118.129587024,43.864667682));
#3525=CARTESIAN_POINT('',(50.928086901,118.129587024,43.865603224));
#3526=B_SPLINE_CURVE_WITH_KNOTS('',2,(#3521,#3522,#3523,#3524,#3525),.UNSPECIFIED.,.F.,.F.,(3,2,3),(0.,1.,1.01),.UNSPECIFIED.);
#3527=DIRECTION('',(-0.,-1.,0.));
#3528=VECTOR('',#3527,1.);
#3529=SURFACE_OF_LINEAR_EXTRUSION('',#3526,#3528);
#3530=CARTESIAN_POINT('',(50.643935734,118.229587024,43.589693924));
#3531=VERTEX_POINT('',#3530);
#3532=CARTESIAN_POINT('',(50.643935734,118.129587024,43.589693924));
#3533=DIRECTION('',(0.,1.,-0.));
#3534=VECTOR('',#3533,0.1);
#3535=LINE('',#3532,#3534);
#3536=EDGE_CURVE('',#1062,#3531,#3535,.T.);
#3537=ORIENTED_EDGE('',*,*,#3536,.T.);
#3538=CARTESIAN_POINT('',(50.643935734,118.229587024,43.589693924));
#3539=CARTESIAN_POINT('',(50.709554983,118.229587024,43.710016642));
#3540=CARTESIAN_POINT('',(50.803058168,118.229587024,43.801362714));
#3541=CARTESIAN_POINT('',(50.924445288,118.229587024,43.863732141));
#3542=B_SPLINE_CURVE_WITH_KNOTS('',3,(#3538,#3539,#3540,#3541),.UNSPECIFIED.,.F.,.F.,(4,4),(0.,1.),.UNSPECIFIED.);
#3543=EDGE_CURVE('',#3531,#3502,#3542,.T.);
#3544=ORIENTED_EDGE('',*,*,#3543,.T.);
#3545=ORIENTED_EDGE('',*,*,#3507,.F.);
#3546=ORIENTED_EDGE('',*,*,#1077,.F.);
#3547=EDGE_LOOP('',(#3537,#3544,#3545,#3546));
#3548=FACE_BOUND('',#3547,.T.);
#3549=ADVANCED_FACE('',(#3548),#3529,.T.);
#3550=CARTESIAN_POINT('',(50.545506859,118.129587024,43.19163023));
#3551=CARTESIAN_POINT('',(50.545506859,118.129587024,43.409311759));
#3552=CARTESIAN_POINT('',(50.643935734,118.129587024,43.589693924));
#3553=B_SPLINE_CURVE_WITH_KNOTS('',2,(#3550,#3551,#3552),.UNSPECIFIED.,.F.,.F.,(3,3),(0.,1.),.UNSPECIFIED.);
#3554=DIRECTION('',(-0.,-1.,0.));
#3555=VECTOR('',#3554,1.);
#3556=SURFACE_OF_LINEAR_EXTRUSION('',#3553,#3555);
#3557=CARTESIAN_POINT('',(50.545506859,118.229587024,43.19163023));
#3558=VERTEX_POINT('',#3557);
#3559=CARTESIAN_POINT('',(50.545506859,118.129587024,43.19163023));
#3560=DIRECTION('',(0.,1.,-0.));
#3561=VECTOR('',#3560,0.1);
#3562=LINE('',#3559,#3561);
#3563=EDGE_CURVE('',#1053,#3558,#3562,.T.);
#3564=ORIENTED_EDGE('',*,*,#3563,.T.);
#3565=CARTESIAN_POINT('',(50.545506859,118.229587024,43.19163023));
#3566=CARTESIAN_POINT('',(50.545506859,118.229587024,43.336751249));
#3567=CARTESIAN_POINT('',(50.578316484,118.229587024,43.469439147));
#3568=CARTESIAN_POINT('',(50.643935734,118.229587024,43.589693924));
#3569=B_SPLINE_CURVE_WITH_KNOTS('',3,(#3565,#3566,#3567,#3568),.UNSPECIFIED.,.F.,.F.,(4,4),(0.,1.),.UNSPECIFIED.);
#3570=EDGE_CURVE('',#3558,#3531,#3569,.T.);
#3571=ORIENTED_EDGE('',*,*,#3570,.T.);
#3572=ORIENTED_EDGE('',*,*,#3536,.F.);
#3573=ORIENTED_EDGE('',*,*,#1068,.F.);
#3574=EDGE_LOOP('',(#3564,#3571,#3572,#3573));
#3575=FACE_BOUND('',#3574,.T.);
#3576=ADVANCED_FACE('',(#3575),#3556,.T.);
#3577=CARTESIAN_POINT('',(50.719179895,118.129587024,42.690025135));
#3578=CARTESIAN_POINT('',(50.545506859,118.129587024,42.890279912));
#3579=CARTESIAN_POINT('',(50.545506859,118.129587024,43.19163023));
#3580=B_SPLINE_CURVE_WITH_KNOTS('',2,(#3577,#3578,#3579),.UNSPECIFIED.,.F.,.F.,(3,3),(0.,1.),.UNSPECIFIED.);
#3581=DIRECTION('',(-0.,-1.,0.));
#3582=VECTOR('',#3581,1.);
#3583=SURFACE_OF_LINEAR_EXTRUSION('',#3580,#3582);
#3584=CARTESIAN_POINT('',(50.719179895,118.229587024,42.690025135));
#3585=VERTEX_POINT('',#3584);
#3586=CARTESIAN_POINT('',(50.719179895,118.129587024,42.690025135));
#3587=DIRECTION('',(0.,1.,-0.));
#3588=VECTOR('',#3587,0.1);
#3589=LINE('',#3586,#3588);
#3590=EDGE_CURVE('',#1044,#3585,#3589,.T.);
#3591=ORIENTED_EDGE('',*,*,#3590,.T.);
#3592=CARTESIAN_POINT('',(50.719179895,118.229587024,42.690025135));
#3593=CARTESIAN_POINT('',(50.603397871,118.229587024,42.823528319));
#3594=CARTESIAN_POINT('',(50.545506859,118.229587024,42.990730018));
#3595=CARTESIAN_POINT('',(50.545506859,118.229587024,43.19163023));
#3596=B_SPLINE_CURVE_WITH_KNOTS('',3,(#3592,#3593,#3594,#3595),.UNSPECIFIED.,.F.,.F.,(4,4),(0.,1.),.UNSPECIFIED.);
#3597=EDGE_CURVE('',#3585,#3558,#3596,.T.);
#3598=ORIENTED_EDGE('',*,*,#3597,.T.);
#3599=ORIENTED_EDGE('',*,*,#3563,.F.);
#3600=ORIENTED_EDGE('',*,*,#1059,.F.);
#3601=EDGE_LOOP('',(#3591,#3598,#3599,#3600));
#3602=FACE_BOUND('',#3601,.T.);
#3603=ADVANCED_FACE('',(#3602),#3583,.T.);
#3604=CARTESIAN_POINT('',(51.177438918,118.129587024,42.489872268));
#3605=CARTESIAN_POINT('',(50.892768005,118.129587024,42.489872268));
#3606=CARTESIAN_POINT('',(50.719179895,118.129587024,42.690025135));
#3607=B_SPLINE_CURVE_WITH_KNOTS('',2,(#3604,#3605,#3606),.UNSPECIFIED.,.F.,.F.,(3,3),(0.,1.),.UNSPECIFIED.);
#3608=DIRECTION('',(-0.,-1.,0.));
#3609=VECTOR('',#3608,1.);
#3610=SURFACE_OF_LINEAR_EXTRUSION('',#3607,#3609);
#3611=CARTESIAN_POINT('',(51.177438918,118.229587024,42.489872268));
#3612=VERTEX_POINT('',#3611);
#3613=CARTESIAN_POINT('',(51.177438918,118.129587024,42.489872268));
#3614=DIRECTION('',(0.,1.,-0.));
#3615=VECTOR('',#3614,0.1);
#3616=LINE('',#3613,#3615);
#3617=EDGE_CURVE('',#1035,#3612,#3616,.T.);
#3618=ORIENTED_EDGE('',*,*,#3617,.T.);
#3619=CARTESIAN_POINT('',(51.177438918,118.229587024,42.489872268));
#3620=CARTESIAN_POINT('',(50.98765831,118.229587024,42.489872268));
#3621=CARTESIAN_POINT('',(50.834905302,118.229587024,42.55658989));
#3622=CARTESIAN_POINT('',(50.719179895,118.229587024,42.690025135));
#3623=B_SPLINE_CURVE_WITH_KNOTS('',3,(#3619,#3620,#3621,#3622),.UNSPECIFIED.,.F.,.F.,(4,4),(0.,1.),.UNSPECIFIED.);
#3624=EDGE_CURVE('',#3612,#3585,#3623,.T.);
#3625=ORIENTED_EDGE('',*,*,#3624,.T.);
#3626=ORIENTED_EDGE('',*,*,#3590,.F.);
#3627=ORIENTED_EDGE('',*,*,#1050,.F.);
#3628=EDGE_LOOP('',(#3618,#3625,#3626,#3627));
#3629=FACE_BOUND('',#3628,.T.);
#3630=ADVANCED_FACE('',(#3629),#3610,.T.);
#3631=CARTESIAN_POINT('',(51.621685203,118.129587024,42.680649338));
#3632=CARTESIAN_POINT('',(51.453192634,118.129587024,42.489872268));
#3633=CARTESIAN_POINT('',(51.177438918,118.129587024,42.489872268));
#3634=B_SPLINE_CURVE_WITH_KNOTS('',2,(#3631,#3632,#3633),.UNSPECIFIED.,.F.,.F.,(3,3),(0.,1.),.UNSPECIFIED.);
#3635=DIRECTION('',(-0.,-1.,0.));
#3636=VECTOR('',#3635,1.);
#3637=SURFACE_OF_LINEAR_EXTRUSION('',#3634,#3636);
#3638=CARTESIAN_POINT('',(51.621685203,118.229587024,42.680649338));
#3639=VERTEX_POINT('',#3638);
#3640=CARTESIAN_POINT('',(51.621685203,118.129587024,42.680649338));
#3641=DIRECTION('',(0.,1.,-0.));
#3642=VECTOR('',#3641,0.1);
#3643=LINE('',#3640,#3642);
#3644=EDGE_CURVE('',#1026,#3639,#3643,.T.);
#3645=ORIENTED_EDGE('',*,*,#3644,.T.);
#3646=CARTESIAN_POINT('',(51.621685203,118.229587024,42.680649338));
#3647=CARTESIAN_POINT('',(51.509356823,118.229587024,42.553464625));
#3648=CARTESIAN_POINT('',(51.361274729,118.229587024,42.489872268));
#3649=CARTESIAN_POINT('',(51.177438918,118.229587024,42.489872268));
#3650=B_SPLINE_CURVE_WITH_KNOTS('',3,(#3646,#3647,#3648,#3649),.UNSPECIFIED.,.F.,.F.,(4,4),(0.,1.),.UNSPECIFIED.);
#3651=EDGE_CURVE('',#3639,#3612,#3650,.T.);
#3652=ORIENTED_EDGE('',*,*,#3651,.T.);
#3653=ORIENTED_EDGE('',*,*,#3617,.F.);
#3654=ORIENTED_EDGE('',*,*,#1041,.F.);
#3655=EDGE_LOOP('',(#3645,#3652,#3653,#3654));
#3656=FACE_BOUND('',#3655,.T.);
#3657=ADVANCED_FACE('',(#3656),#3637,.T.);
#3658=CARTESIAN_POINT('',(51.790177772,118.129587024,43.146993288));
#3659=CARTESIAN_POINT('',(51.790177772,118.129587024,42.871426409));
#3660=CARTESIAN_POINT('',(51.621685203,118.129587024,42.680649338));
#3661=B_SPLINE_CURVE_WITH_KNOTS('',2,(#3658,#3659,#3660),.UNSPECIFIED.,.F.,.F.,(3,3),(0.,1.),.UNSPECIFIED.);
#3662=DIRECTION('',(-0.,-1.,0.));
#3663=VECTOR('',#3662,1.);
#3664=SURFACE_OF_LINEAR_EXTRUSION('',#3661,#3663);
#3665=CARTESIAN_POINT('',(51.790177772,118.229587024,43.146993288));
#3666=VERTEX_POINT('',#3665);
#3667=CARTESIAN_POINT('',(51.790177772,118.129587024,43.146993288));
#3668=DIRECTION('',(0.,1.,-0.));
#3669=VECTOR('',#3668,0.1);
#3670=LINE('',#3667,#3669);
#3671=EDGE_CURVE('',#1017,#3666,#3670,.T.);
#3672=ORIENTED_EDGE('',*,*,#3671,.T.);
#3673=CARTESIAN_POINT('',(51.790177772,118.229587024,43.146993288));
#3674=CARTESIAN_POINT('',(51.790177772,118.229587024,42.963282035));
#3675=CARTESIAN_POINT('',(51.734013582,118.229587024,42.807834052));
#3676=CARTESIAN_POINT('',(51.621685203,118.229587024,42.680649338));
#3677=B_SPLINE_CURVE_WITH_KNOTS('',3,(#3673,#3674,#3675,#3676),.UNSPECIFIED.,.F.,.F.,(4,4),(0.,1.),.UNSPECIFIED.);
#3678=EDGE_CURVE('',#3666,#3639,#3677,.T.);
#3679=ORIENTED_EDGE('',*,*,#3678,.T.);
#3680=ORIENTED_EDGE('',*,*,#3644,.F.);
#3681=ORIENTED_EDGE('',*,*,#1032,.F.);
#3682=EDGE_LOOP('',(#3672,#3679,#3680,#3681));
#3683=FACE_BOUND('',#3682,.T.);
#3684=ADVANCED_FACE('',(#3683),#3664,.T.);
#3685=CARTESIAN_POINT('',(51.722067368,118.129587024,43.453541058));
#3686=CARTESIAN_POINT('',(51.790177772,118.129587024,43.311986918));
#3687=CARTESIAN_POINT('',(51.790177772,118.129587024,43.146993288));
#3688=B_SPLINE_CURVE_WITH_KNOTS('',2,(#3685,#3686,#3687),.UNSPECIFIED.,.F.,.F.,(3,3),(0.,1.),.UNSPECIFIED.);
#3689=DIRECTION('',(-0.,-1.,0.));
#3690=VECTOR('',#3689,1.);
#3691=SURFACE_OF_LINEAR_EXTRUSION('',#3688,#3690);
#3692=CARTESIAN_POINT('',(51.722067368,118.229587024,43.453541058));
#3693=VERTEX_POINT('',#3692);
#3694=CARTESIAN_POINT('',(51.722067368,118.129587024,43.453541058));
#3695=DIRECTION('',(0.,1.,-0.));
#3696=VECTOR('',#3695,0.1);
#3697=LINE('',#3694,#3696);
#3698=EDGE_CURVE('',#1008,#3693,#3697,.T.);
#3699=ORIENTED_EDGE('',*,*,#3698,.T.);
#3700=CARTESIAN_POINT('',(51.722067368,118.229587024,43.453541058));
#3701=CARTESIAN_POINT('',(51.767474304,118.229587024,43.359171631));
#3702=CARTESIAN_POINT('',(51.790177772,118.229587024,43.256989041));
#3703=CARTESIAN_POINT('',(51.790177772,118.229587024,43.146993288));
#3704=B_SPLINE_CURVE_WITH_KNOTS('',3,(#3700,#3701,#3702,#3703),.UNSPECIFIED.,.F.,.F.,(4,4),(0.,1.),.UNSPECIFIED.);
#3705=EDGE_CURVE('',#3693,#3666,#3704,.T.);
#3706=ORIENTED_EDGE('',*,*,#3705,.T.);
#3707=ORIENTED_EDGE('',*,*,#3671,.F.);
#3708=ORIENTED_EDGE('',*,*,#1023,.F.);
#3709=EDGE_LOOP('',(#3699,#3706,#3707,#3708));
#3710=FACE_BOUND('',#3709,.T.);
#3711=ADVANCED_FACE('',(#3710),#3691,.T.);
#3712=CARTESIAN_POINT('',(51.544317899,118.129587024,43.676929593));
#3713=CARTESIAN_POINT('',(51.653872039,118.129587024,43.595197109));
#3714=CARTESIAN_POINT('',(51.722067368,118.129587024,43.453541058));
#3715=B_SPLINE_CURVE_WITH_KNOTS('',2,(#3712,#3713,#3714),.UNSPECIFIED.,.F.,.F.,(3,3),(0.,1.),.UNSPECIFIED.);
#3716=DIRECTION('',(-0.,-1.,0.));
#3717=VECTOR('',#3716,1.);
#3718=SURFACE_OF_LINEAR_EXTRUSION('',#3715,#3717);
#3719=CARTESIAN_POINT('',(51.544318214,118.229587024,43.676929358));
#3720=VERTEX_POINT('',#3719);
#3721=CARTESIAN_POINT('',(51.544318057,118.129587024,43.676929475));
#3722=DIRECTION('',(0.,1.,-0.));
#3723=VECTOR('',#3722,0.1);
#3724=LINE('',#3721,#3723);
#3725=EDGE_CURVE('',#999,#3720,#3724,.T.);
#3726=ORIENTED_EDGE('',*,*,#3725,.T.);
#3727=CARTESIAN_POINT('',(51.544317899,118.229587024,43.676929593));
#3728=CARTESIAN_POINT('',(51.617353993,118.229587024,43.622441271));
#3729=CARTESIAN_POINT('',(51.676603816,118.229587024,43.547978426));
#3730=CARTESIAN_POINT('',(51.722067368,118.229587024,43.453541058));
#3731=B_SPLINE_CURVE_WITH_KNOTS('',3,(#3727,#3728,#3729,#3730),.UNSPECIFIED.,.F.,.F.,(4,4),(0.,1.),.UNSPECIFIED.);
#3732=EDGE_CURVE('',#3720,#3693,#3731,.T.);
#3733=ORIENTED_EDGE('',*,*,#3732,.T.);
#3734=ORIENTED_EDGE('',*,*,#3698,.F.);
#3735=ORIENTED_EDGE('',*,*,#1014,.F.);
#3736=EDGE_LOOP('',(#3726,#3733,#3734,#3735));
#3737=FACE_BOUND('',#3736,.T.);
#3738=ADVANCED_FACE('',(#3737),#3718,.T.);
#3739=CARTESIAN_POINT('',(51.590177772,118.129587024,43.678458256));
#3740=CARTESIAN_POINT('',(51.574891148,118.129587024,43.678458256));
#3741=CARTESIAN_POINT('',(51.544317899,118.129587024,43.676929593));
#3742=B_SPLINE_CURVE_WITH_KNOTS('',2,(#3739,#3740,#3741),.UNSPECIFIED.,.F.,.F.,(3,3),(0.,1.),.UNSPECIFIED.);
#3743=DIRECTION('',(-0.,-1.,0.));
#3744=VECTOR('',#3743,1.);
#3745=SURFACE_OF_LINEAR_EXTRUSION('',#3742,#3744);
#3746=CARTESIAN_POINT('',(51.590177772,118.229587024,43.678458256));
#3747=VERTEX_POINT('',#3746);
#3748=CARTESIAN_POINT('',(51.59017776,118.129587024,43.678458256));
#3749=DIRECTION('',(0.,1.,-0.));
#3750=VECTOR('',#3749,0.1);
#3751=LINE('',#3748,#3750);
#3752=EDGE_CURVE('',#990,#3747,#3751,.T.);
#3753=ORIENTED_EDGE('',*,*,#3752,.T.);
#3754=CARTESIAN_POINT('',(51.590177772,118.229587024,43.678458256));
#3755=CARTESIAN_POINT('',(51.579986689,118.229587024,43.678458256));
#3756=CARTESIAN_POINT('',(51.564700065,118.229587024,43.677948702));
#3757=CARTESIAN_POINT('',(51.544317899,118.229587024,43.676929593));
#3758=B_SPLINE_CURVE_WITH_KNOTS('',3,(#3754,#3755,#3756,#3757),.UNSPECIFIED.,.F.,.F.,(4,4),(0.,1.),.UNSPECIFIED.);
#3759=EDGE_CURVE('',#3747,#3720,#3758,.T.);
#3760=ORIENTED_EDGE('',*,*,#3759,.T.);
#3761=ORIENTED_EDGE('',*,*,#3725,.F.);
#3762=ORIENTED_EDGE('',*,*,#1005,.F.);
#3763=EDGE_LOOP('',(#3753,#3760,#3761,#3762));
#3764=FACE_BOUND('',#3763,.T.);
#3765=ADVANCED_FACE('',(#3764),#3745,.T.);
#3766=CARTESIAN_POINT('',(51.870857177,118.129587024,43.637693924));
#3767=CARTESIAN_POINT('',(51.732852931,118.129587024,43.678458256));
#3768=CARTESIAN_POINT('',(51.590177772,118.129587024,43.678458256));
#3769=CARTESIAN_POINT('',(51.58875102,118.129587024,43.678458256));
#3770=CARTESIAN_POINT('',(51.587324269,118.129587024,43.678458256));
#3771=B_SPLINE_CURVE_WITH_KNOTS('',2,(#3766,#3767,#3768,#3769,#3770),.UNSPECIFIED.,.F.,.F.,(3,2,3),(0.,1.,1.01),.UNSPECIFIED.);
#3772=DIRECTION('',(-0.,-1.,0.));
#3773=VECTOR('',#3772,1.);
#3774=SURFACE_OF_LINEAR_EXTRUSION('',#3771,#3773);
#3775=CARTESIAN_POINT('',(51.870857177,118.229587024,43.637693924));
#3776=VERTEX_POINT('',#3775);
#3777=CARTESIAN_POINT('',(51.870857177,118.129587024,43.637693924));
#3778=DIRECTION('',(0.,1.,-0.));
#3779=VECTOR('',#3778,0.1);
#3780=LINE('',#3777,#3779);
#3781=EDGE_CURVE('',#981,#3776,#3780,.T.);
#3782=ORIENTED_EDGE('',*,*,#3781,.T.);
#3783=CARTESIAN_POINT('',(51.870857177,118.229587024,43.637693924));
#3784=CARTESIAN_POINT('',(51.778854346,118.229587024,43.664870145));
#3785=CARTESIAN_POINT('',(51.685294545,118.229587024,43.678458256));
#3786=CARTESIAN_POINT('',(51.590177772,118.229587024,43.678458256));
#3787=B_SPLINE_CURVE_WITH_KNOTS('',3,(#3783,#3784,#3785,#3786),.UNSPECIFIED.,.F.,.F.,(4,4),(0.,1.),.UNSPECIFIED.);
#3788=EDGE_CURVE('',#3776,#3747,#3787,.T.);
#3789=ORIENTED_EDGE('',*,*,#3788,.T.);
#3790=ORIENTED_EDGE('',*,*,#3752,.F.);
#3791=ORIENTED_EDGE('',*,*,#996,.F.);
#3792=EDGE_LOOP('',(#3782,#3789,#3790,#3791));
#3793=FACE_BOUND('',#3792,.T.);
#3794=ADVANCED_FACE('',(#3793),#3774,.T.);
#3795=CARTESIAN_POINT('',(52.090135309,118.129587024,43.538330867));
#3796=CARTESIAN_POINT('',(52.008861424,118.129587024,43.597031504));
#3797=CARTESIAN_POINT('',(51.870857177,118.129587024,43.637693924));
#3798=B_SPLINE_CURVE_WITH_KNOTS('',2,(#3795,#3796,#3797),.UNSPECIFIED.,.F.,.F.,(3,3),(0.,1.),.UNSPECIFIED.);
#3799=DIRECTION('',(-0.,-1.,0.));
#3800=VECTOR('',#3799,1.);
#3801=SURFACE_OF_LINEAR_EXTRUSION('',#3798,#3800);
#3802=CARTESIAN_POINT('',(52.090135309,118.229587024,43.538330867));
#3803=VERTEX_POINT('',#3802);
#3804=CARTESIAN_POINT('',(52.090135281,118.129587024,43.538330887));
#3805=DIRECTION('',(0.,1.,-0.));
#3806=VECTOR('',#3805,0.1);
#3807=LINE('',#3804,#3806);
#3808=EDGE_CURVE('',#972,#3803,#3807,.T.);
#3809=ORIENTED_EDGE('',*,*,#3808,.T.);
#3810=CARTESIAN_POINT('',(52.090135309,118.229587024,43.538330867));
#3811=CARTESIAN_POINT('',(52.035952719,118.229587024,43.577464625));
#3812=CARTESIAN_POINT('',(51.962860008,118.229587024,43.610585644));
#3813=CARTESIAN_POINT('',(51.870857177,118.229587024,43.637693924));
#3814=B_SPLINE_CURVE_WITH_KNOTS('',3,(#3810,#3811,#3812,#3813),.UNSPECIFIED.,.F.,.F.,(4,4),(0.,1.),.UNSPECIFIED.);
#3815=EDGE_CURVE('',#3803,#3776,#3814,.T.);
#3816=ORIENTED_EDGE('',*,*,#3815,.T.);
#3817=ORIENTED_EDGE('',*,*,#3781,.F.);
#3818=ORIENTED_EDGE('',*,*,#987,.F.);
#3819=EDGE_LOOP('',(#3809,#3816,#3817,#3818));
#3820=FACE_BOUND('',#3819,.T.);
#3821=ADVANCED_FACE('',(#3820),#3801,.T.);
#3822=CARTESIAN_POINT('',(52.219901763,118.129587024,43.383732141));
#3823=CARTESIAN_POINT('',(52.171324269,118.129587024,43.47963023));
#3824=CARTESIAN_POINT('',(52.090135309,118.129587024,43.538330867));
#3825=CARTESIAN_POINT('',(52.089323419,118.129587024,43.538917873));
#3826=CARTESIAN_POINT('',(52.08851153,118.129587024,43.53950488));
#3827=B_SPLINE_CURVE_WITH_KNOTS('',2,(#3822,#3823,#3824,#3825,#3826),.UNSPECIFIED.,.F.,.F.,(3,2,3),(0.,1.,1.01),.UNSPECIFIED.);
#3828=DIRECTION('',(-0.,-1.,0.));
#3829=VECTOR('',#3828,1.);
#3830=SURFACE_OF_LINEAR_EXTRUSION('',#3827,#3829);
#3831=CARTESIAN_POINT('',(52.219901763,118.229587024,43.383732141));
#3832=VERTEX_POINT('',#3831);
#3833=CARTESIAN_POINT('',(52.219901763,118.129587024,43.383732141));
#3834=DIRECTION('',(0.,1.,-0.));
#3835=VECTOR('',#3834,0.1);
#3836=LINE('',#3833,#3835);
#3837=EDGE_CURVE('',#963,#3832,#3836,.T.);
#3838=ORIENTED_EDGE('',*,*,#3837,.T.);
#3839=CARTESIAN_POINT('',(52.219901763,118.229587024,43.383732141));
#3840=CARTESIAN_POINT('',(52.187516767,118.229587024,43.4476642));
#3841=CARTESIAN_POINT('',(52.144261282,118.229587024,43.499197109));
#3842=CARTESIAN_POINT('',(52.090135309,118.229587024,43.538330867));
#3843=B_SPLINE_CURVE_WITH_KNOTS('',3,(#3839,#3840,#3841,#3842),.UNSPECIFIED.,.F.,.F.,(4,4),(0.,1.),.UNSPECIFIED.);
#3844=EDGE_CURVE('',#3832,#3803,#3843,.T.);
#3845=ORIENTED_EDGE('',*,*,#3844,.T.);
#3846=ORIENTED_EDGE('',*,*,#3808,.F.);
#3847=ORIENTED_EDGE('',*,*,#978,.F.);
#3848=EDGE_LOOP('',(#3838,#3845,#3846,#3847));
#3849=FACE_BOUND('',#3848,.T.);
#3850=ADVANCED_FACE('',(#3849),#3830,.T.);
#3851=CARTESIAN_POINT('',(52.268479258,118.129587024,43.162789466));
#3852=CARTESIAN_POINT('',(52.268479258,118.129587024,43.287935963));
#3853=CARTESIAN_POINT('',(52.219901763,118.129587024,43.383732141));
#3854=B_SPLINE_CURVE_WITH_KNOTS('',2,(#3851,#3852,#3853),.UNSPECIFIED.,.F.,.F.,(3,3),(0.,1.),.UNSPECIFIED.);
#3855=DIRECTION('',(-0.,-1.,0.));
#3856=VECTOR('',#3855,1.);
#3857=SURFACE_OF_LINEAR_EXTRUSION('',#3854,#3856);
#3858=CARTESIAN_POINT('',(52.268479258,118.229587024,43.162789466));
#3859=VERTEX_POINT('',#3858);
#3860=CARTESIAN_POINT('',(52.268479258,118.129587024,43.162789466));
#3861=DIRECTION('',(0.,1.,-0.));
#3862=VECTOR('',#3861,0.1);
#3863=LINE('',#3860,#3862);
#3864=EDGE_CURVE('',#954,#3859,#3863,.T.);
#3865=ORIENTED_EDGE('',*,*,#3864,.T.);
#3866=CARTESIAN_POINT('',(52.268479258,118.229587024,43.162789466));
#3867=CARTESIAN_POINT('',(52.268479258,118.229587024,43.246220464));
#3868=CARTESIAN_POINT('',(52.25228676,118.229587024,43.319868022));
#3869=CARTESIAN_POINT('',(52.219901763,118.229587024,43.383732141));
#3870=B_SPLINE_CURVE_WITH_KNOTS('',3,(#3866,#3867,#3868,#3869),.UNSPECIFIED.,.F.,.F.,(4,4),(0.,1.),.UNSPECIFIED.);
#3871=EDGE_CURVE('',#3859,#3832,#3870,.T.);
#3872=ORIENTED_EDGE('',*,*,#3871,.T.);
#3873=ORIENTED_EDGE('',*,*,#3837,.F.);
#3874=ORIENTED_EDGE('',*,*,#969,.F.);
#3875=EDGE_LOOP('',(#3865,#3872,#3873,#3874));
#3876=FACE_BOUND('',#3875,.T.);
#3877=ADVANCED_FACE('',(#3876),#3857,.T.);
#3878=CARTESIAN_POINT('',(52.200199003,118.129587024,42.922993288));
#3879=CARTESIAN_POINT('',(52.268479258,118.129587024,43.016547428));
#3880=CARTESIAN_POINT('',(52.268479258,118.129587024,43.162789466));
#3881=B_SPLINE_CURVE_WITH_KNOTS('',2,(#3878,#3879,#3880),.UNSPECIFIED.,.F.,.F.,(3,3),(0.,1.),.UNSPECIFIED.);
#3882=DIRECTION('',(-0.,-1.,0.));
#3883=VECTOR('',#3882,1.);
#3884=SURFACE_OF_LINEAR_EXTRUSION('',#3881,#3883);
#3885=CARTESIAN_POINT('',(52.200199003,118.229587024,42.922993288));
#3886=VERTEX_POINT('',#3885);
#3887=CARTESIAN_POINT('',(52.200200606,118.129587024,42.922995484));
#3888=DIRECTION('',(0.,1.,-0.));
#3889=VECTOR('',#3888,0.1);
#3890=LINE('',#3887,#3889);
#3891=EDGE_CURVE('',#945,#3886,#3890,.T.);
#3892=ORIENTED_EDGE('',*,*,#3891,.T.);
#3893=CARTESIAN_POINT('',(52.200199003,118.229587024,42.922993288));
#3894=CARTESIAN_POINT('',(52.245719173,118.229587024,42.985362714));
#3895=CARTESIAN_POINT('',(52.268479258,118.229587024,43.065294774));
#3896=CARTESIAN_POINT('',(52.268479258,118.229587024,43.162789466));
#3897=B_SPLINE_CURVE_WITH_KNOTS('',3,(#3893,#3894,#3895,#3896),.UNSPECIFIED.,.F.,.F.,(4,4),(0.,1.),.UNSPECIFIED.);
#3898=EDGE_CURVE('',#3886,#3859,#3897,.T.);
#3899=ORIENTED_EDGE('',*,*,#3898,.T.);
#3900=ORIENTED_EDGE('',*,*,#3864,.F.);
#3901=ORIENTED_EDGE('',*,*,#960,.F.);
#3902=EDGE_LOOP('',(#3892,#3899,#3900,#3901));
#3903=FACE_BOUND('',#3902,.T.);
#3904=ADVANCED_FACE('',(#3903),#3884,.T.);
#3905=CARTESIAN_POINT('',(51.980411317,118.129587024,42.796420039));
#3906=CARTESIAN_POINT('',(52.131918748,118.129587024,42.829541058));
#3907=CARTESIAN_POINT('',(52.200199003,118.129587024,42.922993288));
#3908=CARTESIAN_POINT('',(52.200881806,118.129587024,42.92392781));
#3909=CARTESIAN_POINT('',(52.201564608,118.129587024,42.924862332));
#3910=B_SPLINE_CURVE_WITH_KNOTS('',2,(#3905,#3906,#3907,#3908,#3909),.UNSPECIFIED.,.F.,.F.,(3,2,3),(0.,1.,1.01),.UNSPECIFIED.);
#3911=DIRECTION('',(-0.,-1.,0.));
#3912=VECTOR('',#3911,1.);
#3913=SURFACE_OF_LINEAR_EXTRUSION('',#3910,#3912);
#3914=CARTESIAN_POINT('',(51.980411317,118.229587024,42.796420039));
#3915=VERTEX_POINT('',#3914);
#3916=CARTESIAN_POINT('',(51.980411317,118.129587024,42.796420039));
#3917=DIRECTION('',(0.,1.,-0.));
#3918=VECTOR('',#3917,0.1);
#3919=LINE('',#3916,#3918);
#3920=EDGE_CURVE('',#937,#3915,#3919,.T.);
#3921=ORIENTED_EDGE('',*,*,#3920,.T.);
#3922=CARTESIAN_POINT('',(51.980411317,118.229587024,42.796420039));
#3923=CARTESIAN_POINT('',(52.081416271,118.229587024,42.818500719));
#3924=CARTESIAN_POINT('',(52.154678833,118.229587024,42.860691801));
#3925=CARTESIAN_POINT('',(52.200199003,118.229587024,42.922993288));
#3926=B_SPLINE_CURVE_WITH_KNOTS('',3,(#3922,#3923,#3924,#3925),.UNSPECIFIED.,.F.,.F.,(4,4),(0.,1.),.UNSPECIFIED.);
#3927=EDGE_CURVE('',#3915,#3886,#3926,.T.);
#3928=ORIENTED_EDGE('',*,*,#3927,.T.);
#3929=ORIENTED_EDGE('',*,*,#3891,.F.);
#3930=ORIENTED_EDGE('',*,*,#951,.F.);
#3931=EDGE_LOOP('',(#3921,#3928,#3929,#3930));
#3932=FACE_BOUND('',#3931,.T.);
#3933=ADVANCED_FACE('',(#3932),#3913,.T.);
#3934=CARTESIAN_POINT('',(51.99671705,118.129587024,42.529006026));
#3935=CARTESIAN_POINT('',(51.980411317,118.129587024,42.796420039));
#3936=B_SPLINE_CURVE_WITH_KNOTS('',1,(#3934,#3935),.UNSPECIFIED.,.F.,.F.,(2,2),(0.,0.223440765),.UNSPECIFIED.);
#3937=DIRECTION('',(-0.,-1.,0.));
#3938=VECTOR('',#3937,1.);
#3939=SURFACE_OF_LINEAR_EXTRUSION('',#3936,#3938);
#3940=ORIENTED_EDGE('',*,*,#3380,.T.);
#3941=CARTESIAN_POINT('',(51.99671705,118.229587024,42.529006026));
#3942=DIRECTION('',(-0.060862572,0.,0.998146155));
#3943=VECTOR('',#3942,0.267910678);
#3944=LINE('',#3941,#3943);
#3945=EDGE_CURVE('',#3368,#3915,#3944,.T.);
#3946=ORIENTED_EDGE('',*,*,#3945,.T.);
#3947=ORIENTED_EDGE('',*,*,#3920,.F.);
#3948=ORIENTED_EDGE('',*,*,#942,.F.);
#3949=EDGE_LOOP('',(#3940,#3946,#3947,#3948));
#3950=FACE_BOUND('',#3949,.T.);
#3951=ADVANCED_FACE('',(#3950),#3939,.T.);
#3952=CARTESIAN_POINT('',(52.337523844,118.129587024,44.470101568));
#3953=CARTESIAN_POINT('',(52.216249959,118.129587024,44.303986918));
#3954=CARTESIAN_POINT('',(51.99671705,118.129587024,44.270458256));
#3955=B_SPLINE_CURVE_WITH_KNOTS('',2,(#3952,#3953,#3954),.UNSPECIFIED.,.F.,.F.,(3,3),(0.,1.),.UNSPECIFIED.);
#3956=DIRECTION('',(-0.,-1.,0.));
#3957=VECTOR('',#3956,1.);
#3958=SURFACE_OF_LINEAR_EXTRUSION('',#3955,#3957);
#3959=CARTESIAN_POINT('',(52.337523844,118.229587024,44.470101568));
#3960=VERTEX_POINT('',#3959);
#3961=CARTESIAN_POINT('',(52.337523844,118.129587024,44.470101568));
#3962=DIRECTION('',(0.,1.,-0.));
#3963=VECTOR('',#3962,0.1);
#3964=LINE('',#3961,#3963);
#3965=EDGE_CURVE('',#1125,#3960,#3964,.T.);
#3966=ORIENTED_EDGE('',*,*,#3965,.T.);
#3967=CARTESIAN_POINT('',(51.99671705,118.229587024,44.270458256));
#3968=VERTEX_POINT('',#3967);
#3969=CARTESIAN_POINT('',(52.337523844,118.229587024,44.470101568));
#3970=CARTESIAN_POINT('',(52.256674587,118.229587024,44.359358468));
#3971=CARTESIAN_POINT('',(52.143072322,118.229587024,44.292810697));
#3972=CARTESIAN_POINT('',(51.99671705,118.229587024,44.270458256));
#3973=B_SPLINE_CURVE_WITH_KNOTS('',3,(#3969,#3970,#3971,#3972),.UNSPECIFIED.,.F.,.F.,(4,4),(0.,1.),.UNSPECIFIED.);
#3974=EDGE_CURVE('',#3960,#3968,#3973,.T.);
#3975=ORIENTED_EDGE('',*,*,#3974,.T.);
#3976=CARTESIAN_POINT('',(51.99671705,118.129587024,44.270458256));
#3977=DIRECTION('',(0.,1.,-0.));
#3978=VECTOR('',#3977,0.1);
#3979=LINE('',#3976,#3978);
#3980=EDGE_CURVE('',#1127,#3968,#3979,.T.);
#3981=ORIENTED_EDGE('',*,*,#3980,.F.);
#3982=ORIENTED_EDGE('',*,*,#1133,.F.);
#3983=EDGE_LOOP('',(#3966,#3975,#3981,#3982));
#3984=FACE_BOUND('',#3983,.T.);
#3985=ADVANCED_FACE('',(#3984),#3958,.T.);
#3986=CARTESIAN_POINT('',(52.458712804,118.129587024,44.898534689));
#3987=CARTESIAN_POINT('',(52.458712804,118.129587024,44.636318128));
#3988=CARTESIAN_POINT('',(52.337523844,118.129587024,44.470101568));
#3989=B_SPLINE_CURVE_WITH_KNOTS('',2,(#3986,#3987,#3988),.UNSPECIFIED.,.F.,.F.,(3,3),(0.,1.),.UNSPECIFIED.);
#3990=DIRECTION('',(-0.,-1.,0.));
#3991=VECTOR('',#3990,1.);
#3992=SURFACE_OF_LINEAR_EXTRUSION('',#3989,#3991);
#3993=CARTESIAN_POINT('',(52.458712804,118.229587024,44.898534689));
#3994=VERTEX_POINT('',#3993);
#3995=CARTESIAN_POINT('',(52.458712804,118.129587024,44.898534689));
#3996=DIRECTION('',(0.,1.,-0.));
#3997=VECTOR('',#3996,0.1);
#3998=LINE('',#3995,#3997);
#3999=EDGE_CURVE('',#1306,#3994,#3998,.T.);
#4000=ORIENTED_EDGE('',*,*,#3999,.T.);
#4001=CARTESIAN_POINT('',(52.458712804,118.229587024,44.898534689));
#4002=CARTESIAN_POINT('',(52.458712804,118.229587024,44.723723648));
#4003=CARTESIAN_POINT('',(52.418316484,118.229587024,44.580912608));
#4004=CARTESIAN_POINT('',(52.337523844,118.229587024,44.470101568));
#4005=B_SPLINE_CURVE_WITH_KNOTS('',3,(#4001,#4002,#4003,#4004),.UNSPECIFIED.,.F.,.F.,(4,4),(0.,1.),.UNSPECIFIED.);
#4006=EDGE_CURVE('',#3994,#3960,#4005,.T.);
#4007=ORIENTED_EDGE('',*,*,#4006,.T.);
#4008=ORIENTED_EDGE('',*,*,#3965,.F.);
#4009=ORIENTED_EDGE('',*,*,#1319,.F.);
#4010=EDGE_LOOP('',(#4000,#4007,#4008,#4009));
#4011=FACE_BOUND('',#4010,.T.);
#4012=ADVANCED_FACE('',(#4011),#3992,.T.);
#4013=CARTESIAN_POINT('',(52.347545075,118.129587024,45.329107937));
#4014=CARTESIAN_POINT('',(52.458712804,118.129587024,45.145464625));
#4015=CARTESIAN_POINT('',(52.458712804,118.129587024,44.898534689));
#4016=B_SPLINE_CURVE_WITH_KNOTS('',2,(#4013,#4014,#4015),.UNSPECIFIED.,.F.,.F.,(3,3),(0.,1.),.UNSPECIFIED.);
#4017=DIRECTION('',(-0.,-1.,0.));
#4018=VECTOR('',#4017,1.);
#4019=SURFACE_OF_LINEAR_EXTRUSION('',#4016,#4018);
#4020=CARTESIAN_POINT('',(52.347545075,118.229587024,45.329107937));
#4021=VERTEX_POINT('',#4020);
#4022=CARTESIAN_POINT('',(52.347545075,118.129587024,45.329107937));
#4023=DIRECTION('',(0.,1.,-0.));
#4024=VECTOR('',#4023,0.1);
#4025=LINE('',#4022,#4024);
#4026=EDGE_CURVE('',#1297,#4021,#4025,.T.);
#4027=ORIENTED_EDGE('',*,*,#4026,.T.);
#4028=CARTESIAN_POINT('',(52.347545075,118.229587024,45.329107937));
#4029=CARTESIAN_POINT('',(52.421656894,118.229587024,45.206679062));
#4030=CARTESIAN_POINT('',(52.458712804,118.229587024,45.063154646));
#4031=CARTESIAN_POINT('',(52.458712804,118.229587024,44.898534689));
#4032=B_SPLINE_CURVE_WITH_KNOTS('',3,(#4028,#4029,#4030,#4031),.UNSPECIFIED.,.F.,.F.,(4,4),(0.,1.),.UNSPECIFIED.);
#4033=EDGE_CURVE('',#4021,#3994,#4032,.T.);
#4034=ORIENTED_EDGE('',*,*,#4033,.T.);
#4035=ORIENTED_EDGE('',*,*,#3999,.F.);
#4036=ORIENTED_EDGE('',*,*,#1312,.F.);
#4037=EDGE_LOOP('',(#4027,#4034,#4035,#4036));
#4038=FACE_BOUND('',#4037,.T.);
#4039=ADVANCED_FACE('',(#4038),#4019,.T.);
#4040=CARTESIAN_POINT('',(52.023553568,118.129587024,45.605795835));
#4041=CARTESIAN_POINT('',(52.236377347,118.129587024,45.51285316));
#4042=CARTESIAN_POINT('',(52.347545075,118.129587024,45.329107937));
#4043=B_SPLINE_CURVE_WITH_KNOTS('',2,(#4040,#4041,#4042),.UNSPECIFIED.,.F.,.F.,(3,3),(0.,1.),.UNSPECIFIED.);
#4044=DIRECTION('',(-0.,-1.,0.));
#4045=VECTOR('',#4044,1.);
#4046=SURFACE_OF_LINEAR_EXTRUSION('',#4043,#4045);
#4047=CARTESIAN_POINT('',(52.023553568,118.229587024,45.605795835));
#4048=VERTEX_POINT('',#4047);
#4049=CARTESIAN_POINT('',(52.023553568,118.129587024,45.605795835));
#4050=DIRECTION('',(0.,1.,-0.));
#4051=VECTOR('',#4050,0.1);
#4052=LINE('',#4049,#4051);
#4053=EDGE_CURVE('',#1288,#4048,#4052,.T.);
#4054=ORIENTED_EDGE('',*,*,#4053,.T.);
#4055=CARTESIAN_POINT('',(52.023553568,118.229587024,45.605795835));
#4056=CARTESIAN_POINT('',(52.165436087,118.229587024,45.543834052));
#4057=CARTESIAN_POINT('',(52.273433257,118.229587024,45.451604752));
#4058=CARTESIAN_POINT('',(52.347545075,118.229587024,45.329107937));
#4059=B_SPLINE_CURVE_WITH_KNOTS('',3,(#4055,#4056,#4057,#4058),.UNSPECIFIED.,.F.,.F.,(4,4),(0.,1.),.UNSPECIFIED.);
#4060=EDGE_CURVE('',#4048,#4021,#4059,.T.);
#4061=ORIENTED_EDGE('',*,*,#4060,.T.);
#4062=ORIENTED_EDGE('',*,*,#4026,.F.);
#4063=ORIENTED_EDGE('',*,*,#1303,.F.);
#4064=EDGE_LOOP('',(#4054,#4061,#4062,#4063));
#4065=FACE_BOUND('',#4064,.T.);
#4066=ADVANCED_FACE('',(#4065),#4046,.T.);
#4067=CARTESIAN_POINT('',(51.451663971,118.129587024,45.698840421));
#4068=CARTESIAN_POINT('',(51.810729789,118.129587024,45.698840421));
#4069=CARTESIAN_POINT('',(52.023553568,118.129587024,45.605795835));
#4070=B_SPLINE_CURVE_WITH_KNOTS('',2,(#4067,#4068,#4069),.UNSPECIFIED.,.F.,.F.,(3,3),(0.,1.),.UNSPECIFIED.);
#4071=DIRECTION('',(-0.,-1.,0.));
#4072=VECTOR('',#4071,1.);
#4073=SURFACE_OF_LINEAR_EXTRUSION('',#4070,#4072);
#4074=CARTESIAN_POINT('',(51.451663971,118.229587024,45.698840421));
#4075=VERTEX_POINT('',#4074);
#4076=CARTESIAN_POINT('',(51.451663971,118.129587024,45.698840421));
#4077=DIRECTION('',(0.,1.,-0.));
#4078=VECTOR('',#4077,0.1);
#4079=LINE('',#4076,#4078);
#4080=EDGE_CURVE('',#1279,#4075,#4079,.T.);
#4081=ORIENTED_EDGE('',*,*,#4080,.T.);
#4082=CARTESIAN_POINT('',(51.451663971,118.229587024,45.698840421));
#4083=CARTESIAN_POINT('',(51.691041183,118.229587024,45.698840421));
#4084=CARTESIAN_POINT('',(51.881671048,118.229587024,45.667825559));
#4085=CARTESIAN_POINT('',(52.023553568,118.229587024,45.605795835));
#4086=B_SPLINE_CURVE_WITH_KNOTS('',3,(#4082,#4083,#4084,#4085),.UNSPECIFIED.,.F.,.F.,(4,4),(0.,1.),.UNSPECIFIED.);
#4087=EDGE_CURVE('',#4075,#4048,#4086,.T.);
#4088=ORIENTED_EDGE('',*,*,#4087,.T.);
#4089=ORIENTED_EDGE('',*,*,#4053,.F.);
#4090=ORIENTED_EDGE('',*,*,#1294,.F.);
#4091=EDGE_LOOP('',(#4081,#4088,#4089,#4090));
#4092=FACE_BOUND('',#4091,.T.);
#4093=ADVANCED_FACE('',(#4092),#4073,.T.);
#4094=CARTESIAN_POINT('',(50.924445288,118.129587024,45.60518437));
#4095=CARTESIAN_POINT('',(51.106525967,118.129587024,45.698840421));
#4096=CARTESIAN_POINT('',(51.451663971,118.129587024,45.698840421));
#4097=B_SPLINE_CURVE_WITH_KNOTS('',2,(#4094,#4095,#4096),.UNSPECIFIED.,.F.,.F.,(3,3),(0.,1.),.UNSPECIFIED.);
#4098=DIRECTION('',(-0.,-1.,0.));
#4099=VECTOR('',#4098,1.);
#4100=SURFACE_OF_LINEAR_EXTRUSION('',#4097,#4099);
#4101=CARTESIAN_POINT('',(50.924445288,118.229587024,45.60518437));
#4102=VERTEX_POINT('',#4101);
#4103=CARTESIAN_POINT('',(50.9244453,118.129587024,45.605184375));
#4104=DIRECTION('',(0.,1.,-0.));
#4105=VECTOR('',#4104,0.1);
#4106=LINE('',#4103,#4105);
#4107=EDGE_CURVE('',#1270,#4102,#4106,.T.);
#4108=ORIENTED_EDGE('',*,*,#4107,.T.);
#4109=CARTESIAN_POINT('',(50.924445288,118.229587024,45.60518437));
#4110=CARTESIAN_POINT('',(51.045832407,118.229587024,45.667621738));
#4111=CARTESIAN_POINT('',(51.221571969,118.229587024,45.698840421));
#4112=CARTESIAN_POINT('',(51.451663971,118.229587024,45.698840421));
#4113=B_SPLINE_CURVE_WITH_KNOTS('',3,(#4109,#4110,#4111,#4112),.UNSPECIFIED.,.F.,.F.,(4,4),(0.,1.),.UNSPECIFIED.);
#4114=EDGE_CURVE('',#4102,#4075,#4113,.T.);
#4115=ORIENTED_EDGE('',*,*,#4114,.T.);
#4116=ORIENTED_EDGE('',*,*,#4080,.F.);
#4117=ORIENTED_EDGE('',*,*,#1285,.F.);
#4118=EDGE_LOOP('',(#4108,#4115,#4116,#4117));
#4119=FACE_BOUND('',#4118,.T.);
#4120=ADVANCED_FACE('',(#4119),#4100,.T.);
#4121=CARTESIAN_POINT('',(50.643935734,118.129587024,45.331146154));
#4122=CARTESIAN_POINT('',(50.742364608,118.129587024,45.51163023));
#4123=CARTESIAN_POINT('',(50.924445288,118.129587024,45.60518437));
#4124=CARTESIAN_POINT('',(50.926266094,118.129587024,45.606119912));
#4125=CARTESIAN_POINT('',(50.928086901,118.129587024,45.607055453));
#4126=B_SPLINE_CURVE_WITH_KNOTS('',2,(#4121,#4122,#4123,#4124,#4125),.UNSPECIFIED.,.F.,.F.,(3,2,3),(0.,1.,1.01),.UNSPECIFIED.);
#4127=DIRECTION('',(-0.,-1.,0.));
#4128=VECTOR('',#4127,1.);
#4129=SURFACE_OF_LINEAR_EXTRUSION('',#4126,#4128);
#4130=CARTESIAN_POINT('',(50.643935734,118.229587024,45.331146154));
#4131=VERTEX_POINT('',#4130);
#4132=CARTESIAN_POINT('',(50.643935734,118.129587024,45.331146154));
#4133=DIRECTION('',(0.,1.,-0.));
#4134=VECTOR('',#4133,0.1);
#4135=LINE('',#4132,#4134);
#4136=EDGE_CURVE('',#1261,#4131,#4135,.T.);
#4137=ORIENTED_EDGE('',*,*,#4136,.T.);
#4138=CARTESIAN_POINT('',(50.643935734,118.229587024,45.331146154));
#4139=CARTESIAN_POINT('',(50.709554983,118.229587024,45.451468871));
#4140=CARTESIAN_POINT('',(50.803058168,118.229587024,45.542814944));
#4141=CARTESIAN_POINT('',(50.924445288,118.229587024,45.60518437));
#4142=B_SPLINE_CURVE_WITH_KNOTS('',3,(#4138,#4139,#4140,#4141),.UNSPECIFIED.,.F.,.F.,(4,4),(0.,1.),.UNSPECIFIED.);
#4143=EDGE_CURVE('',#4131,#4102,#4142,.T.);
#4144=ORIENTED_EDGE('',*,*,#4143,.T.);
#4145=ORIENTED_EDGE('',*,*,#4107,.F.);
#4146=ORIENTED_EDGE('',*,*,#1276,.F.);
#4147=EDGE_LOOP('',(#4137,#4144,#4145,#4146));
#4148=FACE_BOUND('',#4147,.T.);
#4149=ADVANCED_FACE('',(#4148),#4129,.T.);
#4150=CARTESIAN_POINT('',(50.545506859,118.129587024,44.933082459));
#4151=CARTESIAN_POINT('',(50.545506859,118.129587024,45.150763988));
#4152=CARTESIAN_POINT('',(50.643935734,118.129587024,45.331146154));
#4153=B_SPLINE_CURVE_WITH_KNOTS('',2,(#4150,#4151,#4152),.UNSPECIFIED.,.F.,.F.,(3,3),(0.,1.),.UNSPECIFIED.);
#4154=DIRECTION('',(-0.,-1.,0.));
#4155=VECTOR('',#4154,1.);
#4156=SURFACE_OF_LINEAR_EXTRUSION('',#4153,#4155);
#4157=CARTESIAN_POINT('',(50.545506859,118.229587024,44.933082459));
#4158=VERTEX_POINT('',#4157);
#4159=CARTESIAN_POINT('',(50.545506859,118.129587024,44.933082459));
#4160=DIRECTION('',(0.,1.,-0.));
#4161=VECTOR('',#4160,0.1);
#4162=LINE('',#4159,#4161);
#4163=EDGE_CURVE('',#1252,#4158,#4162,.T.);
#4164=ORIENTED_EDGE('',*,*,#4163,.T.);
#4165=CARTESIAN_POINT('',(50.545506859,118.229587024,44.933082459));
#4166=CARTESIAN_POINT('',(50.545506859,118.229587024,45.078203479));
#4167=CARTESIAN_POINT('',(50.578316484,118.229587024,45.210891377));
#4168=CARTESIAN_POINT('',(50.643935734,118.229587024,45.331146154));
#4169=B_SPLINE_CURVE_WITH_KNOTS('',3,(#4165,#4166,#4167,#4168),.UNSPECIFIED.,.F.,.F.,(4,4),(0.,1.),.UNSPECIFIED.);
#4170=EDGE_CURVE('',#4158,#4131,#4169,.T.);
#4171=ORIENTED_EDGE('',*,*,#4170,.T.);
#4172=ORIENTED_EDGE('',*,*,#4136,.F.);
#4173=ORIENTED_EDGE('',*,*,#1267,.F.);
#4174=EDGE_LOOP('',(#4164,#4171,#4172,#4173));
#4175=FACE_BOUND('',#4174,.T.);
#4176=ADVANCED_FACE('',(#4175),#4156,.T.);
#4177=CARTESIAN_POINT('',(50.719179895,118.129587024,44.431477364));
#4178=CARTESIAN_POINT('',(50.545506859,118.129587024,44.631732141));
#4179=CARTESIAN_POINT('',(50.545506859,118.129587024,44.933082459));
#4180=B_SPLINE_CURVE_WITH_KNOTS('',2,(#4177,#4178,#4179),.UNSPECIFIED.,.F.,.F.,(3,3),(0.,1.),.UNSPECIFIED.);
#4181=DIRECTION('',(-0.,-1.,0.));
#4182=VECTOR('',#4181,1.);
#4183=SURFACE_OF_LINEAR_EXTRUSION('',#4180,#4182);
#4184=CARTESIAN_POINT('',(50.719179895,118.229587024,44.431477364));
#4185=VERTEX_POINT('',#4184);
#4186=CARTESIAN_POINT('',(50.719179895,118.129587024,44.431477364));
#4187=DIRECTION('',(0.,1.,-0.));
#4188=VECTOR('',#4187,0.1);
#4189=LINE('',#4186,#4188);
#4190=EDGE_CURVE('',#1243,#4185,#4189,.T.);
#4191=ORIENTED_EDGE('',*,*,#4190,.T.);
#4192=CARTESIAN_POINT('',(50.719179895,118.229587024,44.431477364));
#4193=CARTESIAN_POINT('',(50.603397871,118.229587024,44.564980549));
#4194=CARTESIAN_POINT('',(50.545506859,118.229587024,44.732182247));
#4195=CARTESIAN_POINT('',(50.545506859,118.229587024,44.933082459));
#4196=B_SPLINE_CURVE_WITH_KNOTS('',3,(#4192,#4193,#4194,#4195),.UNSPECIFIED.,.F.,.F.,(4,4),(0.,1.),.UNSPECIFIED.);
#4197=EDGE_CURVE('',#4185,#4158,#4196,.T.);
#4198=ORIENTED_EDGE('',*,*,#4197,.T.);
#4199=ORIENTED_EDGE('',*,*,#4163,.F.);
#4200=ORIENTED_EDGE('',*,*,#1258,.F.);
#4201=EDGE_LOOP('',(#4191,#4198,#4199,#4200));
#4202=FACE_BOUND('',#4201,.T.);
#4203=ADVANCED_FACE('',(#4202),#4183,.T.);
#4204=CARTESIAN_POINT('',(51.177438918,118.129587024,44.231324498));
#4205=CARTESIAN_POINT('',(50.892768005,118.129587024,44.231324498));
#4206=CARTESIAN_POINT('',(50.719179895,118.129587024,44.431477364));
#4207=B_SPLINE_CURVE_WITH_KNOTS('',2,(#4204,#4205,#4206),.UNSPECIFIED.,.F.,.F.,(3,3),(0.,1.),.UNSPECIFIED.);
#4208=DIRECTION('',(-0.,-1.,0.));
#4209=VECTOR('',#4208,1.);
#4210=SURFACE_OF_LINEAR_EXTRUSION('',#4207,#4209);
#4211=CARTESIAN_POINT('',(51.177438918,118.229587024,44.231324498));
#4212=VERTEX_POINT('',#4211);
#4213=CARTESIAN_POINT('',(51.177438918,118.129587024,44.231324498));
#4214=DIRECTION('',(0.,1.,-0.));
#4215=VECTOR('',#4214,0.1);
#4216=LINE('',#4213,#4215);
#4217=EDGE_CURVE('',#1234,#4212,#4216,.T.);
#4218=ORIENTED_EDGE('',*,*,#4217,.T.);
#4219=CARTESIAN_POINT('',(51.177438918,118.229587024,44.231324498));
#4220=CARTESIAN_POINT('',(50.98765831,118.229587024,44.231324498));
#4221=CARTESIAN_POINT('',(50.834905302,118.229587024,44.29804212));
#4222=CARTESIAN_POINT('',(50.719179895,118.229587024,44.431477364));
#4223=B_SPLINE_CURVE_WITH_KNOTS('',3,(#4219,#4220,#4221,#4222),.UNSPECIFIED.,.F.,.F.,(4,4),(0.,1.),.UNSPECIFIED.);
#4224=EDGE_CURVE('',#4212,#4185,#4223,.T.);
#4225=ORIENTED_EDGE('',*,*,#4224,.T.);
#4226=ORIENTED_EDGE('',*,*,#4190,.F.);
#4227=ORIENTED_EDGE('',*,*,#1249,.F.);
#4228=EDGE_LOOP('',(#4218,#4225,#4226,#4227));
#4229=FACE_BOUND('',#4228,.T.);
#4230=ADVANCED_FACE('',(#4229),#4210,.T.);
#4231=CARTESIAN_POINT('',(51.621685203,118.129587024,44.422101568));
#4232=CARTESIAN_POINT('',(51.453192634,118.129587024,44.231324498));
#4233=CARTESIAN_POINT('',(51.177438918,118.129587024,44.231324498));
#4234=B_SPLINE_CURVE_WITH_KNOTS('',2,(#4231,#4232,#4233),.UNSPECIFIED.,.F.,.F.,(3,3),(0.,1.),.UNSPECIFIED.);
#4235=DIRECTION('',(-0.,-1.,0.));
#4236=VECTOR('',#4235,1.);
#4237=SURFACE_OF_LINEAR_EXTRUSION('',#4234,#4236);
#4238=CARTESIAN_POINT('',(51.621685203,118.229587024,44.422101568));
#4239=VERTEX_POINT('',#4238);
#4240=CARTESIAN_POINT('',(51.621685203,118.129587024,44.422101568));
#4241=DIRECTION('',(0.,1.,-0.));
#4242=VECTOR('',#4241,0.1);
#4243=LINE('',#4240,#4242);
#4244=EDGE_CURVE('',#1225,#4239,#4243,.T.);
#4245=ORIENTED_EDGE('',*,*,#4244,.T.);
#4246=CARTESIAN_POINT('',(51.621685203,118.229587024,44.422101568));
#4247=CARTESIAN_POINT('',(51.509356823,118.229587024,44.294916854));
#4248=CARTESIAN_POINT('',(51.361274729,118.229587024,44.231324498));
#4249=CARTESIAN_POINT('',(51.177438918,118.229587024,44.231324498));
#4250=B_SPLINE_CURVE_WITH_KNOTS('',3,(#4246,#4247,#4248,#4249),.UNSPECIFIED.,.F.,.F.,(4,4),(0.,1.),.UNSPECIFIED.);
#4251=EDGE_CURVE('',#4239,#4212,#4250,.T.);
#4252=ORIENTED_EDGE('',*,*,#4251,.T.);
#4253=ORIENTED_EDGE('',*,*,#4217,.F.);
#4254=ORIENTED_EDGE('',*,*,#1240,.F.);
#4255=EDGE_LOOP('',(#4245,#4252,#4253,#4254));
#4256=FACE_BOUND('',#4255,.T.);
#4257=ADVANCED_FACE('',(#4256),#4237,.T.);
#4258=CARTESIAN_POINT('',(51.790177772,118.129587024,44.888445517));
#4259=CARTESIAN_POINT('',(51.790177772,118.129587024,44.612878638));
#4260=CARTESIAN_POINT('',(51.621685203,118.129587024,44.422101568));
#4261=B_SPLINE_CURVE_WITH_KNOTS('',2,(#4258,#4259,#4260),.UNSPECIFIED.,.F.,.F.,(3,3),(0.,1.),.UNSPECIFIED.);
#4262=DIRECTION('',(-0.,-1.,0.));
#4263=VECTOR('',#4262,1.);
#4264=SURFACE_OF_LINEAR_EXTRUSION('',#4261,#4263);
#4265=CARTESIAN_POINT('',(51.790177772,118.229587024,44.888445517));
#4266=VERTEX_POINT('',#4265);
#4267=CARTESIAN_POINT('',(51.790177772,118.129587024,44.888445517));
#4268=DIRECTION('',(0.,1.,-0.));
#4269=VECTOR('',#4268,0.1);
#4270=LINE('',#4267,#4269);
#4271=EDGE_CURVE('',#1216,#4266,#4270,.T.);
#4272=ORIENTED_EDGE('',*,*,#4271,.T.);
#4273=CARTESIAN_POINT('',(51.790177772,118.229587024,44.888445517));
#4274=CARTESIAN_POINT('',(51.790177772,118.229587024,44.704734264));
#4275=CARTESIAN_POINT('',(51.734013582,118.229587024,44.549286281));
#4276=CARTESIAN_POINT('',(51.621685203,118.229587024,44.422101568));
#4277=B_SPLINE_CURVE_WITH_KNOTS('',3,(#4273,#4274,#4275,#4276),.UNSPECIFIED.,.F.,.F.,(4,4),(0.,1.),.UNSPECIFIED.);
#4278=EDGE_CURVE('',#4266,#4239,#4277,.T.);
#4279=ORIENTED_EDGE('',*,*,#4278,.T.);
#4280=ORIENTED_EDGE('',*,*,#4244,.F.);
#4281=ORIENTED_EDGE('',*,*,#1231,.F.);
#4282=EDGE_LOOP('',(#4272,#4279,#4280,#4281));
#4283=FACE_BOUND('',#4282,.T.);
#4284=ADVANCED_FACE('',(#4283),#4264,.T.);
#4285=CARTESIAN_POINT('',(51.722067368,118.129587024,45.194993288));
#4286=CARTESIAN_POINT('',(51.790177772,118.129587024,45.053439147));
#4287=CARTESIAN_POINT('',(51.790177772,118.129587024,44.888445517));
#4288=B_SPLINE_CURVE_WITH_KNOTS('',2,(#4285,#4286,#4287),.UNSPECIFIED.,.F.,.F.,(3,3),(0.,1.),.UNSPECIFIED.);
#4289=DIRECTION('',(-0.,-1.,0.));
#4290=VECTOR('',#4289,1.);
#4291=SURFACE_OF_LINEAR_EXTRUSION('',#4288,#4290);
#4292=CARTESIAN_POINT('',(51.722067368,118.229587024,45.194993288));
#4293=VERTEX_POINT('',#4292);
#4294=CARTESIAN_POINT('',(51.722067368,118.129587024,45.194993288));
#4295=DIRECTION('',(0.,1.,-0.));
#4296=VECTOR('',#4295,0.1);
#4297=LINE('',#4294,#4296);
#4298=EDGE_CURVE('',#1207,#4293,#4297,.T.);
#4299=ORIENTED_EDGE('',*,*,#4298,.T.);
#4300=CARTESIAN_POINT('',(51.722067368,118.229587024,45.194993288));
#4301=CARTESIAN_POINT('',(51.767474304,118.229587024,45.100623861));
#4302=CARTESIAN_POINT('',(51.790177772,118.229587024,44.998441271));
#4303=CARTESIAN_POINT('',(51.790177772,118.229587024,44.888445517));
#4304=B_SPLINE_CURVE_WITH_KNOTS('',3,(#4300,#4301,#4302,#4303),.UNSPECIFIED.,.F.,.F.,(4,4),(0.,1.),.UNSPECIFIED.);
#4305=EDGE_CURVE('',#4293,#4266,#4304,.T.);
#4306=ORIENTED_EDGE('',*,*,#4305,.T.);
#4307=ORIENTED_EDGE('',*,*,#4271,.F.);
#4308=ORIENTED_EDGE('',*,*,#1222,.F.);
#4309=EDGE_LOOP('',(#4299,#4306,#4307,#4308));
#4310=FACE_BOUND('',#4309,.T.);
#4311=ADVANCED_FACE('',(#4310),#4291,.T.);
#4312=CARTESIAN_POINT('',(51.544317899,118.129587024,45.418381823));
#4313=CARTESIAN_POINT('',(51.653872039,118.129587024,45.336649338));
#4314=CARTESIAN_POINT('',(51.722067368,118.129587024,45.194993288));
#4315=B_SPLINE_CURVE_WITH_KNOTS('',2,(#4312,#4313,#4314),.UNSPECIFIED.,.F.,.F.,(3,3),(0.,1.),.UNSPECIFIED.);
#4316=DIRECTION('',(-0.,-1.,0.));
#4317=VECTOR('',#4316,1.);
#4318=SURFACE_OF_LINEAR_EXTRUSION('',#4315,#4317);
#4319=CARTESIAN_POINT('',(51.544318214,118.229587024,45.418381588));
#4320=VERTEX_POINT('',#4319);
#4321=CARTESIAN_POINT('',(51.544318057,118.129587024,45.418381705));
#4322=DIRECTION('',(0.,1.,-0.));
#4323=VECTOR('',#4322,0.1);
#4324=LINE('',#4321,#4323);
#4325=EDGE_CURVE('',#1198,#4320,#4324,.T.);
#4326=ORIENTED_EDGE('',*,*,#4325,.T.);
#4327=CARTESIAN_POINT('',(51.544317899,118.229587024,45.418381823));
#4328=CARTESIAN_POINT('',(51.617353993,118.229587024,45.3638935));
#4329=CARTESIAN_POINT('',(51.676603816,118.229587024,45.289430655));
#4330=CARTESIAN_POINT('',(51.722067368,118.229587024,45.194993288));
#4331=B_SPLINE_CURVE_WITH_KNOTS('',3,(#4327,#4328,#4329,#4330),.UNSPECIFIED.,.F.,.F.,(4,4),(0.,1.),.UNSPECIFIED.);
#4332=EDGE_CURVE('',#4320,#4293,#4331,.T.);
#4333=ORIENTED_EDGE('',*,*,#4332,.T.);
#4334=ORIENTED_EDGE('',*,*,#4298,.F.);
#4335=ORIENTED_EDGE('',*,*,#1213,.F.);
#4336=EDGE_LOOP('',(#4326,#4333,#4334,#4335));
#4337=FACE_BOUND('',#4336,.T.);
#4338=ADVANCED_FACE('',(#4337),#4318,.T.);
#4339=CARTESIAN_POINT('',(51.590177772,118.129587024,45.419910485));
#4340=CARTESIAN_POINT('',(51.574891148,118.129587024,45.419910485));
#4341=CARTESIAN_POINT('',(51.544317899,118.129587024,45.418381823));
#4342=B_SPLINE_CURVE_WITH_KNOTS('',2,(#4339,#4340,#4341),.UNSPECIFIED.,.F.,.F.,(3,3),(0.,1.),.UNSPECIFIED.);
#4343=DIRECTION('',(-0.,-1.,0.));
#4344=VECTOR('',#4343,1.);
#4345=SURFACE_OF_LINEAR_EXTRUSION('',#4342,#4344);
#4346=CARTESIAN_POINT('',(51.590177772,118.229587024,45.419910485));
#4347=VERTEX_POINT('',#4346);
#4348=CARTESIAN_POINT('',(51.59017776,118.129587024,45.419910485));
#4349=DIRECTION('',(0.,1.,-0.));
#4350=VECTOR('',#4349,0.1);
#4351=LINE('',#4348,#4350);
#4352=EDGE_CURVE('',#1189,#4347,#4351,.T.);
#4353=ORIENTED_EDGE('',*,*,#4352,.T.);
#4354=CARTESIAN_POINT('',(51.590177772,118.229587024,45.419910485));
#4355=CARTESIAN_POINT('',(51.579986689,118.229587024,45.419910485));
#4356=CARTESIAN_POINT('',(51.564700065,118.229587024,45.419400931));
#4357=CARTESIAN_POINT('',(51.544317899,118.229587024,45.418381823));
#4358=B_SPLINE_CURVE_WITH_KNOTS('',3,(#4354,#4355,#4356,#4357),.UNSPECIFIED.,.F.,.F.,(4,4),(0.,1.),.UNSPECIFIED.);
#4359=EDGE_CURVE('',#4347,#4320,#4358,.T.);
#4360=ORIENTED_EDGE('',*,*,#4359,.T.);
#4361=ORIENTED_EDGE('',*,*,#4325,.F.);
#4362=ORIENTED_EDGE('',*,*,#1204,.F.);
#4363=EDGE_LOOP('',(#4353,#4360,#4361,#4362));
#4364=FACE_BOUND('',#4363,.T.);
#4365=ADVANCED_FACE('',(#4364),#4345,.T.);
#4366=CARTESIAN_POINT('',(51.870857177,118.129587024,45.379146154));
#4367=CARTESIAN_POINT('',(51.732852931,118.129587024,45.419910485));
#4368=CARTESIAN_POINT('',(51.590177772,118.129587024,45.419910485));
#4369=CARTESIAN_POINT('',(51.58875102,118.129587024,45.419910485));
#4370=CARTESIAN_POINT('',(51.587324269,118.129587024,45.419910485));
#4371=B_SPLINE_CURVE_WITH_KNOTS('',2,(#4366,#4367,#4368,#4369,#4370),.UNSPECIFIED.,.F.,.F.,(3,2,3),(0.,1.,1.01),.UNSPECIFIED.);
#4372=DIRECTION('',(-0.,-1.,0.));
#4373=VECTOR('',#4372,1.);
#4374=SURFACE_OF_LINEAR_EXTRUSION('',#4371,#4373);
#4375=CARTESIAN_POINT('',(51.870857177,118.229587024,45.379146154));
#4376=VERTEX_POINT('',#4375);
#4377=CARTESIAN_POINT('',(51.870857177,118.129587024,45.379146154));
#4378=DIRECTION('',(0.,1.,-0.));
#4379=VECTOR('',#4378,0.1);
#4380=LINE('',#4377,#4379);
#4381=EDGE_CURVE('',#1180,#4376,#4380,.T.);
#4382=ORIENTED_EDGE('',*,*,#4381,.T.);
#4383=CARTESIAN_POINT('',(51.870857177,118.229587024,45.379146154));
#4384=CARTESIAN_POINT('',(51.778854346,118.229587024,45.406322375));
#4385=CARTESIAN_POINT('',(51.685294545,118.229587024,45.419910485));
#4386=CARTESIAN_POINT('',(51.590177772,118.229587024,45.419910485));
#4387=B_SPLINE_CURVE_WITH_KNOTS('',3,(#4383,#4384,#4385,#4386),.UNSPECIFIED.,.F.,.F.,(4,4),(0.,1.),.UNSPECIFIED.);
#4388=EDGE_CURVE('',#4376,#4347,#4387,.T.);
#4389=ORIENTED_EDGE('',*,*,#4388,.T.);
#4390=ORIENTED_EDGE('',*,*,#4352,.F.);
#4391=ORIENTED_EDGE('',*,*,#1195,.F.);
#4392=EDGE_LOOP('',(#4382,#4389,#4390,#4391));
#4393=FACE_BOUND('',#4392,.T.);
#4394=ADVANCED_FACE('',(#4393),#4374,.T.);
#4395=CARTESIAN_POINT('',(52.090135309,118.129587024,45.279783096));
#4396=CARTESIAN_POINT('',(52.008861424,118.129587024,45.338483733));
#4397=CARTESIAN_POINT('',(51.870857177,118.129587024,45.379146154));
#4398=B_SPLINE_CURVE_WITH_KNOTS('',2,(#4395,#4396,#4397),.UNSPECIFIED.,.F.,.F.,(3,3),(0.,1.),.UNSPECIFIED.);
#4399=DIRECTION('',(-0.,-1.,0.));
#4400=VECTOR('',#4399,1.);
#4401=SURFACE_OF_LINEAR_EXTRUSION('',#4398,#4400);
#4402=CARTESIAN_POINT('',(52.090135309,118.229587024,45.279783096));
#4403=VERTEX_POINT('',#4402);
#4404=CARTESIAN_POINT('',(52.090135281,118.129587024,45.279783116));
#4405=DIRECTION('',(0.,1.,-0.));
#4406=VECTOR('',#4405,0.1);
#4407=LINE('',#4404,#4406);
#4408=EDGE_CURVE('',#1171,#4403,#4407,.T.);
#4409=ORIENTED_EDGE('',*,*,#4408,.T.);
#4410=CARTESIAN_POINT('',(52.090135309,118.229587024,45.279783096));
#4411=CARTESIAN_POINT('',(52.035952719,118.229587024,45.318916854));
#4412=CARTESIAN_POINT('',(51.962860008,118.229587024,45.352037873));
#4413=CARTESIAN_POINT('',(51.870857177,118.229587024,45.379146154));
#4414=B_SPLINE_CURVE_WITH_KNOTS('',3,(#4410,#4411,#4412,#4413),.UNSPECIFIED.,.F.,.F.,(4,4),(0.,1.),.UNSPECIFIED.);
#4415=EDGE_CURVE('',#4403,#4376,#4414,.T.);
#4416=ORIENTED_EDGE('',*,*,#4415,.T.);
#4417=ORIENTED_EDGE('',*,*,#4381,.F.);
#4418=ORIENTED_EDGE('',*,*,#1186,.F.);
#4419=EDGE_LOOP('',(#4409,#4416,#4417,#4418));
#4420=FACE_BOUND('',#4419,.T.);
#4421=ADVANCED_FACE('',(#4420),#4401,.T.);
#4422=CARTESIAN_POINT('',(52.219901763,118.129587024,45.12518437));
#4423=CARTESIAN_POINT('',(52.171324269,118.129587024,45.221082459));
#4424=CARTESIAN_POINT('',(52.090135309,118.129587024,45.279783096));
#4425=CARTESIAN_POINT('',(52.089323419,118.129587024,45.280370103));
#4426=CARTESIAN_POINT('',(52.08851153,118.129587024,45.280957109));
#4427=B_SPLINE_CURVE_WITH_KNOTS('',2,(#4422,#4423,#4424,#4425,#4426),.UNSPECIFIED.,.F.,.F.,(3,2,3),(0.,1.,1.01),.UNSPECIFIED.);
#4428=DIRECTION('',(-0.,-1.,0.));
#4429=VECTOR('',#4428,1.);
#4430=SURFACE_OF_LINEAR_EXTRUSION('',#4427,#4429);
#4431=CARTESIAN_POINT('',(52.219901763,118.229587024,45.12518437));
#4432=VERTEX_POINT('',#4431);
#4433=CARTESIAN_POINT('',(52.219901763,118.129587024,45.12518437));
#4434=DIRECTION('',(0.,1.,-0.));
#4435=VECTOR('',#4434,0.1);
#4436=LINE('',#4433,#4435);
#4437=EDGE_CURVE('',#1162,#4432,#4436,.T.);
#4438=ORIENTED_EDGE('',*,*,#4437,.T.);
#4439=CARTESIAN_POINT('',(52.219901763,118.229587024,45.12518437));
#4440=CARTESIAN_POINT('',(52.187516767,118.229587024,45.18911643));
#4441=CARTESIAN_POINT('',(52.144261282,118.229587024,45.240649338));
#4442=CARTESIAN_POINT('',(52.090135309,118.229587024,45.279783096));
#4443=B_SPLINE_CURVE_WITH_KNOTS('',3,(#4439,#4440,#4441,#4442),.UNSPECIFIED.,.F.,.F.,(4,4),(0.,1.),.UNSPECIFIED.);
#4444=EDGE_CURVE('',#4432,#4403,#4443,.T.);
#4445=ORIENTED_EDGE('',*,*,#4444,.T.);
#4446=ORIENTED_EDGE('',*,*,#4408,.F.);
#4447=ORIENTED_EDGE('',*,*,#1177,.F.);
#4448=EDGE_LOOP('',(#4438,#4445,#4446,#4447));
#4449=FACE_BOUND('',#4448,.T.);
#4450=ADVANCED_FACE('',(#4449),#4430,.T.);
#4451=CARTESIAN_POINT('',(52.268479258,118.129587024,44.904241695));
#4452=CARTESIAN_POINT('',(52.268479258,118.129587024,45.029388192));
#4453=CARTESIAN_POINT('',(52.219901763,118.129587024,45.12518437));
#4454=B_SPLINE_CURVE_WITH_KNOTS('',2,(#4451,#4452,#4453),.UNSPECIFIED.,.F.,.F.,(3,3),(0.,1.),.UNSPECIFIED.);
#4455=DIRECTION('',(-0.,-1.,0.));
#4456=VECTOR('',#4455,1.);
#4457=SURFACE_OF_LINEAR_EXTRUSION('',#4454,#4456);
#4458=CARTESIAN_POINT('',(52.268479258,118.229587024,44.904241695));
#4459=VERTEX_POINT('',#4458);
#4460=CARTESIAN_POINT('',(52.268479258,118.129587024,44.904241695));
#4461=DIRECTION('',(0.,1.,-0.));
#4462=VECTOR('',#4461,0.1);
#4463=LINE('',#4460,#4462);
#4464=EDGE_CURVE('',#1153,#4459,#4463,.T.);
#4465=ORIENTED_EDGE('',*,*,#4464,.T.);
#4466=CARTESIAN_POINT('',(52.268479258,118.229587024,44.904241695));
#4467=CARTESIAN_POINT('',(52.268479258,118.229587024,44.987672693));
#4468=CARTESIAN_POINT('',(52.25228676,118.229587024,45.061320251));
#4469=CARTESIAN_POINT('',(52.219901763,118.229587024,45.12518437));
#4470=B_SPLINE_CURVE_WITH_KNOTS('',3,(#4466,#4467,#4468,#4469),.UNSPECIFIED.,.F.,.F.,(4,4),(0.,1.),.UNSPECIFIED.);
#4471=EDGE_CURVE('',#4459,#4432,#4470,.T.);
#4472=ORIENTED_EDGE('',*,*,#4471,.T.);
#4473=ORIENTED_EDGE('',*,*,#4437,.F.);
#4474=ORIENTED_EDGE('',*,*,#1168,.F.);
#4475=EDGE_LOOP('',(#4465,#4472,#4473,#4474));
#4476=FACE_BOUND('',#4475,.T.);
#4477=ADVANCED_FACE('',(#4476),#4457,.T.);
#4478=CARTESIAN_POINT('',(52.200199003,118.129587024,44.664445517));
#4479=CARTESIAN_POINT('',(52.268479258,118.129587024,44.757999657));
#4480=CARTESIAN_POINT('',(52.268479258,118.129587024,44.904241695));
#4481=B_SPLINE_CURVE_WITH_KNOTS('',2,(#4478,#4479,#4480),.UNSPECIFIED.,.F.,.F.,(3,3),(0.,1.),.UNSPECIFIED.);
#4482=DIRECTION('',(-0.,-1.,0.));
#4483=VECTOR('',#4482,1.);
#4484=SURFACE_OF_LINEAR_EXTRUSION('',#4481,#4483);
#4485=CARTESIAN_POINT('',(52.200199003,118.229587024,44.664445517));
#4486=VERTEX_POINT('',#4485);
#4487=CARTESIAN_POINT('',(52.200200607,118.129587024,44.664447713));
#4488=DIRECTION('',(0.,1.,-0.));
#4489=VECTOR('',#4488,0.1);
#4490=LINE('',#4487,#4489);
#4491=EDGE_CURVE('',#1144,#4486,#4490,.T.);
#4492=ORIENTED_EDGE('',*,*,#4491,.T.);
#4493=CARTESIAN_POINT('',(52.200199003,118.229587024,44.664445517));
#4494=CARTESIAN_POINT('',(52.245719173,118.229587024,44.726814944));
#4495=CARTESIAN_POINT('',(52.268479258,118.229587024,44.806747003));
#4496=CARTESIAN_POINT('',(52.268479258,118.229587024,44.904241695));
#4497=B_SPLINE_CURVE_WITH_KNOTS('',3,(#4493,#4494,#4495,#4496),.UNSPECIFIED.,.F.,.F.,(4,4),(0.,1.),.UNSPECIFIED.);
#4498=EDGE_CURVE('',#4486,#4459,#4497,.T.);
#4499=ORIENTED_EDGE('',*,*,#4498,.T.);
#4500=ORIENTED_EDGE('',*,*,#4464,.F.);
#4501=ORIENTED_EDGE('',*,*,#1159,.F.);
#4502=EDGE_LOOP('',(#4492,#4499,#4500,#4501));
#4503=FACE_BOUND('',#4502,.T.);
#4504=ADVANCED_FACE('',(#4503),#4484,.T.);
#4505=CARTESIAN_POINT('',(51.980411317,118.129587024,44.537872268));
#4506=CARTESIAN_POINT('',(52.131918748,118.129587024,44.570993288));
#4507=CARTESIAN_POINT('',(52.200199003,118.129587024,44.664445517));
#4508=CARTESIAN_POINT('',(52.200881806,118.129587024,44.665380039));
#4509=CARTESIAN_POINT('',(52.201564608,118.129587024,44.666314561));
#4510=B_SPLINE_CURVE_WITH_KNOTS('',2,(#4505,#4506,#4507,#4508,#4509),.UNSPECIFIED.,.F.,.F.,(3,2,3),(0.,1.,1.01),.UNSPECIFIED.);
#4511=DIRECTION('',(-0.,-1.,0.));
#4512=VECTOR('',#4511,1.);
#4513=SURFACE_OF_LINEAR_EXTRUSION('',#4510,#4512);
#4514=CARTESIAN_POINT('',(51.980411317,118.229587024,44.537872268));
#4515=VERTEX_POINT('',#4514);
#4516=CARTESIAN_POINT('',(51.980411317,118.129587024,44.537872268));
#4517=DIRECTION('',(0.,1.,-0.));
#4518=VECTOR('',#4517,0.1);
#4519=LINE('',#4516,#4518);
#4520=EDGE_CURVE('',#1136,#4515,#4519,.T.);
#4521=ORIENTED_EDGE('',*,*,#4520,.T.);
#4522=CARTESIAN_POINT('',(51.980411317,118.229587024,44.537872268));
#4523=CARTESIAN_POINT('',(52.081416271,118.229587024,44.559952948));
#4524=CARTESIAN_POINT('',(52.154678833,118.229587024,44.602144031));
#4525=CARTESIAN_POINT('',(52.200199003,118.229587024,44.664445517));
#4526=B_SPLINE_CURVE_WITH_KNOTS('',3,(#4522,#4523,#4524,#4525),.UNSPECIFIED.,.F.,.F.,(4,4),(0.,1.),.UNSPECIFIED.);
#4527=EDGE_CURVE('',#4515,#4486,#4526,.T.);
#4528=ORIENTED_EDGE('',*,*,#4527,.T.);
#4529=ORIENTED_EDGE('',*,*,#4491,.F.);
#4530=ORIENTED_EDGE('',*,*,#1150,.F.);
#4531=EDGE_LOOP('',(#4521,#4528,#4529,#4530));
#4532=FACE_BOUND('',#4531,.T.);
#4533=ADVANCED_FACE('',(#4532),#4513,.T.);
#4534=CARTESIAN_POINT('',(51.99671705,118.129587024,44.270458256));
#4535=CARTESIAN_POINT('',(51.980411317,118.129587024,44.537872268));
#4536=B_SPLINE_CURVE_WITH_KNOTS('',1,(#4534,#4535),.UNSPECIFIED.,.F.,.F.,(2,2),(0.,0.223440765),.UNSPECIFIED.);
#4537=DIRECTION('',(-0.,-1.,0.));
#4538=VECTOR('',#4537,1.);
#4539=SURFACE_OF_LINEAR_EXTRUSION('',#4536,#4538);
#4540=ORIENTED_EDGE('',*,*,#3980,.T.);
#4541=CARTESIAN_POINT('',(51.99671705,118.229587024,44.270458256));
#4542=DIRECTION('',(-0.060862573,0.,0.998146155));
#4543=VECTOR('',#4542,0.267910677);
#4544=LINE('',#4541,#4543);
#4545=EDGE_CURVE('',#3968,#4515,#4544,.T.);
#4546=ORIENTED_EDGE('',*,*,#4545,.T.);
#4547=ORIENTED_EDGE('',*,*,#4520,.F.);
#4548=ORIENTED_EDGE('',*,*,#1141,.F.);
#4549=EDGE_LOOP('',(#4540,#4546,#4547,#4548));
#4550=FACE_BOUND('',#4549,.T.);
#4551=ADVANCED_FACE('',(#4550),#4539,.T.);
#4552=CARTESIAN_POINT('',(50.669753143,118.129587024,47.198356345));
#4553=CARTESIAN_POINT('',(50.793914502,118.129587024,47.367528319));
#4554=CARTESIAN_POINT('',(51.012937857,118.129587024,47.401158893));
#4555=B_SPLINE_CURVE_WITH_KNOTS('',2,(#4552,#4553,#4554),.UNSPECIFIED.,.F.,.F.,(3,3),(0.,1.),.UNSPECIFIED.);
#4556=DIRECTION('',(-0.,-1.,0.));
#4557=VECTOR('',#4556,1.);
#4558=SURFACE_OF_LINEAR_EXTRUSION('',#4555,#4557);
#4559=CARTESIAN_POINT('',(50.669753143,118.229587024,47.198356345));
#4560=VERTEX_POINT('',#4559);
#4561=CARTESIAN_POINT('',(50.669753143,118.129587024,47.198356345));
#4562=DIRECTION('',(0.,1.,-0.));
#4563=VECTOR('',#4562,0.1);
#4564=LINE('',#4561,#4563);
#4565=EDGE_CURVE('',#1324,#4560,#4564,.T.);
#4566=ORIENTED_EDGE('',*,*,#4565,.T.);
#4567=CARTESIAN_POINT('',(51.012937857,118.229587024,47.401158893));
#4568=VERTEX_POINT('',#4567);
#4569=CARTESIAN_POINT('',(50.669753143,118.229587024,47.198356345));
#4570=CARTESIAN_POINT('',(50.752527383,118.229587024,47.311137661));
#4571=CARTESIAN_POINT('',(50.866922287,118.229587024,47.37873851));
#4572=CARTESIAN_POINT('',(51.012937857,118.229587024,47.401158893));
#4573=B_SPLINE_CURVE_WITH_KNOTS('',3,(#4569,#4570,#4571,#4572),.UNSPECIFIED.,.F.,.F.,(4,4),(0.,1.),.UNSPECIFIED.);
#4574=EDGE_CURVE('',#4560,#4568,#4573,.T.);
#4575=ORIENTED_EDGE('',*,*,#4574,.T.);
#4576=CARTESIAN_POINT('',(51.012937857,118.129587024,47.401158893));
#4577=DIRECTION('',(0.,1.,-0.));
#4578=VECTOR('',#4577,0.1);
#4579=LINE('',#4576,#4578);
#4580=EDGE_CURVE('',#1326,#4568,#4579,.T.);
#4581=ORIENTED_EDGE('',*,*,#4580,.F.);
#4582=ORIENTED_EDGE('',*,*,#1332,.F.);
#4583=EDGE_LOOP('',(#4566,#4575,#4581,#4582));
#4584=FACE_BOUND('',#4583,.T.);
#4585=ADVANCED_FACE('',(#4584),#4558,.T.);
#4586=CARTESIAN_POINT('',(50.545506859,118.129587024,46.764623861));
#4587=CARTESIAN_POINT('',(50.545506859,118.129587024,47.029286281));
#4588=CARTESIAN_POINT('',(50.669753143,118.129587024,47.198356345));
#4589=B_SPLINE_CURVE_WITH_KNOTS('',2,(#4586,#4587,#4588),.UNSPECIFIED.,.F.,.F.,(3,3),(0.,1.),.UNSPECIFIED.);
#4590=DIRECTION('',(-0.,-1.,0.));
#4591=VECTOR('',#4590,1.);
#4592=SURFACE_OF_LINEAR_EXTRUSION('',#4589,#4591);
#4593=CARTESIAN_POINT('',(50.545506859,118.229587024,46.764623861));
#4594=VERTEX_POINT('',#4593);
#4595=CARTESIAN_POINT('',(50.545506859,118.129587024,46.764623861));
#4596=DIRECTION('',(0.,1.,-0.));
#4597=VECTOR('',#4596,0.1);
#4598=LINE('',#4595,#4597);
#4599=EDGE_CURVE('',#1478,#4594,#4598,.T.);
#4600=ORIENTED_EDGE('',*,*,#4599,.T.);
#4601=CARTESIAN_POINT('',(50.545506859,118.229587024,46.764623861));
#4602=CARTESIAN_POINT('',(50.545506859,118.229587024,46.941065474));
#4603=CARTESIAN_POINT('',(50.586922287,118.229587024,47.085642969));
#4604=CARTESIAN_POINT('',(50.669753143,118.229587024,47.198356345));
#4605=B_SPLINE_CURVE_WITH_KNOTS('',3,(#4601,#4602,#4603,#4604),.UNSPECIFIED.,.F.,.F.,(4,4),(0.,1.),.UNSPECIFIED.);
#4606=EDGE_CURVE('',#4594,#4560,#4605,.T.);
#4607=ORIENTED_EDGE('',*,*,#4606,.T.);
#4608=ORIENTED_EDGE('',*,*,#4565,.F.);
#4609=ORIENTED_EDGE('',*,*,#1491,.F.);
#4610=EDGE_LOOP('',(#4600,#4607,#4608,#4609));
#4611=FACE_BOUND('',#4610,.T.);
#4612=ADVANCED_FACE('',(#4611),#4592,.T.);
#4613=CARTESIAN_POINT('',(50.760199003,118.129587024,46.199935963));
#4614=CARTESIAN_POINT('',(50.545506859,118.129587024,46.409566536));
#4615=CARTESIAN_POINT('',(50.545506859,118.129587024,46.764623861));
#4616=B_SPLINE_CURVE_WITH_KNOTS('',2,(#4613,#4614,#4615),.UNSPECIFIED.,.F.,.F.,(3,3),(0.,1.),.UNSPECIFIED.);
#4617=DIRECTION('',(-0.,-1.,0.));
#4618=VECTOR('',#4617,1.);
#4619=SURFACE_OF_LINEAR_EXTRUSION('',#4616,#4618);
#4620=CARTESIAN_POINT('',(50.760199003,118.229587024,46.199935963));
#4621=VERTEX_POINT('',#4620);
#4622=CARTESIAN_POINT('',(50.760199003,118.129587024,46.199935963));
#4623=DIRECTION('',(0.,1.,-0.));
#4624=VECTOR('',#4623,0.1);
#4625=LINE('',#4622,#4624);
#4626=EDGE_CURVE('',#1469,#4621,#4625,.T.);
#4627=ORIENTED_EDGE('',*,*,#4626,.T.);
#4628=CARTESIAN_POINT('',(50.760199003,118.229587024,46.199935963));
#4629=CARTESIAN_POINT('',(50.617070907,118.229587024,46.339689678));
#4630=CARTESIAN_POINT('',(50.545506859,118.229587024,46.527918978));
#4631=CARTESIAN_POINT('',(50.545506859,118.229587024,46.764623861));
#4632=B_SPLINE_CURVE_WITH_KNOTS('',3,(#4628,#4629,#4630,#4631),.UNSPECIFIED.,.F.,.F.,(4,4),(0.,1.),.UNSPECIFIED.);
#4633=EDGE_CURVE('',#4621,#4594,#4632,.T.);
#4634=ORIENTED_EDGE('',*,*,#4633,.T.);
#4635=ORIENTED_EDGE('',*,*,#4599,.F.);
#4636=ORIENTED_EDGE('',*,*,#1484,.F.);
#4637=EDGE_LOOP('',(#4627,#4634,#4635,#4636));
#4638=FACE_BOUND('',#4637,.T.);
#4639=ADVANCED_FACE('',(#4638),#4619,.T.);
#4640=CARTESIAN_POINT('',(51.55000792,118.129587024,45.959732141));
#4641=CARTESIAN_POINT('',(51.006908133,118.129587024,45.959732141));
#4642=CARTESIAN_POINT('',(50.760199003,118.129587024,46.199935963));
#4643=B_SPLINE_CURVE_WITH_KNOTS('',2,(#4640,#4641,#4642),.UNSPECIFIED.,.F.,.F.,(3,3),(0.,1.),.UNSPECIFIED.);
#4644=DIRECTION('',(-0.,-1.,0.));
#4645=VECTOR('',#4644,1.);
#4646=SURFACE_OF_LINEAR_EXTRUSION('',#4643,#4645);
#4647=CARTESIAN_POINT('',(51.55000792,118.229587024,45.959732141));
#4648=VERTEX_POINT('',#4647);
#4649=CARTESIAN_POINT('',(51.55000792,118.129587024,45.959732141));
#4650=DIRECTION('',(0.,1.,-0.));
#4651=VECTOR('',#4650,0.1);
#4652=LINE('',#4649,#4651);
#4653=EDGE_CURVE('',#1460,#4648,#4652,.T.);
#4654=ORIENTED_EDGE('',*,*,#4653,.T.);
#4655=CARTESIAN_POINT('',(51.55000792,118.229587024,45.959732141));
#4656=CARTESIAN_POINT('',(51.187941395,118.229587024,45.959732141));
#4657=CARTESIAN_POINT('',(50.924671756,118.229587024,46.039800082));
#4658=CARTESIAN_POINT('',(50.760199003,118.229587024,46.199935963));
#4659=B_SPLINE_CURVE_WITH_KNOTS('',3,(#4655,#4656,#4657,#4658),.UNSPECIFIED.,.F.,.F.,(4,4),(0.,1.),.UNSPECIFIED.);
#4660=EDGE_CURVE('',#4648,#4621,#4659,.T.);
#4661=ORIENTED_EDGE('',*,*,#4660,.T.);
#4662=ORIENTED_EDGE('',*,*,#4626,.F.);
#4663=ORIENTED_EDGE('',*,*,#1475,.F.);
#4664=EDGE_LOOP('',(#4654,#4661,#4662,#4663));
#4665=FACE_BOUND('',#4664,.T.);
#4666=ADVANCED_FACE('',(#4665),#4646,.T.);
#4667=CARTESIAN_POINT('',(52.247247835,118.129587024,46.176904116));
#4668=CARTESIAN_POINT('',(52.035697942,118.129587024,45.959732141));
#4669=CARTESIAN_POINT('',(51.55000792,118.129587024,45.959732141));
#4670=B_SPLINE_CURVE_WITH_KNOTS('',2,(#4667,#4668,#4669),.UNSPECIFIED.,.F.,.F.,(3,3),(0.,1.),.UNSPECIFIED.);
#4671=DIRECTION('',(-0.,-1.,0.));
#4672=VECTOR('',#4671,1.);
#4673=SURFACE_OF_LINEAR_EXTRUSION('',#4670,#4672);
#4674=CARTESIAN_POINT('',(52.247247835,118.229587024,46.176904116));
#4675=VERTEX_POINT('',#4674);
#4676=CARTESIAN_POINT('',(52.247247835,118.129587024,46.176904116));
#4677=DIRECTION('',(0.,1.,-0.));
#4678=VECTOR('',#4677,0.1);
#4679=LINE('',#4676,#4678);
#4680=EDGE_CURVE('',#1451,#4675,#4679,.T.);
#4681=ORIENTED_EDGE('',*,*,#4680,.T.);
#4682=CARTESIAN_POINT('',(52.247247835,118.229587024,46.176904116));
#4683=CARTESIAN_POINT('',(52.106214573,118.229587024,46.032122799));
#4684=CARTESIAN_POINT('',(51.873801268,118.229587024,45.959732141));
#4685=CARTESIAN_POINT('',(51.55000792,118.229587024,45.959732141));
#4686=B_SPLINE_CURVE_WITH_KNOTS('',3,(#4682,#4683,#4684,#4685),.UNSPECIFIED.,.F.,.F.,(4,4),(0.,1.),.UNSPECIFIED.);
#4687=EDGE_CURVE('',#4675,#4648,#4686,.T.);
#4688=ORIENTED_EDGE('',*,*,#4687,.T.);
#4689=ORIENTED_EDGE('',*,*,#4653,.F.);
#4690=ORIENTED_EDGE('',*,*,#1466,.F.);
#4691=EDGE_LOOP('',(#4681,#4688,#4689,#4690));
#4692=FACE_BOUND('',#4691,.T.);
#4693=ADVANCED_FACE('',(#4692),#4673,.T.);
#4694=CARTESIAN_POINT('',(52.458712804,118.129587024,46.738228956));
#4695=CARTESIAN_POINT('',(52.458712804,118.129587024,46.39407609));
#4696=CARTESIAN_POINT('',(52.247247835,118.129587024,46.176904116));
#4697=B_SPLINE_CURVE_WITH_KNOTS('',2,(#4694,#4695,#4696),.UNSPECIFIED.,.F.,.F.,(3,3),(0.,1.),.UNSPECIFIED.);
#4698=DIRECTION('',(-0.,-1.,0.));
#4699=VECTOR('',#4698,1.);
#4700=SURFACE_OF_LINEAR_EXTRUSION('',#4697,#4699);
#4701=CARTESIAN_POINT('',(52.458712804,118.229587024,46.738228956));
#4702=VERTEX_POINT('',#4701);
#4703=CARTESIAN_POINT('',(52.458712804,118.129587024,46.738228956));
#4704=DIRECTION('',(0.,1.,-0.));
#4705=VECTOR('',#4704,0.1);
#4706=LINE('',#4703,#4705);
#4707=EDGE_CURVE('',#1442,#4702,#4706,.T.);
#4708=ORIENTED_EDGE('',*,*,#4707,.T.);
#4709=CARTESIAN_POINT('',(52.458712804,118.229587024,46.738228956));
#4710=CARTESIAN_POINT('',(52.458712804,118.229587024,46.508793712));
#4711=CARTESIAN_POINT('',(52.388224481,118.229587024,46.321685432));
#4712=CARTESIAN_POINT('',(52.247247835,118.229587024,46.176904116));
#4713=B_SPLINE_CURVE_WITH_KNOTS('',3,(#4709,#4710,#4711,#4712),.UNSPECIFIED.,.F.,.F.,(4,4),(0.,1.),.UNSPECIFIED.);
#4714=EDGE_CURVE('',#4702,#4675,#4713,.T.);
#4715=ORIENTED_EDGE('',*,*,#4714,.T.);
#4716=ORIENTED_EDGE('',*,*,#4680,.F.);
#4717=ORIENTED_EDGE('',*,*,#1457,.F.);
#4718=EDGE_LOOP('',(#4708,#4715,#4716,#4717));
#4719=FACE_BOUND('',#4718,.T.);
#4720=ADVANCED_FACE('',(#4719),#4700,.T.);
#4721=CARTESIAN_POINT('',(52.378033398,118.129587024,47.099197109));
#4722=CARTESIAN_POINT('',(52.458712804,118.129587024,46.940114307));
#4723=CARTESIAN_POINT('',(52.458712804,118.129587024,46.738228956));
#4724=B_SPLINE_CURVE_WITH_KNOTS('',2,(#4721,#4722,#4723),.UNSPECIFIED.,.F.,.F.,(3,3),(0.,1.),.UNSPECIFIED.);
#4725=DIRECTION('',(-0.,-1.,0.));
#4726=VECTOR('',#4725,1.);
#4727=SURFACE_OF_LINEAR_EXTRUSION('',#4724,#4726);
#4728=CARTESIAN_POINT('',(52.378033398,118.229587024,47.099197109));
#4729=VERTEX_POINT('',#4728);
#4730=CARTESIAN_POINT('',(52.378033398,118.129587024,47.099197109));
#4731=DIRECTION('',(0.,1.,-0.));
#4732=VECTOR('',#4731,0.1);
#4733=LINE('',#4730,#4732);
#4734=EDGE_CURVE('',#1433,#4729,#4733,.T.);
#4735=ORIENTED_EDGE('',*,*,#4734,.T.);
#4736=CARTESIAN_POINT('',(52.378033398,118.229587024,47.099197109));
#4737=CARTESIAN_POINT('',(52.431819668,118.229587024,46.993141907));
#4738=CARTESIAN_POINT('',(52.458712804,118.229587024,46.87281919));
#4739=CARTESIAN_POINT('',(52.458712804,118.229587024,46.738228956));
#4740=B_SPLINE_CURVE_WITH_KNOTS('',3,(#4736,#4737,#4738,#4739),.UNSPECIFIED.,.F.,.F.,(4,4),(0.,1.),.UNSPECIFIED.);
#4741=EDGE_CURVE('',#4729,#4702,#4740,.T.);
#4742=ORIENTED_EDGE('',*,*,#4741,.T.);
#4743=ORIENTED_EDGE('',*,*,#4707,.F.);
#4744=ORIENTED_EDGE('',*,*,#1448,.F.);
#4745=EDGE_LOOP('',(#4735,#4742,#4743,#4744));
#4746=FACE_BOUND('',#4745,.T.);
#4747=ADVANCED_FACE('',(#4746),#4727,.T.);
#4748=CARTESIAN_POINT('',(52.145591784,118.129587024,47.349286281));
#4749=CARTESIAN_POINT('',(52.297353993,118.129587024,47.258279912));
#4750=CARTESIAN_POINT('',(52.378033398,118.129587024,47.099197109));
#4751=B_SPLINE_CURVE_WITH_KNOTS('',2,(#4748,#4749,#4750),.UNSPECIFIED.,.F.,.F.,(3,3),(0.,1.),.UNSPECIFIED.);
#4752=DIRECTION('',(-0.,-1.,0.));
#4753=VECTOR('',#4752,1.);
#4754=SURFACE_OF_LINEAR_EXTRUSION('',#4751,#4753);
#4755=CARTESIAN_POINT('',(52.145591784,118.229587024,47.349286281));
#4756=VERTEX_POINT('',#4755);
#4757=CARTESIAN_POINT('',(52.145591784,118.129587024,47.349286281));
#4758=DIRECTION('',(0.,1.,-0.));
#4759=VECTOR('',#4758,0.1);
#4760=LINE('',#4757,#4759);
#4761=EDGE_CURVE('',#1424,#4756,#4760,.T.);
#4762=ORIENTED_EDGE('',*,*,#4761,.T.);
#4763=CARTESIAN_POINT('',(52.145591784,118.229587024,47.349286281));
#4764=CARTESIAN_POINT('',(52.24676659,118.229587024,47.288615368));
#4765=CARTESIAN_POINT('',(52.324247128,118.229587024,47.205252311));
#4766=CARTESIAN_POINT('',(52.378033398,118.229587024,47.099197109));
#4767=B_SPLINE_CURVE_WITH_KNOTS('',3,(#4763,#4764,#4765,#4766),.UNSPECIFIED.,.F.,.F.,(4,4),(0.,1.),.UNSPECIFIED.);
#4768=EDGE_CURVE('',#4756,#4729,#4767,.T.);
#4769=ORIENTED_EDGE('',*,*,#4768,.T.);
#4770=ORIENTED_EDGE('',*,*,#4734,.F.);
#4771=ORIENTED_EDGE('',*,*,#1439,.F.);
#4772=EDGE_LOOP('',(#4762,#4769,#4770,#4771));
#4773=FACE_BOUND('',#4772,.T.);
#4774=ADVANCED_FACE('',(#4773),#4754,.T.);
#4775=CARTESIAN_POINT('',(51.81701429,118.129587024,47.440292651));
#4776=CARTESIAN_POINT('',(51.993744651,118.129587024,47.440292651));
#4777=CARTESIAN_POINT('',(52.145591784,118.129587024,47.349286281));
#4778=B_SPLINE_CURVE_WITH_KNOTS('',2,(#4775,#4776,#4777),.UNSPECIFIED.,.F.,.F.,(3,3),(0.,1.),.UNSPECIFIED.);
#4779=DIRECTION('',(-0.,-1.,0.));
#4780=VECTOR('',#4779,1.);
#4781=SURFACE_OF_LINEAR_EXTRUSION('',#4778,#4780);
#4782=CARTESIAN_POINT('',(51.81701429,118.229587024,47.440292651));
#4783=VERTEX_POINT('',#4782);
#4784=CARTESIAN_POINT('',(51.81701429,118.129587024,47.440292651));
#4785=DIRECTION('',(0.,1.,-0.));
#4786=VECTOR('',#4785,0.1);
#4787=LINE('',#4784,#4786);
#4788=EDGE_CURVE('',#1415,#4783,#4787,.T.);
#4789=ORIENTED_EDGE('',*,*,#4788,.T.);
#4790=CARTESIAN_POINT('',(51.81701429,118.229587024,47.440292651));
#4791=CARTESIAN_POINT('',(51.93483453,118.229587024,47.440292651));
#4792=CARTESIAN_POINT('',(52.044360362,118.229587024,47.409957194));
#4793=CARTESIAN_POINT('',(52.145591784,118.229587024,47.349286281));
#4794=B_SPLINE_CURVE_WITH_KNOTS('',3,(#4790,#4791,#4792,#4793),.UNSPECIFIED.,.F.,.F.,(4,4),(0.,1.),.UNSPECIFIED.);
#4795=EDGE_CURVE('',#4783,#4756,#4794,.T.);
#4796=ORIENTED_EDGE('',*,*,#4795,.T.);
#4797=ORIENTED_EDGE('',*,*,#4761,.F.);
#4798=ORIENTED_EDGE('',*,*,#1430,.F.);
#4799=EDGE_LOOP('',(#4789,#4796,#4797,#4798));
#4800=FACE_BOUND('',#4799,.T.);
#4801=ADVANCED_FACE('',(#4800),#4781,.T.);
#4802=CARTESIAN_POINT('',(51.378373101,118.129587024,47.246763988));
#4803=CARTESIAN_POINT('',(51.54805463,118.129587024,47.440292651));
#4804=CARTESIAN_POINT('',(51.81701429,118.129587024,47.440292651));
#4805=B_SPLINE_CURVE_WITH_KNOTS('',2,(#4802,#4803,#4804),.UNSPECIFIED.,.F.,.F.,(3,3),(0.,1.),.UNSPECIFIED.);
#4806=DIRECTION('',(-0.,-1.,0.));
#4807=VECTOR('',#4806,1.);
#4808=SURFACE_OF_LINEAR_EXTRUSION('',#4805,#4807);
#4809=CARTESIAN_POINT('',(51.378373101,118.229587024,47.246763988));
#4810=VERTEX_POINT('',#4809);
#4811=CARTESIAN_POINT('',(51.378373101,118.129587024,47.246763988));
#4812=DIRECTION('',(0.,1.,-0.));
#4813=VECTOR('',#4812,0.1);
#4814=LINE('',#4811,#4813);
#4815=EDGE_CURVE('',#1406,#4810,#4814,.T.);
#4816=ORIENTED_EDGE('',*,*,#4815,.T.);
#4817=CARTESIAN_POINT('',(51.378373101,118.229587024,47.246763988));
#4818=CARTESIAN_POINT('',(51.49149412,118.229587024,47.375783096));
#4819=CARTESIAN_POINT('',(51.63770785,118.229587024,47.440292651));
#4820=CARTESIAN_POINT('',(51.81701429,118.229587024,47.440292651));
#4821=B_SPLINE_CURVE_WITH_KNOTS('',3,(#4817,#4818,#4819,#4820),.UNSPECIFIED.,.F.,.F.,(4,4),(0.,1.),.UNSPECIFIED.);
#4822=EDGE_CURVE('',#4810,#4783,#4821,.T.);
#4823=ORIENTED_EDGE('',*,*,#4822,.T.);
#4824=ORIENTED_EDGE('',*,*,#4788,.F.);
#4825=ORIENTED_EDGE('',*,*,#1421,.F.);
#4826=EDGE_LOOP('',(#4816,#4823,#4824,#4825));
#4827=FACE_BOUND('',#4826,.T.);
#4828=ADVANCED_FACE('',(#4827),#4808,.T.);
#4829=CARTESIAN_POINT('',(51.208606646,118.129587024,46.77807609));
#4830=CARTESIAN_POINT('',(51.208606646,118.129587024,47.053337237));
#4831=CARTESIAN_POINT('',(51.378373101,118.129587024,47.246763988));
#4832=B_SPLINE_CURVE_WITH_KNOTS('',2,(#4829,#4830,#4831),.UNSPECIFIED.,.F.,.F.,(3,3),(0.,1.),.UNSPECIFIED.);
#4833=DIRECTION('',(-0.,-1.,0.));
#4834=VECTOR('',#4833,1.);
#4835=SURFACE_OF_LINEAR_EXTRUSION('',#4832,#4834);
#4836=CARTESIAN_POINT('',(51.208606646,118.229587024,46.77807609));
#4837=VERTEX_POINT('',#4836);
#4838=CARTESIAN_POINT('',(51.208606646,118.129587024,46.77807609));
#4839=DIRECTION('',(0.,1.,-0.));
#4840=VECTOR('',#4839,0.1);
#4841=LINE('',#4838,#4840);
#4842=EDGE_CURVE('',#1397,#4837,#4841,.T.);
#4843=ORIENTED_EDGE('',*,*,#4842,.T.);
#4844=CARTESIAN_POINT('',(51.208606646,118.229587024,46.77807609));
#4845=CARTESIAN_POINT('',(51.208606646,118.229587024,46.961583521));
#4846=CARTESIAN_POINT('',(51.265195465,118.229587024,47.11781282));
#4847=CARTESIAN_POINT('',(51.378373101,118.229587024,47.246763988));
#4848=B_SPLINE_CURVE_WITH_KNOTS('',3,(#4844,#4845,#4846,#4847),.UNSPECIFIED.,.F.,.F.,(4,4),(0.,1.),.UNSPECIFIED.);
#4849=EDGE_CURVE('',#4837,#4810,#4848,.T.);
#4850=ORIENTED_EDGE('',*,*,#4849,.T.);
#4851=ORIENTED_EDGE('',*,*,#4815,.F.);
#4852=ORIENTED_EDGE('',*,*,#1412,.F.);
#4853=EDGE_LOOP('',(#4843,#4850,#4851,#4852));
#4854=FACE_BOUND('',#4853,.T.);
#4855=ADVANCED_FACE('',(#4854),#4835,.T.);
#4856=CARTESIAN_POINT('',(51.269753143,118.129587024,46.476827682));
#4857=CARTESIAN_POINT('',(51.208606646,118.129587024,46.620623861));
#4858=CARTESIAN_POINT('',(51.208606646,118.129587024,46.77807609));
#4859=B_SPLINE_CURVE_WITH_KNOTS('',2,(#4856,#4857,#4858),.UNSPECIFIED.,.F.,.F.,(3,3),(0.,1.),.UNSPECIFIED.);
#4860=DIRECTION('',(-0.,-1.,0.));
#4861=VECTOR('',#4860,1.);
#4862=SURFACE_OF_LINEAR_EXTRUSION('',#4859,#4861);
#4863=CARTESIAN_POINT('',(51.269753143,118.229587024,46.476827682));
#4864=VERTEX_POINT('',#4863);
#4865=CARTESIAN_POINT('',(51.269753143,118.129587024,46.476827682));
#4866=DIRECTION('',(0.,1.,-0.));
#4867=VECTOR('',#4866,0.1);
#4868=LINE('',#4865,#4867);
#4869=EDGE_CURVE('',#1388,#4864,#4868,.T.);
#4870=ORIENTED_EDGE('',*,*,#4869,.T.);
#4871=CARTESIAN_POINT('',(51.269753143,118.229587024,46.476827682));
#4872=CARTESIAN_POINT('',(51.228988812,118.229587024,46.572691801));
#4873=CARTESIAN_POINT('',(51.208606646,118.229587024,46.673107937));
#4874=CARTESIAN_POINT('',(51.208606646,118.229587024,46.77807609));
#4875=B_SPLINE_CURVE_WITH_KNOTS('',3,(#4871,#4872,#4873,#4874),.UNSPECIFIED.,.F.,.F.,(4,4),(0.,1.),.UNSPECIFIED.);
#4876=EDGE_CURVE('',#4864,#4837,#4875,.T.);
#4877=ORIENTED_EDGE('',*,*,#4876,.T.);
#4878=ORIENTED_EDGE('',*,*,#4842,.F.);
#4879=ORIENTED_EDGE('',*,*,#1403,.F.);
#4880=EDGE_LOOP('',(#4870,#4877,#4878,#4879));
#4881=FACE_BOUND('',#4880,.T.);
#4882=ADVANCED_FACE('',(#4881),#4862,.T.);
#4883=CARTESIAN_POINT('',(51.45701429,118.129587024,46.233668447));
#4884=CARTESIAN_POINT('',(51.33089964,118.129587024,46.333031504));
#4885=CARTESIAN_POINT('',(51.269753143,118.129587024,46.476827682));
#4886=B_SPLINE_CURVE_WITH_KNOTS('',2,(#4883,#4884,#4885),.UNSPECIFIED.,.F.,.F.,(3,3),(0.,1.),.UNSPECIFIED.);
#4887=DIRECTION('',(-0.,-1.,0.));
#4888=VECTOR('',#4887,1.);
#4889=SURFACE_OF_LINEAR_EXTRUSION('',#4886,#4888);
#4890=CARTESIAN_POINT('',(51.457013969,118.229587024,46.2336687));
#4891=VERTEX_POINT('',#4890);
#4892=CARTESIAN_POINT('',(51.45701429,118.129587024,46.233668447));
#4893=DIRECTION('',(0.,1.,-0.));
#4894=VECTOR('',#4893,0.1);
#4895=LINE('',#4892,#4894);
#4896=EDGE_CURVE('',#1379,#4891,#4895,.T.);
#4897=ORIENTED_EDGE('',*,*,#4896,.T.);
#4898=CARTESIAN_POINT('',(51.45701429,118.229587024,46.233668447));
#4899=CARTESIAN_POINT('',(51.372937857,118.229587024,46.299910485));
#4900=CARTESIAN_POINT('',(51.310517475,118.229587024,46.380963564));
#4901=CARTESIAN_POINT('',(51.269753143,118.229587024,46.476827682));
#4902=B_SPLINE_CURVE_WITH_KNOTS('',3,(#4898,#4899,#4900,#4901),.UNSPECIFIED.,.F.,.F.,(4,4),(0.,1.),.UNSPECIFIED.);
#4903=EDGE_CURVE('',#4891,#4864,#4902,.T.);
#4904=ORIENTED_EDGE('',*,*,#4903,.T.);
#4905=ORIENTED_EDGE('',*,*,#4869,.F.);
#4906=ORIENTED_EDGE('',*,*,#1394,.F.);
#4907=EDGE_LOOP('',(#4897,#4904,#4905,#4906));
#4908=FACE_BOUND('',#4907,.T.);
#4909=ADVANCED_FACE('',(#4908),#4889,.T.);
#4910=CARTESIAN_POINT('',(51.026101339,118.129587024,46.31163023));
#4911=CARTESIAN_POINT('',(51.176929364,118.129587024,46.236725772));
#4912=CARTESIAN_POINT('',(51.45701429,118.129587024,46.233668447));
#4913=B_SPLINE_CURVE_WITH_KNOTS('',2,(#4910,#4911,#4912),.UNSPECIFIED.,.F.,.F.,(3,3),(0.,1.),.UNSPECIFIED.);
#4914=DIRECTION('',(-0.,-1.,0.));
#4915=VECTOR('',#4914,1.);
#4916=SURFACE_OF_LINEAR_EXTRUSION('',#4913,#4915);
#4917=CARTESIAN_POINT('',(51.026101339,118.229587024,46.31163023));
#4918=VERTEX_POINT('',#4917);
#4919=CARTESIAN_POINT('',(51.026101348,118.129587024,46.311630225));
#4920=DIRECTION('',(0.,1.,-0.));
#4921=VECTOR('',#4920,0.1);
#4922=LINE('',#4919,#4921);
#4923=EDGE_CURVE('',#1370,#4918,#4922,.T.);
#4924=ORIENTED_EDGE('',*,*,#4923,.T.);
#4925=CARTESIAN_POINT('',(51.026101339,118.229587024,46.31163023));
#4926=CARTESIAN_POINT('',(51.126653356,118.229587024,46.261693924));
#4927=CARTESIAN_POINT('',(51.270291006,118.229587024,46.235706663));
#4928=CARTESIAN_POINT('',(51.45701429,118.229587024,46.233668447));
#4929=B_SPLINE_CURVE_WITH_KNOTS('',3,(#4925,#4926,#4927,#4928),.UNSPECIFIED.,.F.,.F.,(4,4),(0.,1.),.UNSPECIFIED.);
#4930=EDGE_CURVE('',#4918,#4891,#4929,.T.);
#4931=ORIENTED_EDGE('',*,*,#4930,.T.);
#4932=ORIENTED_EDGE('',*,*,#4896,.F.);
#4933=ORIENTED_EDGE('',*,*,#1385,.F.);
#4934=EDGE_LOOP('',(#4924,#4931,#4932,#4933));
#4935=FACE_BOUND('',#4934,.T.);
#4936=ADVANCED_FACE('',(#4935),#4916,.T.);
#4937=CARTESIAN_POINT('',(50.796632124,118.129587024,46.51351558));
#4938=CARTESIAN_POINT('',(50.875188387,118.129587024,46.3866366));
#4939=CARTESIAN_POINT('',(51.026101339,118.129587024,46.31163023));
#4940=CARTESIAN_POINT('',(51.027610468,118.129587024,46.310880166));
#4941=CARTESIAN_POINT('',(51.029119598,118.129587024,46.310130103));
#4942=B_SPLINE_CURVE_WITH_KNOTS('',2,(#4937,#4938,#4939,#4940,#4941),.UNSPECIFIED.,.F.,.F.,(3,2,3),(0.,1.,1.01),.UNSPECIFIED.);
#4943=DIRECTION('',(-0.,-1.,0.));
#4944=VECTOR('',#4943,1.);
#4945=SURFACE_OF_LINEAR_EXTRUSION('',#4942,#4944);
#4946=CARTESIAN_POINT('',(50.796632124,118.229587024,46.51351558));
#4947=VERTEX_POINT('',#4946);
#4948=CARTESIAN_POINT('',(50.796632124,118.129587024,46.51351558));
#4949=DIRECTION('',(0.,1.,-0.));
#4950=VECTOR('',#4949,0.1);
#4951=LINE('',#4948,#4950);
#4952=EDGE_CURVE('',#1361,#4947,#4951,.T.);
#4953=ORIENTED_EDGE('',*,*,#4952,.T.);
#4954=CARTESIAN_POINT('',(50.796632124,118.229587024,46.51351558));
#4955=CARTESIAN_POINT('',(50.849002966,118.229587024,46.428929593));
#4956=CARTESIAN_POINT('',(50.925492705,118.229587024,46.361634476));
#4957=CARTESIAN_POINT('',(51.026101339,118.229587024,46.31163023));
#4958=B_SPLINE_CURVE_WITH_KNOTS('',3,(#4954,#4955,#4956,#4957),.UNSPECIFIED.,.F.,.F.,(4,4),(0.,1.),.UNSPECIFIED.);
#4959=EDGE_CURVE('',#4947,#4918,#4958,.T.);
#4960=ORIENTED_EDGE('',*,*,#4959,.T.);
#4961=ORIENTED_EDGE('',*,*,#4923,.F.);
#4962=ORIENTED_EDGE('',*,*,#1376,.F.);
#4963=EDGE_LOOP('',(#4953,#4960,#4961,#4962));
#4964=FACE_BOUND('',#4963,.T.);
#4965=ADVANCED_FACE('',(#4964),#4945,.T.);
#4966=CARTESIAN_POINT('',(50.735740404,118.129587024,46.747808574));
#4967=CARTESIAN_POINT('',(50.735740404,118.129587024,46.616139784));
#4968=CARTESIAN_POINT('',(50.796632124,118.129587024,46.51351558));
#4969=B_SPLINE_CURVE_WITH_KNOTS('',2,(#4966,#4967,#4968),.UNSPECIFIED.,.F.,.F.,(3,3),(0.,1.),.UNSPECIFIED.);
#4970=DIRECTION('',(-0.,-1.,0.));
#4971=VECTOR('',#4970,1.);
#4972=SURFACE_OF_LINEAR_EXTRUSION('',#4969,#4971);
#4973=CARTESIAN_POINT('',(50.735740404,118.229587024,46.747808574));
#4974=VERTEX_POINT('',#4973);
#4975=CARTESIAN_POINT('',(50.735740404,118.129587024,46.747808574));
#4976=DIRECTION('',(0.,1.,-0.));
#4977=VECTOR('',#4976,0.1);
#4978=LINE('',#4975,#4977);
#4979=EDGE_CURVE('',#1352,#4974,#4978,.T.);
#4980=ORIENTED_EDGE('',*,*,#4979,.T.);
#4981=CARTESIAN_POINT('',(50.735740404,118.229587024,46.747808574));
#4982=CARTESIAN_POINT('',(50.735740404,118.229587024,46.660029381));
#4983=CARTESIAN_POINT('',(50.756037644,118.229587024,46.581931716));
#4984=CARTESIAN_POINT('',(50.796632124,118.229587024,46.51351558));
#4985=B_SPLINE_CURVE_WITH_KNOTS('',3,(#4981,#4982,#4983,#4984),.UNSPECIFIED.,.F.,.F.,(4,4),(0.,1.),.UNSPECIFIED.);
#4986=EDGE_CURVE('',#4974,#4947,#4985,.T.);
#4987=ORIENTED_EDGE('',*,*,#4986,.T.);
#4988=ORIENTED_EDGE('',*,*,#4952,.F.);
#4989=ORIENTED_EDGE('',*,*,#1367,.F.);
#4990=EDGE_LOOP('',(#4980,#4987,#4988,#4989));
#4991=FACE_BOUND('',#4990,.T.);
#4992=ADVANCED_FACE('',(#4991),#4972,.T.);
#4993=CARTESIAN_POINT('',(50.833574799,118.129587024,47.023171631));
#4994=CARTESIAN_POINT('',(50.735740404,118.129587024,46.911477364));
#4995=CARTESIAN_POINT('',(50.735740404,118.129587024,46.747808574));
#4996=B_SPLINE_CURVE_WITH_KNOTS('',2,(#4993,#4994,#4995),.UNSPECIFIED.,.F.,.F.,(3,3),(0.,1.),.UNSPECIFIED.);
#4997=DIRECTION('',(-0.,-1.,0.));
#4998=VECTOR('',#4997,1.);
#4999=SURFACE_OF_LINEAR_EXTRUSION('',#4996,#4998);
#5000=CARTESIAN_POINT('',(50.833574799,118.229587024,47.023171631));
#5001=VERTEX_POINT('',#5000);
#5002=CARTESIAN_POINT('',(50.833574799,118.129587024,47.023171631));
#5003=DIRECTION('',(0.,1.,-0.));
#5004=VECTOR('',#5003,0.1);
#5005=LINE('',#5002,#5004);
#5006=EDGE_CURVE('',#1343,#5001,#5005,.T.);
#5007=ORIENTED_EDGE('',*,*,#5006,.T.);
#5008=CARTESIAN_POINT('',(50.833574799,118.229587024,47.023171631));
#5009=CARTESIAN_POINT('',(50.768351869,118.229587024,46.948708786));
#5010=CARTESIAN_POINT('',(50.735740404,118.229587024,46.856921101));
#5011=CARTESIAN_POINT('',(50.735740404,118.229587024,46.747808574));
#5012=B_SPLINE_CURVE_WITH_KNOTS('',3,(#5008,#5009,#5010,#5011),.UNSPECIFIED.,.F.,.F.,(4,4),(0.,1.),.UNSPECIFIED.);
#5013=EDGE_CURVE('',#5001,#4974,#5012,.T.);
#5014=ORIENTED_EDGE('',*,*,#5013,.T.);
#5015=ORIENTED_EDGE('',*,*,#4979,.F.);
#5016=ORIENTED_EDGE('',*,*,#1358,.F.);
#5017=EDGE_LOOP('',(#5007,#5014,#5015,#5016));
#5018=FACE_BOUND('',#5017,.T.);
#5019=ADVANCED_FACE('',(#5018),#4999,.T.);
#5020=CARTESIAN_POINT('',(51.029243589,118.129587024,47.127222587));
#5021=CARTESIAN_POINT('',(50.894551445,118.129587024,47.090534689));
#5022=CARTESIAN_POINT('',(50.833574799,118.129587024,47.023171631));
#5023=B_SPLINE_CURVE_WITH_KNOTS('',2,(#5020,#5021,#5022),.UNSPECIFIED.,.F.,.F.,(3,3),(0.,1.),.UNSPECIFIED.);
#5024=DIRECTION('',(-0.,-1.,0.));
#5025=VECTOR('',#5024,1.);
#5026=SURFACE_OF_LINEAR_EXTRUSION('',#5023,#5025);
#5027=CARTESIAN_POINT('',(51.029243589,118.229587024,47.127222587));
#5028=VERTEX_POINT('',#5027);
#5029=CARTESIAN_POINT('',(51.029243589,118.129587024,47.127222587));
#5030=DIRECTION('',(0.,1.,-0.));
#5031=VECTOR('',#5030,0.1);
#5032=LINE('',#5029,#5031);
#5033=EDGE_CURVE('',#1335,#5028,#5032,.T.);
#5034=ORIENTED_EDGE('',*,*,#5033,.T.);
#5035=CARTESIAN_POINT('',(51.029243589,118.229587024,47.127222587));
#5036=CARTESIAN_POINT('',(50.939448826,118.229587024,47.102763988));
#5037=CARTESIAN_POINT('',(50.874225896,118.229587024,47.068080336));
#5038=CARTESIAN_POINT('',(50.833574799,118.229587024,47.023171631));
#5039=B_SPLINE_CURVE_WITH_KNOTS('',3,(#5035,#5036,#5037,#5038),.UNSPECIFIED.,.F.,.F.,(4,4),(0.,1.),.UNSPECIFIED.);
#5040=EDGE_CURVE('',#5028,#5001,#5039,.T.);
#5041=ORIENTED_EDGE('',*,*,#5040,.T.);
#5042=ORIENTED_EDGE('',*,*,#5006,.F.);
#5043=ORIENTED_EDGE('',*,*,#1349,.F.);
#5044=EDGE_LOOP('',(#5034,#5041,#5042,#5043));
#5045=FACE_BOUND('',#5044,.T.);
#5046=ADVANCED_FACE('',(#5045),#5026,.T.);
#5047=CARTESIAN_POINT('',(51.012937857,118.129587024,47.401158893));
#5048=CARTESIAN_POINT('',(51.029243589,118.129587024,47.127222587));
#5049=B_SPLINE_CURVE_WITH_KNOTS('',1,(#5047,#5048),.UNSPECIFIED.,.F.,.F.,(2,2),(0.,0.228861861),.UNSPECIFIED.);
#5050=DIRECTION('',(-0.,-1.,0.));
#5051=VECTOR('',#5050,1.);
#5052=SURFACE_OF_LINEAR_EXTRUSION('',#5049,#5051);
#5053=ORIENTED_EDGE('',*,*,#4580,.T.);
#5054=CARTESIAN_POINT('',(51.012937857,118.229587024,47.401158893));
#5055=DIRECTION('',(0.059418638,-0.,-0.998233152));
#5056=VECTOR('',#5055,0.274421167);
#5057=LINE('',#5054,#5056);
#5058=EDGE_CURVE('',#4568,#5028,#5057,.T.);
#5059=ORIENTED_EDGE('',*,*,#5058,.T.);
#5060=ORIENTED_EDGE('',*,*,#5033,.F.);
#5061=ORIENTED_EDGE('',*,*,#1340,.F.);
#5062=EDGE_LOOP('',(#5053,#5059,#5060,#5061));
#5063=FACE_BOUND('',#5062,.T.);
#5064=ADVANCED_FACE('',(#5063),#5052,.T.);
#5065=CARTESIAN_POINT('',(52.426101339,118.129587024,37.832955071));
#5066=CARTESIAN_POINT('',(52.426101339,118.129587024,37.545974179));
#5067=B_SPLINE_CURVE_WITH_KNOTS('',1,(#5065,#5066),.UNSPECIFIED.,.F.,.F.,(2,2),(0.,0.239150743),.UNSPECIFIED.);
#5068=DIRECTION('',(-0.,-1.,0.));
#5069=VECTOR('',#5068,1.);
#5070=SURFACE_OF_LINEAR_EXTRUSION('',#5067,#5069);
#5071=CARTESIAN_POINT('',(52.426101339,118.229587024,37.832955071));
#5072=VERTEX_POINT('',#5071);
#5073=CARTESIAN_POINT('',(52.426101339,118.129587024,37.832955071));
#5074=DIRECTION('',(0.,1.,-0.));
#5075=VECTOR('',#5074,0.1);
#5076=LINE('',#5073,#5075);
#5077=EDGE_CURVE('',#1496,#5072,#5076,.T.);
#5078=ORIENTED_EDGE('',*,*,#5077,.T.);
#5079=CARTESIAN_POINT('',(52.426101339,118.229587024,37.545974179));
#5080=VERTEX_POINT('',#5079);
#5081=CARTESIAN_POINT('',(52.426101339,118.229587024,37.832955071));
#5082=DIRECTION('',(-0.,-0.,-1.));
#5083=VECTOR('',#5082,0.286980892);
#5084=LINE('',#5081,#5083);
#5085=EDGE_CURVE('',#5072,#5080,#5084,.T.);
#5086=ORIENTED_EDGE('',*,*,#5085,.T.);
#5087=CARTESIAN_POINT('',(52.426101339,118.129587024,37.545974179));
#5088=DIRECTION('',(0.,1.,-0.));
#5089=VECTOR('',#5088,0.1);
#5090=LINE('',#5087,#5089);
#5091=EDGE_CURVE('',#1498,#5080,#5090,.T.);
#5092=ORIENTED_EDGE('',*,*,#5091,.F.);
#5093=ORIENTED_EDGE('',*,*,#1503,.F.);
#5094=EDGE_LOOP('',(#5078,#5086,#5092,#5093));
#5095=FACE_BOUND('',#5094,.T.);
#5096=ADVANCED_FACE('',(#5095),#5070,.T.);
#5097=CARTESIAN_POINT('',(50.839010044,118.129587024,37.832955071));
#5098=CARTESIAN_POINT('',(52.426101339,118.129587024,37.832955071));
#5099=B_SPLINE_CURVE_WITH_KNOTS('',1,(#5097,#5098),.UNSPECIFIED.,.F.,.F.,(2,2),(0.,1.587091295),.UNSPECIFIED.);
#5100=DIRECTION('',(-0.,-1.,0.));
#5101=VECTOR('',#5100,1.);
#5102=SURFACE_OF_LINEAR_EXTRUSION('',#5099,#5101);
#5103=CARTESIAN_POINT('',(50.839010044,118.229587024,37.832955071));
#5104=VERTEX_POINT('',#5103);
#5105=CARTESIAN_POINT('',(50.839010044,118.129587024,37.832955071));
#5106=DIRECTION('',(0.,1.,-0.));
#5107=VECTOR('',#5106,0.1);
#5108=LINE('',#5105,#5107);
#5109=EDGE_CURVE('',#1604,#5104,#5108,.T.);
#5110=ORIENTED_EDGE('',*,*,#5109,.T.);
#5111=CARTESIAN_POINT('',(50.839010044,118.229587024,37.832955071));
#5112=DIRECTION('',(1.,-0.,-0.));
#5113=VECTOR('',#5112,1.587091295);
#5114=LINE('',#5111,#5113);
#5115=EDGE_CURVE('',#5104,#5072,#5114,.T.);
#5116=ORIENTED_EDGE('',*,*,#5115,.T.);
#5117=ORIENTED_EDGE('',*,*,#5077,.F.);
#5118=ORIENTED_EDGE('',*,*,#1615,.F.);
#5119=EDGE_LOOP('',(#5110,#5116,#5117,#5118));
#5120=FACE_BOUND('',#5119,.T.);
#5121=ADVANCED_FACE('',(#5120),#5102,.T.);
#5122=CARTESIAN_POINT('',(52.426101339,118.129587024,38.481821313));
#5123=CARTESIAN_POINT('',(50.839010044,118.129587024,37.832955071));
#5124=B_SPLINE_CURVE_WITH_KNOTS('',1,(#5122,#5123),.UNSPECIFIED.,.F.,.F.,(2,2),(0.,1.676674959),.UNSPECIFIED.);
#5125=DIRECTION('',(-0.,-1.,0.));
#5126=VECTOR('',#5125,1.);
#5127=SURFACE_OF_LINEAR_EXTRUSION('',#5124,#5126);
#5128=CARTESIAN_POINT('',(52.426101339,118.229587024,38.481821313));
#5129=VERTEX_POINT('',#5128);
#5130=CARTESIAN_POINT('',(52.426101339,118.129587024,38.481821313));
#5131=DIRECTION('',(0.,1.,-0.));
#5132=VECTOR('',#5131,0.1);
#5133=LINE('',#5130,#5132);
#5134=EDGE_CURVE('',#1596,#5129,#5133,.T.);
#5135=ORIENTED_EDGE('',*,*,#5134,.T.);
#5136=CARTESIAN_POINT('',(52.426101339,118.229587024,38.481821313));
#5137=DIRECTION('',(-0.925628358,0.,-0.378433803));
#5138=VECTOR('',#5137,1.714609629);
#5139=LINE('',#5136,#5138);
#5140=EDGE_CURVE('',#5129,#5104,#5139,.T.);
#5141=ORIENTED_EDGE('',*,*,#5140,.T.);
#5142=ORIENTED_EDGE('',*,*,#5109,.F.);
#5143=ORIENTED_EDGE('',*,*,#1609,.F.);
#5144=EDGE_LOOP('',(#5135,#5141,#5142,#5143));
#5145=FACE_BOUND('',#5144,.T.);
#5146=ADVANCED_FACE('',(#5145),#5127,.T.);
#5147=CARTESIAN_POINT('',(52.426101339,118.129587024,38.741082459));
#5148=CARTESIAN_POINT('',(52.426101339,118.129587024,38.481821313));
#5149=B_SPLINE_CURVE_WITH_KNOTS('',1,(#5147,#5148),.UNSPECIFIED.,.F.,.F.,(2,2),(0.,0.216050955),.UNSPECIFIED.);
#5150=DIRECTION('',(-0.,-1.,0.));
#5151=VECTOR('',#5150,1.);
#5152=SURFACE_OF_LINEAR_EXTRUSION('',#5149,#5151);
#5153=CARTESIAN_POINT('',(52.426101339,118.229587024,38.741082459));
#5154=VERTEX_POINT('',#5153);
#5155=CARTESIAN_POINT('',(52.426101339,118.129587024,38.741082459));
#5156=DIRECTION('',(0.,1.,-0.));
#5157=VECTOR('',#5156,0.1);
#5158=LINE('',#5155,#5157);
#5159=EDGE_CURVE('',#1588,#5154,#5158,.T.);
#5160=ORIENTED_EDGE('',*,*,#5159,.T.);
#5161=CARTESIAN_POINT('',(52.426101339,118.229587024,38.741082459));
#5162=DIRECTION('',(-0.,-0.,-1.));
#5163=VECTOR('',#5162,0.259261146);
#5164=LINE('',#5161,#5163);
#5165=EDGE_CURVE('',#5154,#5129,#5164,.T.);
#5166=ORIENTED_EDGE('',*,*,#5165,.T.);
#5167=ORIENTED_EDGE('',*,*,#5134,.F.);
#5168=ORIENTED_EDGE('',*,*,#1601,.F.);
#5169=EDGE_LOOP('',(#5160,#5166,#5167,#5168));
#5170=FACE_BOUND('',#5169,.T.);
#5171=ADVANCED_FACE('',(#5170),#5152,.T.);
#5172=CARTESIAN_POINT('',(50.86075102,118.129587024,39.404827682));
#5173=CARTESIAN_POINT('',(52.426101339,118.129587024,38.741082459));
#5174=B_SPLINE_CURVE_WITH_KNOTS('',1,(#5172,#5173),.UNSPECIFIED.,.F.,.F.,(2,2),(0.,1.660200133),.UNSPECIFIED.);
#5175=DIRECTION('',(-0.,-1.,0.));
#5176=VECTOR('',#5175,1.);
#5177=SURFACE_OF_LINEAR_EXTRUSION('',#5174,#5176);
#5178=CARTESIAN_POINT('',(50.86075102,118.229587024,39.404827682));
#5179=VERTEX_POINT('',#5178);
#5180=CARTESIAN_POINT('',(50.86075102,118.129587024,39.404827682));
#5181=DIRECTION('',(0.,1.,-0.));
#5182=VECTOR('',#5181,0.1);
#5183=LINE('',#5180,#5182);
#5184=EDGE_CURVE('',#1580,#5179,#5183,.T.);
#5185=ORIENTED_EDGE('',*,*,#5184,.T.);
#5186=CARTESIAN_POINT('',(50.86075102,118.229587024,39.404827682));
#5187=DIRECTION('',(0.920654252,-0.,-0.390378981));
#5188=VECTOR('',#5187,1.70025861);
#5189=LINE('',#5186,#5188);
#5190=EDGE_CURVE('',#5179,#5154,#5189,.T.);
#5191=ORIENTED_EDGE('',*,*,#5190,.T.);
#5192=ORIENTED_EDGE('',*,*,#5159,.F.);
#5193=ORIENTED_EDGE('',*,*,#1593,.F.);
#5194=EDGE_LOOP('',(#5185,#5191,#5192,#5193));
#5195=FACE_BOUND('',#5194,.T.);
#5196=ADVANCED_FACE('',(#5195),#5177,.T.);
#5197=CARTESIAN_POINT('',(52.426101339,118.129587024,39.404827682));
#5198=CARTESIAN_POINT('',(50.86075102,118.129587024,39.404827682));
#5199=B_SPLINE_CURVE_WITH_KNOTS('',1,(#5197,#5198),.UNSPECIFIED.,.F.,.F.,(2,2),(0.,1.565350318),.UNSPECIFIED.);
#5200=DIRECTION('',(-0.,-1.,0.));
#5201=VECTOR('',#5200,1.);
#5202=SURFACE_OF_LINEAR_EXTRUSION('',#5199,#5201);
#5203=CARTESIAN_POINT('',(52.426101339,118.229587024,39.404827682));
#5204=VERTEX_POINT('',#5203);
#5205=CARTESIAN_POINT('',(52.426101339,118.129587024,39.404827682));
#5206=DIRECTION('',(0.,1.,-0.));
#5207=VECTOR('',#5206,0.1);
#5208=LINE('',#5205,#5207);
#5209=EDGE_CURVE('',#1572,#5204,#5208,.T.);
#5210=ORIENTED_EDGE('',*,*,#5209,.T.);
#5211=CARTESIAN_POINT('',(52.426101339,118.229587024,39.404827682));
#5212=DIRECTION('',(-1.,0.,0.));
#5213=VECTOR('',#5212,1.565350319);
#5214=LINE('',#5211,#5213);
#5215=EDGE_CURVE('',#5204,#5179,#5214,.T.);
#5216=ORIENTED_EDGE('',*,*,#5215,.T.);
#5217=ORIENTED_EDGE('',*,*,#5184,.F.);
#5218=ORIENTED_EDGE('',*,*,#1585,.F.);
#5219=EDGE_LOOP('',(#5210,#5216,#5217,#5218));
#5220=FACE_BOUND('',#5219,.T.);
#5221=ADVANCED_FACE('',(#5220),#5202,.T.);
#5222=CARTESIAN_POINT('',(52.426101339,118.129587024,39.691808574));
#5223=CARTESIAN_POINT('',(52.426101339,118.129587024,39.404827682));
#5224=B_SPLINE_CURVE_WITH_KNOTS('',1,(#5222,#5223),.UNSPECIFIED.,.F.,.F.,(2,2),(0.,0.239150743),.UNSPECIFIED.);
#5225=DIRECTION('',(-0.,-1.,0.));
#5226=VECTOR('',#5225,1.);
#5227=SURFACE_OF_LINEAR_EXTRUSION('',#5224,#5226);
#5228=CARTESIAN_POINT('',(52.426101339,118.229587024,39.691808574));
#5229=VERTEX_POINT('',#5228);
#5230=CARTESIAN_POINT('',(52.426101339,118.129587024,39.691808574));
#5231=DIRECTION('',(0.,1.,-0.));
#5232=VECTOR('',#5231,0.1);
#5233=LINE('',#5230,#5232);
#5234=EDGE_CURVE('',#1564,#5229,#5233,.T.);
#5235=ORIENTED_EDGE('',*,*,#5234,.T.);
#5236=CARTESIAN_POINT('',(52.426101339,118.229587024,39.691808574));
#5237=DIRECTION('',(-0.,-0.,-1.));
#5238=VECTOR('',#5237,0.286980892);
#5239=LINE('',#5236,#5238);
#5240=EDGE_CURVE('',#5229,#5204,#5239,.T.);
#5241=ORIENTED_EDGE('',*,*,#5240,.T.);
#5242=ORIENTED_EDGE('',*,*,#5209,.F.);
#5243=ORIENTED_EDGE('',*,*,#1577,.F.);
#5244=EDGE_LOOP('',(#5235,#5241,#5242,#5243));
#5245=FACE_BOUND('',#5244,.T.);
#5246=ADVANCED_FACE('',(#5245),#5227,.T.);
#5247=CARTESIAN_POINT('',(50.556377347,118.129587024,39.691808574));
#5248=CARTESIAN_POINT('',(52.426101339,118.129587024,39.691808574));
#5249=B_SPLINE_CURVE_WITH_KNOTS('',1,(#5247,#5248),.UNSPECIFIED.,.F.,.F.,(2,2),(0.,1.869723992),.UNSPECIFIED.);
#5250=DIRECTION('',(-0.,-1.,0.));
#5251=VECTOR('',#5250,1.);
#5252=SURFACE_OF_LINEAR_EXTRUSION('',#5249,#5251);
#5253=CARTESIAN_POINT('',(50.556377347,118.229587024,39.691808574));
#5254=VERTEX_POINT('',#5253);
#5255=CARTESIAN_POINT('',(50.556377347,118.129587024,39.691808574));
#5256=DIRECTION('',(0.,1.,-0.));
#5257=VECTOR('',#5256,0.1);
#5258=LINE('',#5255,#5257);
#5259=EDGE_CURVE('',#1556,#5254,#5258,.T.);
#5260=ORIENTED_EDGE('',*,*,#5259,.T.);
#5261=CARTESIAN_POINT('',(50.556377347,118.229587024,39.691808574));
#5262=DIRECTION('',(1.,-0.,-0.));
#5263=VECTOR('',#5262,1.869723992);
#5264=LINE('',#5261,#5263);
#5265=EDGE_CURVE('',#5254,#5229,#5264,.T.);
#5266=ORIENTED_EDGE('',*,*,#5265,.T.);
#5267=ORIENTED_EDGE('',*,*,#5234,.F.);
#5268=ORIENTED_EDGE('',*,*,#1569,.F.);
#5269=EDGE_LOOP('',(#5260,#5266,#5267,#5268));
#5270=FACE_BOUND('',#5269,.T.);
#5271=ADVANCED_FACE('',(#5270),#5252,.T.);
#5272=CARTESIAN_POINT('',(50.556377347,118.129587024,39.303935963));
#5273=CARTESIAN_POINT('',(50.556377347,118.129587024,39.691808574));
#5274=B_SPLINE_CURVE_WITH_KNOTS('',1,(#5272,#5273),.UNSPECIFIED.,.F.,.F.,(2,2),(0.,0.323227176),.UNSPECIFIED.);
#5275=DIRECTION('',(-0.,-1.,0.));
#5276=VECTOR('',#5275,1.);
#5277=SURFACE_OF_LINEAR_EXTRUSION('',#5274,#5276);
#5278=CARTESIAN_POINT('',(50.556377347,118.229587024,39.303935963));
#5279=VERTEX_POINT('',#5278);
#5280=CARTESIAN_POINT('',(50.556377347,118.129587024,39.303935963));
#5281=DIRECTION('',(0.,1.,-0.));
#5282=VECTOR('',#5281,0.1);
#5283=LINE('',#5280,#5282);
#5284=EDGE_CURVE('',#1548,#5279,#5283,.T.);
#5285=ORIENTED_EDGE('',*,*,#5284,.T.);
#5286=CARTESIAN_POINT('',(50.556377347,118.229587024,39.303935963));
#5287=DIRECTION('',(0.,0.,1.));
#5288=VECTOR('',#5287,0.387872611);
#5289=LINE('',#5286,#5288);
#5290=EDGE_CURVE('',#5279,#5254,#5289,.T.);
#5291=ORIENTED_EDGE('',*,*,#5290,.T.);
#5292=ORIENTED_EDGE('',*,*,#5259,.F.);
#5293=ORIENTED_EDGE('',*,*,#1561,.F.);
#5294=EDGE_LOOP('',(#5285,#5291,#5292,#5293));
#5295=FACE_BOUND('',#5294,.T.);
#5296=ADVANCED_FACE('',(#5295),#5277,.T.);
#5297=CARTESIAN_POINT('',(51.855740404,118.129587024,38.754127045));
#5298=CARTESIAN_POINT('',(50.556377347,118.129587024,39.303935963));
#5299=B_SPLINE_CURVE_WITH_KNOTS('',1,(#5297,#5298),.UNSPECIFIED.,.F.,.F.,(2,2),(0.,1.377776418),.UNSPECIFIED.);
#5300=DIRECTION('',(-0.,-1.,0.));
#5301=VECTOR('',#5300,1.);
#5302=SURFACE_OF_LINEAR_EXTRUSION('',#5299,#5301);
#5303=CARTESIAN_POINT('',(51.855740404,118.229587024,38.754127045));
#5304=VERTEX_POINT('',#5303);
#5305=CARTESIAN_POINT('',(51.855740404,118.129587024,38.754127045));
#5306=DIRECTION('',(0.,1.,-0.));
#5307=VECTOR('',#5306,0.1);
#5308=LINE('',#5305,#5307);
#5309=EDGE_CURVE('',#1539,#5304,#5308,.T.);
#5310=ORIENTED_EDGE('',*,*,#5309,.T.);
#5311=CARTESIAN_POINT('',(51.855740404,118.229587024,38.754127045));
#5312=DIRECTION('',(-0.920947311,0.,0.389687118));
#5313=VECTOR('',#5312,1.410898366);
#5314=LINE('',#5311,#5313);
#5315=EDGE_CURVE('',#5304,#5279,#5314,.T.);
#5316=ORIENTED_EDGE('',*,*,#5315,.T.);
#5317=ORIENTED_EDGE('',*,*,#5284,.F.);
#5318=ORIENTED_EDGE('',*,*,#1553,.F.);
#5319=EDGE_LOOP('',(#5310,#5316,#5317,#5318));
#5320=FACE_BOUND('',#5319,.T.);
#5321=ADVANCED_FACE('',(#5320),#5302,.T.);
#5322=CARTESIAN_POINT('',(52.155103462,118.129587024,38.631935963));
#5323=CARTESIAN_POINT('',(52.053192634,118.129587024,38.671069721));
#5324=CARTESIAN_POINT('',(51.855740404,118.129587024,38.754127045));
#5325=B_SPLINE_CURVE_WITH_KNOTS('',2,(#5322,#5323,#5324),.UNSPECIFIED.,.F.,.F.,(3,3),(0.,1.),.UNSPECIFIED.);
#5326=DIRECTION('',(-0.,-1.,0.));
#5327=VECTOR('',#5326,1.);
#5328=SURFACE_OF_LINEAR_EXTRUSION('',#5325,#5327);
#5329=CARTESIAN_POINT('',(52.155103108,118.229587024,38.631936099));
#5330=VERTEX_POINT('',#5329);
#5331=CARTESIAN_POINT('',(52.155103285,118.129587024,38.631936031));
#5332=DIRECTION('',(0.,1.,-0.));
#5333=VECTOR('',#5332,0.1);
#5334=LINE('',#5331,#5333);
#5335=EDGE_CURVE('',#1530,#5330,#5334,.T.);
#5336=ORIENTED_EDGE('',*,*,#5335,.T.);
#5337=CARTESIAN_POINT('',(52.155103462,118.229587024,38.631935963));
#5338=CARTESIAN_POINT('',(52.08716291,118.229587024,38.658025135));
#5339=CARTESIAN_POINT('',(51.987375224,118.229587024,38.698755496));
#5340=CARTESIAN_POINT('',(51.855740404,118.229587024,38.754127045));
#5341=B_SPLINE_CURVE_WITH_KNOTS('',3,(#5337,#5338,#5339,#5340),.UNSPECIFIED.,.F.,.F.,(4,4),(0.,1.),.UNSPECIFIED.);
#5342=EDGE_CURVE('',#5330,#5304,#5341,.T.);
#5343=ORIENTED_EDGE('',*,*,#5342,.T.);
#5344=ORIENTED_EDGE('',*,*,#5309,.F.);
#5345=ORIENTED_EDGE('',*,*,#1545,.F.);
#5346=EDGE_LOOP('',(#5336,#5343,#5344,#5345));
#5347=FACE_BOUND('',#5346,.T.);
#5348=ADVANCED_FACE('',(#5347),#5328,.T.);
#5349=CARTESIAN_POINT('',(51.878670341,118.129587024,38.524318128));
#5350=CARTESIAN_POINT('',(52.063383717,118.129587024,38.598101568));
#5351=CARTESIAN_POINT('',(52.155103462,118.129587024,38.631935963));
#5352=B_SPLINE_CURVE_WITH_KNOTS('',2,(#5349,#5350,#5351),.UNSPECIFIED.,.F.,.F.,(3,3),(0.,1.),.UNSPECIFIED.);
#5353=DIRECTION('',(-0.,-1.,0.));
#5354=VECTOR('',#5353,1.);
#5355=SURFACE_OF_LINEAR_EXTRUSION('',#5352,#5354);
#5356=CARTESIAN_POINT('',(51.878670341,118.229587024,38.524318128));
#5357=VERTEX_POINT('',#5356);
#5358=CARTESIAN_POINT('',(51.878670341,118.129587024,38.524318128));
#5359=DIRECTION('',(0.,1.,-0.));
#5360=VECTOR('',#5359,0.1);
#5361=LINE('',#5358,#5360);
#5362=EDGE_CURVE('',#1522,#5357,#5361,.T.);
#5363=ORIENTED_EDGE('',*,*,#5362,.T.);
#5364=CARTESIAN_POINT('',(51.878670341,118.229587024,38.524318128));
#5365=CARTESIAN_POINT('',(52.001812591,118.229587024,38.573507088));
#5366=CARTESIAN_POINT('',(52.093956965,118.229587024,38.609379699));
#5367=CARTESIAN_POINT('',(52.155103462,118.229587024,38.631935963));
#5368=B_SPLINE_CURVE_WITH_KNOTS('',3,(#5364,#5365,#5366,#5367),.UNSPECIFIED.,.F.,.F.,(4,4),(0.,1.),.UNSPECIFIED.);
#5369=EDGE_CURVE('',#5357,#5330,#5368,.T.);
#5370=ORIENTED_EDGE('',*,*,#5369,.T.);
#5371=ORIENTED_EDGE('',*,*,#5335,.F.);
#5372=ORIENTED_EDGE('',*,*,#1536,.F.);
#5373=EDGE_LOOP('',(#5363,#5370,#5371,#5372));
#5374=FACE_BOUND('',#5373,.T.);
#5375=ADVANCED_FACE('',(#5374),#5355,.T.);
#5376=CARTESIAN_POINT('',(50.556377347,118.129587024,37.991120676));
#5377=CARTESIAN_POINT('',(51.878670341,118.129587024,38.524318128));
#5378=B_SPLINE_CURVE_WITH_KNOTS('',1,(#5376,#5377),.UNSPECIFIED.,.F.,.F.,(2,2),(0.,1.394951248),.UNSPECIFIED.);
#5379=DIRECTION('',(-0.,-1.,0.));
#5380=VECTOR('',#5379,1.);
#5381=SURFACE_OF_LINEAR_EXTRUSION('',#5378,#5380);
#5382=CARTESIAN_POINT('',(50.556377347,118.229587024,37.991120676));
#5383=VERTEX_POINT('',#5382);
#5384=CARTESIAN_POINT('',(50.556377347,118.129587024,37.991120676));
#5385=DIRECTION('',(0.,1.,-0.));
#5386=VECTOR('',#5385,0.1);
#5387=LINE('',#5384,#5386);
#5388=EDGE_CURVE('',#1514,#5383,#5387,.T.);
#5389=ORIENTED_EDGE('',*,*,#5388,.T.);
#5390=CARTESIAN_POINT('',(50.556377347,118.229587024,37.991120676));
#5391=DIRECTION('',(0.927437873,-0.,0.37397726));
#5392=VECTOR('',#5391,1.425748324);
#5393=LINE('',#5390,#5392);
#5394=EDGE_CURVE('',#5383,#5357,#5393,.T.);
#5395=ORIENTED_EDGE('',*,*,#5394,.T.);
#5396=ORIENTED_EDGE('',*,*,#5362,.F.);
#5397=ORIENTED_EDGE('',*,*,#1527,.F.);
#5398=EDGE_LOOP('',(#5389,#5395,#5396,#5397));
#5399=FACE_BOUND('',#5398,.T.);
#5400=ADVANCED_FACE('',(#5399),#5381,.T.);
#5401=CARTESIAN_POINT('',(50.556377347,118.129587024,37.545974179));
#5402=CARTESIAN_POINT('',(50.556377347,118.129587024,37.991120676));
#5403=B_SPLINE_CURVE_WITH_KNOTS('',1,(#5401,#5402),.UNSPECIFIED.,.F.,.F.,(2,2),(0.,0.370955414),.UNSPECIFIED.);
#5404=DIRECTION('',(-0.,-1.,0.));
#5405=VECTOR('',#5404,1.);
#5406=SURFACE_OF_LINEAR_EXTRUSION('',#5403,#5405);
#5407=CARTESIAN_POINT('',(50.556377347,118.229587024,37.545974179));
#5408=VERTEX_POINT('',#5407);
#5409=CARTESIAN_POINT('',(50.556377347,118.129587024,37.545974179));
#5410=DIRECTION('',(0.,1.,-0.));
#5411=VECTOR('',#5410,0.1);
#5412=LINE('',#5409,#5411);
#5413=EDGE_CURVE('',#1506,#5408,#5412,.T.);
#5414=ORIENTED_EDGE('',*,*,#5413,.T.);
#5415=CARTESIAN_POINT('',(50.556377347,118.229587024,37.545974179));
#5416=DIRECTION('',(0.,0.,1.));
#5417=VECTOR('',#5416,0.445146497);
#5418=LINE('',#5415,#5417);
#5419=EDGE_CURVE('',#5408,#5383,#5418,.T.);
#5420=ORIENTED_EDGE('',*,*,#5419,.T.);
#5421=ORIENTED_EDGE('',*,*,#5388,.F.);
#5422=ORIENTED_EDGE('',*,*,#1519,.F.);
#5423=EDGE_LOOP('',(#5414,#5420,#5421,#5422));
#5424=FACE_BOUND('',#5423,.T.);
#5425=ADVANCED_FACE('',(#5424),#5406,.T.);
#5426=CARTESIAN_POINT('',(52.426101339,118.129587024,37.545974179));
#5427=CARTESIAN_POINT('',(50.556377347,118.129587024,37.545974179));
#5428=B_SPLINE_CURVE_WITH_KNOTS('',1,(#5426,#5427),.UNSPECIFIED.,.F.,.F.,(2,2),(0.,1.869723992),.UNSPECIFIED.);
#5429=DIRECTION('',(-0.,-1.,0.));
#5430=VECTOR('',#5429,1.);
#5431=SURFACE_OF_LINEAR_EXTRUSION('',#5428,#5430);
#5432=ORIENTED_EDGE('',*,*,#5091,.T.);
#5433=CARTESIAN_POINT('',(52.426101339,118.229587024,37.545974179));
#5434=DIRECTION('',(-1.,0.,0.));
#5435=VECTOR('',#5434,1.869723992);
#5436=LINE('',#5433,#5435);
#5437=EDGE_CURVE('',#5080,#5408,#5436,.T.);
#5438=ORIENTED_EDGE('',*,*,#5437,.T.);
#5439=ORIENTED_EDGE('',*,*,#5413,.F.);
#5440=ORIENTED_EDGE('',*,*,#1511,.F.);
#5441=EDGE_LOOP('',(#5432,#5438,#5439,#5440));
#5442=FACE_BOUND('',#5441,.T.);
#5443=ADVANCED_FACE('',(#5442),#5431,.T.);
#5444=CARTESIAN_POINT('',(51.697778621,118.129587024,41.870254434));
#5445=CARTESIAN_POINT('',(51.697778621,118.129587024,41.218025135));
#5446=B_SPLINE_CURVE_WITH_KNOTS('',1,(#5444,#5445),.UNSPECIFIED.,.F.,.F.,(2,2),(0.,0.543524416),.UNSPECIFIED.);
#5447=DIRECTION('',(-0.,-1.,0.));
#5448=VECTOR('',#5447,1.);
#5449=SURFACE_OF_LINEAR_EXTRUSION('',#5446,#5448);
#5450=CARTESIAN_POINT('',(51.697778621,118.229587024,41.870254434));
#5451=VERTEX_POINT('',#5450);
#5452=CARTESIAN_POINT('',(51.697778621,118.129587024,41.870254434));
#5453=DIRECTION('',(0.,1.,-0.));
#5454=VECTOR('',#5453,0.1);
#5455=LINE('',#5452,#5454);
#5456=EDGE_CURVE('',#1620,#5451,#5455,.T.);
#5457=ORIENTED_EDGE('',*,*,#5456,.T.);
#5458=CARTESIAN_POINT('',(51.697778621,118.229587024,41.218025135));
#5459=VERTEX_POINT('',#5458);
#5460=CARTESIAN_POINT('',(51.697778621,118.229587024,41.870254434));
#5461=DIRECTION('',(-0.,-0.,-1.));
#5462=VECTOR('',#5461,0.652229299);
#5463=LINE('',#5460,#5462);
#5464=EDGE_CURVE('',#5451,#5459,#5463,.T.);
#5465=ORIENTED_EDGE('',*,*,#5464,.T.);
#5466=CARTESIAN_POINT('',(51.697778621,118.129587024,41.218025135));
#5467=DIRECTION('',(0.,1.,-0.));
#5468=VECTOR('',#5467,0.1);
#5469=LINE('',#5466,#5468);
#5470=EDGE_CURVE('',#1622,#5459,#5469,.T.);
#5471=ORIENTED_EDGE('',*,*,#5470,.F.);
#5472=ORIENTED_EDGE('',*,*,#1627,.F.);
#5473=EDGE_LOOP('',(#5457,#5465,#5471,#5472));
#5474=FACE_BOUND('',#5473,.T.);
#5475=ADVANCED_FACE('',(#5474),#5449,.T.);
#5476=CARTESIAN_POINT('',(52.043426179,118.129587024,41.870254434));
#5477=CARTESIAN_POINT('',(51.697778621,118.129587024,41.870254434));
#5478=B_SPLINE_CURVE_WITH_KNOTS('',1,(#5476,#5477),.UNSPECIFIED.,.F.,.F.,(2,2),(0.,0.345647558),.UNSPECIFIED.);
#5479=DIRECTION('',(-0.,-1.,0.));
#5480=VECTOR('',#5479,1.);
#5481=SURFACE_OF_LINEAR_EXTRUSION('',#5478,#5480);
#5482=CARTESIAN_POINT('',(52.043426179,118.229587024,41.870254434));
#5483=VERTEX_POINT('',#5482);
#5484=CARTESIAN_POINT('',(52.043426179,118.129587024,41.870254434));
#5485=DIRECTION('',(0.,1.,-0.));
#5486=VECTOR('',#5485,0.1);
#5487=LINE('',#5484,#5486);
#5488=EDGE_CURVE('',#1860,#5483,#5487,.T.);
#5489=ORIENTED_EDGE('',*,*,#5488,.T.);
#5490=CARTESIAN_POINT('',(52.043426179,118.229587024,41.870254434));
#5491=DIRECTION('',(-1.,0.,0.));
#5492=VECTOR('',#5491,0.345647558);
#5493=LINE('',#5490,#5492);
#5494=EDGE_CURVE('',#5483,#5451,#5493,.T.);
#5495=ORIENTED_EDGE('',*,*,#5494,.T.);
#5496=ORIENTED_EDGE('',*,*,#5456,.F.);
#5497=ORIENTED_EDGE('',*,*,#1872,.F.);
#5498=EDGE_LOOP('',(#5489,#5495,#5496,#5497));
#5499=FACE_BOUND('',#5498,.T.);
#5500=ADVANCED_FACE('',(#5499),#5481,.T.);
#5501=CARTESIAN_POINT('',(52.174466519,118.129587024,41.593770358));
#5502=CARTESIAN_POINT('',(52.113065245,118.129587024,41.776088829));
#5503=CARTESIAN_POINT('',(52.043426179,118.129587024,41.870254434));
#5504=B_SPLINE_CURVE_WITH_KNOTS('',2,(#5501,#5502,#5503),.UNSPECIFIED.,.F.,.F.,(3,3),(0.,1.),.UNSPECIFIED.);
#5505=DIRECTION('',(-0.,-1.,0.));
#5506=VECTOR('',#5505,1.);
#5507=SURFACE_OF_LINEAR_EXTRUSION('',#5504,#5506);
#5508=CARTESIAN_POINT('',(52.174466519,118.229587024,41.593770358));
#5509=VERTEX_POINT('',#5508);
#5510=CARTESIAN_POINT('',(52.174466519,118.129587024,41.593770358));
#5511=DIRECTION('',(0.,1.,-0.));
#5512=VECTOR('',#5511,0.1);
#5513=LINE('',#5510,#5512);
#5514=EDGE_CURVE('',#1851,#5509,#5513,.T.);
#5515=ORIENTED_EDGE('',*,*,#5514,.T.);
#5516=CARTESIAN_POINT('',(52.174466519,118.229587024,41.593770358));
#5517=CARTESIAN_POINT('',(52.133532337,118.229587024,41.715316005));
#5518=CARTESIAN_POINT('',(52.089852223,118.229587024,41.807477364));
#5519=CARTESIAN_POINT('',(52.043426179,118.229587024,41.870254434));
#5520=B_SPLINE_CURVE_WITH_KNOTS('',3,(#5516,#5517,#5518,#5519),.UNSPECIFIED.,.F.,.F.,(4,4),(0.,1.),.UNSPECIFIED.);
#5521=EDGE_CURVE('',#5509,#5483,#5520,.T.);
#5522=ORIENTED_EDGE('',*,*,#5521,.T.);
#5523=ORIENTED_EDGE('',*,*,#5488,.F.);
#5524=ORIENTED_EDGE('',*,*,#1866,.F.);
#5525=EDGE_LOOP('',(#5515,#5522,#5523,#5524));
#5526=FACE_BOUND('',#5525,.T.);
#5527=ADVANCED_FACE('',(#5526),#5507,.T.);
#5528=CARTESIAN_POINT('',(52.235867793,118.129587024,41.220063351));
#5529=CARTESIAN_POINT('',(52.235867793,118.129587024,41.411451886));
#5530=CARTESIAN_POINT('',(52.174466519,118.129587024,41.593770358));
#5531=B_SPLINE_CURVE_WITH_KNOTS('',2,(#5528,#5529,#5530),.UNSPECIFIED.,.F.,.F.,(3,3),(0.,1.),.UNSPECIFIED.);
#5532=DIRECTION('',(-0.,-1.,0.));
#5533=VECTOR('',#5532,1.);
#5534=SURFACE_OF_LINEAR_EXTRUSION('',#5531,#5533);
#5535=CARTESIAN_POINT('',(52.235867793,118.229587024,41.220063351));
#5536=VERTEX_POINT('',#5535);
#5537=CARTESIAN_POINT('',(52.235867793,118.129587024,41.220063351));
#5538=DIRECTION('',(0.,1.,-0.));
#5539=VECTOR('',#5538,0.1);
#5540=LINE('',#5537,#5539);
#5541=EDGE_CURVE('',#1842,#5536,#5540,.T.);
#5542=ORIENTED_EDGE('',*,*,#5541,.T.);
#5543=CARTESIAN_POINT('',(52.235867793,118.229587024,41.220063351));
#5544=CARTESIAN_POINT('',(52.235867793,118.229587024,41.347655708));
#5545=CARTESIAN_POINT('',(52.215400702,118.229587024,41.47222471));
#5546=CARTESIAN_POINT('',(52.174466519,118.229587024,41.593770358));
#5547=B_SPLINE_CURVE_WITH_KNOTS('',3,(#5543,#5544,#5545,#5546),.UNSPECIFIED.,.F.,.F.,(4,4),(0.,1.),.UNSPECIFIED.);
#5548=EDGE_CURVE('',#5536,#5509,#5547,.T.);
#5549=ORIENTED_EDGE('',*,*,#5548,.T.);
#5550=ORIENTED_EDGE('',*,*,#5514,.F.);
#5551=ORIENTED_EDGE('',*,*,#1857,.F.);
#5552=EDGE_LOOP('',(#5542,#5549,#5550,#5551));
#5553=FACE_BOUND('',#5552,.T.);
#5554=ADVANCED_FACE('',(#5553),#5534,.T.);
#5555=CARTESIAN_POINT('',(52.154169279,118.129587024,40.803757619));
#5556=CARTESIAN_POINT('',(52.235867793,118.129587024,40.999732141));
#5557=CARTESIAN_POINT('',(52.235867793,118.129587024,41.220063351));
#5558=B_SPLINE_CURVE_WITH_KNOTS('',2,(#5555,#5556,#5557),.UNSPECIFIED.,.F.,.F.,(3,3),(0.,1.),.UNSPECIFIED.);
#5559=DIRECTION('',(-0.,-1.,0.));
#5560=VECTOR('',#5559,1.);
#5561=SURFACE_OF_LINEAR_EXTRUSION('',#5558,#5560);
#5562=CARTESIAN_POINT('',(52.154169279,118.229587024,40.803757619));
#5563=VERTEX_POINT('',#5562);
#5564=CARTESIAN_POINT('',(52.154169279,118.129587024,40.803757619));
#5565=DIRECTION('',(0.,1.,-0.));
#5566=VECTOR('',#5565,0.1);
#5567=LINE('',#5564,#5566);
#5568=EDGE_CURVE('',#1833,#5563,#5567,.T.);
#5569=ORIENTED_EDGE('',*,*,#5568,.T.);
#5570=CARTESIAN_POINT('',(52.154169279,118.229587024,40.803757619));
#5571=CARTESIAN_POINT('',(52.208634955,118.229587024,40.9344073));
#5572=CARTESIAN_POINT('',(52.235867793,118.229587024,41.073175878));
#5573=CARTESIAN_POINT('',(52.235867793,118.229587024,41.220063351));
#5574=B_SPLINE_CURVE_WITH_KNOTS('',3,(#5570,#5571,#5572,#5573),.UNSPECIFIED.,.F.,.F.,(4,4),(0.,1.),.UNSPECIFIED.);
#5575=EDGE_CURVE('',#5563,#5536,#5574,.T.);
#5576=ORIENTED_EDGE('',*,*,#5575,.T.);
#5577=ORIENTED_EDGE('',*,*,#5541,.F.);
#5578=ORIENTED_EDGE('',*,*,#1848,.F.);
#5579=EDGE_LOOP('',(#5569,#5576,#5577,#5578));
#5580=FACE_BOUND('',#5579,.T.);
#5581=ADVANCED_FACE('',(#5580),#5561,.T.);
#5582=CARTESIAN_POINT('',(51.903978196,118.129587024,40.505260803));
#5583=CARTESIAN_POINT('',(52.072470765,118.129587024,40.607783096));
#5584=CARTESIAN_POINT('',(52.154169279,118.129587024,40.803757619));
#5585=B_SPLINE_CURVE_WITH_KNOTS('',2,(#5582,#5583,#5584),.UNSPECIFIED.,.F.,.F.,(3,3),(0.,1.),.UNSPECIFIED.);
#5586=DIRECTION('',(-0.,-1.,0.));
#5587=VECTOR('',#5586,1.);
#5588=SURFACE_OF_LINEAR_EXTRUSION('',#5585,#5587);
#5589=CARTESIAN_POINT('',(51.903978196,118.229587024,40.505260803));
#5590=VERTEX_POINT('',#5589);
#5591=CARTESIAN_POINT('',(51.903978196,118.129587024,40.505260803));
#5592=DIRECTION('',(0.,1.,-0.));
#5593=VECTOR('',#5592,0.1);
#5594=LINE('',#5591,#5593);
#5595=EDGE_CURVE('',#1824,#5590,#5594,.T.);
#5596=ORIENTED_EDGE('',*,*,#5595,.T.);
#5597=CARTESIAN_POINT('',(51.903978196,118.229587024,40.505260803));
#5598=CARTESIAN_POINT('',(52.016306576,118.229587024,40.573608999));
#5599=CARTESIAN_POINT('',(52.099703603,118.229587024,40.673107937));
#5600=CARTESIAN_POINT('',(52.154169279,118.229587024,40.803757619));
#5601=B_SPLINE_CURVE_WITH_KNOTS('',3,(#5597,#5598,#5599,#5600),.UNSPECIFIED.,.F.,.F.,(4,4),(0.,1.),.UNSPECIFIED.);
#5602=EDGE_CURVE('',#5590,#5563,#5601,.T.);
#5603=ORIENTED_EDGE('',*,*,#5602,.T.);
#5604=ORIENTED_EDGE('',*,*,#5568,.F.);
#5605=ORIENTED_EDGE('',*,*,#1839,.F.);
#5606=EDGE_LOOP('',(#5596,#5603,#5604,#5605));
#5607=FACE_BOUND('',#5606,.T.);
#5608=ADVANCED_FACE('',(#5607),#5588,.T.);
#5609=CARTESIAN_POINT('',(51.485124693,118.129587024,40.40273851));
#5610=CARTESIAN_POINT('',(51.735400702,118.129587024,40.40273851));
#5611=CARTESIAN_POINT('',(51.903978196,118.129587024,40.505260803));
#5612=B_SPLINE_CURVE_WITH_KNOTS('',2,(#5609,#5610,#5611),.UNSPECIFIED.,.F.,.F.,(3,3),(0.,1.),.UNSPECIFIED.);
#5613=DIRECTION('',(-0.,-1.,0.));
#5614=VECTOR('',#5613,1.);
#5615=SURFACE_OF_LINEAR_EXTRUSION('',#5612,#5614);
#5616=CARTESIAN_POINT('',(51.485124693,118.229587024,40.40273851));
#5617=VERTEX_POINT('',#5616);
#5618=CARTESIAN_POINT('',(51.485124693,118.129587024,40.40273851));
#5619=DIRECTION('',(0.,1.,-0.));
#5620=VECTOR('',#5619,0.1);
#5621=LINE('',#5618,#5620);
#5622=EDGE_CURVE('',#1815,#5617,#5621,.T.);
#5623=ORIENTED_EDGE('',*,*,#5622,.T.);
#5624=CARTESIAN_POINT('',(51.485124693,118.229587024,40.40273851));
#5625=CARTESIAN_POINT('',(51.651975366,118.229587024,40.40273851));
#5626=CARTESIAN_POINT('',(51.7915932,118.229587024,40.436912608));
#5627=CARTESIAN_POINT('',(51.903978196,118.229587024,40.505260803));
#5628=B_SPLINE_CURVE_WITH_KNOTS('',3,(#5624,#5625,#5626,#5627),.UNSPECIFIED.,.F.,.F.,(4,4),(0.,1.),.UNSPECIFIED.);
#5629=EDGE_CURVE('',#5617,#5590,#5628,.T.);
#5630=ORIENTED_EDGE('',*,*,#5629,.T.);
#5631=ORIENTED_EDGE('',*,*,#5595,.F.);
#5632=ORIENTED_EDGE('',*,*,#1830,.F.);
#5633=EDGE_LOOP('',(#5623,#5630,#5631,#5632));
#5634=FACE_BOUND('',#5633,.T.);
#5635=ADVANCED_FACE('',(#5634),#5615,.T.);
#5636=CARTESIAN_POINT('',(51.108564184,118.129587024,40.487834052));
#5637=CARTESIAN_POINT('',(51.282152294,118.129587024,40.40273851));
#5638=CARTESIAN_POINT('',(51.485124693,118.129587024,40.40273851));
#5639=B_SPLINE_CURVE_WITH_KNOTS('',2,(#5636,#5637,#5638),.UNSPECIFIED.,.F.,.F.,(3,3),(0.,1.),.UNSPECIFIED.);
#5640=DIRECTION('',(-0.,-1.,0.));
#5641=VECTOR('',#5640,1.);
#5642=SURFACE_OF_LINEAR_EXTRUSION('',#5639,#5641);
#5643=CARTESIAN_POINT('',(51.108564184,118.229587024,40.487834052));
#5644=VERTEX_POINT('',#5643);
#5645=CARTESIAN_POINT('',(51.108564184,118.129587024,40.487834052));
#5646=DIRECTION('',(0.,1.,-0.));
#5647=VECTOR('',#5646,0.1);
#5648=LINE('',#5645,#5647);
#5649=EDGE_CURVE('',#1806,#5644,#5648,.T.);
#5650=ORIENTED_EDGE('',*,*,#5649,.T.);
#5651=CARTESIAN_POINT('',(51.108564184,118.229587024,40.487834052));
#5652=CARTESIAN_POINT('',(51.224289591,118.229587024,40.431103691));
#5653=CARTESIAN_POINT('',(51.34980976,118.229587024,40.40273851));
#5654=CARTESIAN_POINT('',(51.485124693,118.229587024,40.40273851));
#5655=B_SPLINE_CURVE_WITH_KNOTS('',3,(#5651,#5652,#5653,#5654),.UNSPECIFIED.,.F.,.F.,(4,4),(0.,1.),.UNSPECIFIED.);
#5656=EDGE_CURVE('',#5644,#5617,#5655,.T.);
#5657=ORIENTED_EDGE('',*,*,#5656,.T.);
#5658=ORIENTED_EDGE('',*,*,#5622,.F.);
#5659=ORIENTED_EDGE('',*,*,#1821,.F.);
#5660=EDGE_LOOP('',(#5650,#5657,#5658,#5659));
#5661=FACE_BOUND('',#5660,.T.);
#5662=ADVANCED_FACE('',(#5661),#5642,.T.);
#5663=CARTESIAN_POINT('',(50.923426179,118.129587024,40.628369084));
#5664=CARTESIAN_POINT('',(51.007672464,118.129587024,40.537974179));
#5665=CARTESIAN_POINT('',(51.108564184,118.129587024,40.487834052));
#5666=B_SPLINE_CURVE_WITH_KNOTS('',2,(#5663,#5664,#5665),.UNSPECIFIED.,.F.,.F.,(3,3),(0.,1.),.UNSPECIFIED.);
#5667=DIRECTION('',(-0.,-1.,0.));
#5668=VECTOR('',#5667,1.);
#5669=SURFACE_OF_LINEAR_EXTRUSION('',#5666,#5668);
#5670=CARTESIAN_POINT('',(50.923426179,118.229587024,40.628369084));
#5671=VERTEX_POINT('',#5670);
#5672=CARTESIAN_POINT('',(50.923426179,118.129587024,40.628369084));
#5673=DIRECTION('',(0.,1.,-0.));
#5674=VECTOR('',#5673,0.1);
#5675=LINE('',#5672,#5674);
#5676=EDGE_CURVE('',#1797,#5671,#5675,.T.);
#5677=ORIENTED_EDGE('',*,*,#5676,.T.);
#5678=CARTESIAN_POINT('',(50.923426179,118.229587024,40.628369084));
#5679=CARTESIAN_POINT('',(50.979590369,118.229587024,40.568105814));
#5680=CARTESIAN_POINT('',(51.041303037,118.229587024,40.521260803));
#5681=CARTESIAN_POINT('',(51.108564184,118.229587024,40.487834052));
#5682=B_SPLINE_CURVE_WITH_KNOTS('',3,(#5678,#5679,#5680,#5681),.UNSPECIFIED.,.F.,.F.,(4,4),(0.,1.),.UNSPECIFIED.);
#5683=EDGE_CURVE('',#5671,#5644,#5682,.T.);
#5684=ORIENTED_EDGE('',*,*,#5683,.T.);
#5685=ORIENTED_EDGE('',*,*,#5649,.F.);
#5686=ORIENTED_EDGE('',*,*,#1812,.F.);
#5687=EDGE_LOOP('',(#5677,#5684,#5685,#5686));
#5688=FACE_BOUND('',#5687,.T.);
#5689=ADVANCED_FACE('',(#5688),#5669,.T.);
#5690=CARTESIAN_POINT('',(50.78746015,118.129587024,40.866127045));
#5691=CARTESIAN_POINT('',(50.839179895,118.129587024,40.718763988));
#5692=CARTESIAN_POINT('',(50.923426179,118.129587024,40.628369084));
#5693=B_SPLINE_CURVE_WITH_KNOTS('',2,(#5690,#5691,#5692),.UNSPECIFIED.,.F.,.F.,(3,3),(0.,1.),.UNSPECIFIED.);
#5694=DIRECTION('',(-0.,-1.,0.));
#5695=VECTOR('',#5694,1.);
#5696=SURFACE_OF_LINEAR_EXTRUSION('',#5693,#5695);
#5697=CARTESIAN_POINT('',(50.78746015,118.229587024,40.866127045));
#5698=VERTEX_POINT('',#5697);
#5699=CARTESIAN_POINT('',(50.78746015,118.129587024,40.866127045));
#5700=DIRECTION('',(0.,1.,-0.));
#5701=VECTOR('',#5700,0.1);
#5702=LINE('',#5699,#5701);
#5703=EDGE_CURVE('',#1788,#5698,#5702,.T.);
#5704=ORIENTED_EDGE('',*,*,#5703,.T.);
#5705=CARTESIAN_POINT('',(50.78746015,118.229587024,40.866127045));
#5706=CARTESIAN_POINT('',(50.82193998,118.229587024,40.767885007));
#5707=CARTESIAN_POINT('',(50.86726199,118.229587024,40.688632353));
#5708=CARTESIAN_POINT('',(50.923426179,118.229587024,40.628369084));
#5709=B_SPLINE_CURVE_WITH_KNOTS('',3,(#5705,#5706,#5707,#5708),.UNSPECIFIED.,.F.,.F.,(4,4),(0.,1.),.UNSPECIFIED.);
#5710=EDGE_CURVE('',#5698,#5671,#5709,.T.);
#5711=ORIENTED_EDGE('',*,*,#5710,.T.);
#5712=ORIENTED_EDGE('',*,*,#5676,.F.);
#5713=ORIENTED_EDGE('',*,*,#1803,.F.);
#5714=EDGE_LOOP('',(#5704,#5711,#5712,#5713));
#5715=FACE_BOUND('',#5714,.T.);
#5716=ADVANCED_FACE('',(#5715),#5696,.T.);
#5717=CARTESIAN_POINT('',(50.735740404,118.129587024,41.215477364));
#5718=CARTESIAN_POINT('',(50.735740404,118.129587024,41.013490103));
#5719=CARTESIAN_POINT('',(50.78746015,118.129587024,40.866127045));
#5720=B_SPLINE_CURVE_WITH_KNOTS('',2,(#5717,#5718,#5719),.UNSPECIFIED.,.F.,.F.,(3,3),(0.,1.),.UNSPECIFIED.);
#5721=DIRECTION('',(-0.,-1.,0.));
#5722=VECTOR('',#5721,1.);
#5723=SURFACE_OF_LINEAR_EXTRUSION('',#5720,#5722);
#5724=CARTESIAN_POINT('',(50.735740404,118.229587024,41.215477364));
#5725=VERTEX_POINT('',#5724);
#5726=CARTESIAN_POINT('',(50.735740404,118.129587024,41.215477364));
#5727=DIRECTION('',(0.,1.,-0.));
#5728=VECTOR('',#5727,0.1);
#5729=LINE('',#5726,#5728);
#5730=EDGE_CURVE('',#1779,#5725,#5729,.T.);
#5731=ORIENTED_EDGE('',*,*,#5730,.T.);
#5732=CARTESIAN_POINT('',(50.735740404,118.229587024,41.215477364));
#5733=CARTESIAN_POINT('',(50.735740404,118.229587024,41.08081919));
#5734=CARTESIAN_POINT('',(50.75298032,118.229587024,40.964369084));
#5735=CARTESIAN_POINT('',(50.78746015,118.229587024,40.866127045));
#5736=B_SPLINE_CURVE_WITH_KNOTS('',3,(#5732,#5733,#5734,#5735),.UNSPECIFIED.,.F.,.F.,(4,4),(0.,1.),.UNSPECIFIED.);
#5737=EDGE_CURVE('',#5725,#5698,#5736,.T.);
#5738=ORIENTED_EDGE('',*,*,#5737,.T.);
#5739=ORIENTED_EDGE('',*,*,#5703,.F.);
#5740=ORIENTED_EDGE('',*,*,#1794,.F.);
#5741=EDGE_LOOP('',(#5731,#5738,#5739,#5740));
#5742=FACE_BOUND('',#5741,.T.);
#5743=ADVANCED_FACE('',(#5742),#5723,.T.);
#5744=CARTESIAN_POINT('',(50.78508223,118.129587024,41.522330867));
#5745=CARTESIAN_POINT('',(50.735740404,118.129587024,41.384139784));
#5746=CARTESIAN_POINT('',(50.735740404,118.129587024,41.215477364));
#5747=B_SPLINE_CURVE_WITH_KNOTS('',2,(#5744,#5745,#5746),.UNSPECIFIED.,.F.,.F.,(3,3),(0.,1.),.UNSPECIFIED.);
#5748=DIRECTION('',(-0.,-1.,0.));
#5749=VECTOR('',#5748,1.);
#5750=SURFACE_OF_LINEAR_EXTRUSION('',#5747,#5749);
#5751=CARTESIAN_POINT('',(50.78508223,118.229587024,41.522330867));
#5752=VERTEX_POINT('',#5751);
#5753=CARTESIAN_POINT('',(50.78508223,118.129587024,41.522330866));
#5754=DIRECTION('',(0.,1.,-0.));
#5755=VECTOR('',#5754,0.1);
#5756=LINE('',#5753,#5755);
#5757=EDGE_CURVE('',#1770,#5752,#5756,.T.);
#5758=ORIENTED_EDGE('',*,*,#5757,.T.);
#5759=CARTESIAN_POINT('',(50.78508223,118.229587024,41.522330867));
#5760=CARTESIAN_POINT('',(50.75218768,118.229587024,41.430203479));
#5761=CARTESIAN_POINT('',(50.735740404,118.229587024,41.327918978));
#5762=CARTESIAN_POINT('',(50.735740404,118.229587024,41.215477364));
#5763=B_SPLINE_CURVE_WITH_KNOTS('',3,(#5759,#5760,#5761,#5762),.UNSPECIFIED.,.F.,.F.,(4,4),(0.,1.),.UNSPECIFIED.);
#5764=EDGE_CURVE('',#5752,#5725,#5763,.T.);
#5765=ORIENTED_EDGE('',*,*,#5764,.T.);
#5766=ORIENTED_EDGE('',*,*,#5730,.F.);
#5767=ORIENTED_EDGE('',*,*,#1785,.F.);
#5768=EDGE_LOOP('',(#5758,#5765,#5766,#5767));
#5769=FACE_BOUND('',#5768,.T.);
#5770=ADVANCED_FACE('',(#5769),#5750,.T.);
#5771=CARTESIAN_POINT('',(50.916462273,118.129587024,41.735018765));
#5772=CARTESIAN_POINT('',(50.834424056,118.129587024,41.660623861));
#5773=CARTESIAN_POINT('',(50.78508223,118.129587024,41.522330867));
#5774=B_SPLINE_CURVE_WITH_KNOTS('',2,(#5771,#5772,#5773),.UNSPECIFIED.,.F.,.F.,(3,3),(0.,1.),.UNSPECIFIED.);
#5775=DIRECTION('',(-0.,-1.,0.));
#5776=VECTOR('',#5775,1.);
#5777=SURFACE_OF_LINEAR_EXTRUSION('',#5774,#5776);
#5778=CARTESIAN_POINT('',(50.916462273,118.229587024,41.735018765));
#5779=VERTEX_POINT('',#5778);
#5780=CARTESIAN_POINT('',(50.916462273,118.129587024,41.735018765));
#5781=DIRECTION('',(0.,1.,-0.));
#5782=VECTOR('',#5781,0.1);
#5783=LINE('',#5780,#5782);
#5784=EDGE_CURVE('',#1761,#5779,#5783,.T.);
#5785=ORIENTED_EDGE('',*,*,#5784,.T.);
#5786=CARTESIAN_POINT('',(50.916462273,118.229587024,41.735018765));
#5787=CARTESIAN_POINT('',(50.861770128,118.229587024,41.685422162));
#5788=CARTESIAN_POINT('',(50.817976781,118.229587024,41.614526196));
#5789=CARTESIAN_POINT('',(50.78508223,118.229587024,41.522330867));
#5790=B_SPLINE_CURVE_WITH_KNOTS('',3,(#5786,#5787,#5788,#5789),.UNSPECIFIED.,.F.,.F.,(4,4),(0.,1.),.UNSPECIFIED.);
#5791=EDGE_CURVE('',#5779,#5752,#5790,.T.);
#5792=ORIENTED_EDGE('',*,*,#5791,.T.);
#5793=ORIENTED_EDGE('',*,*,#5757,.F.);
#5794=ORIENTED_EDGE('',*,*,#1776,.F.);
#5795=EDGE_LOOP('',(#5785,#5792,#5793,#5794));
#5796=FACE_BOUND('',#5795,.T.);
#5797=ADVANCED_FACE('',(#5796),#5777,.T.);
#5798=CARTESIAN_POINT('',(51.141515351,118.129587024,41.859655708));
#5799=CARTESIAN_POINT('',(50.998415564,118.129587024,41.80951558));
#5800=CARTESIAN_POINT('',(50.916462273,118.129587024,41.735018765));
#5801=B_SPLINE_CURVE_WITH_KNOTS('',2,(#5798,#5799,#5800),.UNSPECIFIED.,.F.,.F.,(3,3),(0.,1.),.UNSPECIFIED.);
#5802=DIRECTION('',(-0.,-1.,0.));
#5803=VECTOR('',#5802,1.);
#5804=SURFACE_OF_LINEAR_EXTRUSION('',#5801,#5803);
#5805=CARTESIAN_POINT('',(51.141515351,118.229587024,41.859655708));
#5806=VERTEX_POINT('',#5805);
#5807=CARTESIAN_POINT('',(51.141515351,118.129587024,41.859655708));
#5808=DIRECTION('',(0.,1.,-0.));
#5809=VECTOR('',#5808,0.1);
#5810=LINE('',#5807,#5809);
#5811=EDGE_CURVE('',#1753,#5806,#5810,.T.);
#5812=ORIENTED_EDGE('',*,*,#5811,.T.);
#5813=CARTESIAN_POINT('',(51.141515351,118.229587024,41.859655708));
#5814=CARTESIAN_POINT('',(51.046115493,118.229587024,41.826228956));
#5815=CARTESIAN_POINT('',(50.9710978,118.229587024,41.784683309));
#5816=CARTESIAN_POINT('',(50.916462273,118.229587024,41.735018765));
#5817=B_SPLINE_CURVE_WITH_KNOTS('',3,(#5813,#5814,#5815,#5816),.UNSPECIFIED.,.F.,.F.,(4,4),(0.,1.),.UNSPECIFIED.);
#5818=EDGE_CURVE('',#5806,#5779,#5817,.T.);
#5819=ORIENTED_EDGE('',*,*,#5818,.T.);
#5820=ORIENTED_EDGE('',*,*,#5784,.F.);
#5821=ORIENTED_EDGE('',*,*,#1767,.F.);
#5822=EDGE_LOOP('',(#5812,#5819,#5820,#5821));
#5823=FACE_BOUND('',#5822,.T.);
#5824=ADVANCED_FACE('',(#5823),#5804,.T.);
#5825=CARTESIAN_POINT('',(51.080368855,118.129587024,42.129821313));
#5826=CARTESIAN_POINT('',(51.141515351,118.129587024,41.859655708));
#5827=B_SPLINE_CURVE_WITH_KNOTS('',1,(#5825,#5826),.UNSPECIFIED.,.F.,.F.,(2,2),(0.,0.233293838),.UNSPECIFIED.);
#5828=DIRECTION('',(-0.,-1.,0.));
#5829=VECTOR('',#5828,1.);
#5830=SURFACE_OF_LINEAR_EXTRUSION('',#5827,#5829);
#5831=CARTESIAN_POINT('',(51.080368855,118.229587024,42.129821313));
#5832=VERTEX_POINT('',#5831);
#5833=CARTESIAN_POINT('',(51.080368855,118.129587024,42.129821313));
#5834=DIRECTION('',(0.,1.,-0.));
#5835=VECTOR('',#5834,0.1);
#5836=LINE('',#5833,#5835);
#5837=EDGE_CURVE('',#1744,#5832,#5836,.T.);
#5838=ORIENTED_EDGE('',*,*,#5837,.T.);
#5839=CARTESIAN_POINT('',(51.080368855,118.229587024,42.129821313));
#5840=DIRECTION('',(0.220746411,-0.,-0.975331237));
#5841=VECTOR('',#5840,0.276998823);
#5842=LINE('',#5839,#5841);
#5843=EDGE_CURVE('',#5832,#5806,#5842,.T.);
#5844=ORIENTED_EDGE('',*,*,#5843,.T.);
#5845=ORIENTED_EDGE('',*,*,#5811,.F.);
#5846=ORIENTED_EDGE('',*,*,#1758,.F.);
#5847=EDGE_LOOP('',(#5838,#5844,#5845,#5846));
#5848=FACE_BOUND('',#5847,.T.);
#5849=ADVANCED_FACE('',(#5848),#5830,.T.);
#5850=CARTESIAN_POINT('',(50.773277559,118.129587024,41.960649338));
#5851=CARTESIAN_POINT('',(50.890984566,118.129587024,42.071935963));
#5852=CARTESIAN_POINT('',(51.080368855,118.129587024,42.129821313));
#5853=B_SPLINE_CURVE_WITH_KNOTS('',2,(#5850,#5851,#5852),.UNSPECIFIED.,.F.,.F.,(3,3),(0.,1.),.UNSPECIFIED.);
#5854=DIRECTION('',(-0.,-1.,0.));
#5855=VECTOR('',#5854,1.);
#5856=SURFACE_OF_LINEAR_EXTRUSION('',#5853,#5855);
#5857=CARTESIAN_POINT('',(50.773277559,118.229587024,41.960649338));
#5858=VERTEX_POINT('',#5857);
#5859=CARTESIAN_POINT('',(50.773277561,118.129587024,41.960649339));
#5860=DIRECTION('',(0.,1.,-0.));
#5861=VECTOR('',#5860,0.1);
#5862=LINE('',#5859,#5861);
#5863=EDGE_CURVE('',#1735,#5858,#5862,.T.);
#5864=ORIENTED_EDGE('',*,*,#5863,.T.);
#5865=CARTESIAN_POINT('',(50.773277559,118.229587024,41.960649338));
#5866=CARTESIAN_POINT('',(50.851748897,118.229587024,42.034840421));
#5867=CARTESIAN_POINT('',(50.954112662,118.229587024,42.091231079));
#5868=CARTESIAN_POINT('',(51.080368855,118.229587024,42.129821313));
#5869=B_SPLINE_CURVE_WITH_KNOTS('',3,(#5865,#5866,#5867,#5868),.UNSPECIFIED.,.F.,.F.,(4,4),(0.,1.),.UNSPECIFIED.);
#5870=EDGE_CURVE('',#5858,#5832,#5869,.T.);
#5871=ORIENTED_EDGE('',*,*,#5870,.T.);
#5872=ORIENTED_EDGE('',*,*,#5837,.F.);
#5873=ORIENTED_EDGE('',*,*,#1750,.F.);
#5874=EDGE_LOOP('',(#5864,#5871,#5872,#5873));
#5875=FACE_BOUND('',#5874,.T.);
#5876=ADVANCED_FACE('',(#5875),#5856,.T.);
#5877=CARTESIAN_POINT('',(50.589668218,118.129587024,41.653388192));
#5878=CARTESIAN_POINT('',(50.655570553,118.129587024,41.849362714));
#5879=CARTESIAN_POINT('',(50.773277559,118.129587024,41.960649338));
#5880=B_SPLINE_CURVE_WITH_KNOTS('',2,(#5877,#5878,#5879),.UNSPECIFIED.,.F.,.F.,(3,3),(0.,1.),.UNSPECIFIED.);
#5881=DIRECTION('',(-0.,-1.,0.));
#5882=VECTOR('',#5881,1.);
#5883=SURFACE_OF_LINEAR_EXTRUSION('',#5880,#5882);
#5884=CARTESIAN_POINT('',(50.589668218,118.229587024,41.653388192));
#5885=VERTEX_POINT('',#5884);
#5886=CARTESIAN_POINT('',(50.589668218,118.129587024,41.653388192));
#5887=DIRECTION('',(0.,1.,-0.));
#5888=VECTOR('',#5887,0.1);
#5889=LINE('',#5886,#5888);
#5890=EDGE_CURVE('',#1726,#5885,#5889,.T.);
#5891=ORIENTED_EDGE('',*,*,#5890,.T.);
#5892=CARTESIAN_POINT('',(50.589668218,118.229587024,41.653388192));
#5893=CARTESIAN_POINT('',(50.633603108,118.229587024,41.784037873));
#5894=CARTESIAN_POINT('',(50.694806222,118.229587024,41.886458256));
#5895=CARTESIAN_POINT('',(50.773277559,118.229587024,41.960649338));
#5896=B_SPLINE_CURVE_WITH_KNOTS('',3,(#5892,#5893,#5894,#5895),.UNSPECIFIED.,.F.,.F.,(4,4),(0.,1.),.UNSPECIFIED.);
#5897=EDGE_CURVE('',#5885,#5858,#5896,.T.);
#5898=ORIENTED_EDGE('',*,*,#5897,.T.);
#5899=ORIENTED_EDGE('',*,*,#5863,.F.);
#5900=ORIENTED_EDGE('',*,*,#1741,.F.);
#5901=EDGE_LOOP('',(#5891,#5898,#5899,#5900));
#5902=FACE_BOUND('',#5901,.T.);
#5903=ADVANCED_FACE('',(#5902),#5883,.T.);
#5904=CARTESIAN_POINT('',(50.523765882,118.129587024,41.215171631));
#5905=CARTESIAN_POINT('',(50.523765882,118.129587024,41.45751558));
#5906=CARTESIAN_POINT('',(50.589668218,118.129587024,41.653388192));
#5907=B_SPLINE_CURVE_WITH_KNOTS('',2,(#5904,#5905,#5906),.UNSPECIFIED.,.F.,.F.,(3,3),(0.,1.),.UNSPECIFIED.);
#5908=DIRECTION('',(-0.,-1.,0.));
#5909=VECTOR('',#5908,1.);
#5910=SURFACE_OF_LINEAR_EXTRUSION('',#5907,#5909);
#5911=CARTESIAN_POINT('',(50.523765882,118.229587024,41.215171631));
#5912=VERTEX_POINT('',#5911);
#5913=CARTESIAN_POINT('',(50.523765882,118.129587024,41.215171631));
#5914=DIRECTION('',(0.,1.,-0.));
#5915=VECTOR('',#5914,0.1);
#5916=LINE('',#5913,#5915);
#5917=EDGE_CURVE('',#1717,#5912,#5916,.T.);
#5918=ORIENTED_EDGE('',*,*,#5917,.T.);
#5919=CARTESIAN_POINT('',(50.523765882,118.229587024,41.215171631));
#5920=CARTESIAN_POINT('',(50.523765882,118.229587024,41.376734264));
#5921=CARTESIAN_POINT('',(50.545733327,118.229587024,41.522806451));
#5922=CARTESIAN_POINT('',(50.589668218,118.229587024,41.653388192));
#5923=B_SPLINE_CURVE_WITH_KNOTS('',3,(#5919,#5920,#5921,#5922),.UNSPECIFIED.,.F.,.F.,(4,4),(0.,1.),.UNSPECIFIED.);
#5924=EDGE_CURVE('',#5912,#5885,#5923,.T.);
#5925=ORIENTED_EDGE('',*,*,#5924,.T.);
#5926=ORIENTED_EDGE('',*,*,#5890,.F.);
#5927=ORIENTED_EDGE('',*,*,#1732,.F.);
#5928=EDGE_LOOP('',(#5918,#5925,#5926,#5927));
#5929=FACE_BOUND('',#5928,.T.);
#5930=ADVANCED_FACE('',(#5929),#5910,.T.);
#5931=CARTESIAN_POINT('',(50.638670341,118.129587024,40.625209848));
#5932=CARTESIAN_POINT('',(50.523765882,118.129587024,40.881311759));
#5933=CARTESIAN_POINT('',(50.523765882,118.129587024,41.215171631));
#5934=B_SPLINE_CURVE_WITH_KNOTS('',2,(#5931,#5932,#5933),.UNSPECIFIED.,.F.,.F.,(3,3),(0.,1.),.UNSPECIFIED.);
#5935=DIRECTION('',(-0.,-1.,0.));
#5936=VECTOR('',#5935,1.);
#5937=SURFACE_OF_LINEAR_EXTRUSION('',#5934,#5936);
#5938=CARTESIAN_POINT('',(50.638670341,118.229587024,40.625209848));
#5939=VERTEX_POINT('',#5938);
#5940=CARTESIAN_POINT('',(50.638670341,118.129587024,40.625209849));
#5941=DIRECTION('',(0.,1.,-0.));
#5942=VECTOR('',#5941,0.1);
#5943=LINE('',#5940,#5942);
#5944=EDGE_CURVE('',#1708,#5939,#5943,.T.);
#5945=ORIENTED_EDGE('',*,*,#5944,.T.);
#5946=CARTESIAN_POINT('',(50.638670341,118.229587024,40.625209848));
#5947=CARTESIAN_POINT('',(50.562067368,118.229587024,40.795944455));
#5948=CARTESIAN_POINT('',(50.523765882,118.229587024,40.992598383));
#5949=CARTESIAN_POINT('',(50.523765882,118.229587024,41.215171631));
#5950=B_SPLINE_CURVE_WITH_KNOTS('',3,(#5946,#5947,#5948,#5949),.UNSPECIFIED.,.F.,.F.,(4,4),(0.,1.),.UNSPECIFIED.);
#5951=EDGE_CURVE('',#5939,#5912,#5950,.T.);
#5952=ORIENTED_EDGE('',*,*,#5951,.T.);
#5953=ORIENTED_EDGE('',*,*,#5917,.F.);
#5954=ORIENTED_EDGE('',*,*,#1723,.F.);
#5955=EDGE_LOOP('',(#5945,#5952,#5953,#5954));
#5956=FACE_BOUND('',#5955,.T.);
#5957=ADVANCED_FACE('',(#5956),#5937,.T.);
#5958=CARTESIAN_POINT('',(50.990262697,118.129587024,40.232649338));
#5959=CARTESIAN_POINT('',(50.753489874,118.129587024,40.369107937));
#5960=CARTESIAN_POINT('',(50.638670341,118.129587024,40.625209848));
#5961=B_SPLINE_CURVE_WITH_KNOTS('',2,(#5958,#5959,#5960),.UNSPECIFIED.,.F.,.F.,(3,3),(0.,1.),.UNSPECIFIED.);
#5962=DIRECTION('',(-0.,-1.,0.));
#5963=VECTOR('',#5962,1.);
#5964=SURFACE_OF_LINEAR_EXTRUSION('',#5961,#5963);
#5965=CARTESIAN_POINT('',(50.990262697,118.229587024,40.232649338));
#5966=VERTEX_POINT('',#5965);
#5967=CARTESIAN_POINT('',(50.990262697,118.129587024,40.232649338));
#5968=DIRECTION('',(0.,1.,-0.));
#5969=VECTOR('',#5968,0.1);
#5970=LINE('',#5967,#5969);
#5971=EDGE_CURVE('',#1699,#5966,#5970,.T.);
#5972=ORIENTED_EDGE('',*,*,#5971,.T.);
#5973=CARTESIAN_POINT('',(50.990262697,118.229587024,40.232649338));
#5974=CARTESIAN_POINT('',(50.832414148,118.229587024,40.323621738));
#5975=CARTESIAN_POINT('',(50.715216696,118.229587024,40.454475241));
#5976=CARTESIAN_POINT('',(50.638670341,118.229587024,40.625209848));
#5977=B_SPLINE_CURVE_WITH_KNOTS('',3,(#5973,#5974,#5975,#5976),.UNSPECIFIED.,.F.,.F.,(4,4),(0.,1.),.UNSPECIFIED.);
#5978=EDGE_CURVE('',#5966,#5939,#5977,.T.);
#5979=ORIENTED_EDGE('',*,*,#5978,.T.);
#5980=ORIENTED_EDGE('',*,*,#5944,.F.);
#5981=ORIENTED_EDGE('',*,*,#1714,.F.);
#5982=EDGE_LOOP('',(#5972,#5979,#5980,#5981));
#5983=FACE_BOUND('',#5982,.T.);
#5984=ADVANCED_FACE('',(#5983),#5964,.T.);
#5985=CARTESIAN_POINT('',(51.50015654,118.129587024,40.09619074));
#5986=CARTESIAN_POINT('',(51.227035521,118.129587024,40.09619074));
#5987=CARTESIAN_POINT('',(50.990262697,118.129587024,40.232649338));
#5988=B_SPLINE_CURVE_WITH_KNOTS('',2,(#5985,#5986,#5987),.UNSPECIFIED.,.F.,.F.,(3,3),(0.,1.),.UNSPECIFIED.);
#5989=DIRECTION('',(-0.,-1.,0.));
#5990=VECTOR('',#5989,1.);
#5991=SURFACE_OF_LINEAR_EXTRUSION('',#5988,#5990);
#5992=CARTESIAN_POINT('',(51.50015654,118.229587024,40.09619074));
#5993=VERTEX_POINT('',#5992);
#5994=CARTESIAN_POINT('',(51.50015654,118.129587024,40.09619074));
#5995=DIRECTION('',(0.,1.,-0.));
#5996=VECTOR('',#5995,0.1);
#5997=LINE('',#5994,#5996);
#5998=EDGE_CURVE('',#1690,#5993,#5997,.T.);
#5999=ORIENTED_EDGE('',*,*,#5998,.T.);
#6000=CARTESIAN_POINT('',(51.50015654,118.229587024,40.09619074));
#6001=CARTESIAN_POINT('',(51.318075861,118.229587024,40.09619074));
#6002=CARTESIAN_POINT('',(51.148111247,118.229587024,40.141676939));
#6003=CARTESIAN_POINT('',(50.990262697,118.229587024,40.232649338));
#6004=B_SPLINE_CURVE_WITH_KNOTS('',3,(#6000,#6001,#6002,#6003),.UNSPECIFIED.,.F.,.F.,(4,4),(0.,1.),.UNSPECIFIED.);
#6005=EDGE_CURVE('',#5993,#5966,#6004,.T.);
#6006=ORIENTED_EDGE('',*,*,#6005,.T.);
#6007=ORIENTED_EDGE('',*,*,#5971,.F.);
#6008=ORIENTED_EDGE('',*,*,#1705,.F.);
#6009=EDGE_LOOP('',(#5999,#6006,#6007,#6008));
#6010=FACE_BOUND('',#6009,.T.);
#6011=ADVANCED_FACE('',(#6010),#5991,.T.);
#6012=CARTESIAN_POINT('',(51.999264821,118.129587024,40.233362714));
#6013=CARTESIAN_POINT('',(51.77582533,118.129587024,40.09619074));
#6014=CARTESIAN_POINT('',(51.50015654,118.129587024,40.09619074));
#6015=B_SPLINE_CURVE_WITH_KNOTS('',2,(#6012,#6013,#6014),.UNSPECIFIED.,.F.,.F.,(3,3),(0.,1.),.UNSPECIFIED.);
#6016=DIRECTION('',(-0.,-1.,0.));
#6017=VECTOR('',#6016,1.);
#6018=SURFACE_OF_LINEAR_EXTRUSION('',#6015,#6017);
#6019=CARTESIAN_POINT('',(51.999264821,118.229587024,40.233362714));
#6020=VERTEX_POINT('',#6019);
#6021=CARTESIAN_POINT('',(51.999264821,118.129587024,40.233362714));
#6022=DIRECTION('',(0.,1.,-0.));
#6023=VECTOR('',#6022,0.1);
#6024=LINE('',#6021,#6023);
#6025=EDGE_CURVE('',#1681,#6020,#6024,.T.);
#6026=ORIENTED_EDGE('',*,*,#6025,.T.);
#6027=CARTESIAN_POINT('',(51.999264821,118.229587024,40.233362714));
#6028=CARTESIAN_POINT('',(51.85030516,118.229587024,40.141914731));
#6029=CARTESIAN_POINT('',(51.683935734,118.229587024,40.09619074));
#6030=CARTESIAN_POINT('',(51.50015654,118.229587024,40.09619074));
#6031=B_SPLINE_CURVE_WITH_KNOTS('',3,(#6027,#6028,#6029,#6030),.UNSPECIFIED.,.F.,.F.,(4,4),(0.,1.),.UNSPECIFIED.);
#6032=EDGE_CURVE('',#6020,#5993,#6031,.T.);
#6033=ORIENTED_EDGE('',*,*,#6032,.T.);
#6034=ORIENTED_EDGE('',*,*,#5998,.F.);
#6035=ORIENTED_EDGE('',*,*,#1696,.F.);
#6036=EDGE_LOOP('',(#6026,#6033,#6034,#6035));
#6037=FACE_BOUND('',#6036,.T.);
#6038=ADVANCED_FACE('',(#6037),#6018,.T.);
#6039=CARTESIAN_POINT('',(52.340666094,118.129587024,40.639783096));
#6040=CARTESIAN_POINT('',(52.222619385,118.129587024,40.3706366));
#6041=CARTESIAN_POINT('',(51.999264821,118.129587024,40.233362714));
#6042=B_SPLINE_CURVE_WITH_KNOTS('',2,(#6039,#6040,#6041),.UNSPECIFIED.,.F.,.F.,(3,3),(0.,1.),.UNSPECIFIED.);
#6043=DIRECTION('',(-0.,-1.,0.));
#6044=VECTOR('',#6043,1.);
#6045=SURFACE_OF_LINEAR_EXTRUSION('',#6042,#6044);
#6046=CARTESIAN_POINT('',(52.340666094,118.229587024,40.639783096));
#6047=VERTEX_POINT('',#6046);
#6048=CARTESIAN_POINT('',(52.340666094,118.129587024,40.639783096));
#6049=DIRECTION('',(0.,1.,-0.));
#6050=VECTOR('',#6049,0.1);
#6051=LINE('',#6048,#6050);
#6052=EDGE_CURVE('',#1672,#6047,#6051,.T.);
#6053=ORIENTED_EDGE('',*,*,#6052,.T.);
#6054=CARTESIAN_POINT('',(52.340666094,118.229587024,40.639783096));
#6055=CARTESIAN_POINT('',(52.261968288,118.229587024,40.460352099));
#6056=CARTESIAN_POINT('',(52.148167864,118.229587024,40.324878638));
#6057=CARTESIAN_POINT('',(51.999264821,118.229587024,40.233362714));
#6058=B_SPLINE_CURVE_WITH_KNOTS('',3,(#6054,#6055,#6056,#6057),.UNSPECIFIED.,.F.,.F.,(4,4),(0.,1.),.UNSPECIFIED.);
#6059=EDGE_CURVE('',#6047,#6020,#6058,.T.);
#6060=ORIENTED_EDGE('',*,*,#6059,.T.);
#6061=ORIENTED_EDGE('',*,*,#6025,.F.);
#6062=ORIENTED_EDGE('',*,*,#1687,.F.);
#6063=EDGE_LOOP('',(#6053,#6060,#6061,#6062));
#6064=FACE_BOUND('',#6063,.T.);
#6065=ADVANCED_FACE('',(#6064),#6045,.T.);
#6066=CARTESIAN_POINT('',(52.458712804,118.129587024,41.238203479));
#6067=CARTESIAN_POINT('',(52.458712804,118.129587024,40.908929593));
#6068=CARTESIAN_POINT('',(52.340666094,118.129587024,40.639783096));
#6069=B_SPLINE_CURVE_WITH_KNOTS('',2,(#6066,#6067,#6068),.UNSPECIFIED.,.F.,.F.,(3,3),(0.,1.),.UNSPECIFIED.);
#6070=DIRECTION('',(-0.,-1.,0.));
#6071=VECTOR('',#6070,1.);
#6072=SURFACE_OF_LINEAR_EXTRUSION('',#6069,#6071);
#6073=CARTESIAN_POINT('',(52.458712804,118.229587024,41.238203479));
#6074=VERTEX_POINT('',#6073);
#6075=CARTESIAN_POINT('',(52.458712804,118.129587024,41.238203479));
#6076=DIRECTION('',(0.,1.,-0.));
#6077=VECTOR('',#6076,0.1);
#6078=LINE('',#6075,#6077);
#6079=EDGE_CURVE('',#1663,#6074,#6078,.T.);
#6080=ORIENTED_EDGE('',*,*,#6079,.T.);
#6081=CARTESIAN_POINT('',(52.458712804,118.229587024,41.238203479));
#6082=CARTESIAN_POINT('',(52.458712804,118.229587024,41.018687555));
#6083=CARTESIAN_POINT('',(52.419363901,118.229587024,40.819214094));
#6084=CARTESIAN_POINT('',(52.340666094,118.229587024,40.639783096));
#6085=B_SPLINE_CURVE_WITH_KNOTS('',3,(#6081,#6082,#6083,#6084),.UNSPECIFIED.,.F.,.F.,(4,4),(0.,1.),.UNSPECIFIED.);
#6086=EDGE_CURVE('',#6074,#6047,#6085,.T.);
#6087=ORIENTED_EDGE('',*,*,#6086,.T.);
#6088=ORIENTED_EDGE('',*,*,#6052,.F.);
#6089=ORIENTED_EDGE('',*,*,#1678,.F.);
#6090=EDGE_LOOP('',(#6080,#6087,#6088,#6089));
#6091=FACE_BOUND('',#6090,.T.);
#6092=ADVANCED_FACE('',(#6091),#6072,.T.);
#6093=CARTESIAN_POINT('',(52.385591784,118.129587024,41.713923224));
#6094=CARTESIAN_POINT('',(52.458712804,118.129587024,41.482178001));
#6095=CARTESIAN_POINT('',(52.458712804,118.129587024,41.238203479));
#6096=B_SPLINE_CURVE_WITH_KNOTS('',2,(#6093,#6094,#6095),.UNSPECIFIED.,.F.,.F.,(3,3),(0.,1.),.UNSPECIFIED.);
#6097=DIRECTION('',(-0.,-1.,0.));
#6098=VECTOR('',#6097,1.);
#6099=SURFACE_OF_LINEAR_EXTRUSION('',#6096,#6098);
#6100=CARTESIAN_POINT('',(52.385591784,118.229587024,41.713923224));
#6101=VERTEX_POINT('',#6100);
#6102=CARTESIAN_POINT('',(52.385591784,118.129587024,41.713923224));
#6103=DIRECTION('',(0.,1.,-0.));
#6104=VECTOR('',#6103,0.1);
#6105=LINE('',#6102,#6104);
#6106=EDGE_CURVE('',#1654,#6101,#6105,.T.);
#6107=ORIENTED_EDGE('',*,*,#6106,.T.);
#6108=CARTESIAN_POINT('',(52.385591784,118.229587024,41.713923224));
#6109=CARTESIAN_POINT('',(52.434339131,118.229587024,41.559426409));
#6110=CARTESIAN_POINT('',(52.458712804,118.229587024,41.40085316));
#6111=CARTESIAN_POINT('',(52.458712804,118.229587024,41.238203479));
#6112=B_SPLINE_CURVE_WITH_KNOTS('',3,(#6108,#6109,#6110,#6111),.UNSPECIFIED.,.F.,.F.,(4,4),(0.,1.),.UNSPECIFIED.);
#6113=EDGE_CURVE('',#6101,#6074,#6112,.T.);
#6114=ORIENTED_EDGE('',*,*,#6113,.T.);
#6115=ORIENTED_EDGE('',*,*,#6079,.F.);
#6116=ORIENTED_EDGE('',*,*,#1669,.F.);
#6117=EDGE_LOOP('',(#6107,#6114,#6115,#6116));
#6118=FACE_BOUND('',#6117,.T.);
#6119=ADVANCED_FACE('',(#6118),#6099,.T.);
#6120=CARTESIAN_POINT('',(52.167247835,118.129587024,42.163757619));
#6121=CARTESIAN_POINT('',(52.31238584,118.129587024,41.945668447));
#6122=CARTESIAN_POINT('',(52.385591784,118.129587024,41.713923224));
#6123=B_SPLINE_CURVE_WITH_KNOTS('',2,(#6120,#6121,#6122),.UNSPECIFIED.,.F.,.F.,(3,3),(0.,1.),.UNSPECIFIED.);
#6124=DIRECTION('',(-0.,-1.,0.));
#6125=VECTOR('',#6124,1.);
#6126=SURFACE_OF_LINEAR_EXTRUSION('',#6123,#6125);
#6127=CARTESIAN_POINT('',(52.167247835,118.229587024,42.163757619));
#6128=VERTEX_POINT('',#6127);
#6129=CARTESIAN_POINT('',(52.167247835,118.129587024,42.163757619));
#6130=DIRECTION('',(0.,1.,-0.));
#6131=VECTOR('',#6130,0.1);
#6132=LINE('',#6129,#6131);
#6133=EDGE_CURVE('',#1646,#6128,#6132,.T.);
#6134=ORIENTED_EDGE('',*,*,#6133,.T.);
#6135=CARTESIAN_POINT('',(52.167247835,118.229587024,42.163757619));
#6136=CARTESIAN_POINT('',(52.264006505,118.229587024,42.018364837));
#6137=CARTESIAN_POINT('',(52.336787821,118.229587024,41.868420039));
#6138=CARTESIAN_POINT('',(52.385591784,118.229587024,41.713923224));
#6139=B_SPLINE_CURVE_WITH_KNOTS('',3,(#6135,#6136,#6137,#6138),.UNSPECIFIED.,.F.,.F.,(4,4),(0.,1.),.UNSPECIFIED.);
#6140=EDGE_CURVE('',#6128,#6101,#6139,.T.);
#6141=ORIENTED_EDGE('',*,*,#6140,.T.);
#6142=ORIENTED_EDGE('',*,*,#6106,.F.);
#6143=ORIENTED_EDGE('',*,*,#1660,.F.);
#6144=EDGE_LOOP('',(#6134,#6141,#6142,#6143));
#6145=FACE_BOUND('',#6144,.T.);
#6146=ADVANCED_FACE('',(#6145),#6126,.T.);
#6147=CARTESIAN_POINT('',(51.47493361,118.129587024,42.163757619));
#6148=CARTESIAN_POINT('',(52.167247835,118.129587024,42.163757619));
#6149=B_SPLINE_CURVE_WITH_KNOTS('',1,(#6147,#6148),.UNSPECIFIED.,.F.,.F.,(2,2),(0.,0.692314225),.UNSPECIFIED.);
#6150=DIRECTION('',(-0.,-1.,0.));
#6151=VECTOR('',#6150,1.);
#6152=SURFACE_OF_LINEAR_EXTRUSION('',#6149,#6151);
#6153=CARTESIAN_POINT('',(51.47493361,118.229587024,42.163757619));
#6154=VERTEX_POINT('',#6153);
#6155=CARTESIAN_POINT('',(51.47493361,118.129587024,42.163757619));
#6156=DIRECTION('',(0.,1.,-0.));
#6157=VECTOR('',#6156,0.1);
#6158=LINE('',#6155,#6157);
#6159=EDGE_CURVE('',#1638,#6154,#6158,.T.);
#6160=ORIENTED_EDGE('',*,*,#6159,.T.);
#6161=CARTESIAN_POINT('',(51.47493361,118.229587024,42.163757619));
#6162=DIRECTION('',(1.,-0.,-0.));
#6163=VECTOR('',#6162,0.692314225);
#6164=LINE('',#6161,#6163);
#6165=EDGE_CURVE('',#6154,#6128,#6164,.T.);
#6166=ORIENTED_EDGE('',*,*,#6165,.T.);
#6167=ORIENTED_EDGE('',*,*,#6133,.F.);
#6168=ORIENTED_EDGE('',*,*,#1651,.F.);
#6169=EDGE_LOOP('',(#6160,#6166,#6167,#6168));
#6170=FACE_BOUND('',#6169,.T.);
#6171=ADVANCED_FACE('',(#6170),#6152,.T.);
#6172=CARTESIAN_POINT('',(51.47493361,118.129587024,41.218025135));
#6173=CARTESIAN_POINT('',(51.47493361,118.129587024,42.163757619));
#6174=B_SPLINE_CURVE_WITH_KNOTS('',1,(#6172,#6173),.UNSPECIFIED.,.F.,.F.,(2,2),(0.,0.788110403),.UNSPECIFIED.);
#6175=DIRECTION('',(-0.,-1.,0.));
#6176=VECTOR('',#6175,1.);
#6177=SURFACE_OF_LINEAR_EXTRUSION('',#6174,#6176);
#6178=CARTESIAN_POINT('',(51.47493361,118.229587024,41.218025135));
#6179=VERTEX_POINT('',#6178);
#6180=CARTESIAN_POINT('',(51.47493361,118.129587024,41.218025135));
#6181=DIRECTION('',(0.,1.,-0.));
#6182=VECTOR('',#6181,0.1);
#6183=LINE('',#6180,#6182);
#6184=EDGE_CURVE('',#1630,#6179,#6183,.T.);
#6185=ORIENTED_EDGE('',*,*,#6184,.T.);
#6186=CARTESIAN_POINT('',(51.47493361,118.229587024,41.218025135));
#6187=DIRECTION('',(0.,0.,1.));
#6188=VECTOR('',#6187,0.945732484);
#6189=LINE('',#6186,#6188);
#6190=EDGE_CURVE('',#6179,#6154,#6189,.T.);
#6191=ORIENTED_EDGE('',*,*,#6190,.T.);
#6192=ORIENTED_EDGE('',*,*,#6159,.F.);
#6193=ORIENTED_EDGE('',*,*,#1643,.F.);
#6194=EDGE_LOOP('',(#6185,#6191,#6192,#6193));
#6195=FACE_BOUND('',#6194,.T.);
#6196=ADVANCED_FACE('',(#6195),#6177,.T.);
#6197=CARTESIAN_POINT('',(51.697778621,118.129587024,41.218025135));
#6198=CARTESIAN_POINT('',(51.47493361,118.129587024,41.218025135));
#6199=B_SPLINE_CURVE_WITH_KNOTS('',1,(#6197,#6198),.UNSPECIFIED.,.F.,.F.,(2,2),(0.,0.222845011),.UNSPECIFIED.);
#6200=DIRECTION('',(-0.,-1.,0.));
#6201=VECTOR('',#6200,1.);
#6202=SURFACE_OF_LINEAR_EXTRUSION('',#6199,#6201);
#6203=ORIENTED_EDGE('',*,*,#5470,.T.);
#6204=CARTESIAN_POINT('',(51.697778621,118.229587024,41.218025135));
#6205=DIRECTION('',(-1.,0.,0.));
#6206=VECTOR('',#6205,0.222845011);
#6207=LINE('',#6204,#6206);
#6208=EDGE_CURVE('',#5459,#6179,#6207,.T.);
#6209=ORIENTED_EDGE('',*,*,#6208,.T.);
#6210=ORIENTED_EDGE('',*,*,#6184,.F.);
#6211=ORIENTED_EDGE('',*,*,#1635,.F.);
#6212=EDGE_LOOP('',(#6203,#6209,#6210,#6211));
#6213=FACE_BOUND('',#6212,.T.);
#6214=ADVANCED_FACE('',(#6213),#6202,.T.);
#6215=CARTESIAN_POINT('',(52.426101339,118.129587024,48.131655708));
#6216=CARTESIAN_POINT('',(52.426101339,118.129587024,47.838152523));
#6217=B_SPLINE_CURVE_WITH_KNOTS('',1,(#6215,#6216),.UNSPECIFIED.,.F.,.F.,(2,2),(0.,0.244585987),.UNSPECIFIED.);
#6218=DIRECTION('',(-0.,-1.,0.));
#6219=VECTOR('',#6218,1.);
#6220=SURFACE_OF_LINEAR_EXTRUSION('',#6217,#6219);
#6221=CARTESIAN_POINT('',(52.426101339,118.229587024,48.131655708));
#6222=VERTEX_POINT('',#6221);
#6223=CARTESIAN_POINT('',(52.426101339,118.129587024,48.131655708));
#6224=DIRECTION('',(0.,1.,-0.));
#6225=VECTOR('',#6224,0.1);
#6226=LINE('',#6223,#6225);
#6227=EDGE_CURVE('',#1877,#6222,#6226,.T.);
#6228=ORIENTED_EDGE('',*,*,#6227,.T.);
#6229=CARTESIAN_POINT('',(52.426101339,118.229587024,47.838152523));
#6230=VERTEX_POINT('',#6229);
#6231=CARTESIAN_POINT('',(52.426101339,118.229587024,48.131655708));
#6232=DIRECTION('',(-0.,-0.,-1.));
#6233=VECTOR('',#6232,0.293503185);
#6234=LINE('',#6231,#6233);
#6235=EDGE_CURVE('',#6222,#6230,#6234,.T.);
#6236=ORIENTED_EDGE('',*,*,#6235,.T.);
#6237=CARTESIAN_POINT('',(52.426101339,118.129587024,47.838152523));
#6238=DIRECTION('',(0.,1.,-0.));
#6239=VECTOR('',#6238,0.1);
#6240=LINE('',#6237,#6239);
#6241=EDGE_CURVE('',#1879,#6230,#6240,.T.);
#6242=ORIENTED_EDGE('',*,*,#6241,.F.);
#6243=ORIENTED_EDGE('',*,*,#1884,.F.);
#6244=EDGE_LOOP('',(#6228,#6236,#6242,#6243));
#6245=FACE_BOUND('',#6244,.T.);
#6246=ADVANCED_FACE('',(#6245),#6220,.T.);
#6247=CARTESIAN_POINT('',(51.594508982,118.129587024,48.131655708));
#6248=CARTESIAN_POINT('',(52.426101339,118.129587024,48.131655708));
#6249=B_SPLINE_CURVE_WITH_KNOTS('',1,(#6247,#6248),.UNSPECIFIED.,.F.,.F.,(2,2),(0.,0.831592357),.UNSPECIFIED.);
#6250=DIRECTION('',(-0.,-1.,0.));
#6251=VECTOR('',#6250,1.);
#6252=SURFACE_OF_LINEAR_EXTRUSION('',#6249,#6251);
#6253=CARTESIAN_POINT('',(51.594508982,118.229587024,48.131655708));
#6254=VERTEX_POINT('',#6253);
#6255=CARTESIAN_POINT('',(51.594508982,118.129587024,48.131655708));
#6256=DIRECTION('',(0.,1.,-0.));
#6257=VECTOR('',#6256,0.1);
#6258=LINE('',#6255,#6257);
#6259=EDGE_CURVE('',#2026,#6254,#6258,.T.);
#6260=ORIENTED_EDGE('',*,*,#6259,.T.);
#6261=CARTESIAN_POINT('',(51.594508982,118.229587024,48.131655708));
#6262=DIRECTION('',(1.,-0.,-0.));
#6263=VECTOR('',#6262,0.831592357);
#6264=LINE('',#6261,#6263);
#6265=EDGE_CURVE('',#6254,#6222,#6264,.T.);
#6266=ORIENTED_EDGE('',*,*,#6265,.T.);
#6267=ORIENTED_EDGE('',*,*,#6227,.F.);
#6268=ORIENTED_EDGE('',*,*,#2037,.F.);
#6269=EDGE_LOOP('',(#6260,#6266,#6267,#6268));
#6270=FACE_BOUND('',#6269,.T.);
#6271=ADVANCED_FACE('',(#6270),#6252,.T.);
#6272=CARTESIAN_POINT('',(51.594508982,118.129587024,48.47529902));
#6273=CARTESIAN_POINT('',(51.594508982,118.129587024,48.131655708));
#6274=B_SPLINE_CURVE_WITH_KNOTS('',1,(#6272,#6273),.UNSPECIFIED.,.F.,.F.,(2,2),(0.,0.286369427),.UNSPECIFIED.);
#6275=DIRECTION('',(-0.,-1.,0.));
#6276=VECTOR('',#6275,1.);
#6277=SURFACE_OF_LINEAR_EXTRUSION('',#6274,#6276);
#6278=CARTESIAN_POINT('',(51.594508982,118.229587024,48.47529902));
#6279=VERTEX_POINT('',#6278);
#6280=CARTESIAN_POINT('',(51.594508982,118.129587024,48.47529902));
#6281=DIRECTION('',(0.,1.,-0.));
#6282=VECTOR('',#6281,0.1);
#6283=LINE('',#6280,#6282);
#6284=EDGE_CURVE('',#2017,#6279,#6283,.T.);
#6285=ORIENTED_EDGE('',*,*,#6284,.T.);
#6286=CARTESIAN_POINT('',(51.594508982,118.229587024,48.47529902));
#6287=DIRECTION('',(-0.,-0.,-1.));
#6288=VECTOR('',#6287,0.343643312);
#6289=LINE('',#6286,#6288);
#6290=EDGE_CURVE('',#6279,#6254,#6289,.T.);
#6291=ORIENTED_EDGE('',*,*,#6290,.T.);
#6292=ORIENTED_EDGE('',*,*,#6259,.F.);
#6293=ORIENTED_EDGE('',*,*,#2031,.F.);
#6294=EDGE_LOOP('',(#6285,#6291,#6292,#6293));
#6295=FACE_BOUND('',#6294,.T.);
#6296=ADVANCED_FACE('',(#6295),#6277,.T.);
#6297=CARTESIAN_POINT('',(51.603341254,118.129587024,48.64019074));
#6298=CARTESIAN_POINT('',(51.594508982,118.129587024,48.589846791));
#6299=CARTESIAN_POINT('',(51.594508982,118.129587024,48.47529902));
#6300=B_SPLINE_CURVE_WITH_KNOTS('',2,(#6297,#6298,#6299),.UNSPECIFIED.,.F.,.F.,(3,3),(0.,1.),.UNSPECIFIED.);
#6301=DIRECTION('',(-0.,-1.,0.));
#6302=VECTOR('',#6301,1.);
#6303=SURFACE_OF_LINEAR_EXTRUSION('',#6300,#6302);
#6304=CARTESIAN_POINT('',(51.603341254,118.229587024,48.64019074));
#6305=VERTEX_POINT('',#6304);
#6306=CARTESIAN_POINT('',(51.603341149,118.129587024,48.640190137));
#6307=DIRECTION('',(0.,1.,-0.));
#6308=VECTOR('',#6307,0.1);
#6309=LINE('',#6306,#6308);
#6310=EDGE_CURVE('',#2008,#6305,#6309,.T.);
#6311=ORIENTED_EDGE('',*,*,#6310,.T.);
#6312=CARTESIAN_POINT('',(51.603341254,118.229587024,48.64019074));
#6313=CARTESIAN_POINT('',(51.597453073,118.229587024,48.606628107));
#6314=CARTESIAN_POINT('',(51.594508982,118.229587024,48.5516642));
#6315=CARTESIAN_POINT('',(51.594508982,118.229587024,48.47529902));
#6316=B_SPLINE_CURVE_WITH_KNOTS('',3,(#6312,#6313,#6314,#6315),.UNSPECIFIED.,.F.,.F.,(4,4),(0.,1.),.UNSPECIFIED.);
#6317=EDGE_CURVE('',#6305,#6279,#6316,.T.);
#6318=ORIENTED_EDGE('',*,*,#6317,.T.);
#6319=ORIENTED_EDGE('',*,*,#6284,.F.);
#6320=ORIENTED_EDGE('',*,*,#2023,.F.);
#6321=EDGE_LOOP('',(#6311,#6318,#6319,#6320));
#6322=FACE_BOUND('',#6321,.T.);
#6323=ADVANCED_FACE('',(#6322),#6303,.T.);
#6324=CARTESIAN_POINT('',(51.652598154,118.129587024,48.775324498));
#6325=CARTESIAN_POINT('',(51.617269067,118.129587024,48.708878638));
#6326=CARTESIAN_POINT('',(51.603341254,118.129587024,48.64019074));
#6327=CARTESIAN_POINT('',(51.603201976,118.129587024,48.639503861));
#6328=CARTESIAN_POINT('',(51.603062697,118.129587024,48.638816982));
#6329=B_SPLINE_CURVE_WITH_KNOTS('',2,(#6324,#6325,#6326,#6327,#6328),.UNSPECIFIED.,.F.,.F.,(3,2,3),(0.,1.,1.01),.UNSPECIFIED.);
#6330=DIRECTION('',(-0.,-1.,0.));
#6331=VECTOR('',#6330,1.);
#6332=SURFACE_OF_LINEAR_EXTRUSION('',#6329,#6331);
#6333=CARTESIAN_POINT('',(51.652598154,118.229587024,48.775324498));
#6334=VERTEX_POINT('',#6333);
#6335=CARTESIAN_POINT('',(51.652598154,118.129587024,48.775324498));
#6336=DIRECTION('',(0.,1.,-0.));
#6337=VECTOR('',#6336,0.1);
#6338=LINE('',#6335,#6337);
#6339=EDGE_CURVE('',#1999,#6334,#6338,.T.);
#6340=ORIENTED_EDGE('',*,*,#6339,.T.);
#6341=CARTESIAN_POINT('',(51.652598154,118.229587024,48.775324498));
#6342=CARTESIAN_POINT('',(51.629045429,118.229587024,48.731027258));
#6343=CARTESIAN_POINT('',(51.612626462,118.229587024,48.685982672));
#6344=CARTESIAN_POINT('',(51.603341254,118.229587024,48.64019074));
#6345=B_SPLINE_CURVE_WITH_KNOTS('',3,(#6341,#6342,#6343,#6344),.UNSPECIFIED.,.F.,.F.,(4,4),(0.,1.),.UNSPECIFIED.);
#6346=EDGE_CURVE('',#6334,#6305,#6345,.T.);
#6347=ORIENTED_EDGE('',*,*,#6346,.T.);
#6348=ORIENTED_EDGE('',*,*,#6310,.F.);
#6349=ORIENTED_EDGE('',*,*,#2014,.F.);
#6350=EDGE_LOOP('',(#6340,#6347,#6348,#6349));
#6351=FACE_BOUND('',#6350,.T.);
#6352=ADVANCED_FACE('',(#6351),#6332,.T.);
#6353=CARTESIAN_POINT('',(51.777523844,118.129587024,48.92574488));
#6354=CARTESIAN_POINT('',(51.687927241,118.129587024,48.841770358));
#6355=CARTESIAN_POINT('',(51.652598154,118.129587024,48.775324498));
#6356=B_SPLINE_CURVE_WITH_KNOTS('',2,(#6353,#6354,#6355),.UNSPECIFIED.,.F.,.F.,(3,3),(0.,1.),.UNSPECIFIED.);
#6357=DIRECTION('',(-0.,-1.,0.));
#6358=VECTOR('',#6357,1.);
#6359=SURFACE_OF_LINEAR_EXTRUSION('',#6356,#6358);
#6360=CARTESIAN_POINT('',(51.777523844,118.229587024,48.92574488));
#6361=VERTEX_POINT('',#6360);
#6362=CARTESIAN_POINT('',(51.777523844,118.129587024,48.92574488));
#6363=DIRECTION('',(0.,1.,-0.));
#6364=VECTOR('',#6363,0.1);
#6365=LINE('',#6362,#6364);
#6366=EDGE_CURVE('',#1990,#6361,#6365,.T.);
#6367=ORIENTED_EDGE('',*,*,#6366,.T.);
#6368=CARTESIAN_POINT('',(51.777523844,118.229587024,48.92574488));
#6369=CARTESIAN_POINT('',(51.717792775,118.229587024,48.869761865));
#6370=CARTESIAN_POINT('',(51.676150879,118.229587024,48.819621738));
#6371=CARTESIAN_POINT('',(51.652598154,118.229587024,48.775324498));
#6372=B_SPLINE_CURVE_WITH_KNOTS('',3,(#6368,#6369,#6370,#6371),.UNSPECIFIED.,.F.,.F.,(4,4),(0.,1.),.UNSPECIFIED.);
#6373=EDGE_CURVE('',#6361,#6334,#6372,.T.);
#6374=ORIENTED_EDGE('',*,*,#6373,.T.);
#6375=ORIENTED_EDGE('',*,*,#6339,.F.);
#6376=ORIENTED_EDGE('',*,*,#2005,.F.);
#6377=EDGE_LOOP('',(#6367,#6374,#6375,#6376));
#6378=FACE_BOUND('',#6377,.T.);
#6379=ADVANCED_FACE('',(#6378),#6359,.T.);
#6380=CARTESIAN_POINT('',(52.035867793,118.129587024,49.139655708));
#6381=CARTESIAN_POINT('',(51.867035521,118.129587024,49.009821313));
#6382=CARTESIAN_POINT('',(51.777523844,118.129587024,48.92574488));
#6383=B_SPLINE_CURVE_WITH_KNOTS('',2,(#6380,#6381,#6382),.UNSPECIFIED.,.F.,.F.,(3,3),(0.,1.),.UNSPECIFIED.);
#6384=DIRECTION('',(-0.,-1.,0.));
#6385=VECTOR('',#6384,1.);
#6386=SURFACE_OF_LINEAR_EXTRUSION('',#6383,#6385);
#6387=CARTESIAN_POINT('',(52.035867793,118.229587024,49.139655708));
#6388=VERTEX_POINT('',#6387);
#6389=CARTESIAN_POINT('',(52.035867793,118.129587024,49.139655708));
#6390=DIRECTION('',(0.,1.,-0.));
#6391=VECTOR('',#6390,0.1);
#6392=LINE('',#6389,#6391);
#6393=EDGE_CURVE('',#1982,#6388,#6392,.T.);
#6394=ORIENTED_EDGE('',*,*,#6393,.T.);
#6395=CARTESIAN_POINT('',(52.035867793,118.229587024,49.139655708));
#6396=CARTESIAN_POINT('',(51.923312945,118.229587024,49.053099445));
#6397=CARTESIAN_POINT('',(51.837198295,118.229587024,48.981795835));
#6398=CARTESIAN_POINT('',(51.777523844,118.229587024,48.92574488));
#6399=B_SPLINE_CURVE_WITH_KNOTS('',3,(#6395,#6396,#6397,#6398),.UNSPECIFIED.,.F.,.F.,(4,4),(0.,1.),.UNSPECIFIED.);
#6400=EDGE_CURVE('',#6388,#6361,#6399,.T.);
#6401=ORIENTED_EDGE('',*,*,#6400,.T.);
#6402=ORIENTED_EDGE('',*,*,#6366,.F.);
#6403=ORIENTED_EDGE('',*,*,#1996,.F.);
#6404=EDGE_LOOP('',(#6394,#6401,#6402,#6403));
#6405=FACE_BOUND('',#6404,.T.);
#6406=ADVANCED_FACE('',(#6405),#6386,.T.);
#6407=CARTESIAN_POINT('',(52.426101339,118.129587024,49.435910485));
#6408=CARTESIAN_POINT('',(52.035867793,118.129587024,49.139655708));
#6409=B_SPLINE_CURVE_WITH_KNOTS('',1,(#6407,#6408),.UNSPECIFIED.,.F.,.F.,(2,2),(0.,0.461769912),.UNSPECIFIED.);
#6410=DIRECTION('',(-0.,-1.,0.));
#6411=VECTOR('',#6410,1.);
#6412=SURFACE_OF_LINEAR_EXTRUSION('',#6409,#6411);
#6413=CARTESIAN_POINT('',(52.426101339,118.229587024,49.435910485));
#6414=VERTEX_POINT('',#6413);
#6415=CARTESIAN_POINT('',(52.426101339,118.129587024,49.435910485));
#6416=DIRECTION('',(0.,1.,-0.));
#6417=VECTOR('',#6416,0.1);
#6418=LINE('',#6415,#6417);
#6419=EDGE_CURVE('',#1974,#6414,#6418,.T.);
#6420=ORIENTED_EDGE('',*,*,#6419,.T.);
#6421=CARTESIAN_POINT('',(52.426101339,118.229587024,49.435910485));
#6422=DIRECTION('',(-0.796479399,0.,-0.604665665));
#6423=VECTOR('',#6422,0.489948072);
#6424=LINE('',#6421,#6423);
#6425=EDGE_CURVE('',#6414,#6388,#6424,.T.);
#6426=ORIENTED_EDGE('',*,*,#6425,.T.);
#6427=ORIENTED_EDGE('',*,*,#6393,.F.);
#6428=ORIENTED_EDGE('',*,*,#1987,.F.);
#6429=EDGE_LOOP('',(#6420,#6426,#6427,#6428));
#6430=FACE_BOUND('',#6429,.T.);
#6431=ADVANCED_FACE('',(#6430),#6412,.T.);
#6432=CARTESIAN_POINT('',(52.426101339,118.129587024,49.805846791));
#6433=CARTESIAN_POINT('',(52.426101339,118.129587024,49.435910485));
#6434=B_SPLINE_CURVE_WITH_KNOTS('',1,(#6432,#6433),.UNSPECIFIED.,.F.,.F.,(2,2),(0.,0.308280255),.UNSPECIFIED.);
#6435=DIRECTION('',(-0.,-1.,0.));
#6436=VECTOR('',#6435,1.);
#6437=SURFACE_OF_LINEAR_EXTRUSION('',#6434,#6436);
#6438=CARTESIAN_POINT('',(52.426101339,118.229587024,49.805846791));
#6439=VERTEX_POINT('',#6438);
#6440=CARTESIAN_POINT('',(52.426101339,118.129587024,49.805846791));
#6441=DIRECTION('',(0.,1.,-0.));
#6442=VECTOR('',#6441,0.1);
#6443=LINE('',#6440,#6442);
#6444=EDGE_CURVE('',#1966,#6439,#6443,.T.);
#6445=ORIENTED_EDGE('',*,*,#6444,.T.);
#6446=CARTESIAN_POINT('',(52.426101339,118.229587024,49.805846791));
#6447=DIRECTION('',(-0.,-0.,-1.));
#6448=VECTOR('',#6447,0.369936306);
#6449=LINE('',#6446,#6448);
#6450=EDGE_CURVE('',#6439,#6414,#6449,.T.);
#6451=ORIENTED_EDGE('',*,*,#6450,.T.);
#6452=ORIENTED_EDGE('',*,*,#6419,.F.);
#6453=ORIENTED_EDGE('',*,*,#1979,.F.);
#6454=EDGE_LOOP('',(#6445,#6451,#6452,#6453));
#6455=FACE_BOUND('',#6454,.T.);
#6456=ADVANCED_FACE('',(#6455),#6437,.T.);
#6457=CARTESIAN_POINT('',(51.915613016,118.129587024,49.418279912));
#6458=CARTESIAN_POINT('',(52.426101339,118.129587024,49.805846791));
#6459=B_SPLINE_CURVE_WITH_KNOTS('',1,(#6457,#6458),.UNSPECIFIED.,.F.,.F.,(2,2),(0.,0.604077394),.UNSPECIFIED.);
#6460=DIRECTION('',(-0.,-1.,0.));
#6461=VECTOR('',#6460,1.);
#6462=SURFACE_OF_LINEAR_EXTRUSION('',#6459,#6461);
#6463=CARTESIAN_POINT('',(51.915613016,118.229587024,49.418279912));
#6464=VERTEX_POINT('',#6463);
#6465=CARTESIAN_POINT('',(51.915613016,118.129587024,49.418279912));
#6466=DIRECTION('',(0.,1.,-0.));
#6467=VECTOR('',#6466,0.1);
#6468=LINE('',#6465,#6467);
#6469=EDGE_CURVE('',#1957,#6464,#6468,.T.);
#6470=ORIENTED_EDGE('',*,*,#6469,.T.);
#6471=CARTESIAN_POINT('',(51.915613016,118.229587024,49.418279912));
#6472=DIRECTION('',(0.796465933,-0.,0.604683402));
#6473=VECTOR('',#6472,0.640941818);
#6474=LINE('',#6471,#6473);
#6475=EDGE_CURVE('',#6464,#6439,#6474,.T.);
#6476=ORIENTED_EDGE('',*,*,#6475,.T.);
#6477=ORIENTED_EDGE('',*,*,#6444,.F.);
#6478=ORIENTED_EDGE('',*,*,#1971,.F.);
#6479=EDGE_LOOP('',(#6470,#6476,#6477,#6478));
#6480=FACE_BOUND('',#6479,.T.);
#6481=ADVANCED_FACE('',(#6480),#6462,.T.);
#6482=CARTESIAN_POINT('',(51.666186264,118.129587024,49.173082459));
#6483=CARTESIAN_POINT('',(51.766058876,118.129587024,49.302814944));
#6484=CARTESIAN_POINT('',(51.915613016,118.129587024,49.418279912));
#6485=B_SPLINE_CURVE_WITH_KNOTS('',2,(#6482,#6483,#6484),.UNSPECIFIED.,.F.,.F.,(3,3),(0.,1.),.UNSPECIFIED.);
#6486=DIRECTION('',(-0.,-1.,0.));
#6487=VECTOR('',#6486,1.);
#6488=SURFACE_OF_LINEAR_EXTRUSION('',#6485,#6487);
#6489=CARTESIAN_POINT('',(51.666186264,118.229587024,49.173082459));
#6490=VERTEX_POINT('',#6489);
#6491=CARTESIAN_POINT('',(51.666186266,118.129587024,49.173082461));
#6492=DIRECTION('',(0.,1.,-0.));
#6493=VECTOR('',#6492,0.1);
#6494=LINE('',#6491,#6493);
#6495=EDGE_CURVE('',#1948,#6490,#6494,.T.);
#6496=ORIENTED_EDGE('',*,*,#6495,.T.);
#6497=CARTESIAN_POINT('',(51.666186264,118.229587024,49.173082459));
#6498=CARTESIAN_POINT('',(51.732768005,118.229587024,49.259570782));
#6499=CARTESIAN_POINT('',(51.815910256,118.229587024,49.341303266));
#6500=CARTESIAN_POINT('',(51.915613016,118.229587024,49.418279912));
#6501=B_SPLINE_CURVE_WITH_KNOTS('',3,(#6497,#6498,#6499,#6500),.UNSPECIFIED.,.F.,.F.,(4,4),(0.,1.),.UNSPECIFIED.);
#6502=EDGE_CURVE('',#6490,#6464,#6501,.T.);
#6503=ORIENTED_EDGE('',*,*,#6502,.T.);
#6504=ORIENTED_EDGE('',*,*,#6469,.F.);
#6505=ORIENTED_EDGE('',*,*,#1963,.F.);
#6506=EDGE_LOOP('',(#6496,#6503,#6504,#6505));
#6507=FACE_BOUND('',#6506,.T.);
#6508=ADVANCED_FACE('',(#6507),#6488,.T.);
#6509=CARTESIAN_POINT('',(51.572768005,118.129587024,48.994534689));
#6510=CARTESIAN_POINT('',(51.62015654,118.129587024,49.112037873));
#6511=CARTESIAN_POINT('',(51.666186264,118.129587024,49.173082459));
#6512=B_SPLINE_CURVE_WITH_KNOTS('',2,(#6509,#6510,#6511),.UNSPECIFIED.,.F.,.F.,(3,3),(0.,1.),.UNSPECIFIED.);
#6513=DIRECTION('',(-0.,-1.,0.));
#6514=VECTOR('',#6513,1.);
#6515=SURFACE_OF_LINEAR_EXTRUSION('',#6512,#6514);
#6516=CARTESIAN_POINT('',(51.572768201,118.229587024,48.994535175));
#6517=VERTEX_POINT('',#6516);
#6518=CARTESIAN_POINT('',(51.572768005,118.129587024,48.994534689));
#6519=DIRECTION('',(0.,1.,-0.));
#6520=VECTOR('',#6519,0.1);
#6521=LINE('',#6518,#6520);
#6522=EDGE_CURVE('',#1939,#6517,#6521,.T.);
#6523=ORIENTED_EDGE('',*,*,#6522,.T.);
#6524=CARTESIAN_POINT('',(51.572768005,118.229587024,48.994534689));
#6525=CARTESIAN_POINT('',(51.604360362,118.229587024,49.072870145));
#6526=CARTESIAN_POINT('',(51.635499782,118.229587024,49.132386069));
#6527=CARTESIAN_POINT('',(51.666186264,118.229587024,49.173082459));
#6528=B_SPLINE_CURVE_WITH_KNOTS('',3,(#6524,#6525,#6526,#6527),.UNSPECIFIED.,.F.,.F.,(4,4),(0.,1.),.UNSPECIFIED.);
#6529=EDGE_CURVE('',#6517,#6490,#6528,.T.);
#6530=ORIENTED_EDGE('',*,*,#6529,.T.);
#6531=ORIENTED_EDGE('',*,*,#6495,.F.);
#6532=ORIENTED_EDGE('',*,*,#1954,.F.);
#6533=EDGE_LOOP('',(#6523,#6530,#6531,#6532));
#6534=FACE_BOUND('',#6533,.T.);
#6535=ADVANCED_FACE('',(#6534),#6515,.T.);
#6536=CARTESIAN_POINT('',(51.399774375,118.129587024,49.47096781));
#6537=CARTESIAN_POINT('',(51.535910256,118.129587024,49.316776727));
#6538=CARTESIAN_POINT('',(51.572768005,118.129587024,48.994534689));
#6539=B_SPLINE_CURVE_WITH_KNOTS('',2,(#6536,#6537,#6538),.UNSPECIFIED.,.F.,.F.,(3,3),(0.,1.),.UNSPECIFIED.);
#6540=DIRECTION('',(-0.,-1.,0.));
#6541=VECTOR('',#6540,1.);
#6542=SURFACE_OF_LINEAR_EXTRUSION('',#6539,#6541);
#6543=CARTESIAN_POINT('',(51.399774375,118.229587024,49.47096781));
#6544=VERTEX_POINT('',#6543);
#6545=CARTESIAN_POINT('',(51.399774377,118.129587024,49.470967808));
#6546=DIRECTION('',(0.,1.,-0.));
#6547=VECTOR('',#6546,0.1);
#6548=LINE('',#6545,#6547);
#6549=EDGE_CURVE('',#1930,#6544,#6548,.T.);
#6550=ORIENTED_EDGE('',*,*,#6549,.T.);
#6551=CARTESIAN_POINT('',(51.399774375,118.229587024,49.47096781));
#6552=CARTESIAN_POINT('',(51.490531629,118.229587024,49.368173755));
#6553=CARTESIAN_POINT('',(51.548196172,118.229587024,49.209362714));
#6554=CARTESIAN_POINT('',(51.572768005,118.229587024,48.994534689));
#6555=B_SPLINE_CURVE_WITH_KNOTS('',3,(#6551,#6552,#6553,#6554),.UNSPECIFIED.,.F.,.F.,(4,4),(0.,1.),.UNSPECIFIED.);
#6556=EDGE_CURVE('',#6544,#6517,#6555,.T.);
#6557=ORIENTED_EDGE('',*,*,#6556,.T.);
#6558=ORIENTED_EDGE('',*,*,#6522,.F.);
#6559=ORIENTED_EDGE('',*,*,#1945,.F.);
#6560=EDGE_LOOP('',(#6550,#6557,#6558,#6559));
#6561=FACE_BOUND('',#6560,.T.);
#6562=ADVANCED_FACE('',(#6561),#6542,.T.);
#6563=CARTESIAN_POINT('',(51.065167156,118.129587024,49.625260803));
#6564=CARTESIAN_POINT('',(51.263638494,118.129587024,49.625260803));
#6565=CARTESIAN_POINT('',(51.399774375,118.129587024,49.47096781));
#6566=B_SPLINE_CURVE_WITH_KNOTS('',2,(#6563,#6564,#6565),.UNSPECIFIED.,.F.,.F.,(3,3),(0.,1.),.UNSPECIFIED.);
#6567=DIRECTION('',(-0.,-1.,0.));
#6568=VECTOR('',#6567,1.);
#6569=SURFACE_OF_LINEAR_EXTRUSION('',#6566,#6568);
#6570=CARTESIAN_POINT('',(51.065167156,118.229587024,49.625260803));
#6571=VERTEX_POINT('',#6570);
#6572=CARTESIAN_POINT('',(51.065167156,118.129587024,49.625260803));
#6573=DIRECTION('',(0.,1.,-0.));
#6574=VECTOR('',#6573,0.1);
#6575=LINE('',#6572,#6574);
#6576=EDGE_CURVE('',#1921,#6571,#6575,.T.);
#6577=ORIENTED_EDGE('',*,*,#6576,.T.);
#6578=CARTESIAN_POINT('',(51.065167156,118.229587024,49.625260803));
#6579=CARTESIAN_POINT('',(51.197481381,118.229587024,49.625260803));
#6580=CARTESIAN_POINT('',(51.309017121,118.229587024,49.573829806));
#6581=CARTESIAN_POINT('',(51.399774375,118.229587024,49.47096781));
#6582=B_SPLINE_CURVE_WITH_KNOTS('',3,(#6578,#6579,#6580,#6581),.UNSPECIFIED.,.F.,.F.,(4,4),(0.,1.),.UNSPECIFIED.);
#6583=EDGE_CURVE('',#6571,#6544,#6582,.T.);
#6584=ORIENTED_EDGE('',*,*,#6583,.T.);
#6585=ORIENTED_EDGE('',*,*,#6549,.F.);
#6586=ORIENTED_EDGE('',*,*,#1936,.F.);
#6587=EDGE_LOOP('',(#6577,#6584,#6585,#6586));
#6588=FACE_BOUND('',#6587,.T.);
#6589=ADVANCED_FACE('',(#6588),#6569,.T.);
#6590=CARTESIAN_POINT('',(50.784063122,118.129587024,49.532114307));
#6591=CARTESIAN_POINT('',(50.911281806,118.129587024,49.625260803));
#6592=CARTESIAN_POINT('',(51.065167156,118.129587024,49.625260803));
#6593=B_SPLINE_CURVE_WITH_KNOTS('',2,(#6590,#6591,#6592),.UNSPECIFIED.,.F.,.F.,(3,3),(0.,1.),.UNSPECIFIED.);
#6594=DIRECTION('',(-0.,-1.,0.));
#6595=VECTOR('',#6594,1.);
#6596=SURFACE_OF_LINEAR_EXTRUSION('',#6593,#6595);
#6597=CARTESIAN_POINT('',(50.784063122,118.229587024,49.532114307));
#6598=VERTEX_POINT('',#6597);
#6599=CARTESIAN_POINT('',(50.784063122,118.129587024,49.532114307));
#6600=DIRECTION('',(0.,1.,-0.));
#6601=VECTOR('',#6600,0.1);
#6602=LINE('',#6599,#6601);
#6603=EDGE_CURVE('',#1912,#6598,#6602,.T.);
#6604=ORIENTED_EDGE('',*,*,#6603,.T.);
#6605=CARTESIAN_POINT('',(50.784063122,118.229587024,49.532114307));
#6606=CARTESIAN_POINT('',(50.868875578,118.229587024,49.594211971));
#6607=CARTESIAN_POINT('',(50.962576923,118.229587024,49.625260803));
#6608=CARTESIAN_POINT('',(51.065167156,118.229587024,49.625260803));
#6609=B_SPLINE_CURVE_WITH_KNOTS('',3,(#6605,#6606,#6607,#6608),.UNSPECIFIED.,.F.,.F.,(4,4),(0.,1.),.UNSPECIFIED.);
#6610=EDGE_CURVE('',#6598,#6571,#6609,.T.);
#6611=ORIENTED_EDGE('',*,*,#6610,.T.);
#6612=ORIENTED_EDGE('',*,*,#6576,.F.);
#6613=ORIENTED_EDGE('',*,*,#1927,.F.);
#6614=EDGE_LOOP('',(#6604,#6611,#6612,#6613));
#6615=FACE_BOUND('',#6614,.T.);
#6616=ADVANCED_FACE('',(#6615),#6596,.T.);
#6617=CARTESIAN_POINT('',(50.606653356,118.129587024,49.283146154));
#6618=CARTESIAN_POINT('',(50.656844438,118.129587024,49.43896781));
#6619=CARTESIAN_POINT('',(50.784063122,118.129587024,49.532114307));
#6620=B_SPLINE_CURVE_WITH_KNOTS('',2,(#6617,#6618,#6619),.UNSPECIFIED.,.F.,.F.,(3,3),(0.,1.),.UNSPECIFIED.);
#6621=DIRECTION('',(-0.,-1.,0.));
#6622=VECTOR('',#6621,1.);
#6623=SURFACE_OF_LINEAR_EXTRUSION('',#6620,#6622);
#6624=CARTESIAN_POINT('',(50.606653356,118.229587024,49.283146154));
#6625=VERTEX_POINT('',#6624);
#6626=CARTESIAN_POINT('',(50.606653356,118.129587024,49.283146154));
#6627=DIRECTION('',(0.,1.,-0.));
#6628=VECTOR('',#6627,0.1);
#6629=LINE('',#6626,#6628);
#6630=EDGE_CURVE('',#1903,#6625,#6629,.T.);
#6631=ORIENTED_EDGE('',*,*,#6630,.T.);
#6632=CARTESIAN_POINT('',(50.606653356,118.229587024,49.283146154));
#6633=CARTESIAN_POINT('',(50.640114077,118.229587024,49.387027258));
#6634=CARTESIAN_POINT('',(50.699250666,118.229587024,49.470016642));
#6635=CARTESIAN_POINT('',(50.784063122,118.229587024,49.532114307));
#6636=B_SPLINE_CURVE_WITH_KNOTS('',3,(#6632,#6633,#6634,#6635),.UNSPECIFIED.,.F.,.F.,(4,4),(0.,1.),.UNSPECIFIED.);
#6637=EDGE_CURVE('',#6625,#6598,#6636,.T.);
#6638=ORIENTED_EDGE('',*,*,#6637,.T.);
#6639=ORIENTED_EDGE('',*,*,#6603,.F.);
#6640=ORIENTED_EDGE('',*,*,#1918,.F.);
#6641=EDGE_LOOP('',(#6631,#6638,#6639,#6640));
#6642=FACE_BOUND('',#6641,.T.);
#6643=ADVANCED_FACE('',(#6642),#6623,.T.);
#6644=CARTESIAN_POINT('',(50.556377347,118.129587024,48.828012396));
#6645=CARTESIAN_POINT('',(50.556377347,118.129587024,49.127324498));
#6646=CARTESIAN_POINT('',(50.606653356,118.129587024,49.283146154));
#6647=B_SPLINE_CURVE_WITH_KNOTS('',2,(#6644,#6645,#6646),.UNSPECIFIED.,.F.,.F.,(3,3),(0.,1.),.UNSPECIFIED.);
#6648=DIRECTION('',(-0.,-1.,0.));
#6649=VECTOR('',#6648,1.);
#6650=SURFACE_OF_LINEAR_EXTRUSION('',#6647,#6649);
#6651=CARTESIAN_POINT('',(50.556377347,118.229587024,48.828012396));
#6652=VERTEX_POINT('',#6651);
#6653=CARTESIAN_POINT('',(50.556377347,118.129587024,48.828012396));
#6654=DIRECTION('',(0.,1.,-0.));
#6655=VECTOR('',#6654,0.1);
#6656=LINE('',#6653,#6655);
#6657=EDGE_CURVE('',#1895,#6652,#6656,.T.);
#6658=ORIENTED_EDGE('',*,*,#6657,.T.);
#6659=CARTESIAN_POINT('',(50.556377347,118.229587024,48.828012396));
#6660=CARTESIAN_POINT('',(50.556377347,118.229587024,49.027553797));
#6661=CARTESIAN_POINT('',(50.573136017,118.229587024,49.17926505));
#6662=CARTESIAN_POINT('',(50.606653356,118.229587024,49.283146154));
#6663=B_SPLINE_CURVE_WITH_KNOTS('',3,(#6659,#6660,#6661,#6662),.UNSPECIFIED.,.F.,.F.,(4,4),(0.,1.),.UNSPECIFIED.);
#6664=EDGE_CURVE('',#6652,#6625,#6663,.T.);
#6665=ORIENTED_EDGE('',*,*,#6664,.T.);
#6666=ORIENTED_EDGE('',*,*,#6630,.F.);
#6667=ORIENTED_EDGE('',*,*,#1909,.F.);
#6668=EDGE_LOOP('',(#6658,#6665,#6666,#6667));
#6669=FACE_BOUND('',#6668,.T.);
#6670=ADVANCED_FACE('',(#6669),#6650,.T.);
#6671=CARTESIAN_POINT('',(50.556377347,118.129587024,47.838152523));
#6672=CARTESIAN_POINT('',(50.556377347,118.129587024,48.828012396));
#6673=B_SPLINE_CURVE_WITH_KNOTS('',1,(#6671,#6672),.UNSPECIFIED.,.F.,.F.,(2,2),(0.,0.824883227),.UNSPECIFIED.);
#6674=DIRECTION('',(-0.,-1.,0.));
#6675=VECTOR('',#6674,1.);
#6676=SURFACE_OF_LINEAR_EXTRUSION('',#6673,#6675);
#6677=CARTESIAN_POINT('',(50.556377347,118.229587024,47.838152523));
#6678=VERTEX_POINT('',#6677);
#6679=CARTESIAN_POINT('',(50.556377347,118.129587024,47.838152523));
#6680=DIRECTION('',(0.,1.,-0.));
#6681=VECTOR('',#6680,0.1);
#6682=LINE('',#6679,#6681);
#6683=EDGE_CURVE('',#1887,#6678,#6682,.T.);
#6684=ORIENTED_EDGE('',*,*,#6683,.T.);
#6685=CARTESIAN_POINT('',(50.556377347,118.229587024,47.838152523));
#6686=DIRECTION('',(0.,0.,1.));
#6687=VECTOR('',#6686,0.989859873);
#6688=LINE('',#6685,#6687);
#6689=EDGE_CURVE('',#6678,#6652,#6688,.T.);
#6690=ORIENTED_EDGE('',*,*,#6689,.T.);
#6691=ORIENTED_EDGE('',*,*,#6657,.F.);
#6692=ORIENTED_EDGE('',*,*,#1900,.F.);
#6693=EDGE_LOOP('',(#6684,#6690,#6691,#6692));
#6694=FACE_BOUND('',#6693,.T.);
#6695=ADVANCED_FACE('',(#6694),#6676,.T.);
#6696=CARTESIAN_POINT('',(52.426101339,118.129587024,47.838152523));
#6697=CARTESIAN_POINT('',(50.556377347,118.129587024,47.838152523));
#6698=B_SPLINE_CURVE_WITH_KNOTS('',1,(#6696,#6697),.UNSPECIFIED.,.F.,.F.,(2,2),(0.,1.869723992),.UNSPECIFIED.);
#6699=DIRECTION('',(-0.,-1.,0.));
#6700=VECTOR('',#6699,1.);
#6701=SURFACE_OF_LINEAR_EXTRUSION('',#6698,#6700);
#6702=ORIENTED_EDGE('',*,*,#6241,.T.);
#6703=CARTESIAN_POINT('',(52.426101339,118.229587024,47.838152523));
#6704=DIRECTION('',(-1.,0.,0.));
#6705=VECTOR('',#6704,1.869723992);
#6706=LINE('',#6703,#6705);
#6707=EDGE_CURVE('',#6230,#6678,#6706,.T.);
#6708=ORIENTED_EDGE('',*,*,#6707,.T.);
#6709=ORIENTED_EDGE('',*,*,#6683,.F.);
#6710=ORIENTED_EDGE('',*,*,#1892,.F.);
#6711=EDGE_LOOP('',(#6702,#6708,#6709,#6710));
#6712=FACE_BOUND('',#6711,.T.);
#6713=ADVANCED_FACE('',(#6712),#6701,.T.);
#6714=CARTESIAN_POINT('',(54.526101339,118.129587024,38.042585644));
#6715=CARTESIAN_POINT('',(54.526101339,118.129587024,37.638356345));
#6716=B_SPLINE_CURVE_WITH_KNOTS('',1,(#6714,#6715),.UNSPECIFIED.,.F.,.F.,(2,2),(0.,0.336857749),.UNSPECIFIED.);
#6717=DIRECTION('',(-0.,-1.,0.));
#6718=VECTOR('',#6717,1.);
#6719=SURFACE_OF_LINEAR_EXTRUSION('',#6716,#6718);
#6720=CARTESIAN_POINT('',(54.526101339,118.229587024,38.042585644));
#6721=VERTEX_POINT('',#6720);
#6722=CARTESIAN_POINT('',(54.526101339,118.129587024,38.042585644));
#6723=DIRECTION('',(0.,1.,-0.));
#6724=VECTOR('',#6723,0.1);
#6725=LINE('',#6722,#6724);
#6726=EDGE_CURVE('',#2072,#6721,#6725,.T.);
#6727=ORIENTED_EDGE('',*,*,#6726,.T.);
#6728=CARTESIAN_POINT('',(54.526101339,118.229587024,37.638356345));
#6729=VERTEX_POINT('',#6728);
#6730=CARTESIAN_POINT('',(54.526101339,118.229587024,38.042585644));
#6731=DIRECTION('',(-0.,0.,-1.));
#6732=VECTOR('',#6731,0.404229299);
#6733=LINE('',#6730,#6732);
#6734=EDGE_CURVE('',#6721,#6729,#6733,.T.);
#6735=ORIENTED_EDGE('',*,*,#6734,.T.);
#6736=CARTESIAN_POINT('',(54.526101339,118.129587024,37.638356345));
#6737=DIRECTION('',(0.,1.,-0.));
#6738=VECTOR('',#6737,0.1);
#6739=LINE('',#6736,#6738);
#6740=EDGE_CURVE('',#2074,#6729,#6739,.T.);
#6741=ORIENTED_EDGE('',*,*,#6740,.F.);
#6742=ORIENTED_EDGE('',*,*,#2079,.F.);
#6743=EDGE_LOOP('',(#6727,#6735,#6741,#6742));
#6744=FACE_BOUND('',#6743,.T.);
#6745=ADVANCED_FACE('',(#6744),#6719,.T.);
#6746=CARTESIAN_POINT('',(54.510177772,118.129587024,38.222560166));
#6747=CARTESIAN_POINT('',(54.526101339,118.129587024,38.144241695));
#6748=CARTESIAN_POINT('',(54.526101339,118.129587024,38.042585644));
#6749=B_SPLINE_CURVE_WITH_KNOTS('',2,(#6746,#6747,#6748),.UNSPECIFIED.,.F.,.F.,(3,3),(0.,1.),.UNSPECIFIED.);
#6750=DIRECTION('',(-0.,-1.,0.));
#6751=VECTOR('',#6750,1.);
#6752=SURFACE_OF_LINEAR_EXTRUSION('',#6749,#6751);
#6753=CARTESIAN_POINT('',(54.510177772,118.229587024,38.222560166));
#6754=VERTEX_POINT('',#6753);
#6755=CARTESIAN_POINT('',(54.510177801,118.129587024,38.222560022));
#6756=DIRECTION('',(0.,1.,-0.));
#6757=VECTOR('',#6756,0.1);
#6758=LINE('',#6755,#6757);
#6759=EDGE_CURVE('',#2161,#6754,#6758,.T.);
#6760=ORIENTED_EDGE('',*,*,#6759,.T.);
#6761=CARTESIAN_POINT('',(54.510177772,118.229587024,38.222560166));
#6762=CARTESIAN_POINT('',(54.520793483,118.229587024,38.170347852));
#6763=CARTESIAN_POINT('',(54.526101339,118.229587024,38.110356345));
#6764=CARTESIAN_POINT('',(54.526101339,118.229587024,38.042585644));
#6765=B_SPLINE_CURVE_WITH_KNOTS('',3,(#6761,#6762,#6763,#6764),.UNSPECIFIED.,.F.,.F.,(4,4),(0.,1.),.UNSPECIFIED.);
#6766=EDGE_CURVE('',#6754,#6721,#6765,.T.);
#6767=ORIENTED_EDGE('',*,*,#6766,.T.);
#6768=ORIENTED_EDGE('',*,*,#6726,.F.);
#6769=ORIENTED_EDGE('',*,*,#2174,.F.);
#6770=EDGE_LOOP('',(#6760,#6767,#6768,#6769));
#6771=FACE_BOUND('',#6770,.T.);
#6772=ADVANCED_FACE('',(#6771),#6752,.T.);
#6773=CARTESIAN_POINT('',(54.463298791,118.129587024,38.356267173));
#6774=CARTESIAN_POINT('',(54.494211742,118.129587024,38.300878638));
#6775=CARTESIAN_POINT('',(54.510177772,118.129587024,38.222560166));
#6776=CARTESIAN_POINT('',(54.510337432,118.129587024,38.221776982));
#6777=CARTESIAN_POINT('',(54.510497092,118.129587024,38.220993797));
#6778=B_SPLINE_CURVE_WITH_KNOTS('',2,(#6773,#6774,#6775,#6776,#6777),.UNSPECIFIED.,.F.,.F.,(3,2,3),(0.,1.,1.01),.UNSPECIFIED.);
#6779=DIRECTION('',(-0.,-1.,0.));
#6780=VECTOR('',#6779,1.);
#6781=SURFACE_OF_LINEAR_EXTRUSION('',#6778,#6780);
#6782=CARTESIAN_POINT('',(54.463298791,118.229587024,38.356267173));
#6783=VERTEX_POINT('',#6782);
#6784=CARTESIAN_POINT('',(54.463298794,118.129587024,38.356267169));
#6785=DIRECTION('',(0.,1.,-0.));
#6786=VECTOR('',#6785,0.1);
#6787=LINE('',#6784,#6786);
#6788=EDGE_CURVE('',#2152,#6783,#6787,.T.);
#6789=ORIENTED_EDGE('',*,*,#6788,.T.);
#6790=CARTESIAN_POINT('',(54.463298791,118.229587024,38.356267173));
#6791=CARTESIAN_POINT('',(54.483907425,118.229587024,38.319341483));
#6792=CARTESIAN_POINT('',(54.499533752,118.229587024,38.274772481));
#6793=CARTESIAN_POINT('',(54.510177772,118.229587024,38.222560166));
#6794=B_SPLINE_CURVE_WITH_KNOTS('',3,(#6790,#6791,#6792,#6793),.UNSPECIFIED.,.F.,.F.,(4,4),(0.,1.),.UNSPECIFIED.);
#6795=EDGE_CURVE('',#6783,#6754,#6794,.T.);
#6796=ORIENTED_EDGE('',*,*,#6795,.T.);
#6797=ORIENTED_EDGE('',*,*,#6759,.F.);
#6798=ORIENTED_EDGE('',*,*,#2167,.F.);
#6799=EDGE_LOOP('',(#6789,#6796,#6797,#6798));
#6800=FACE_BOUND('',#6799,.T.);
#6801=ADVANCED_FACE('',(#6800),#6781,.T.);
#6802=CARTESIAN_POINT('',(54.378458027,118.129587024,38.458279912));
#6803=CARTESIAN_POINT('',(54.432343377,118.129587024,38.411706663));
#6804=CARTESIAN_POINT('',(54.463298791,118.129587024,38.356267173));
#6805=CARTESIAN_POINT('',(54.463608345,118.129587024,38.355712778));
#6806=CARTESIAN_POINT('',(54.463917899,118.129587024,38.355158383));
#6807=B_SPLINE_CURVE_WITH_KNOTS('',2,(#6802,#6803,#6804,#6805,#6806),.UNSPECIFIED.,.F.,.F.,(3,2,3),(0.,1.,1.01),.UNSPECIFIED.);
#6808=DIRECTION('',(-0.,-1.,0.));
#6809=VECTOR('',#6808,1.);
#6810=SURFACE_OF_LINEAR_EXTRUSION('',#6807,#6809);
#6811=CARTESIAN_POINT('',(54.378458027,118.229587024,38.458279912));
#6812=VERTEX_POINT('',#6811);
#6813=CARTESIAN_POINT('',(54.378458027,118.129587024,38.458279912));
#6814=DIRECTION('',(0.,1.,-0.));
#6815=VECTOR('',#6814,0.1);
#6816=LINE('',#6813,#6815);
#6817=EDGE_CURVE('',#2143,#6812,#6816,.T.);
#6818=ORIENTED_EDGE('',*,*,#6817,.T.);
#6819=CARTESIAN_POINT('',(54.378458027,118.229587024,38.458279912));
#6820=CARTESIAN_POINT('',(54.414381593,118.229587024,38.427231079));
#6821=CARTESIAN_POINT('',(54.442661848,118.229587024,38.393226833));
#6822=CARTESIAN_POINT('',(54.463298791,118.229587024,38.356267173));
#6823=B_SPLINE_CURVE_WITH_KNOTS('',3,(#6819,#6820,#6821,#6822),.UNSPECIFIED.,.F.,.F.,(4,4),(0.,1.),.UNSPECIFIED.);
#6824=EDGE_CURVE('',#6812,#6783,#6823,.T.);
#6825=ORIENTED_EDGE('',*,*,#6824,.T.);
#6826=ORIENTED_EDGE('',*,*,#6788,.F.);
#6827=ORIENTED_EDGE('',*,*,#2158,.F.);
#6828=EDGE_LOOP('',(#6818,#6825,#6826,#6827));
#6829=FACE_BOUND('',#6828,.T.);
#6830=ADVANCED_FACE('',(#6829),#6810,.T.);
#6831=CARTESIAN_POINT('',(54.242322145,118.129587024,38.534713033));
#6832=CARTESIAN_POINT('',(54.324572676,118.129587024,38.504904116));
#6833=CARTESIAN_POINT('',(54.378458027,118.129587024,38.458279912));
#6834=B_SPLINE_CURVE_WITH_KNOTS('',2,(#6831,#6832,#6833),.UNSPECIFIED.,.F.,.F.,(3,3),(0.,1.),.UNSPECIFIED.);
#6835=DIRECTION('',(-0.,-1.,0.));
#6836=VECTOR('',#6835,1.);
#6837=SURFACE_OF_LINEAR_EXTRUSION('',#6834,#6836);
#6838=CARTESIAN_POINT('',(54.242322145,118.229587024,38.534713033));
#6839=VERTEX_POINT('',#6838);
#6840=CARTESIAN_POINT('',(54.242322145,118.129587024,38.534713033));
#6841=DIRECTION('',(0.,1.,-0.));
#6842=VECTOR('',#6841,0.1);
#6843=LINE('',#6840,#6842);
#6844=EDGE_CURVE('',#2134,#6839,#6843,.T.);
#6845=ORIENTED_EDGE('',*,*,#6844,.T.);
#6846=CARTESIAN_POINT('',(54.242322145,118.229587024,38.534713033));
#6847=CARTESIAN_POINT('',(54.297155833,118.229587024,38.514840421));
#6848=CARTESIAN_POINT('',(54.34253446,118.229587024,38.489362714));
#6849=CARTESIAN_POINT('',(54.378458027,118.229587024,38.458279912));
#6850=B_SPLINE_CURVE_WITH_KNOTS('',3,(#6846,#6847,#6848,#6849),.UNSPECIFIED.,.F.,.F.,(4,4),(0.,1.),.UNSPECIFIED.);
#6851=EDGE_CURVE('',#6839,#6812,#6850,.T.);
#6852=ORIENTED_EDGE('',*,*,#6851,.T.);
#6853=ORIENTED_EDGE('',*,*,#6817,.F.);
#6854=ORIENTED_EDGE('',*,*,#2149,.F.);
#6855=EDGE_LOOP('',(#6845,#6852,#6853,#6854));
#6856=FACE_BOUND('',#6855,.T.);
#6857=ADVANCED_FACE('',(#6856),#6837,.T.);
#6858=CARTESIAN_POINT('',(54.053574799,118.129587024,38.56452195));
#6859=CARTESIAN_POINT('',(54.160071615,118.129587024,38.56452195));
#6860=CARTESIAN_POINT('',(54.242322145,118.129587024,38.534713033));
#6861=B_SPLINE_CURVE_WITH_KNOTS('',2,(#6858,#6859,#6860),.UNSPECIFIED.,.F.,.F.,(3,3),(0.,1.),.UNSPECIFIED.);
#6862=DIRECTION('',(-0.,-1.,0.));
#6863=VECTOR('',#6862,1.);
#6864=SURFACE_OF_LINEAR_EXTRUSION('',#6861,#6863);
#6865=CARTESIAN_POINT('',(54.053574799,118.229587024,38.56452195));
#6866=VERTEX_POINT('',#6865);
#6867=CARTESIAN_POINT('',(54.053574799,118.129587024,38.56452195));
#6868=DIRECTION('',(0.,1.,-0.));
#6869=VECTOR('',#6868,0.1);
#6870=LINE('',#6867,#6869);
#6871=EDGE_CURVE('',#2125,#6866,#6870,.T.);
#6872=ORIENTED_EDGE('',*,*,#6871,.T.);
#6873=CARTESIAN_POINT('',(54.053574799,118.229587024,38.56452195));
#6874=CARTESIAN_POINT('',(54.124572676,118.229587024,38.56452195));
#6875=CARTESIAN_POINT('',(54.187488458,118.229587024,38.554585644));
#6876=CARTESIAN_POINT('',(54.242322145,118.229587024,38.534713033));
#6877=B_SPLINE_CURVE_WITH_KNOTS('',3,(#6873,#6874,#6875,#6876),.UNSPECIFIED.,.F.,.F.,(4,4),(0.,1.),.UNSPECIFIED.);
#6878=EDGE_CURVE('',#6866,#6839,#6877,.T.);
#6879=ORIENTED_EDGE('',*,*,#6878,.T.);
#6880=ORIENTED_EDGE('',*,*,#6844,.F.);
#6881=ORIENTED_EDGE('',*,*,#2140,.F.);
#6882=EDGE_LOOP('',(#6872,#6879,#6880,#6881));
#6883=FACE_BOUND('',#6882,.T.);
#6884=ADVANCED_FACE('',(#6883),#6864,.T.);
#6885=CARTESIAN_POINT('',(53.831324269,118.129587024,38.520547428));
#6886=CARTESIAN_POINT('',(53.928564184,118.129587024,38.56452195));
#6887=CARTESIAN_POINT('',(54.053574799,118.129587024,38.56452195));
#6888=B_SPLINE_CURVE_WITH_KNOTS('',2,(#6885,#6886,#6887),.UNSPECIFIED.,.F.,.F.,(3,3),(0.,1.),.UNSPECIFIED.);
#6889=DIRECTION('',(-0.,-1.,0.));
#6890=VECTOR('',#6889,1.);
#6891=SURFACE_OF_LINEAR_EXTRUSION('',#6888,#6890);
#6892=CARTESIAN_POINT('',(53.831324269,118.229587024,38.520547428));
#6893=VERTEX_POINT('',#6892);
#6894=CARTESIAN_POINT('',(53.83132427,118.129587024,38.520547428));
#6895=DIRECTION('',(0.,1.,-0.));
#6896=VECTOR('',#6895,0.1);
#6897=LINE('',#6894,#6896);
#6898=EDGE_CURVE('',#2116,#6893,#6897,.T.);
#6899=ORIENTED_EDGE('',*,*,#6898,.T.);
#6900=CARTESIAN_POINT('',(53.831324269,118.229587024,38.520547428));
#6901=CARTESIAN_POINT('',(53.896150879,118.229587024,38.549863776));
#6902=CARTESIAN_POINT('',(53.970234389,118.229587024,38.56452195));
#6903=CARTESIAN_POINT('',(54.053574799,118.229587024,38.56452195));
#6904=B_SPLINE_CURVE_WITH_KNOTS('',3,(#6900,#6901,#6902,#6903),.UNSPECIFIED.,.F.,.F.,(4,4),(0.,1.),.UNSPECIFIED.);
#6905=EDGE_CURVE('',#6893,#6866,#6904,.T.);
#6906=ORIENTED_EDGE('',*,*,#6905,.T.);
#6907=ORIENTED_EDGE('',*,*,#6871,.F.);
#6908=ORIENTED_EDGE('',*,*,#2131,.F.);
#6909=EDGE_LOOP('',(#6899,#6906,#6907,#6908));
#6910=FACE_BOUND('',#6909,.T.);
#6911=ADVANCED_FACE('',(#6910),#6891,.T.);
#6912=CARTESIAN_POINT('',(53.671579046,118.129587024,38.388012396));
#6913=CARTESIAN_POINT('',(53.734084353,118.129587024,38.476623861));
#6914=CARTESIAN_POINT('',(53.831324269,118.129587024,38.520547428));
#6915=B_SPLINE_CURVE_WITH_KNOTS('',2,(#6912,#6913,#6914),.UNSPECIFIED.,.F.,.F.,(3,3),(0.,1.),.UNSPECIFIED.);
#6916=DIRECTION('',(-0.,-1.,0.));
#6917=VECTOR('',#6916,1.);
#6918=SURFACE_OF_LINEAR_EXTRUSION('',#6915,#6917);
#6919=CARTESIAN_POINT('',(53.671579046,118.229587024,38.388012396));
#6920=VERTEX_POINT('',#6919);
#6921=CARTESIAN_POINT('',(53.671579046,118.129587024,38.388012396));
#6922=DIRECTION('',(0.,1.,-0.));
#6923=VECTOR('',#6922,0.1);
#6924=LINE('',#6921,#6923);
#6925=EDGE_CURVE('',#2107,#6920,#6924,.T.);
#6926=ORIENTED_EDGE('',*,*,#6925,.T.);
#6927=CARTESIAN_POINT('',(53.671579046,118.229587024,38.388012396));
#6928=CARTESIAN_POINT('',(53.713249251,118.229587024,38.447086706));
#6929=CARTESIAN_POINT('',(53.766497659,118.229587024,38.49126505));
#6930=CARTESIAN_POINT('',(53.831324269,118.229587024,38.520547428));
#6931=B_SPLINE_CURVE_WITH_KNOTS('',3,(#6927,#6928,#6929,#6930),.UNSPECIFIED.,.F.,.F.,(4,4),(0.,1.),.UNSPECIFIED.);
#6932=EDGE_CURVE('',#6920,#6893,#6931,.T.);
#6933=ORIENTED_EDGE('',*,*,#6932,.T.);
#6934=ORIENTED_EDGE('',*,*,#6898,.F.);
#6935=ORIENTED_EDGE('',*,*,#2122,.F.);
#6936=EDGE_LOOP('',(#6926,#6933,#6934,#6935));
#6937=FACE_BOUND('',#6936,.T.);
#6938=ADVANCED_FACE('',(#6937),#6918,.T.);
#6939=CARTESIAN_POINT('',(53.604615139,118.129587024,38.223681186));
#6940=CARTESIAN_POINT('',(53.623128939,118.129587024,38.319986918));
#6941=CARTESIAN_POINT('',(53.671579046,118.129587024,38.388012396));
#6942=B_SPLINE_CURVE_WITH_KNOTS('',2,(#6939,#6940,#6941),.UNSPECIFIED.,.F.,.F.,(3,3),(0.,1.),.UNSPECIFIED.);
#6943=DIRECTION('',(-0.,-1.,0.));
#6944=VECTOR('',#6943,1.);
#6945=SURFACE_OF_LINEAR_EXTRUSION('',#6942,#6944);
#6946=CARTESIAN_POINT('',(53.604615139,118.229587024,38.223681186));
#6947=VERTEX_POINT('',#6946);
#6948=CARTESIAN_POINT('',(53.604615139,118.129587024,38.223681186));
#6949=DIRECTION('',(0.,1.,-0.));
#6950=VECTOR('',#6949,0.1);
#6951=LINE('',#6948,#6950);
#6952=EDGE_CURVE('',#2098,#6947,#6951,.T.);
#6953=ORIENTED_EDGE('',*,*,#6952,.T.);
#6954=CARTESIAN_POINT('',(53.604615139,118.229587024,38.223681186));
#6955=CARTESIAN_POINT('',(53.616957673,118.229587024,38.287885007));
#6956=CARTESIAN_POINT('',(53.639278975,118.229587024,38.342662077));
#6957=CARTESIAN_POINT('',(53.671579046,118.229587024,38.388012396));
#6958=B_SPLINE_CURVE_WITH_KNOTS('',3,(#6954,#6955,#6956,#6957),.UNSPECIFIED.,.F.,.F.,(4,4),(0.,1.),.UNSPECIFIED.);
#6959=EDGE_CURVE('',#6947,#6920,#6958,.T.);
#6960=ORIENTED_EDGE('',*,*,#6959,.T.);
#6961=ORIENTED_EDGE('',*,*,#6925,.F.);
#6962=ORIENTED_EDGE('',*,*,#2113,.F.);
#6963=EDGE_LOOP('',(#6953,#6960,#6961,#6962));
#6964=FACE_BOUND('',#6963,.T.);
#6965=ADVANCED_FACE('',(#6964),#6945,.T.);
#6966=CARTESIAN_POINT('',(53.591239343,118.129587024,38.024241695));
#6967=CARTESIAN_POINT('',(53.591239343,118.129587024,38.154942332));
#6968=CARTESIAN_POINT('',(53.604615139,118.129587024,38.223681186));
#6969=B_SPLINE_CURVE_WITH_KNOTS('',2,(#6966,#6967,#6968),.UNSPECIFIED.,.F.,.F.,(3,3),(0.,1.),.UNSPECIFIED.);
#6970=DIRECTION('',(-0.,-1.,0.));
#6971=VECTOR('',#6970,1.);
#6972=SURFACE_OF_LINEAR_EXTRUSION('',#6969,#6971);
#6973=CARTESIAN_POINT('',(53.591239343,118.229587024,38.024241695));
#6974=VERTEX_POINT('',#6973);
#6975=CARTESIAN_POINT('',(53.591239343,118.129587024,38.024241695));
#6976=DIRECTION('',(0.,1.,-0.));
#6977=VECTOR('',#6976,0.1);
#6978=LINE('',#6975,#6977);
#6979=EDGE_CURVE('',#2090,#6974,#6978,.T.);
#6980=ORIENTED_EDGE('',*,*,#6979,.T.);
#6981=CARTESIAN_POINT('',(53.591239343,118.229587024,38.024241695));
#6982=CARTESIAN_POINT('',(53.591239343,118.229587024,38.111375453));
#6983=CARTESIAN_POINT('',(53.595697942,118.229587024,38.177855283));
#6984=CARTESIAN_POINT('',(53.604615139,118.229587024,38.223681186));
#6985=B_SPLINE_CURVE_WITH_KNOTS('',3,(#6981,#6982,#6983,#6984),.UNSPECIFIED.,.F.,.F.,(4,4),(0.,1.),.UNSPECIFIED.);
#6986=EDGE_CURVE('',#6974,#6947,#6985,.T.);
#6987=ORIENTED_EDGE('',*,*,#6986,.T.);
#6988=ORIENTED_EDGE('',*,*,#6952,.F.);
#6989=ORIENTED_EDGE('',*,*,#2104,.F.);
#6990=EDGE_LOOP('',(#6980,#6987,#6988,#6989));
#6991=FACE_BOUND('',#6990,.T.);
#6992=ADVANCED_FACE('',(#6991),#6972,.T.);
#6993=CARTESIAN_POINT('',(53.591239343,118.129587024,37.638356345));
#6994=CARTESIAN_POINT('',(53.591239343,118.129587024,38.024241695));
#6995=B_SPLINE_CURVE_WITH_KNOTS('',1,(#6993,#6994),.UNSPECIFIED.,.F.,.F.,(2,2),(0.,0.321571125),.UNSPECIFIED.);
#6996=DIRECTION('',(-0.,-1.,0.));
#6997=VECTOR('',#6996,1.);
#6998=SURFACE_OF_LINEAR_EXTRUSION('',#6995,#6997);
#6999=CARTESIAN_POINT('',(53.591239343,118.229587024,37.638356345));
#7000=VERTEX_POINT('',#6999);
#7001=CARTESIAN_POINT('',(53.591239343,118.129587024,37.638356345));
#7002=DIRECTION('',(0.,1.,-0.));
#7003=VECTOR('',#7002,0.1);
#7004=LINE('',#7001,#7003);
#7005=EDGE_CURVE('',#2082,#7000,#7004,.T.);
#7006=ORIENTED_EDGE('',*,*,#7005,.T.);
#7007=CARTESIAN_POINT('',(53.591239343,118.229587024,37.638356345));
#7008=DIRECTION('',(0.,-0.,1.));
#7009=VECTOR('',#7008,0.38588535);
#7010=LINE('',#7007,#7009);
#7011=EDGE_CURVE('',#7000,#6974,#7010,.T.);
#7012=ORIENTED_EDGE('',*,*,#7011,.T.);
#7013=ORIENTED_EDGE('',*,*,#6979,.F.);
#7014=ORIENTED_EDGE('',*,*,#2095,.F.);
#7015=EDGE_LOOP('',(#7006,#7012,#7013,#7014));
#7016=FACE_BOUND('',#7015,.T.);
#7017=ADVANCED_FACE('',(#7016),#6998,.T.);
#7018=CARTESIAN_POINT('',(54.526101339,118.129587024,37.638356345));
#7019=CARTESIAN_POINT('',(53.591239343,118.129587024,37.638356345));
#7020=B_SPLINE_CURVE_WITH_KNOTS('',1,(#7018,#7019),.UNSPECIFIED.,.F.,.F.,(2,2),(0.,0.934861996),.UNSPECIFIED.);
#7021=DIRECTION('',(-0.,-1.,0.));
#7022=VECTOR('',#7021,1.);
#7023=SURFACE_OF_LINEAR_EXTRUSION('',#7020,#7022);
#7024=ORIENTED_EDGE('',*,*,#6740,.T.);
#7025=CARTESIAN_POINT('',(54.526101339,118.229587024,37.638356345));
#7026=DIRECTION('',(-1.,0.,0.));
#7027=VECTOR('',#7026,0.934861996);
#7028=LINE('',#7025,#7027);
#7029=EDGE_CURVE('',#6729,#7000,#7028,.T.);
#7030=ORIENTED_EDGE('',*,*,#7029,.T.);
#7031=ORIENTED_EDGE('',*,*,#7005,.F.);
#7032=ORIENTED_EDGE('',*,*,#2087,.F.);
#7033=EDGE_LOOP('',(#7024,#7030,#7031,#7032));
#7034=FACE_BOUND('',#7033,.T.);
#7035=ADVANCED_FACE('',(#7034),#7023,.T.);
#7036=CARTESIAN_POINT('',(54.526101339,118.129587024,38.942814944));
#7037=CARTESIAN_POINT('',(54.526101339,118.129587024,38.796063351));
#7038=B_SPLINE_CURVE_WITH_KNOTS('',1,(#7036,#7037),.UNSPECIFIED.,.F.,.F.,(2,2),(0.,0.122292994),.UNSPECIFIED.);
#7039=DIRECTION('',(-0.,-1.,0.));
#7040=VECTOR('',#7039,1.);
#7041=SURFACE_OF_LINEAR_EXTRUSION('',#7038,#7040);
#7042=CARTESIAN_POINT('',(54.526101339,118.229587024,38.942814944));
#7043=VERTEX_POINT('',#7042);
#7044=CARTESIAN_POINT('',(54.526101339,118.129587024,38.942814944));
#7045=DIRECTION('',(0.,1.,-0.));
#7046=VECTOR('',#7045,0.1);
#7047=LINE('',#7044,#7046);
#7048=EDGE_CURVE('',#2179,#7043,#7047,.T.);
#7049=ORIENTED_EDGE('',*,*,#7048,.T.);
#7050=CARTESIAN_POINT('',(54.526101339,118.229587024,38.796063351));
#7051=VERTEX_POINT('',#7050);
#7052=CARTESIAN_POINT('',(54.526101339,118.229587024,38.942814944));
#7053=DIRECTION('',(-0.,0.,-1.));
#7054=VECTOR('',#7053,0.146751593);
#7055=LINE('',#7052,#7054);
#7056=EDGE_CURVE('',#7043,#7051,#7055,.T.);
#7057=ORIENTED_EDGE('',*,*,#7056,.T.);
#7058=CARTESIAN_POINT('',(54.526101339,118.129587024,38.796063351));
#7059=DIRECTION('',(0.,1.,-0.));
#7060=VECTOR('',#7059,0.1);
#7061=LINE('',#7058,#7060);
#7062=EDGE_CURVE('',#2181,#7051,#7061,.T.);
#7063=ORIENTED_EDGE('',*,*,#7062,.F.);
#7064=ORIENTED_EDGE('',*,*,#2186,.F.);
#7065=EDGE_LOOP('',(#7049,#7057,#7063,#7064));
#7066=FACE_BOUND('',#7065,.T.);
#7067=ADVANCED_FACE('',(#7066),#7041,.T.);
#7068=CARTESIAN_POINT('',(53.591239343,118.129587024,38.942814944));
#7069=CARTESIAN_POINT('',(54.526101339,118.129587024,38.942814944));
#7070=B_SPLINE_CURVE_WITH_KNOTS('',1,(#7068,#7069),.UNSPECIFIED.,.F.,.F.,(2,2),(0.,0.934861996),.UNSPECIFIED.);
#7071=DIRECTION('',(-0.,-1.,0.));
#7072=VECTOR('',#7071,1.);
#7073=SURFACE_OF_LINEAR_EXTRUSION('',#7070,#7072);
#7074=CARTESIAN_POINT('',(53.591239343,118.229587024,38.942814944));
#7075=VERTEX_POINT('',#7074);
#7076=CARTESIAN_POINT('',(53.591239343,118.129587024,38.942814944));
#7077=DIRECTION('',(0.,1.,-0.));
#7078=VECTOR('',#7077,0.1);
#7079=LINE('',#7076,#7078);
#7080=EDGE_CURVE('',#2197,#7075,#7079,.T.);
#7081=ORIENTED_EDGE('',*,*,#7080,.T.);
#7082=CARTESIAN_POINT('',(53.591239343,118.229587024,38.942814944));
#7083=DIRECTION('',(1.,-0.,-0.));
#7084=VECTOR('',#7083,0.934861996);
#7085=LINE('',#7082,#7084);
#7086=EDGE_CURVE('',#7075,#7043,#7085,.T.);
#7087=ORIENTED_EDGE('',*,*,#7086,.T.);
#7088=ORIENTED_EDGE('',*,*,#7048,.F.);
#7089=ORIENTED_EDGE('',*,*,#2208,.F.);
#7090=EDGE_LOOP('',(#7081,#7087,#7088,#7089));
#7091=FACE_BOUND('',#7090,.T.);
#7092=ADVANCED_FACE('',(#7091),#7073,.T.);
#7093=CARTESIAN_POINT('',(53.591239343,118.129587024,38.796063351));
#7094=CARTESIAN_POINT('',(53.591239343,118.129587024,38.942814944));
#7095=B_SPLINE_CURVE_WITH_KNOTS('',1,(#7093,#7094),.UNSPECIFIED.,.F.,.F.,(2,2),(0.,0.122292994),.UNSPECIFIED.);
#7096=DIRECTION('',(-0.,-1.,0.));
#7097=VECTOR('',#7096,1.);
#7098=SURFACE_OF_LINEAR_EXTRUSION('',#7095,#7097);
#7099=CARTESIAN_POINT('',(53.591239343,118.229587024,38.796063351));
#7100=VERTEX_POINT('',#7099);
#7101=CARTESIAN_POINT('',(53.591239343,118.129587024,38.796063351));
#7102=DIRECTION('',(0.,1.,-0.));
#7103=VECTOR('',#7102,0.1);
#7104=LINE('',#7101,#7103);
#7105=EDGE_CURVE('',#2189,#7100,#7104,.T.);
#7106=ORIENTED_EDGE('',*,*,#7105,.T.);
#7107=CARTESIAN_POINT('',(53.591239343,118.229587024,38.796063351));
#7108=DIRECTION('',(0.,-0.,1.));
#7109=VECTOR('',#7108,0.146751593);
#7110=LINE('',#7107,#7109);
#7111=EDGE_CURVE('',#7100,#7075,#7110,.T.);
#7112=ORIENTED_EDGE('',*,*,#7111,.T.);
#7113=ORIENTED_EDGE('',*,*,#7080,.F.);
#7114=ORIENTED_EDGE('',*,*,#2202,.F.);
#7115=EDGE_LOOP('',(#7106,#7112,#7113,#7114));
#7116=FACE_BOUND('',#7115,.T.);
#7117=ADVANCED_FACE('',(#7116),#7098,.T.);
#7118=CARTESIAN_POINT('',(54.526101339,118.129587024,38.796063351));
#7119=CARTESIAN_POINT('',(53.591239343,118.129587024,38.796063351));
#7120=B_SPLINE_CURVE_WITH_KNOTS('',1,(#7118,#7119),.UNSPECIFIED.,.F.,.F.,(2,2),(0.,0.934861996),.UNSPECIFIED.);
#7121=DIRECTION('',(-0.,-1.,0.));
#7122=VECTOR('',#7121,1.);
#7123=SURFACE_OF_LINEAR_EXTRUSION('',#7120,#7122);
#7124=ORIENTED_EDGE('',*,*,#7062,.T.);
#7125=CARTESIAN_POINT('',(54.526101339,118.229587024,38.796063351));
#7126=DIRECTION('',(-1.,0.,0.));
#7127=VECTOR('',#7126,0.934861996);
#7128=LINE('',#7125,#7127);
#7129=EDGE_CURVE('',#7051,#7100,#7128,.T.);
#7130=ORIENTED_EDGE('',*,*,#7129,.T.);
#7131=ORIENTED_EDGE('',*,*,#7105,.F.);
#7132=ORIENTED_EDGE('',*,*,#2194,.F.);
#7133=EDGE_LOOP('',(#7124,#7130,#7131,#7132));
#7134=FACE_BOUND('',#7133,.T.);
#7135=ADVANCED_FACE('',(#7134),#7123,.T.);
#7136=CARTESIAN_POINT('',(54.16193998,118.129587024,40.054865899));
#7137=CARTESIAN_POINT('',(54.16193998,118.129587024,39.728751249));
#7138=B_SPLINE_CURVE_WITH_KNOTS('',1,(#7136,#7137),.UNSPECIFIED.,.F.,.F.,(2,2),(0.,0.271762208),.UNSPECIFIED.);
#7139=DIRECTION('',(-0.,-1.,0.));
#7140=VECTOR('',#7139,1.);
#7141=SURFACE_OF_LINEAR_EXTRUSION('',#7138,#7140);
#7142=CARTESIAN_POINT('',(54.16193998,118.229587024,40.054865899));
#7143=VERTEX_POINT('',#7142);
#7144=CARTESIAN_POINT('',(54.16193998,118.129587024,40.054865899));
#7145=DIRECTION('',(0.,1.,-0.));
#7146=VECTOR('',#7145,0.1);
#7147=LINE('',#7144,#7146);
#7148=EDGE_CURVE('',#2213,#7143,#7147,.T.);
#7149=ORIENTED_EDGE('',*,*,#7148,.T.);
#7150=CARTESIAN_POINT('',(54.16193998,118.229587024,39.728751249));
#7151=VERTEX_POINT('',#7150);
#7152=CARTESIAN_POINT('',(54.16193998,118.229587024,40.054865899));
#7153=DIRECTION('',(-0.,0.,-1.));
#7154=VECTOR('',#7153,0.32611465);
#7155=LINE('',#7152,#7154);
#7156=EDGE_CURVE('',#7143,#7151,#7155,.T.);
#7157=ORIENTED_EDGE('',*,*,#7156,.T.);
#7158=CARTESIAN_POINT('',(54.16193998,118.129587024,39.728751249));
#7159=DIRECTION('',(0.,1.,-0.));
#7160=VECTOR('',#7159,0.1);
#7161=LINE('',#7158,#7160);
#7162=EDGE_CURVE('',#2215,#7151,#7161,.T.);
#7163=ORIENTED_EDGE('',*,*,#7162,.F.);
#7164=ORIENTED_EDGE('',*,*,#2220,.F.);
#7165=EDGE_LOOP('',(#7149,#7157,#7163,#7164));
#7166=FACE_BOUND('',#7165,.T.);
#7167=ADVANCED_FACE('',(#7166),#7141,.T.);
#7168=CARTESIAN_POINT('',(54.334763759,118.129587024,40.054865899));
#7169=CARTESIAN_POINT('',(54.16193998,118.129587024,40.054865899));
#7170=B_SPLINE_CURVE_WITH_KNOTS('',1,(#7168,#7169),.UNSPECIFIED.,.F.,.F.,(2,2),(0.,0.172823779),.UNSPECIFIED.);
#7171=DIRECTION('',(-0.,-1.,0.));
#7172=VECTOR('',#7171,1.);
#7173=SURFACE_OF_LINEAR_EXTRUSION('',#7170,#7172);
#7174=CARTESIAN_POINT('',(54.334763759,118.229587024,40.054865899));
#7175=VERTEX_POINT('',#7174);
#7176=CARTESIAN_POINT('',(54.334763759,118.129587024,40.054865899));
#7177=DIRECTION('',(0.,1.,-0.));
#7178=VECTOR('',#7177,0.1);
#7179=LINE('',#7176,#7178);
#7180=EDGE_CURVE('',#2453,#7175,#7179,.T.);
#7181=ORIENTED_EDGE('',*,*,#7180,.T.);
#7182=CARTESIAN_POINT('',(54.334763759,118.229587024,40.054865899));
#7183=DIRECTION('',(-1.,0.,0.));
#7184=VECTOR('',#7183,0.172823779);
#7185=LINE('',#7182,#7184);
#7186=EDGE_CURVE('',#7175,#7143,#7185,.T.);
#7187=ORIENTED_EDGE('',*,*,#7186,.T.);
#7188=ORIENTED_EDGE('',*,*,#7148,.F.);
#7189=ORIENTED_EDGE('',*,*,#2465,.F.);
#7190=EDGE_LOOP('',(#7181,#7187,#7188,#7189));
#7191=FACE_BOUND('',#7190,.T.);
#7192=ADVANCED_FACE('',(#7191),#7173,.T.);
#7193=CARTESIAN_POINT('',(54.400283929,118.129587024,39.916623861));
#7194=CARTESIAN_POINT('',(54.369583292,118.129587024,40.007783096));
#7195=CARTESIAN_POINT('',(54.334763759,118.129587024,40.054865899));
#7196=B_SPLINE_CURVE_WITH_KNOTS('',2,(#7193,#7194,#7195),.UNSPECIFIED.,.F.,.F.,(3,3),(0.,1.),.UNSPECIFIED.);
#7197=DIRECTION('',(-0.,-1.,0.));
#7198=VECTOR('',#7197,1.);
#7199=SURFACE_OF_LINEAR_EXTRUSION('',#7196,#7198);
#7200=CARTESIAN_POINT('',(54.400283929,118.229587024,39.916623861));
#7201=VERTEX_POINT('',#7200);
#7202=CARTESIAN_POINT('',(54.400283929,118.129587024,39.916623861));
#7203=DIRECTION('',(0.,1.,-0.));
#7204=VECTOR('',#7203,0.1);
#7205=LINE('',#7202,#7204);
#7206=EDGE_CURVE('',#2444,#7201,#7205,.T.);
#7207=ORIENTED_EDGE('',*,*,#7206,.T.);
#7208=CARTESIAN_POINT('',(54.400283929,118.229587024,39.916623861));
#7209=CARTESIAN_POINT('',(54.379816838,118.229587024,39.977396685));
#7210=CARTESIAN_POINT('',(54.357976781,118.229587024,40.023477364));
#7211=CARTESIAN_POINT('',(54.334763759,118.229587024,40.054865899));
#7212=B_SPLINE_CURVE_WITH_KNOTS('',3,(#7208,#7209,#7210,#7211),.UNSPECIFIED.,.F.,.F.,(4,4),(0.,1.),.UNSPECIFIED.);
#7213=EDGE_CURVE('',#7201,#7175,#7212,.T.);
#7214=ORIENTED_EDGE('',*,*,#7213,.T.);
#7215=ORIENTED_EDGE('',*,*,#7180,.F.);
#7216=ORIENTED_EDGE('',*,*,#2459,.F.);
#7217=EDGE_LOOP('',(#7207,#7214,#7215,#7216));
#7218=FACE_BOUND('',#7217,.T.);
#7219=ADVANCED_FACE('',(#7218),#7199,.T.);
#7220=CARTESIAN_POINT('',(54.430984566,118.129587024,39.729770358));
#7221=CARTESIAN_POINT('',(54.430984566,118.129587024,39.825464625));
#7222=CARTESIAN_POINT('',(54.400283929,118.129587024,39.916623861));
#7223=B_SPLINE_CURVE_WITH_KNOTS('',2,(#7220,#7221,#7222),.UNSPECIFIED.,.F.,.F.,(3,3),(0.,1.),.UNSPECIFIED.);
#7224=DIRECTION('',(-0.,-1.,0.));
#7225=VECTOR('',#7224,1.);
#7226=SURFACE_OF_LINEAR_EXTRUSION('',#7223,#7225);
#7227=CARTESIAN_POINT('',(54.430984566,118.229587024,39.729770358));
#7228=VERTEX_POINT('',#7227);
#7229=CARTESIAN_POINT('',(54.430984566,118.129587024,39.729770358));
#7230=DIRECTION('',(0.,1.,-0.));
#7231=VECTOR('',#7230,0.1);
#7232=LINE('',#7229,#7231);
#7233=EDGE_CURVE('',#2435,#7228,#7232,.T.);
#7234=ORIENTED_EDGE('',*,*,#7233,.T.);
#7235=CARTESIAN_POINT('',(54.430984566,118.229587024,39.729770358));
#7236=CARTESIAN_POINT('',(54.430984566,118.229587024,39.793566536));
#7237=CARTESIAN_POINT('',(54.42075102,118.229587024,39.855851037));
#7238=CARTESIAN_POINT('',(54.400283929,118.229587024,39.916623861));
#7239=B_SPLINE_CURVE_WITH_KNOTS('',3,(#7235,#7236,#7237,#7238),.UNSPECIFIED.,.F.,.F.,(4,4),(0.,1.),.UNSPECIFIED.);
#7240=EDGE_CURVE('',#7228,#7201,#7239,.T.);
#7241=ORIENTED_EDGE('',*,*,#7240,.T.);
#7242=ORIENTED_EDGE('',*,*,#7206,.F.);
#7243=ORIENTED_EDGE('',*,*,#2450,.F.);
#7244=EDGE_LOOP('',(#7234,#7241,#7242,#7243));
#7245=FACE_BOUND('',#7244,.T.);
#7246=ADVANCED_FACE('',(#7245),#7226,.T.);
#7247=CARTESIAN_POINT('',(54.390135309,118.129587024,39.521617491));
#7248=CARTESIAN_POINT('',(54.430984566,118.129587024,39.619604752));
#7249=CARTESIAN_POINT('',(54.430984566,118.129587024,39.729770358));
#7250=B_SPLINE_CURVE_WITH_KNOTS('',2,(#7247,#7248,#7249),.UNSPECIFIED.,.F.,.F.,(3,3),(0.,1.),.UNSPECIFIED.);
#7251=DIRECTION('',(-0.,-1.,0.));
#7252=VECTOR('',#7251,1.);
#7253=SURFACE_OF_LINEAR_EXTRUSION('',#7250,#7252);
#7254=CARTESIAN_POINT('',(54.390135309,118.229587024,39.521617491));
#7255=VERTEX_POINT('',#7254);
#7256=CARTESIAN_POINT('',(54.390135309,118.129587024,39.521617491));
#7257=DIRECTION('',(0.,1.,-0.));
#7258=VECTOR('',#7257,0.1);
#7259=LINE('',#7256,#7258);
#7260=EDGE_CURVE('',#2426,#7255,#7259,.T.);
#7261=ORIENTED_EDGE('',*,*,#7260,.T.);
#7262=CARTESIAN_POINT('',(54.390135309,118.229587024,39.521617491));
#7263=CARTESIAN_POINT('',(54.417368147,118.229587024,39.586942332));
#7264=CARTESIAN_POINT('',(54.430984566,118.229587024,39.656326621));
#7265=CARTESIAN_POINT('',(54.430984566,118.229587024,39.729770358));
#7266=B_SPLINE_CURVE_WITH_KNOTS('',3,(#7262,#7263,#7264,#7265),.UNSPECIFIED.,.F.,.F.,(4,4),(0.,1.),.UNSPECIFIED.);
#7267=EDGE_CURVE('',#7255,#7228,#7266,.T.);
#7268=ORIENTED_EDGE('',*,*,#7267,.T.);
#7269=ORIENTED_EDGE('',*,*,#7233,.F.);
#7270=ORIENTED_EDGE('',*,*,#2441,.F.);
#7271=EDGE_LOOP('',(#7261,#7268,#7269,#7270));
#7272=FACE_BOUND('',#7271,.T.);
#7273=ADVANCED_FACE('',(#7272),#7253,.T.);
#7274=CARTESIAN_POINT('',(54.265039768,118.129587024,39.372369084));
#7275=CARTESIAN_POINT('',(54.349286052,118.129587024,39.42363023));
#7276=CARTESIAN_POINT('',(54.390135309,118.129587024,39.521617491));
#7277=B_SPLINE_CURVE_WITH_KNOTS('',2,(#7274,#7275,#7276),.UNSPECIFIED.,.F.,.F.,(3,3),(0.,1.),.UNSPECIFIED.);
#7278=DIRECTION('',(-0.,-1.,0.));
#7279=VECTOR('',#7278,1.);
#7280=SURFACE_OF_LINEAR_EXTRUSION('',#7277,#7279);
#7281=CARTESIAN_POINT('',(54.265039768,118.229587024,39.372369084));
#7282=VERTEX_POINT('',#7281);
#7283=CARTESIAN_POINT('',(54.265039768,118.129587024,39.372369084));
#7284=DIRECTION('',(0.,1.,-0.));
#7285=VECTOR('',#7284,0.1);
#7286=LINE('',#7283,#7285);
#7287=EDGE_CURVE('',#2417,#7282,#7286,.T.);
#7288=ORIENTED_EDGE('',*,*,#7287,.T.);
#7289=CARTESIAN_POINT('',(54.265039768,118.229587024,39.372369084));
#7290=CARTESIAN_POINT('',(54.321203957,118.229587024,39.406543181));
#7291=CARTESIAN_POINT('',(54.362902471,118.229587024,39.456292651));
#7292=CARTESIAN_POINT('',(54.390135309,118.229587024,39.521617491));
#7293=B_SPLINE_CURVE_WITH_KNOTS('',3,(#7289,#7290,#7291,#7292),.UNSPECIFIED.,.F.,.F.,(4,4),(0.,1.),.UNSPECIFIED.);
#7294=EDGE_CURVE('',#7282,#7255,#7293,.T.);
#7295=ORIENTED_EDGE('',*,*,#7294,.T.);
#7296=ORIENTED_EDGE('',*,*,#7260,.F.);
#7297=ORIENTED_EDGE('',*,*,#2432,.F.);
#7298=EDGE_LOOP('',(#7288,#7295,#7296,#7297));
#7299=FACE_BOUND('',#7298,.T.);
#7300=ADVANCED_FACE('',(#7299),#7280,.T.);
#7301=CARTESIAN_POINT('',(54.055613016,118.129587024,39.321107937));
#7302=CARTESIAN_POINT('',(54.18075102,118.129587024,39.321107937));
#7303=CARTESIAN_POINT('',(54.265039768,118.129587024,39.372369084));
#7304=B_SPLINE_CURVE_WITH_KNOTS('',2,(#7301,#7302,#7303),.UNSPECIFIED.,.F.,.F.,(3,3),(0.,1.),.UNSPECIFIED.);
#7305=DIRECTION('',(-0.,-1.,0.));
#7306=VECTOR('',#7305,1.);
#7307=SURFACE_OF_LINEAR_EXTRUSION('',#7304,#7306);
#7308=CARTESIAN_POINT('',(54.055613016,118.229587024,39.321107937));
#7309=VERTEX_POINT('',#7308);
#7310=CARTESIAN_POINT('',(54.055613016,118.129587024,39.321107937));
#7311=DIRECTION('',(0.,1.,-0.));
#7312=VECTOR('',#7311,0.1);
#7313=LINE('',#7310,#7312);
#7314=EDGE_CURVE('',#2408,#7309,#7313,.T.);
#7315=ORIENTED_EDGE('',*,*,#7314,.T.);
#7316=CARTESIAN_POINT('',(54.055613016,118.229587024,39.321107937));
#7317=CARTESIAN_POINT('',(54.139038352,118.229587024,39.321107937));
#7318=CARTESIAN_POINT('',(54.208847269,118.229587024,39.338194986));
#7319=CARTESIAN_POINT('',(54.265039768,118.229587024,39.372369084));
#7320=B_SPLINE_CURVE_WITH_KNOTS('',3,(#7316,#7317,#7318,#7319),.UNSPECIFIED.,.F.,.F.,(4,4),(0.,1.),.UNSPECIFIED.);
#7321=EDGE_CURVE('',#7309,#7282,#7320,.T.);
#7322=ORIENTED_EDGE('',*,*,#7321,.T.);
#7323=ORIENTED_EDGE('',*,*,#7287,.F.);
#7324=ORIENTED_EDGE('',*,*,#2423,.F.);
#7325=EDGE_LOOP('',(#7315,#7322,#7323,#7324));
#7326=FACE_BOUND('',#7325,.T.);
#7327=ADVANCED_FACE('',(#7326),#7307,.T.);
#7328=CARTESIAN_POINT('',(53.867332761,118.129587024,39.363655708));
#7329=CARTESIAN_POINT('',(53.954126816,118.129587024,39.321107937));
#7330=CARTESIAN_POINT('',(54.055613016,118.129587024,39.321107937));
#7331=B_SPLINE_CURVE_WITH_KNOTS('',2,(#7328,#7329,#7330),.UNSPECIFIED.,.F.,.F.,(3,3),(0.,1.),.UNSPECIFIED.);
#7332=DIRECTION('',(-0.,-1.,0.));
#7333=VECTOR('',#7332,1.);
#7334=SURFACE_OF_LINEAR_EXTRUSION('',#7331,#7333);
#7335=CARTESIAN_POINT('',(53.867332761,118.229587024,39.363655708));
#7336=VERTEX_POINT('',#7335);
#7337=CARTESIAN_POINT('',(53.867332761,118.129587024,39.363655708));
#7338=DIRECTION('',(0.,1.,-0.));
#7339=VECTOR('',#7338,0.1);
#7340=LINE('',#7337,#7339);
#7341=EDGE_CURVE('',#2399,#7336,#7340,.T.);
#7342=ORIENTED_EDGE('',*,*,#7341,.T.);
#7343=CARTESIAN_POINT('',(53.867332761,118.229587024,39.363655708));
#7344=CARTESIAN_POINT('',(53.925195465,118.229587024,39.335290527));
#7345=CARTESIAN_POINT('',(53.98795555,118.229587024,39.321107937));
#7346=CARTESIAN_POINT('',(54.055613016,118.229587024,39.321107937));
#7347=B_SPLINE_CURVE_WITH_KNOTS('',3,(#7343,#7344,#7345,#7346),.UNSPECIFIED.,.F.,.F.,(4,4),(0.,1.),.UNSPECIFIED.);
#7348=EDGE_CURVE('',#7336,#7309,#7347,.T.);
#7349=ORIENTED_EDGE('',*,*,#7348,.T.);
#7350=ORIENTED_EDGE('',*,*,#7314,.F.);
#7351=ORIENTED_EDGE('',*,*,#2414,.F.);
#7352=EDGE_LOOP('',(#7342,#7349,#7350,#7351));
#7353=FACE_BOUND('',#7352,.T.);
#7354=ADVANCED_FACE('',(#7353),#7334,.T.);
#7355=CARTESIAN_POINT('',(53.774763759,118.129587024,39.433923224));
#7356=CARTESIAN_POINT('',(53.816886901,118.129587024,39.388725772));
#7357=CARTESIAN_POINT('',(53.867332761,118.129587024,39.363655708));
#7358=B_SPLINE_CURVE_WITH_KNOTS('',2,(#7355,#7356,#7357),.UNSPECIFIED.,.F.,.F.,(3,3),(0.,1.),.UNSPECIFIED.);
#7359=DIRECTION('',(-0.,-1.,0.));
#7360=VECTOR('',#7359,1.);
#7361=SURFACE_OF_LINEAR_EXTRUSION('',#7358,#7360);
#7362=CARTESIAN_POINT('',(53.774763759,118.229587024,39.433923224));
#7363=VERTEX_POINT('',#7362);
#7364=CARTESIAN_POINT('',(53.774763759,118.129587024,39.433923224));
#7365=DIRECTION('',(0.,1.,-0.));
#7366=VECTOR('',#7365,0.1);
#7367=LINE('',#7364,#7366);
#7368=EDGE_CURVE('',#2390,#7363,#7367,.T.);
#7369=ORIENTED_EDGE('',*,*,#7368,.T.);
#7370=CARTESIAN_POINT('',(53.774763759,118.229587024,39.433923224));
#7371=CARTESIAN_POINT('',(53.802845854,118.229587024,39.403791589));
#7372=CARTESIAN_POINT('',(53.833702188,118.229587024,39.380369084));
#7373=CARTESIAN_POINT('',(53.867332761,118.229587024,39.363655708));
#7374=B_SPLINE_CURVE_WITH_KNOTS('',3,(#7370,#7371,#7372,#7373),.UNSPECIFIED.,.F.,.F.,(4,4),(0.,1.),.UNSPECIFIED.);
#7375=EDGE_CURVE('',#7363,#7336,#7374,.T.);
#7376=ORIENTED_EDGE('',*,*,#7375,.T.);
#7377=ORIENTED_EDGE('',*,*,#7341,.F.);
#7378=ORIENTED_EDGE('',*,*,#2405,.F.);
#7379=EDGE_LOOP('',(#7369,#7376,#7377,#7378));
#7380=FACE_BOUND('',#7379,.T.);
#7381=ADVANCED_FACE('',(#7380),#7361,.T.);
#7382=CARTESIAN_POINT('',(53.706780744,118.129587024,39.552802205));
#7383=CARTESIAN_POINT('',(53.732640617,118.129587024,39.479120676));
#7384=CARTESIAN_POINT('',(53.774763759,118.129587024,39.433923224));
#7385=B_SPLINE_CURVE_WITH_KNOTS('',2,(#7382,#7383,#7384),.UNSPECIFIED.,.F.,.F.,(3,3),(0.,1.),.UNSPECIFIED.);
#7386=DIRECTION('',(-0.,-1.,0.));
#7387=VECTOR('',#7386,1.);
#7388=SURFACE_OF_LINEAR_EXTRUSION('',#7385,#7387);
#7389=CARTESIAN_POINT('',(53.706780744,118.229587024,39.552802205));
#7390=VERTEX_POINT('',#7389);
#7391=CARTESIAN_POINT('',(53.706780744,118.129587024,39.552802205));
#7392=DIRECTION('',(0.,1.,-0.));
#7393=VECTOR('',#7392,0.1);
#7394=LINE('',#7391,#7393);
#7395=EDGE_CURVE('',#2381,#7390,#7394,.T.);
#7396=ORIENTED_EDGE('',*,*,#7395,.T.);
#7397=CARTESIAN_POINT('',(53.706780744,118.229587024,39.552802205));
#7398=CARTESIAN_POINT('',(53.724020659,118.229587024,39.503681186));
#7399=CARTESIAN_POINT('',(53.746681664,118.229587024,39.464054859));
#7400=CARTESIAN_POINT('',(53.774763759,118.229587024,39.433923224));
#7401=B_SPLINE_CURVE_WITH_KNOTS('',3,(#7397,#7398,#7399,#7400),.UNSPECIFIED.,.F.,.F.,(4,4),(0.,1.),.UNSPECIFIED.);
#7402=EDGE_CURVE('',#7390,#7363,#7401,.T.);
#7403=ORIENTED_EDGE('',*,*,#7402,.T.);
#7404=ORIENTED_EDGE('',*,*,#7368,.F.);
#7405=ORIENTED_EDGE('',*,*,#2396,.F.);
#7406=EDGE_LOOP('',(#7396,#7403,#7404,#7405));
#7407=FACE_BOUND('',#7406,.T.);
#7408=ADVANCED_FACE('',(#7407),#7388,.T.);
#7409=CARTESIAN_POINT('',(53.680920872,118.129587024,39.727477364));
#7410=CARTESIAN_POINT('',(53.680920872,118.129587024,39.626483733));
#7411=CARTESIAN_POINT('',(53.706780744,118.129587024,39.552802205));
#7412=B_SPLINE_CURVE_WITH_KNOTS('',2,(#7409,#7410,#7411),.UNSPECIFIED.,.F.,.F.,(3,3),(0.,1.),.UNSPECIFIED.);
#7413=DIRECTION('',(-0.,-1.,0.));
#7414=VECTOR('',#7413,1.);
#7415=SURFACE_OF_LINEAR_EXTRUSION('',#7412,#7414);
#7416=CARTESIAN_POINT('',(53.680920872,118.229587024,39.727477364));
#7417=VERTEX_POINT('',#7416);
#7418=CARTESIAN_POINT('',(53.680920872,118.129587024,39.727477364));
#7419=DIRECTION('',(0.,1.,-0.));
#7420=VECTOR('',#7419,0.1);
#7421=LINE('',#7418,#7420);
#7422=EDGE_CURVE('',#2372,#7417,#7421,.T.);
#7423=ORIENTED_EDGE('',*,*,#7422,.T.);
#7424=CARTESIAN_POINT('',(53.680920872,118.229587024,39.727477364));
#7425=CARTESIAN_POINT('',(53.680920872,118.229587024,39.660148277));
#7426=CARTESIAN_POINT('',(53.689540829,118.229587024,39.601923224));
#7427=CARTESIAN_POINT('',(53.706780744,118.229587024,39.552802205));
#7428=B_SPLINE_CURVE_WITH_KNOTS('',3,(#7424,#7425,#7426,#7427),.UNSPECIFIED.,.F.,.F.,(4,4),(0.,1.),.UNSPECIFIED.);
#7429=EDGE_CURVE('',#7417,#7390,#7428,.T.);
#7430=ORIENTED_EDGE('',*,*,#7429,.T.);
#7431=ORIENTED_EDGE('',*,*,#7395,.F.);
#7432=ORIENTED_EDGE('',*,*,#2387,.F.);
#7433=EDGE_LOOP('',(#7423,#7430,#7431,#7432));
#7434=FACE_BOUND('',#7433,.T.);
#7435=ADVANCED_FACE('',(#7434),#7415,.T.);
#7436=CARTESIAN_POINT('',(53.705591784,118.129587024,39.880904116));
#7437=CARTESIAN_POINT('',(53.680920872,118.129587024,39.811808574));
#7438=CARTESIAN_POINT('',(53.680920872,118.129587024,39.727477364));
#7439=B_SPLINE_CURVE_WITH_KNOTS('',2,(#7436,#7437,#7438),.UNSPECIFIED.,.F.,.F.,(3,3),(0.,1.),.UNSPECIFIED.);
#7440=DIRECTION('',(-0.,-1.,0.));
#7441=VECTOR('',#7440,1.);
#7442=SURFACE_OF_LINEAR_EXTRUSION('',#7439,#7441);
#7443=CARTESIAN_POINT('',(53.705591784,118.229587024,39.880904116));
#7444=VERTEX_POINT('',#7443);
#7445=CARTESIAN_POINT('',(53.705591784,118.129587024,39.880904115));
#7446=DIRECTION('',(0.,1.,-0.));
#7447=VECTOR('',#7446,0.1);
#7448=LINE('',#7445,#7447);
#7449=EDGE_CURVE('',#2363,#7444,#7448,.T.);
#7450=ORIENTED_EDGE('',*,*,#7449,.T.);
#7451=CARTESIAN_POINT('',(53.705591784,118.229587024,39.880904116));
#7452=CARTESIAN_POINT('',(53.689144509,118.229587024,39.834840421));
#7453=CARTESIAN_POINT('',(53.680920872,118.229587024,39.783698171));
#7454=CARTESIAN_POINT('',(53.680920872,118.229587024,39.727477364));
#7455=B_SPLINE_CURVE_WITH_KNOTS('',3,(#7451,#7452,#7453,#7454),.UNSPECIFIED.,.F.,.F.,(4,4),(0.,1.),.UNSPECIFIED.);
#7456=EDGE_CURVE('',#7444,#7417,#7455,.T.);
#7457=ORIENTED_EDGE('',*,*,#7456,.T.);
#7458=ORIENTED_EDGE('',*,*,#7422,.F.);
#7459=ORIENTED_EDGE('',*,*,#2378,.F.);
#7460=EDGE_LOOP('',(#7450,#7457,#7458,#7459));
#7461=FACE_BOUND('',#7460,.T.);
#7462=ADVANCED_FACE('',(#7461),#7442,.T.);
#7463=CARTESIAN_POINT('',(53.771281806,118.129587024,39.987248065));
#7464=CARTESIAN_POINT('',(53.730262697,118.129587024,39.950050612));
#7465=CARTESIAN_POINT('',(53.705591784,118.129587024,39.880904116));
#7466=B_SPLINE_CURVE_WITH_KNOTS('',2,(#7463,#7464,#7465),.UNSPECIFIED.,.F.,.F.,(3,3),(0.,1.),.UNSPECIFIED.);
#7467=DIRECTION('',(-0.,-1.,0.));
#7468=VECTOR('',#7467,1.);
#7469=SURFACE_OF_LINEAR_EXTRUSION('',#7466,#7468);
#7470=CARTESIAN_POINT('',(53.771281806,118.229587024,39.987248065));
#7471=VERTEX_POINT('',#7470);
#7472=CARTESIAN_POINT('',(53.771281806,118.129587024,39.987248065));
#7473=DIRECTION('',(0.,1.,-0.));
#7474=VECTOR('',#7473,0.1);
#7475=LINE('',#7472,#7474);
#7476=EDGE_CURVE('',#2354,#7471,#7475,.T.);
#7477=ORIENTED_EDGE('',*,*,#7476,.T.);
#7478=CARTESIAN_POINT('',(53.771281806,118.229587024,39.987248065));
#7479=CARTESIAN_POINT('',(53.743935734,118.229587024,39.962449763));
#7480=CARTESIAN_POINT('',(53.72203906,118.229587024,39.92700178));
#7481=CARTESIAN_POINT('',(53.705591784,118.229587024,39.880904116));
#7482=B_SPLINE_CURVE_WITH_KNOTS('',3,(#7478,#7479,#7480,#7481),.UNSPECIFIED.,.F.,.F.,(4,4),(0.,1.),.UNSPECIFIED.);
#7483=EDGE_CURVE('',#7471,#7444,#7482,.T.);
#7484=ORIENTED_EDGE('',*,*,#7483,.T.);
#7485=ORIENTED_EDGE('',*,*,#7449,.F.);
#7486=ORIENTED_EDGE('',*,*,#2369,.F.);
#7487=EDGE_LOOP('',(#7477,#7484,#7485,#7486));
#7488=FACE_BOUND('',#7487,.T.);
#7489=ADVANCED_FACE('',(#7488),#7469,.T.);
#7490=CARTESIAN_POINT('',(53.883808345,118.129587024,40.049566536));
#7491=CARTESIAN_POINT('',(53.812258451,118.129587024,40.024496472));
#7492=CARTESIAN_POINT('',(53.771281806,118.129587024,39.987248065));
#7493=B_SPLINE_CURVE_WITH_KNOTS('',2,(#7490,#7491,#7492),.UNSPECIFIED.,.F.,.F.,(3,3),(0.,1.),.UNSPECIFIED.);
#7494=DIRECTION('',(-0.,-1.,0.));
#7495=VECTOR('',#7494,1.);
#7496=SURFACE_OF_LINEAR_EXTRUSION('',#7493,#7495);
#7497=CARTESIAN_POINT('',(53.883808345,118.229587024,40.049566536));
#7498=VERTEX_POINT('',#7497);
#7499=CARTESIAN_POINT('',(53.883808345,118.129587024,40.049566536));
#7500=DIRECTION('',(0.,1.,-0.));
#7501=VECTOR('',#7500,0.1);
#7502=LINE('',#7499,#7501);
#7503=EDGE_CURVE('',#2346,#7498,#7502,.T.);
#7504=ORIENTED_EDGE('',*,*,#7503,.T.);
#7505=CARTESIAN_POINT('',(53.883808345,118.229587024,40.049566536));
#7506=CARTESIAN_POINT('',(53.836108416,118.229587024,40.03285316));
#7507=CARTESIAN_POINT('',(53.798599569,118.229587024,40.012080336));
#7508=CARTESIAN_POINT('',(53.771281806,118.229587024,39.987248065));
#7509=B_SPLINE_CURVE_WITH_KNOTS('',3,(#7505,#7506,#7507,#7508),.UNSPECIFIED.,.F.,.F.,(4,4),(0.,1.),.UNSPECIFIED.);
#7510=EDGE_CURVE('',#7498,#7471,#7509,.T.);
#7511=ORIENTED_EDGE('',*,*,#7510,.T.);
#7512=ORIENTED_EDGE('',*,*,#7476,.F.);
#7513=ORIENTED_EDGE('',*,*,#2360,.F.);
#7514=EDGE_LOOP('',(#7504,#7511,#7512,#7513));
#7515=FACE_BOUND('',#7514,.T.);
#7516=ADVANCED_FACE('',(#7515),#7496,.T.);
#7517=CARTESIAN_POINT('',(53.853235097,118.129587024,40.184649338));
#7518=CARTESIAN_POINT('',(53.883808345,118.129587024,40.049566536));
#7519=B_SPLINE_CURVE_WITH_KNOTS('',1,(#7517,#7518),.UNSPECIFIED.,.F.,.F.,(2,2),(0.,0.116646919),.UNSPECIFIED.);
#7520=DIRECTION('',(-0.,-1.,0.));
#7521=VECTOR('',#7520,1.);
#7522=SURFACE_OF_LINEAR_EXTRUSION('',#7519,#7521);
#7523=CARTESIAN_POINT('',(53.853235097,118.229587024,40.184649338));
#7524=VERTEX_POINT('',#7523);
#7525=CARTESIAN_POINT('',(53.853235097,118.129587024,40.184649338));
#7526=DIRECTION('',(0.,1.,-0.));
#7527=VECTOR('',#7526,0.1);
#7528=LINE('',#7525,#7527);
#7529=EDGE_CURVE('',#2337,#7524,#7528,.T.);
#7530=ORIENTED_EDGE('',*,*,#7529,.T.);
#7531=CARTESIAN_POINT('',(53.853235097,118.229587024,40.184649338));
#7532=DIRECTION('',(0.220746411,-0.,-0.975331237));
#7533=VECTOR('',#7532,0.138499411);
#7534=LINE('',#7531,#7533);
#7535=EDGE_CURVE('',#7524,#7498,#7534,.T.);
#7536=ORIENTED_EDGE('',*,*,#7535,.T.);
#7537=ORIENTED_EDGE('',*,*,#7503,.F.);
#7538=ORIENTED_EDGE('',*,*,#2351,.F.);
#7539=EDGE_LOOP('',(#7530,#7536,#7537,#7538));
#7540=FACE_BOUND('',#7539,.T.);
#7541=ADVANCED_FACE('',(#7540),#7522,.T.);
#7542=CARTESIAN_POINT('',(53.699689449,118.129587024,40.100063351));
#7543=CARTESIAN_POINT('',(53.758542952,118.129587024,40.155706663));
#7544=CARTESIAN_POINT('',(53.853235097,118.129587024,40.184649338));
#7545=B_SPLINE_CURVE_WITH_KNOTS('',2,(#7542,#7543,#7544),.UNSPECIFIED.,.F.,.F.,(3,3),(0.,1.),.UNSPECIFIED.);
#7546=DIRECTION('',(-0.,-1.,0.));
#7547=VECTOR('',#7546,1.);
#7548=SURFACE_OF_LINEAR_EXTRUSION('',#7545,#7547);
#7549=CARTESIAN_POINT('',(53.699689449,118.229587024,40.100063351));
#7550=VERTEX_POINT('',#7549);
#7551=CARTESIAN_POINT('',(53.69968945,118.129587024,40.100063351));
#7552=DIRECTION('',(0.,1.,-0.));
#7553=VECTOR('',#7552,0.1);
#7554=LINE('',#7551,#7553);
#7555=EDGE_CURVE('',#2328,#7550,#7554,.T.);
#7556=ORIENTED_EDGE('',*,*,#7555,.T.);
#7557=CARTESIAN_POINT('',(53.699689449,118.229587024,40.100063351));
#7558=CARTESIAN_POINT('',(53.738925118,118.229587024,40.137158893));
#7559=CARTESIAN_POINT('',(53.790107,118.229587024,40.165354222));
#7560=CARTESIAN_POINT('',(53.853235097,118.229587024,40.184649338));
#7561=B_SPLINE_CURVE_WITH_KNOTS('',3,(#7557,#7558,#7559,#7560),.UNSPECIFIED.,.F.,.F.,(4,4),(0.,1.),.UNSPECIFIED.);
#7562=EDGE_CURVE('',#7550,#7524,#7561,.T.);
#7563=ORIENTED_EDGE('',*,*,#7562,.T.);
#7564=ORIENTED_EDGE('',*,*,#7529,.F.);
#7565=ORIENTED_EDGE('',*,*,#2343,.F.);
#7566=EDGE_LOOP('',(#7556,#7563,#7564,#7565));
#7567=FACE_BOUND('',#7566,.T.);
#7568=ADVANCED_FACE('',(#7567),#7548,.T.);
#7569=CARTESIAN_POINT('',(53.607884778,118.129587024,39.946432778));
#7570=CARTESIAN_POINT('',(53.640835946,118.129587024,40.044420039));
#7571=CARTESIAN_POINT('',(53.699689449,118.129587024,40.100063351));
#7572=B_SPLINE_CURVE_WITH_KNOTS('',2,(#7569,#7570,#7571),.UNSPECIFIED.,.F.,.F.,(3,3),(0.,1.),.UNSPECIFIED.);
#7573=DIRECTION('',(-0.,-1.,0.));
#7574=VECTOR('',#7573,1.);
#7575=SURFACE_OF_LINEAR_EXTRUSION('',#7572,#7574);
#7576=CARTESIAN_POINT('',(53.607884778,118.229587024,39.946432778));
#7577=VERTEX_POINT('',#7576);
#7578=CARTESIAN_POINT('',(53.607884778,118.129587024,39.946432778));
#7579=DIRECTION('',(0.,1.,-0.));
#7580=VECTOR('',#7579,0.1);
#7581=LINE('',#7578,#7580);
#7582=EDGE_CURVE('',#2319,#7577,#7581,.T.);
#7583=ORIENTED_EDGE('',*,*,#7582,.T.);
#7584=CARTESIAN_POINT('',(53.607884778,118.229587024,39.946432778));
#7585=CARTESIAN_POINT('',(53.629852223,118.229587024,40.011757619));
#7586=CARTESIAN_POINT('',(53.66045378,118.229587024,40.06296781));
#7587=CARTESIAN_POINT('',(53.699689449,118.229587024,40.100063351));
#7588=B_SPLINE_CURVE_WITH_KNOTS('',3,(#7584,#7585,#7586,#7587),.UNSPECIFIED.,.F.,.F.,(4,4),(0.,1.),.UNSPECIFIED.);
#7589=EDGE_CURVE('',#7577,#7550,#7588,.T.);
#7590=ORIENTED_EDGE('',*,*,#7589,.T.);
#7591=ORIENTED_EDGE('',*,*,#7555,.F.);
#7592=ORIENTED_EDGE('',*,*,#2334,.F.);
#7593=EDGE_LOOP('',(#7583,#7590,#7591,#7592));
#7594=FACE_BOUND('',#7593,.T.);
#7595=ADVANCED_FACE('',(#7594),#7575,.T.);
#7596=CARTESIAN_POINT('',(53.57493361,118.129587024,39.727324498));
#7597=CARTESIAN_POINT('',(53.57493361,118.129587024,39.848496472));
#7598=CARTESIAN_POINT('',(53.607884778,118.129587024,39.946432778));
#7599=B_SPLINE_CURVE_WITH_KNOTS('',2,(#7596,#7597,#7598),.UNSPECIFIED.,.F.,.F.,(3,3),(0.,1.),.UNSPECIFIED.);
#7600=DIRECTION('',(-0.,-1.,0.));
#7601=VECTOR('',#7600,1.);
#7602=SURFACE_OF_LINEAR_EXTRUSION('',#7599,#7601);
#7603=CARTESIAN_POINT('',(53.57493361,118.229587024,39.727324498));
#7604=VERTEX_POINT('',#7603);
#7605=CARTESIAN_POINT('',(53.57493361,118.129587024,39.727324498));
#7606=DIRECTION('',(0.,1.,-0.));
#7607=VECTOR('',#7606,0.1);
#7608=LINE('',#7605,#7607);
#7609=EDGE_CURVE('',#2310,#7604,#7608,.T.);
#7610=ORIENTED_EDGE('',*,*,#7609,.T.);
#7611=CARTESIAN_POINT('',(53.57493361,118.229587024,39.727324498));
#7612=CARTESIAN_POINT('',(53.57493361,118.229587024,39.808105814));
#7613=CARTESIAN_POINT('',(53.585917333,118.229587024,39.881141907));
#7614=CARTESIAN_POINT('',(53.607884778,118.229587024,39.946432778));
#7615=B_SPLINE_CURVE_WITH_KNOTS('',3,(#7611,#7612,#7613,#7614),.UNSPECIFIED.,.F.,.F.,(4,4),(0.,1.),.UNSPECIFIED.);
#7616=EDGE_CURVE('',#7604,#7577,#7615,.T.);
#7617=ORIENTED_EDGE('',*,*,#7616,.T.);
#7618=ORIENTED_EDGE('',*,*,#7582,.F.);
#7619=ORIENTED_EDGE('',*,*,#2325,.F.);
#7620=EDGE_LOOP('',(#7610,#7617,#7618,#7619));
#7621=FACE_BOUND('',#7620,.T.);
#7622=ADVANCED_FACE('',(#7621),#7602,.T.);
#7623=CARTESIAN_POINT('',(53.63238584,118.129587024,39.432343606));
#7624=CARTESIAN_POINT('',(53.57493361,118.129587024,39.560394561));
#7625=CARTESIAN_POINT('',(53.57493361,118.129587024,39.727324498));
#7626=B_SPLINE_CURVE_WITH_KNOTS('',2,(#7623,#7624,#7625),.UNSPECIFIED.,.F.,.F.,(3,3),(0.,1.),.UNSPECIFIED.);
#7627=DIRECTION('',(-0.,-1.,0.));
#7628=VECTOR('',#7627,1.);
#7629=SURFACE_OF_LINEAR_EXTRUSION('',#7626,#7628);
#7630=CARTESIAN_POINT('',(53.63238584,118.229587024,39.432343606));
#7631=VERTEX_POINT('',#7630);
#7632=CARTESIAN_POINT('',(53.63238584,118.129587024,39.432343606));
#7633=DIRECTION('',(0.,1.,-0.));
#7634=VECTOR('',#7633,0.1);
#7635=LINE('',#7632,#7634);
#7636=EDGE_CURVE('',#2301,#7631,#7635,.T.);
#7637=ORIENTED_EDGE('',*,*,#7636,.T.);
#7638=CARTESIAN_POINT('',(53.63238584,118.229587024,39.432343606));
#7639=CARTESIAN_POINT('',(53.594084353,118.229587024,39.51771091));
#7640=CARTESIAN_POINT('',(53.57493361,118.229587024,39.616037873));
#7641=CARTESIAN_POINT('',(53.57493361,118.229587024,39.727324498));
#7642=B_SPLINE_CURVE_WITH_KNOTS('',3,(#7638,#7639,#7640,#7641),.UNSPECIFIED.,.F.,.F.,(4,4),(0.,1.),.UNSPECIFIED.);
#7643=EDGE_CURVE('',#7631,#7604,#7642,.T.);
#7644=ORIENTED_EDGE('',*,*,#7643,.T.);
#7645=ORIENTED_EDGE('',*,*,#7609,.F.);
#7646=ORIENTED_EDGE('',*,*,#2316,.F.);
#7647=EDGE_LOOP('',(#7637,#7644,#7645,#7646));
#7648=FACE_BOUND('',#7647,.T.);
#7649=ADVANCED_FACE('',(#7648),#7629,.T.);
#7650=CARTESIAN_POINT('',(53.808182018,118.129587024,39.236063351));
#7651=CARTESIAN_POINT('',(53.689795606,118.129587024,39.304292651));
#7652=CARTESIAN_POINT('',(53.63238584,118.129587024,39.432343606));
#7653=B_SPLINE_CURVE_WITH_KNOTS('',2,(#7650,#7651,#7652),.UNSPECIFIED.,.F.,.F.,(3,3),(0.,1.),.UNSPECIFIED.);
#7654=DIRECTION('',(-0.,-1.,0.));
#7655=VECTOR('',#7654,1.);
#7656=SURFACE_OF_LINEAR_EXTRUSION('',#7653,#7655);
#7657=CARTESIAN_POINT('',(53.808182018,118.229587024,39.236063351));
#7658=VERTEX_POINT('',#7657);
#7659=CARTESIAN_POINT('',(53.808182018,118.129587024,39.236063351));
#7660=DIRECTION('',(0.,1.,-0.));
#7661=VECTOR('',#7660,0.1);
#7662=LINE('',#7659,#7661);
#7663=EDGE_CURVE('',#2292,#7658,#7662,.T.);
#7664=ORIENTED_EDGE('',*,*,#7663,.T.);
#7665=CARTESIAN_POINT('',(53.808182018,118.229587024,39.236063351));
#7666=CARTESIAN_POINT('',(53.729257743,118.229587024,39.281549551));
#7667=CARTESIAN_POINT('',(53.670659017,118.229587024,39.346976302));
#7668=CARTESIAN_POINT('',(53.63238584,118.229587024,39.432343606));
#7669=B_SPLINE_CURVE_WITH_KNOTS('',3,(#7665,#7666,#7667,#7668),.UNSPECIFIED.,.F.,.F.,(4,4),(0.,1.),.UNSPECIFIED.);
#7670=EDGE_CURVE('',#7658,#7631,#7669,.T.);
#7671=ORIENTED_EDGE('',*,*,#7670,.T.);
#7672=ORIENTED_EDGE('',*,*,#7636,.F.);
#7673=ORIENTED_EDGE('',*,*,#2307,.F.);
#7674=EDGE_LOOP('',(#7664,#7671,#7672,#7673));
#7675=FACE_BOUND('',#7674,.T.);
#7676=ADVANCED_FACE('',(#7675),#7656,.T.);
#7677=CARTESIAN_POINT('',(54.063128939,118.129587024,39.167834052));
#7678=CARTESIAN_POINT('',(53.92656843,118.129587024,39.167834052));
#7679=CARTESIAN_POINT('',(53.808182018,118.129587024,39.236063351));
#7680=B_SPLINE_CURVE_WITH_KNOTS('',2,(#7677,#7678,#7679),.UNSPECIFIED.,.F.,.F.,(3,3),(0.,1.),.UNSPECIFIED.);
#7681=DIRECTION('',(-0.,-1.,0.));
#7682=VECTOR('',#7681,1.);
#7683=SURFACE_OF_LINEAR_EXTRUSION('',#7680,#7682);
#7684=CARTESIAN_POINT('',(54.063128939,118.229587024,39.167834052));
#7685=VERTEX_POINT('',#7684);
#7686=CARTESIAN_POINT('',(54.063128939,118.129587024,39.167834052));
#7687=DIRECTION('',(0.,1.,-0.));
#7688=VECTOR('',#7687,0.1);
#7689=LINE('',#7686,#7688);
#7690=EDGE_CURVE('',#2283,#7685,#7689,.T.);
#7691=ORIENTED_EDGE('',*,*,#7690,.T.);
#7692=CARTESIAN_POINT('',(54.063128939,118.229587024,39.167834052));
#7693=CARTESIAN_POINT('',(53.9720886,118.229587024,39.167834052));
#7694=CARTESIAN_POINT('',(53.887106293,118.229587024,39.190577152));
#7695=CARTESIAN_POINT('',(53.808182018,118.229587024,39.236063351));
#7696=B_SPLINE_CURVE_WITH_KNOTS('',3,(#7692,#7693,#7694,#7695),.UNSPECIFIED.,.F.,.F.,(4,4),(0.,1.),.UNSPECIFIED.);
#7697=EDGE_CURVE('',#7685,#7658,#7696,.T.);
#7698=ORIENTED_EDGE('',*,*,#7697,.T.);
#7699=ORIENTED_EDGE('',*,*,#7663,.F.);
#7700=ORIENTED_EDGE('',*,*,#2298,.F.);
#7701=EDGE_LOOP('',(#7691,#7698,#7699,#7700));
#7702=FACE_BOUND('',#7701,.T.);
#7703=ADVANCED_FACE('',(#7702),#7683,.T.);
#7704=CARTESIAN_POINT('',(54.31268308,118.129587024,39.236420039));
#7705=CARTESIAN_POINT('',(54.200963334,118.129587024,39.167834052));
#7706=CARTESIAN_POINT('',(54.063128939,118.129587024,39.167834052));
#7707=B_SPLINE_CURVE_WITH_KNOTS('',2,(#7704,#7705,#7706),.UNSPECIFIED.,.F.,.F.,(3,3),(0.,1.),.UNSPECIFIED.);
#7708=DIRECTION('',(-0.,-1.,0.));
#7709=VECTOR('',#7708,1.);
#7710=SURFACE_OF_LINEAR_EXTRUSION('',#7707,#7709);
#7711=CARTESIAN_POINT('',(54.31268308,118.229587024,39.236420039));
#7712=VERTEX_POINT('',#7711);
#7713=CARTESIAN_POINT('',(54.31268308,118.129587024,39.236420039));
#7714=DIRECTION('',(0.,1.,-0.));
#7715=VECTOR('',#7714,0.1);
#7716=LINE('',#7713,#7715);
#7717=EDGE_CURVE('',#2274,#7712,#7716,.T.);
#7718=ORIENTED_EDGE('',*,*,#7717,.T.);
#7719=CARTESIAN_POINT('',(54.31268308,118.229587024,39.236420039));
#7720=CARTESIAN_POINT('',(54.238203249,118.229587024,39.190696048));
#7721=CARTESIAN_POINT('',(54.155018536,118.229587024,39.167834052));
#7722=CARTESIAN_POINT('',(54.063128939,118.229587024,39.167834052));
#7723=B_SPLINE_CURVE_WITH_KNOTS('',3,(#7719,#7720,#7721,#7722),.UNSPECIFIED.,.F.,.F.,(4,4),(0.,1.),.UNSPECIFIED.);
#7724=EDGE_CURVE('',#7712,#7685,#7723,.T.);
#7725=ORIENTED_EDGE('',*,*,#7724,.T.);
#7726=ORIENTED_EDGE('',*,*,#7690,.F.);
#7727=ORIENTED_EDGE('',*,*,#2289,.F.);
#7728=EDGE_LOOP('',(#7718,#7725,#7726,#7727));
#7729=FACE_BOUND('',#7728,.T.);
#7730=ADVANCED_FACE('',(#7729),#7710,.T.);
#7731=CARTESIAN_POINT('',(54.483383717,118.129587024,39.43963023));
#7732=CARTESIAN_POINT('',(54.424360362,118.129587024,39.305056982));
#7733=CARTESIAN_POINT('',(54.31268308,118.129587024,39.236420039));
#7734=B_SPLINE_CURVE_WITH_KNOTS('',2,(#7731,#7732,#7733),.UNSPECIFIED.,.F.,.F.,(3,3),(0.,1.),.UNSPECIFIED.);
#7735=DIRECTION('',(-0.,-1.,0.));
#7736=VECTOR('',#7735,1.);
#7737=SURFACE_OF_LINEAR_EXTRUSION('',#7734,#7736);
#7738=CARTESIAN_POINT('',(54.483383717,118.229587024,39.43963023));
#7739=VERTEX_POINT('',#7738);
#7740=CARTESIAN_POINT('',(54.483383717,118.129587024,39.43963023));
#7741=DIRECTION('',(0.,1.,-0.));
#7742=VECTOR('',#7741,0.1);
#7743=LINE('',#7740,#7742);
#7744=EDGE_CURVE('',#2265,#7739,#7743,.T.);
#7745=ORIENTED_EDGE('',*,*,#7744,.T.);
#7746=CARTESIAN_POINT('',(54.483383717,118.229587024,39.43963023));
#7747=CARTESIAN_POINT('',(54.444034814,118.229587024,39.349914731));
#7748=CARTESIAN_POINT('',(54.387134601,118.229587024,39.282178001));
#7749=CARTESIAN_POINT('',(54.31268308,118.229587024,39.236420039));
#7750=B_SPLINE_CURVE_WITH_KNOTS('',3,(#7746,#7747,#7748,#7749),.UNSPECIFIED.,.F.,.F.,(4,4),(0.,1.),.UNSPECIFIED.);
#7751=EDGE_CURVE('',#7739,#7712,#7750,.T.);
#7752=ORIENTED_EDGE('',*,*,#7751,.T.);
#7753=ORIENTED_EDGE('',*,*,#7717,.F.);
#7754=ORIENTED_EDGE('',*,*,#2280,.F.);
#7755=EDGE_LOOP('',(#7745,#7752,#7753,#7754));
#7756=FACE_BOUND('',#7755,.T.);
#7757=ADVANCED_FACE('',(#7756),#7737,.T.);
#7758=CARTESIAN_POINT('',(54.542407071,118.129587024,39.738840421));
#7759=CARTESIAN_POINT('',(54.542407071,118.129587024,39.574203479));
#7760=CARTESIAN_POINT('',(54.483383717,118.129587024,39.43963023));
#7761=B_SPLINE_CURVE_WITH_KNOTS('',2,(#7758,#7759,#7760),.UNSPECIFIED.,.F.,.F.,(3,3),(0.,1.),.UNSPECIFIED.);
#7762=DIRECTION('',(-0.,-1.,0.));
#7763=VECTOR('',#7762,1.);
#7764=SURFACE_OF_LINEAR_EXTRUSION('',#7761,#7763);
#7765=CARTESIAN_POINT('',(54.542407071,118.229587024,39.738840421));
#7766=VERTEX_POINT('',#7765);
#7767=CARTESIAN_POINT('',(54.542407071,118.129587024,39.738840421));
#7768=DIRECTION('',(0.,1.,-0.));
#7769=VECTOR('',#7768,0.1);
#7770=LINE('',#7767,#7769);
#7771=EDGE_CURVE('',#2256,#7766,#7770,.T.);
#7772=ORIENTED_EDGE('',*,*,#7771,.T.);
#7773=CARTESIAN_POINT('',(54.542407071,118.229587024,39.738840421));
#7774=CARTESIAN_POINT('',(54.542407071,118.229587024,39.629082459));
#7775=CARTESIAN_POINT('',(54.52273262,118.229587024,39.529345729));
#7776=CARTESIAN_POINT('',(54.483383717,118.229587024,39.43963023));
#7777=B_SPLINE_CURVE_WITH_KNOTS('',3,(#7773,#7774,#7775,#7776),.UNSPECIFIED.,.F.,.F.,(4,4),(0.,1.),.UNSPECIFIED.);
#7778=EDGE_CURVE('',#7766,#7739,#7777,.T.);
#7779=ORIENTED_EDGE('',*,*,#7778,.T.);
#7780=ORIENTED_EDGE('',*,*,#7744,.F.);
#7781=ORIENTED_EDGE('',*,*,#2271,.F.);
#7782=EDGE_LOOP('',(#7772,#7779,#7780,#7781));
#7783=FACE_BOUND('',#7782,.T.);
#7784=ADVANCED_FACE('',(#7783),#7764,.T.);
#7785=CARTESIAN_POINT('',(54.505846562,118.129587024,39.976700294));
#7786=CARTESIAN_POINT('',(54.542407071,118.129587024,39.860827682));
#7787=CARTESIAN_POINT('',(54.542407071,118.129587024,39.738840421));
#7788=B_SPLINE_CURVE_WITH_KNOTS('',2,(#7785,#7786,#7787),.UNSPECIFIED.,.F.,.F.,(3,3),(0.,1.),.UNSPECIFIED.);
#7789=DIRECTION('',(-0.,-1.,0.));
#7790=VECTOR('',#7789,1.);
#7791=SURFACE_OF_LINEAR_EXTRUSION('',#7788,#7790);
#7792=CARTESIAN_POINT('',(54.505846562,118.229587024,39.976700294));
#7793=VERTEX_POINT('',#7792);
#7794=CARTESIAN_POINT('',(54.505846562,118.129587024,39.976700294));
#7795=DIRECTION('',(0.,1.,-0.));
#7796=VECTOR('',#7795,0.1);
#7797=LINE('',#7794,#7796);
#7798=EDGE_CURVE('',#2247,#7793,#7797,.T.);
#7799=ORIENTED_EDGE('',*,*,#7798,.T.);
#7800=CARTESIAN_POINT('',(54.505846562,118.229587024,39.976700294));
#7801=CARTESIAN_POINT('',(54.530220235,118.229587024,39.899451886));
#7802=CARTESIAN_POINT('',(54.542407071,118.229587024,39.820165262));
#7803=CARTESIAN_POINT('',(54.542407071,118.229587024,39.738840421));
#7804=B_SPLINE_CURVE_WITH_KNOTS('',3,(#7800,#7801,#7802,#7803),.UNSPECIFIED.,.F.,.F.,(4,4),(0.,1.),.UNSPECIFIED.);
#7805=EDGE_CURVE('',#7793,#7766,#7804,.T.);
#7806=ORIENTED_EDGE('',*,*,#7805,.T.);
#7807=ORIENTED_EDGE('',*,*,#7771,.F.);
#7808=ORIENTED_EDGE('',*,*,#2262,.F.);
#7809=EDGE_LOOP('',(#7799,#7806,#7807,#7808));
#7810=FACE_BOUND('',#7809,.T.);
#7811=ADVANCED_FACE('',(#7810),#7791,.T.);
#7812=CARTESIAN_POINT('',(54.396674587,118.129587024,40.201617491));
#7813=CARTESIAN_POINT('',(54.469243589,118.129587024,40.092572905));
#7814=CARTESIAN_POINT('',(54.505846562,118.129587024,39.976700294));
#7815=B_SPLINE_CURVE_WITH_KNOTS('',2,(#7812,#7813,#7814),.UNSPECIFIED.,.F.,.F.,(3,3),(0.,1.),.UNSPECIFIED.);
#7816=DIRECTION('',(-0.,-1.,0.));
#7817=VECTOR('',#7816,1.);
#7818=SURFACE_OF_LINEAR_EXTRUSION('',#7815,#7817);
#7819=CARTESIAN_POINT('',(54.396674587,118.229587024,40.201617491));
#7820=VERTEX_POINT('',#7819);
#7821=CARTESIAN_POINT('',(54.396674587,118.129587024,40.201617491));
#7822=DIRECTION('',(0.,1.,-0.));
#7823=VECTOR('',#7822,0.1);
#7824=LINE('',#7821,#7823);
#7825=EDGE_CURVE('',#2239,#7820,#7824,.T.);
#7826=ORIENTED_EDGE('',*,*,#7825,.T.);
#7827=CARTESIAN_POINT('',(54.396674587,118.229587024,40.201617491));
#7828=CARTESIAN_POINT('',(54.445053922,118.229587024,40.128921101));
#7829=CARTESIAN_POINT('',(54.48144458,118.229587024,40.053948702));
#7830=CARTESIAN_POINT('',(54.505846562,118.229587024,39.976700294));
#7831=B_SPLINE_CURVE_WITH_KNOTS('',3,(#7827,#7828,#7829,#7830),.UNSPECIFIED.,.F.,.F.,(4,4),(0.,1.),.UNSPECIFIED.);
#7832=EDGE_CURVE('',#7820,#7793,#7831,.T.);
#7833=ORIENTED_EDGE('',*,*,#7832,.T.);
#7834=ORIENTED_EDGE('',*,*,#7798,.F.);
#7835=ORIENTED_EDGE('',*,*,#2253,.F.);
#7836=EDGE_LOOP('',(#7826,#7833,#7834,#7835));
#7837=FACE_BOUND('',#7836,.T.);
#7838=ADVANCED_FACE('',(#7837),#7818,.T.);
#7839=CARTESIAN_POINT('',(54.050517475,118.129587024,40.201617491));
#7840=CARTESIAN_POINT('',(54.396674587,118.129587024,40.201617491));
#7841=B_SPLINE_CURVE_WITH_KNOTS('',1,(#7839,#7840),.UNSPECIFIED.,.F.,.F.,(2,2),(0.,0.346157113),.UNSPECIFIED.);
#7842=DIRECTION('',(-0.,-1.,0.));
#7843=VECTOR('',#7842,1.);
#7844=SURFACE_OF_LINEAR_EXTRUSION('',#7841,#7843);
#7845=CARTESIAN_POINT('',(54.050517475,118.229587024,40.201617491));
#7846=VERTEX_POINT('',#7845);
#7847=CARTESIAN_POINT('',(54.050517475,118.129587024,40.201617491));
#7848=DIRECTION('',(0.,1.,-0.));
#7849=VECTOR('',#7848,0.1);
#7850=LINE('',#7847,#7849);
#7851=EDGE_CURVE('',#2231,#7846,#7850,.T.);
#7852=ORIENTED_EDGE('',*,*,#7851,.T.);
#7853=CARTESIAN_POINT('',(54.050517475,118.229587024,40.201617491));
#7854=DIRECTION('',(1.,-0.,-0.));
#7855=VECTOR('',#7854,0.346157112);
#7856=LINE('',#7853,#7855);
#7857=EDGE_CURVE('',#7846,#7820,#7856,.T.);
#7858=ORIENTED_EDGE('',*,*,#7857,.T.);
#7859=ORIENTED_EDGE('',*,*,#7825,.F.);
#7860=ORIENTED_EDGE('',*,*,#2244,.F.);
#7861=EDGE_LOOP('',(#7852,#7858,#7859,#7860));
#7862=FACE_BOUND('',#7861,.T.);
#7863=ADVANCED_FACE('',(#7862),#7844,.T.);
#7864=CARTESIAN_POINT('',(54.050517475,118.129587024,39.728751249));
#7865=CARTESIAN_POINT('',(54.050517475,118.129587024,40.201617491));
#7866=B_SPLINE_CURVE_WITH_KNOTS('',1,(#7864,#7865),.UNSPECIFIED.,.F.,.F.,(2,2),(0.,0.394055202),.UNSPECIFIED.);
#7867=DIRECTION('',(-0.,-1.,0.));
#7868=VECTOR('',#7867,1.);
#7869=SURFACE_OF_LINEAR_EXTRUSION('',#7866,#7868);
#7870=CARTESIAN_POINT('',(54.050517475,118.229587024,39.728751249));
#7871=VERTEX_POINT('',#7870);
#7872=CARTESIAN_POINT('',(54.050517475,118.129587024,39.728751249));
#7873=DIRECTION('',(0.,1.,-0.));
#7874=VECTOR('',#7873,0.1);
#7875=LINE('',#7872,#7874);
#7876=EDGE_CURVE('',#2223,#7871,#7875,.T.);
#7877=ORIENTED_EDGE('',*,*,#7876,.T.);
#7878=CARTESIAN_POINT('',(54.050517475,118.229587024,39.728751249));
#7879=DIRECTION('',(0.,-0.,1.));
#7880=VECTOR('',#7879,0.472866242);
#7881=LINE('',#7878,#7880);
#7882=EDGE_CURVE('',#7871,#7846,#7881,.T.);
#7883=ORIENTED_EDGE('',*,*,#7882,.T.);
#7884=ORIENTED_EDGE('',*,*,#7851,.F.);
#7885=ORIENTED_EDGE('',*,*,#2236,.F.);
#7886=EDGE_LOOP('',(#7877,#7883,#7884,#7885));
#7887=FACE_BOUND('',#7886,.T.);
#7888=ADVANCED_FACE('',(#7887),#7869,.T.);
#7889=CARTESIAN_POINT('',(54.16193998,118.129587024,39.728751249));
#7890=CARTESIAN_POINT('',(54.050517475,118.129587024,39.728751249));
#7891=B_SPLINE_CURVE_WITH_KNOTS('',1,(#7889,#7890),.UNSPECIFIED.,.F.,.F.,(2,2),(0.,0.111422505),.UNSPECIFIED.);
#7892=DIRECTION('',(-0.,-1.,0.));
#7893=VECTOR('',#7892,1.);
#7894=SURFACE_OF_LINEAR_EXTRUSION('',#7891,#7893);
#7895=ORIENTED_EDGE('',*,*,#7162,.T.);
#7896=CARTESIAN_POINT('',(54.16193998,118.229587024,39.728751249));
#7897=DIRECTION('',(-1.,0.,0.));
#7898=VECTOR('',#7897,0.111422505);
#7899=LINE('',#7896,#7898);
#7900=EDGE_CURVE('',#7151,#7871,#7899,.T.);
#7901=ORIENTED_EDGE('',*,*,#7900,.T.);
#7902=ORIENTED_EDGE('',*,*,#7876,.F.);
#7903=ORIENTED_EDGE('',*,*,#2228,.F.);
#7904=EDGE_LOOP('',(#7895,#7901,#7902,#7903));
#7905=FACE_BOUND('',#7904,.T.);
#7906=ADVANCED_FACE('',(#7905),#7894,.T.);
#7907=CARTESIAN_POINT('',(54.526101339,118.129587024,40.592955071));
#7908=CARTESIAN_POINT('',(54.526101339,118.129587024,40.446203479));
#7909=B_SPLINE_CURVE_WITH_KNOTS('',1,(#7907,#7908),.UNSPECIFIED.,.F.,.F.,(2,2),(0.,0.122292994),.UNSPECIFIED.);
#7910=DIRECTION('',(-0.,-1.,0.));
#7911=VECTOR('',#7910,1.);
#7912=SURFACE_OF_LINEAR_EXTRUSION('',#7909,#7911);
#7913=CARTESIAN_POINT('',(54.526101339,118.229587024,40.592955071));
#7914=VERTEX_POINT('',#7913);
#7915=CARTESIAN_POINT('',(54.526101339,118.129587024,40.592955071));
#7916=DIRECTION('',(0.,1.,-0.));
#7917=VECTOR('',#7916,0.1);
#7918=LINE('',#7915,#7917);
#7919=EDGE_CURVE('',#2470,#7914,#7918,.T.);
#7920=ORIENTED_EDGE('',*,*,#7919,.T.);
#7921=CARTESIAN_POINT('',(54.526101339,118.229587024,40.446203479));
#7922=VERTEX_POINT('',#7921);
#7923=CARTESIAN_POINT('',(54.526101339,118.229587024,40.592955071));
#7924=DIRECTION('',(-0.,0.,-1.));
#7925=VECTOR('',#7924,0.146751592);
#7926=LINE('',#7923,#7925);
#7927=EDGE_CURVE('',#7914,#7922,#7926,.T.);
#7928=ORIENTED_EDGE('',*,*,#7927,.T.);
#7929=CARTESIAN_POINT('',(54.526101339,118.129587024,40.446203479));
#7930=DIRECTION('',(0.,1.,-0.));
#7931=VECTOR('',#7930,0.1);
#7932=LINE('',#7929,#7931);
#7933=EDGE_CURVE('',#2472,#7922,#7932,.T.);
#7934=ORIENTED_EDGE('',*,*,#7933,.F.);
#7935=ORIENTED_EDGE('',*,*,#2477,.F.);
#7936=EDGE_LOOP('',(#7920,#7928,#7934,#7935));
#7937=FACE_BOUND('',#7936,.T.);
#7938=ADVANCED_FACE('',(#7937),#7912,.T.);
#7939=CARTESIAN_POINT('',(53.591239343,118.129587024,40.592955071));
#7940=CARTESIAN_POINT('',(54.526101339,118.129587024,40.592955071));
#7941=B_SPLINE_CURVE_WITH_KNOTS('',1,(#7939,#7940),.UNSPECIFIED.,.F.,.F.,(2,2),(0.,0.934861996),.UNSPECIFIED.);
#7942=DIRECTION('',(-0.,-1.,0.));
#7943=VECTOR('',#7942,1.);
#7944=SURFACE_OF_LINEAR_EXTRUSION('',#7941,#7943);
#7945=CARTESIAN_POINT('',(53.591239343,118.229587024,40.592955071));
#7946=VERTEX_POINT('',#7945);
#7947=CARTESIAN_POINT('',(53.591239343,118.129587024,40.592955071));
#7948=DIRECTION('',(0.,1.,-0.));
#7949=VECTOR('',#7948,0.1);
#7950=LINE('',#7947,#7949);
#7951=EDGE_CURVE('',#2488,#7946,#7950,.T.);
#7952=ORIENTED_EDGE('',*,*,#7951,.T.);
#7953=CARTESIAN_POINT('',(53.591239343,118.229587024,40.592955071));
#7954=DIRECTION('',(1.,-0.,-0.));
#7955=VECTOR('',#7954,0.934861996);
#7956=LINE('',#7953,#7955);
#7957=EDGE_CURVE('',#7946,#7914,#7956,.T.);
#7958=ORIENTED_EDGE('',*,*,#7957,.T.);
#7959=ORIENTED_EDGE('',*,*,#7919,.F.);
#7960=ORIENTED_EDGE('',*,*,#2499,.F.);
#7961=EDGE_LOOP('',(#7952,#7958,#7959,#7960));
#7962=FACE_BOUND('',#7961,.T.);
#7963=ADVANCED_FACE('',(#7962),#7944,.T.);
#7964=CARTESIAN_POINT('',(53.591239343,118.129587024,40.446203479));
#7965=CARTESIAN_POINT('',(53.591239343,118.129587024,40.592955071));
#7966=B_SPLINE_CURVE_WITH_KNOTS('',1,(#7964,#7965),.UNSPECIFIED.,.F.,.F.,(2,2),(0.,0.122292994),.UNSPECIFIED.);
#7967=DIRECTION('',(-0.,-1.,0.));
#7968=VECTOR('',#7967,1.);
#7969=SURFACE_OF_LINEAR_EXTRUSION('',#7966,#7968);
#7970=CARTESIAN_POINT('',(53.591239343,118.229587024,40.446203479));
#7971=VERTEX_POINT('',#7970);
#7972=CARTESIAN_POINT('',(53.591239343,118.129587024,40.446203479));
#7973=DIRECTION('',(0.,1.,-0.));
#7974=VECTOR('',#7973,0.1);
#7975=LINE('',#7972,#7974);
#7976=EDGE_CURVE('',#2480,#7971,#7975,.T.);
#7977=ORIENTED_EDGE('',*,*,#7976,.T.);
#7978=CARTESIAN_POINT('',(53.591239343,118.229587024,40.446203479));
#7979=DIRECTION('',(0.,-0.,1.));
#7980=VECTOR('',#7979,0.146751592);
#7981=LINE('',#7978,#7980);
#7982=EDGE_CURVE('',#7971,#7946,#7981,.T.);
#7983=ORIENTED_EDGE('',*,*,#7982,.T.);
#7984=ORIENTED_EDGE('',*,*,#7951,.F.);
#7985=ORIENTED_EDGE('',*,*,#2493,.F.);
#7986=EDGE_LOOP('',(#7977,#7983,#7984,#7985));
#7987=FACE_BOUND('',#7986,.T.);
#7988=ADVANCED_FACE('',(#7987),#7969,.T.);
#7989=CARTESIAN_POINT('',(54.526101339,118.129587024,40.446203479));
#7990=CARTESIAN_POINT('',(53.591239343,118.129587024,40.446203479));
#7991=B_SPLINE_CURVE_WITH_KNOTS('',1,(#7989,#7990),.UNSPECIFIED.,.F.,.F.,(2,2),(0.,0.934861996),.UNSPECIFIED.);
#7992=DIRECTION('',(-0.,-1.,0.));
#7993=VECTOR('',#7992,1.);
#7994=SURFACE_OF_LINEAR_EXTRUSION('',#7991,#7993);
#7995=ORIENTED_EDGE('',*,*,#7933,.T.);
#7996=CARTESIAN_POINT('',(54.526101339,118.229587024,40.446203479));
#7997=DIRECTION('',(-1.,0.,0.));
#7998=VECTOR('',#7997,0.934861996);
#7999=LINE('',#7996,#7998);
#8000=EDGE_CURVE('',#7922,#7971,#7999,.T.);
#8001=ORIENTED_EDGE('',*,*,#8000,.T.);
#8002=ORIENTED_EDGE('',*,*,#7976,.F.);
#8003=ORIENTED_EDGE('',*,*,#2485,.F.);
#8004=EDGE_LOOP('',(#7995,#8001,#8002,#8003));
#8005=FACE_BOUND('',#8004,.T.);
#8006=ADVANCED_FACE('',(#8005),#7994,.T.);
#8007=CARTESIAN_POINT('',(54.526101339,118.129587024,41.44085316));
#8008=CARTESIAN_POINT('',(54.526101339,118.129587024,41.294101568));
#8009=B_SPLINE_CURVE_WITH_KNOTS('',1,(#8007,#8008),.UNSPECIFIED.,.F.,.F.,(2,2),(0.,0.122292994),.UNSPECIFIED.);
#8010=DIRECTION('',(-0.,-1.,0.));
#8011=VECTOR('',#8010,1.);
#8012=SURFACE_OF_LINEAR_EXTRUSION('',#8009,#8011);
#8013=CARTESIAN_POINT('',(54.526101339,118.229587024,41.44085316));
#8014=VERTEX_POINT('',#8013);
#8015=CARTESIAN_POINT('',(54.526101339,118.129587024,41.44085316));
#8016=DIRECTION('',(0.,1.,-0.));
#8017=VECTOR('',#8016,0.1);
#8018=LINE('',#8015,#8017);
#8019=EDGE_CURVE('',#2504,#8014,#8018,.T.);
#8020=ORIENTED_EDGE('',*,*,#8019,.T.);
#8021=CARTESIAN_POINT('',(54.526101339,118.229587024,41.294101568));
#8022=VERTEX_POINT('',#8021);
#8023=CARTESIAN_POINT('',(54.526101339,118.229587024,41.44085316));
#8024=DIRECTION('',(-0.,0.,-1.));
#8025=VECTOR('',#8024,0.146751592);
#8026=LINE('',#8023,#8025);
#8027=EDGE_CURVE('',#8014,#8022,#8026,.T.);
#8028=ORIENTED_EDGE('',*,*,#8027,.T.);
#8029=CARTESIAN_POINT('',(54.526101339,118.129587024,41.294101568));
#8030=DIRECTION('',(0.,1.,-0.));
#8031=VECTOR('',#8030,0.1);
#8032=LINE('',#8029,#8031);
#8033=EDGE_CURVE('',#2506,#8022,#8032,.T.);
#8034=ORIENTED_EDGE('',*,*,#8033,.F.);
#8035=ORIENTED_EDGE('',*,*,#2511,.F.);
#8036=EDGE_LOOP('',(#8020,#8028,#8034,#8035));
#8037=FACE_BOUND('',#8036,.T.);
#8038=ADVANCED_FACE('',(#8037),#8012,.T.);
#8039=CARTESIAN_POINT('',(54.085846562,118.129587024,41.44085316));
#8040=CARTESIAN_POINT('',(54.526101339,118.129587024,41.44085316));
#8041=B_SPLINE_CURVE_WITH_KNOTS('',1,(#8039,#8040),.UNSPECIFIED.,.F.,.F.,(2,2),(0.,0.440254777),.UNSPECIFIED.);
#8042=DIRECTION('',(-0.,-1.,0.));
#8043=VECTOR('',#8042,1.);
#8044=SURFACE_OF_LINEAR_EXTRUSION('',#8041,#8043);
#8045=CARTESIAN_POINT('',(54.085846562,118.229587024,41.44085316));
#8046=VERTEX_POINT('',#8045);
#8047=CARTESIAN_POINT('',(54.085846562,118.129587024,41.44085316));
#8048=DIRECTION('',(0.,1.,-0.));
#8049=VECTOR('',#8048,0.1);
#8050=LINE('',#8047,#8049);
#8051=EDGE_CURVE('',#2586,#8046,#8050,.T.);
#8052=ORIENTED_EDGE('',*,*,#8051,.T.);
#8053=CARTESIAN_POINT('',(54.085846562,118.229587024,41.44085316));
#8054=DIRECTION('',(1.,-0.,-0.));
#8055=VECTOR('',#8054,0.440254777);
#8056=LINE('',#8053,#8055);
#8057=EDGE_CURVE('',#8046,#8014,#8056,.T.);
#8058=ORIENTED_EDGE('',*,*,#8057,.T.);
#8059=ORIENTED_EDGE('',*,*,#8019,.F.);
#8060=ORIENTED_EDGE('',*,*,#2597,.F.);
#8061=EDGE_LOOP('',(#8052,#8058,#8059,#8060));
#8062=FACE_BOUND('',#8061,.T.);
#8063=ADVANCED_FACE('',(#8062),#8044,.T.);
#8064=CARTESIAN_POINT('',(54.085846562,118.129587024,42.024598383));
#8065=CARTESIAN_POINT('',(54.085846562,118.129587024,41.44085316));
#8066=B_SPLINE_CURVE_WITH_KNOTS('',1,(#8064,#8065),.UNSPECIFIED.,.F.,.F.,(2,2),(0.,0.486454352),.UNSPECIFIED.);
#8067=DIRECTION('',(-0.,-1.,0.));
#8068=VECTOR('',#8067,1.);
#8069=SURFACE_OF_LINEAR_EXTRUSION('',#8066,#8068);
#8070=CARTESIAN_POINT('',(54.085846562,118.229587024,42.024598383));
#8071=VERTEX_POINT('',#8070);
#8072=CARTESIAN_POINT('',(54.085846562,118.129587024,42.024598383));
#8073=DIRECTION('',(0.,1.,-0.));
#8074=VECTOR('',#8073,0.1);
#8075=LINE('',#8072,#8074);
#8076=EDGE_CURVE('',#2578,#8071,#8075,.T.);
#8077=ORIENTED_EDGE('',*,*,#8076,.T.);
#8078=CARTESIAN_POINT('',(54.085846562,118.229587024,42.024598383));
#8079=DIRECTION('',(-0.,0.,-1.));
#8080=VECTOR('',#8079,0.583745223);
#8081=LINE('',#8078,#8080);
#8082=EDGE_CURVE('',#8071,#8046,#8081,.T.);
#8083=ORIENTED_EDGE('',*,*,#8082,.T.);
#8084=ORIENTED_EDGE('',*,*,#8051,.F.);
#8085=ORIENTED_EDGE('',*,*,#2591,.F.);
#8086=EDGE_LOOP('',(#8077,#8083,#8084,#8085));
#8087=FACE_BOUND('',#8086,.T.);
#8088=ADVANCED_FACE('',(#8087),#8069,.T.);
#8089=CARTESIAN_POINT('',(54.526101339,118.129587024,42.024598383));
#8090=CARTESIAN_POINT('',(54.085846562,118.129587024,42.024598383));
#8091=B_SPLINE_CURVE_WITH_KNOTS('',1,(#8089,#8090),.UNSPECIFIED.,.F.,.F.,(2,2),(0.,0.440254777),.UNSPECIFIED.);
#8092=DIRECTION('',(-0.,-1.,0.));
#8093=VECTOR('',#8092,1.);
#8094=SURFACE_OF_LINEAR_EXTRUSION('',#8091,#8093);
#8095=CARTESIAN_POINT('',(54.526101339,118.229587024,42.024598383));
#8096=VERTEX_POINT('',#8095);
#8097=CARTESIAN_POINT('',(54.526101339,118.129587024,42.024598383));
#8098=DIRECTION('',(0.,1.,-0.));
#8099=VECTOR('',#8098,0.1);
#8100=LINE('',#8097,#8099);
#8101=EDGE_CURVE('',#2570,#8096,#8100,.T.);
#8102=ORIENTED_EDGE('',*,*,#8101,.T.);
#8103=CARTESIAN_POINT('',(54.526101339,118.229587024,42.024598383));
#8104=DIRECTION('',(-1.,0.,0.));
#8105=VECTOR('',#8104,0.440254777);
#8106=LINE('',#8103,#8105);
#8107=EDGE_CURVE('',#8096,#8071,#8106,.T.);
#8108=ORIENTED_EDGE('',*,*,#8107,.T.);
#8109=ORIENTED_EDGE('',*,*,#8076,.F.);
#8110=ORIENTED_EDGE('',*,*,#2583,.F.);
#8111=EDGE_LOOP('',(#8102,#8108,#8109,#8110));
#8112=FACE_BOUND('',#8111,.T.);
#8113=ADVANCED_FACE('',(#8112),#8094,.T.);
#8114=CARTESIAN_POINT('',(54.526101339,118.129587024,42.171349975));
#8115=CARTESIAN_POINT('',(54.526101339,118.129587024,42.024598383));
#8116=B_SPLINE_CURVE_WITH_KNOTS('',1,(#8114,#8115),.UNSPECIFIED.,.F.,.F.,(2,2),(0.,0.122292994),.UNSPECIFIED.);
#8117=DIRECTION('',(-0.,-1.,0.));
#8118=VECTOR('',#8117,1.);
#8119=SURFACE_OF_LINEAR_EXTRUSION('',#8116,#8118);
#8120=CARTESIAN_POINT('',(54.526101339,118.229587024,42.171349975));
#8121=VERTEX_POINT('',#8120);
#8122=CARTESIAN_POINT('',(54.526101339,118.129587024,42.171349975));
#8123=DIRECTION('',(0.,1.,-0.));
#8124=VECTOR('',#8123,0.1);
#8125=LINE('',#8122,#8124);
#8126=EDGE_CURVE('',#2562,#8121,#8125,.T.);
#8127=ORIENTED_EDGE('',*,*,#8126,.T.);
#8128=CARTESIAN_POINT('',(54.526101339,118.229587024,42.171349975));
#8129=DIRECTION('',(-0.,0.,-1.));
#8130=VECTOR('',#8129,0.146751592);
#8131=LINE('',#8128,#8130);
#8132=EDGE_CURVE('',#8121,#8096,#8131,.T.);
#8133=ORIENTED_EDGE('',*,*,#8132,.T.);
#8134=ORIENTED_EDGE('',*,*,#8101,.F.);
#8135=ORIENTED_EDGE('',*,*,#2575,.F.);
#8136=EDGE_LOOP('',(#8127,#8133,#8134,#8135));
#8137=FACE_BOUND('',#8136,.T.);
#8138=ADVANCED_FACE('',(#8137),#8119,.T.);
#8139=CARTESIAN_POINT('',(53.591239343,118.129587024,42.171349975));
#8140=CARTESIAN_POINT('',(54.526101339,118.129587024,42.171349975));
#8141=B_SPLINE_CURVE_WITH_KNOTS('',1,(#8139,#8140),.UNSPECIFIED.,.F.,.F.,(2,2),(0.,0.934861996),.UNSPECIFIED.);
#8142=DIRECTION('',(-0.,-1.,0.));
#8143=VECTOR('',#8142,1.);
#8144=SURFACE_OF_LINEAR_EXTRUSION('',#8141,#8143);
#8145=CARTESIAN_POINT('',(53.591239343,118.229587024,42.171349975));
#8146=VERTEX_POINT('',#8145);
#8147=CARTESIAN_POINT('',(53.591239343,118.129587024,42.171349975));
#8148=DIRECTION('',(0.,1.,-0.));
#8149=VECTOR('',#8148,0.1);
#8150=LINE('',#8147,#8149);
#8151=EDGE_CURVE('',#2554,#8146,#8150,.T.);
#8152=ORIENTED_EDGE('',*,*,#8151,.T.);
#8153=CARTESIAN_POINT('',(53.591239343,118.229587024,42.171349975));
#8154=DIRECTION('',(1.,-0.,-0.));
#8155=VECTOR('',#8154,0.934861996);
#8156=LINE('',#8153,#8155);
#8157=EDGE_CURVE('',#8146,#8121,#8156,.T.);
#8158=ORIENTED_EDGE('',*,*,#8157,.T.);
#8159=ORIENTED_EDGE('',*,*,#8126,.F.);
#8160=ORIENTED_EDGE('',*,*,#2567,.F.);
#8161=EDGE_LOOP('',(#8152,#8158,#8159,#8160));
#8162=FACE_BOUND('',#8161,.T.);
#8163=ADVANCED_FACE('',(#8162),#8144,.T.);
#8164=CARTESIAN_POINT('',(53.591239343,118.129587024,42.024598383));
#8165=CARTESIAN_POINT('',(53.591239343,118.129587024,42.171349975));
#8166=B_SPLINE_CURVE_WITH_KNOTS('',1,(#8164,#8165),.UNSPECIFIED.,.F.,.F.,(2,2),(0.,0.122292994),.UNSPECIFIED.);
#8167=DIRECTION('',(-0.,-1.,0.));
#8168=VECTOR('',#8167,1.);
#8169=SURFACE_OF_LINEAR_EXTRUSION('',#8166,#8168);
#8170=CARTESIAN_POINT('',(53.591239343,118.229587024,42.024598383));
#8171=VERTEX_POINT('',#8170);
#8172=CARTESIAN_POINT('',(53.591239343,118.129587024,42.024598383));
#8173=DIRECTION('',(0.,1.,-0.));
#8174=VECTOR('',#8173,0.1);
#8175=LINE('',#8172,#8174);
#8176=EDGE_CURVE('',#2546,#8171,#8175,.T.);
#8177=ORIENTED_EDGE('',*,*,#8176,.T.);
#8178=CARTESIAN_POINT('',(53.591239343,118.229587024,42.024598383));
#8179=DIRECTION('',(0.,-0.,1.));
#8180=VECTOR('',#8179,0.146751592);
#8181=LINE('',#8178,#8180);
#8182=EDGE_CURVE('',#8171,#8146,#8181,.T.);
#8183=ORIENTED_EDGE('',*,*,#8182,.T.);
#8184=ORIENTED_EDGE('',*,*,#8151,.F.);
#8185=ORIENTED_EDGE('',*,*,#2559,.F.);
#8186=EDGE_LOOP('',(#8177,#8183,#8184,#8185));
#8187=FACE_BOUND('',#8186,.T.);
#8188=ADVANCED_FACE('',(#8187),#8169,.T.);
#8189=CARTESIAN_POINT('',(53.974424056,118.129587024,42.024598383));
#8190=CARTESIAN_POINT('',(53.591239343,118.129587024,42.024598383));
#8191=B_SPLINE_CURVE_WITH_KNOTS('',1,(#8189,#8190),.UNSPECIFIED.,.F.,.F.,(2,2),(0.,0.383184713),.UNSPECIFIED.);
#8192=DIRECTION('',(-0.,-1.,0.));
#8193=VECTOR('',#8192,1.);
#8194=SURFACE_OF_LINEAR_EXTRUSION('',#8191,#8193);
#8195=CARTESIAN_POINT('',(53.974424056,118.229587024,42.024598383));
#8196=VERTEX_POINT('',#8195);
#8197=CARTESIAN_POINT('',(53.974424056,118.129587024,42.024598383));
#8198=DIRECTION('',(0.,1.,-0.));
#8199=VECTOR('',#8198,0.1);
#8200=LINE('',#8197,#8199);
#8201=EDGE_CURVE('',#2538,#8196,#8200,.T.);
#8202=ORIENTED_EDGE('',*,*,#8201,.T.);
#8203=CARTESIAN_POINT('',(53.974424056,118.229587024,42.024598383));
#8204=DIRECTION('',(-1.,0.,0.));
#8205=VECTOR('',#8204,0.383184713);
#8206=LINE('',#8203,#8205);
#8207=EDGE_CURVE('',#8196,#8171,#8206,.T.);
#8208=ORIENTED_EDGE('',*,*,#8207,.T.);
#8209=ORIENTED_EDGE('',*,*,#8176,.F.);
#8210=ORIENTED_EDGE('',*,*,#2551,.F.);
#8211=EDGE_LOOP('',(#8202,#8208,#8209,#8210));
#8212=FACE_BOUND('',#8211,.T.);
#8213=ADVANCED_FACE('',(#8212),#8194,.T.);
#8214=CARTESIAN_POINT('',(53.974424056,118.129587024,41.44085316));
#8215=CARTESIAN_POINT('',(53.974424056,118.129587024,42.024598383));
#8216=B_SPLINE_CURVE_WITH_KNOTS('',1,(#8214,#8215),.UNSPECIFIED.,.F.,.F.,(2,2),(0.,0.486454352),.UNSPECIFIED.);
#8217=DIRECTION('',(-0.,-1.,0.));
#8218=VECTOR('',#8217,1.);
#8219=SURFACE_OF_LINEAR_EXTRUSION('',#8216,#8218);
#8220=CARTESIAN_POINT('',(53.974424056,118.229587024,41.44085316));
#8221=VERTEX_POINT('',#8220);
#8222=CARTESIAN_POINT('',(53.974424056,118.129587024,41.44085316));
#8223=DIRECTION('',(0.,1.,-0.));
#8224=VECTOR('',#8223,0.1);
#8225=LINE('',#8222,#8224);
#8226=EDGE_CURVE('',#2530,#8221,#8225,.T.);
#8227=ORIENTED_EDGE('',*,*,#8226,.T.);
#8228=CARTESIAN_POINT('',(53.974424056,118.229587024,41.44085316));
#8229=DIRECTION('',(0.,-0.,1.));
#8230=VECTOR('',#8229,0.583745223);
#8231=LINE('',#8228,#8230);
#8232=EDGE_CURVE('',#8221,#8196,#8231,.T.);
#8233=ORIENTED_EDGE('',*,*,#8232,.T.);
#8234=ORIENTED_EDGE('',*,*,#8201,.F.);
#8235=ORIENTED_EDGE('',*,*,#2543,.F.);
#8236=EDGE_LOOP('',(#8227,#8233,#8234,#8235));
#8237=FACE_BOUND('',#8236,.T.);
#8238=ADVANCED_FACE('',(#8237),#8219,.T.);
#8239=CARTESIAN_POINT('',(53.591239343,118.129587024,41.44085316));
#8240=CARTESIAN_POINT('',(53.974424056,118.129587024,41.44085316));
#8241=B_SPLINE_CURVE_WITH_KNOTS('',1,(#8239,#8240),.UNSPECIFIED.,.F.,.F.,(2,2),(0.,0.383184713),.UNSPECIFIED.);
#8242=DIRECTION('',(-0.,-1.,0.));
#8243=VECTOR('',#8242,1.);
#8244=SURFACE_OF_LINEAR_EXTRUSION('',#8241,#8243);
#8245=CARTESIAN_POINT('',(53.591239343,118.229587024,41.44085316));
#8246=VERTEX_POINT('',#8245);
#8247=CARTESIAN_POINT('',(53.591239343,118.129587024,41.44085316));
#8248=DIRECTION('',(0.,1.,-0.));
#8249=VECTOR('',#8248,0.1);
#8250=LINE('',#8247,#8249);
#8251=EDGE_CURVE('',#2522,#8246,#8250,.T.);
#8252=ORIENTED_EDGE('',*,*,#8251,.T.);
#8253=CARTESIAN_POINT('',(53.591239343,118.229587024,41.44085316));
#8254=DIRECTION('',(1.,-0.,-0.));
#8255=VECTOR('',#8254,0.383184713);
#8256=LINE('',#8253,#8255);
#8257=EDGE_CURVE('',#8246,#8221,#8256,.T.);
#8258=ORIENTED_EDGE('',*,*,#8257,.T.);
#8259=ORIENTED_EDGE('',*,*,#8226,.F.);
#8260=ORIENTED_EDGE('',*,*,#2535,.F.);
#8261=EDGE_LOOP('',(#8252,#8258,#8259,#8260));
#8262=FACE_BOUND('',#8261,.T.);
#8263=ADVANCED_FACE('',(#8262),#8244,.T.);
#8264=CARTESIAN_POINT('',(53.591239343,118.129587024,41.294101568));
#8265=CARTESIAN_POINT('',(53.591239343,118.129587024,41.44085316));
#8266=B_SPLINE_CURVE_WITH_KNOTS('',1,(#8264,#8265),.UNSPECIFIED.,.F.,.F.,(2,2),(0.,0.122292994),.UNSPECIFIED.);
#8267=DIRECTION('',(-0.,-1.,0.));
#8268=VECTOR('',#8267,1.);
#8269=SURFACE_OF_LINEAR_EXTRUSION('',#8266,#8268);
#8270=CARTESIAN_POINT('',(53.591239343,118.229587024,41.294101568));
#8271=VERTEX_POINT('',#8270);
#8272=CARTESIAN_POINT('',(53.591239343,118.129587024,41.294101568));
#8273=DIRECTION('',(0.,1.,-0.));
#8274=VECTOR('',#8273,0.1);
#8275=LINE('',#8272,#8274);
#8276=EDGE_CURVE('',#2514,#8271,#8275,.T.);
#8277=ORIENTED_EDGE('',*,*,#8276,.T.);
#8278=CARTESIAN_POINT('',(53.591239343,118.229587024,41.294101568));
#8279=DIRECTION('',(0.,-0.,1.));
#8280=VECTOR('',#8279,0.146751592);
#8281=LINE('',#8278,#8280);
#8282=EDGE_CURVE('',#8271,#8246,#8281,.T.);
#8283=ORIENTED_EDGE('',*,*,#8282,.T.);
#8284=ORIENTED_EDGE('',*,*,#8251,.F.);
#8285=ORIENTED_EDGE('',*,*,#2527,.F.);
#8286=EDGE_LOOP('',(#8277,#8283,#8284,#8285));
#8287=FACE_BOUND('',#8286,.T.);
#8288=ADVANCED_FACE('',(#8287),#8269,.T.);
#8289=CARTESIAN_POINT('',(54.526101339,118.129587024,41.294101568));
#8290=CARTESIAN_POINT('',(53.591239343,118.129587024,41.294101568));
#8291=B_SPLINE_CURVE_WITH_KNOTS('',1,(#8289,#8290),.UNSPECIFIED.,.F.,.F.,(2,2),(0.,0.934861996),.UNSPECIFIED.);
#8292=DIRECTION('',(-0.,-1.,0.));
#8293=VECTOR('',#8292,1.);
#8294=SURFACE_OF_LINEAR_EXTRUSION('',#8291,#8293);
#8295=ORIENTED_EDGE('',*,*,#8033,.T.);
#8296=CARTESIAN_POINT('',(54.526101339,118.229587024,41.294101568));
#8297=DIRECTION('',(-1.,0.,0.));
#8298=VECTOR('',#8297,0.934861996);
#8299=LINE('',#8296,#8298);
#8300=EDGE_CURVE('',#8022,#8271,#8299,.T.);
#8301=ORIENTED_EDGE('',*,*,#8300,.T.);
#8302=ORIENTED_EDGE('',*,*,#8276,.F.);
#8303=ORIENTED_EDGE('',*,*,#2519,.F.);
#8304=EDGE_LOOP('',(#8295,#8301,#8302,#8303));
#8305=FACE_BOUND('',#8304,.T.);
#8306=ADVANCED_FACE('',(#8305),#8294,.T.);
#8307=CARTESIAN_POINT('',(54.526101339,118.129587024,42.592037873));
#8308=CARTESIAN_POINT('',(54.526101339,118.129587024,42.445286281));
#8309=B_SPLINE_CURVE_WITH_KNOTS('',1,(#8307,#8308),.UNSPECIFIED.,.F.,.F.,(2,2),(0.,0.122292994),.UNSPECIFIED.);
#8310=DIRECTION('',(-0.,-1.,0.));
#8311=VECTOR('',#8310,1.);
#8312=SURFACE_OF_LINEAR_EXTRUSION('',#8309,#8311);
#8313=CARTESIAN_POINT('',(54.526101339,118.229587024,42.592037873));
#8314=VERTEX_POINT('',#8313);
#8315=CARTESIAN_POINT('',(54.526101339,118.129587024,42.592037873));
#8316=DIRECTION('',(0.,1.,-0.));
#8317=VECTOR('',#8316,0.1);
#8318=LINE('',#8315,#8317);
#8319=EDGE_CURVE('',#2602,#8314,#8318,.T.);
#8320=ORIENTED_EDGE('',*,*,#8319,.T.);
#8321=CARTESIAN_POINT('',(54.526101339,118.229587024,42.445286281));
#8322=VERTEX_POINT('',#8321);
#8323=CARTESIAN_POINT('',(54.526101339,118.229587024,42.592037873));
#8324=DIRECTION('',(-0.,0.,-1.));
#8325=VECTOR('',#8324,0.146751592);
#8326=LINE('',#8323,#8325);
#8327=EDGE_CURVE('',#8314,#8322,#8326,.T.);
#8328=ORIENTED_EDGE('',*,*,#8327,.T.);
#8329=CARTESIAN_POINT('',(54.526101339,118.129587024,42.445286281));
#8330=DIRECTION('',(0.,1.,-0.));
#8331=VECTOR('',#8330,0.1);
#8332=LINE('',#8329,#8331);
#8333=EDGE_CURVE('',#2604,#8322,#8332,.T.);
#8334=ORIENTED_EDGE('',*,*,#8333,.F.);
#8335=ORIENTED_EDGE('',*,*,#2609,.F.);
#8336=EDGE_LOOP('',(#8320,#8328,#8334,#8335));
#8337=FACE_BOUND('',#8336,.T.);
#8338=ADVANCED_FACE('',(#8337),#8312,.T.);
#8339=CARTESIAN_POINT('',(53.591239343,118.129587024,42.592037873));
#8340=CARTESIAN_POINT('',(54.526101339,118.129587024,42.592037873));
#8341=B_SPLINE_CURVE_WITH_KNOTS('',1,(#8339,#8340),.UNSPECIFIED.,.F.,.F.,(2,2),(0.,0.934861996),.UNSPECIFIED.);
#8342=DIRECTION('',(-0.,-1.,0.));
#8343=VECTOR('',#8342,1.);
#8344=SURFACE_OF_LINEAR_EXTRUSION('',#8341,#8343);
#8345=CARTESIAN_POINT('',(53.591239343,118.229587024,42.592037873));
#8346=VERTEX_POINT('',#8345);
#8347=CARTESIAN_POINT('',(53.591239343,118.129587024,42.592037873));
#8348=DIRECTION('',(0.,1.,-0.));
#8349=VECTOR('',#8348,0.1);
#8350=LINE('',#8347,#8349);
#8351=EDGE_CURVE('',#2620,#8346,#8350,.T.);
#8352=ORIENTED_EDGE('',*,*,#8351,.T.);
#8353=CARTESIAN_POINT('',(53.591239343,118.229587024,42.592037873));
#8354=DIRECTION('',(1.,-0.,-0.));
#8355=VECTOR('',#8354,0.934861996);
#8356=LINE('',#8353,#8355);
#8357=EDGE_CURVE('',#8346,#8314,#8356,.T.);
#8358=ORIENTED_EDGE('',*,*,#8357,.T.);
#8359=ORIENTED_EDGE('',*,*,#8319,.F.);
#8360=ORIENTED_EDGE('',*,*,#2631,.F.);
#8361=EDGE_LOOP('',(#8352,#8358,#8359,#8360));
#8362=FACE_BOUND('',#8361,.T.);
#8363=ADVANCED_FACE('',(#8362),#8344,.T.);
#8364=CARTESIAN_POINT('',(53.591239343,118.129587024,42.445286281));
#8365=CARTESIAN_POINT('',(53.591239343,118.129587024,42.592037873));
#8366=B_SPLINE_CURVE_WITH_KNOTS('',1,(#8364,#8365),.UNSPECIFIED.,.F.,.F.,(2,2),(0.,0.122292994),.UNSPECIFIED.);
#8367=DIRECTION('',(-0.,-1.,0.));
#8368=VECTOR('',#8367,1.);
#8369=SURFACE_OF_LINEAR_EXTRUSION('',#8366,#8368);
#8370=CARTESIAN_POINT('',(53.591239343,118.229587024,42.445286281));
#8371=VERTEX_POINT('',#8370);
#8372=CARTESIAN_POINT('',(53.591239343,118.129587024,42.445286281));
#8373=DIRECTION('',(0.,1.,-0.));
#8374=VECTOR('',#8373,0.1);
#8375=LINE('',#8372,#8374);
#8376=EDGE_CURVE('',#2612,#8371,#8375,.T.);
#8377=ORIENTED_EDGE('',*,*,#8376,.T.);
#8378=CARTESIAN_POINT('',(53.591239343,118.229587024,42.445286281));
#8379=DIRECTION('',(0.,-0.,1.));
#8380=VECTOR('',#8379,0.146751592);
#8381=LINE('',#8378,#8380);
#8382=EDGE_CURVE('',#8371,#8346,#8381,.T.);
#8383=ORIENTED_EDGE('',*,*,#8382,.T.);
#8384=ORIENTED_EDGE('',*,*,#8351,.F.);
#8385=ORIENTED_EDGE('',*,*,#2625,.F.);
#8386=EDGE_LOOP('',(#8377,#8383,#8384,#8385));
#8387=FACE_BOUND('',#8386,.T.);
#8388=ADVANCED_FACE('',(#8387),#8369,.T.);
#8389=CARTESIAN_POINT('',(54.526101339,118.129587024,42.445286281));
#8390=CARTESIAN_POINT('',(53.591239343,118.129587024,42.445286281));
#8391=B_SPLINE_CURVE_WITH_KNOTS('',1,(#8389,#8390),.UNSPECIFIED.,.F.,.F.,(2,2),(0.,0.934861996),.UNSPECIFIED.);
#8392=DIRECTION('',(-0.,-1.,0.));
#8393=VECTOR('',#8392,1.);
#8394=SURFACE_OF_LINEAR_EXTRUSION('',#8391,#8393);
#8395=ORIENTED_EDGE('',*,*,#8333,.T.);
#8396=CARTESIAN_POINT('',(54.526101339,118.229587024,42.445286281));
#8397=DIRECTION('',(-1.,0.,0.));
#8398=VECTOR('',#8397,0.934861996);
#8399=LINE('',#8396,#8398);
#8400=EDGE_CURVE('',#8322,#8371,#8399,.T.);
#8401=ORIENTED_EDGE('',*,*,#8400,.T.);
#8402=ORIENTED_EDGE('',*,*,#8376,.F.);
#8403=ORIENTED_EDGE('',*,*,#2617,.F.);
#8404=EDGE_LOOP('',(#8395,#8401,#8402,#8403));
#8405=FACE_BOUND('',#8404,.T.);
#8406=ADVANCED_FACE('',(#8405),#8394,.T.);
#8407=CARTESIAN_POINT('',(54.526101339,118.129587024,43.687783096));
#8408=CARTESIAN_POINT('',(54.526101339,118.129587024,43.541031504));
#8409=B_SPLINE_CURVE_WITH_KNOTS('',1,(#8407,#8408),.UNSPECIFIED.,.F.,.F.,(2,2),(0.,0.122292994),.UNSPECIFIED.);
#8410=DIRECTION('',(-0.,-1.,0.));
#8411=VECTOR('',#8410,1.);
#8412=SURFACE_OF_LINEAR_EXTRUSION('',#8409,#8411);
#8413=CARTESIAN_POINT('',(54.526101339,118.229587024,43.687783096));
#8414=VERTEX_POINT('',#8413);
#8415=CARTESIAN_POINT('',(54.526101339,118.129587024,43.687783096));
#8416=DIRECTION('',(0.,1.,-0.));
#8417=VECTOR('',#8416,0.1);
#8418=LINE('',#8415,#8417);
#8419=EDGE_CURVE('',#2636,#8414,#8418,.T.);
#8420=ORIENTED_EDGE('',*,*,#8419,.T.);
#8421=CARTESIAN_POINT('',(54.526101339,118.229587024,43.541031504));
#8422=VERTEX_POINT('',#8421);
#8423=CARTESIAN_POINT('',(54.526101339,118.229587024,43.687783096));
#8424=DIRECTION('',(-0.,0.,-1.));
#8425=VECTOR('',#8424,0.146751592);
#8426=LINE('',#8423,#8425);
#8427=EDGE_CURVE('',#8414,#8422,#8426,.T.);
#8428=ORIENTED_EDGE('',*,*,#8427,.T.);
#8429=CARTESIAN_POINT('',(54.526101339,118.129587024,43.541031504));
#8430=DIRECTION('',(0.,1.,-0.));
#8431=VECTOR('',#8430,0.1);
#8432=LINE('',#8429,#8431);
#8433=EDGE_CURVE('',#2638,#8422,#8432,.T.);
#8434=ORIENTED_EDGE('',*,*,#8433,.F.);
#8435=ORIENTED_EDGE('',*,*,#2643,.F.);
#8436=EDGE_LOOP('',(#8420,#8428,#8434,#8435));
#8437=FACE_BOUND('',#8436,.T.);
#8438=ADVANCED_FACE('',(#8437),#8412,.T.);
#8439=CARTESIAN_POINT('',(53.702661848,118.129587024,43.687783096));
#8440=CARTESIAN_POINT('',(54.526101339,118.129587024,43.687783096));
#8441=B_SPLINE_CURVE_WITH_KNOTS('',1,(#8439,#8440),.UNSPECIFIED.,.F.,.F.,(2,2),(0.,0.82343949),.UNSPECIFIED.);
#8442=DIRECTION('',(-0.,-1.,0.));
#8443=VECTOR('',#8442,1.);
#8444=SURFACE_OF_LINEAR_EXTRUSION('',#8441,#8443);
#8445=CARTESIAN_POINT('',(53.702661848,118.229587024,43.687783096));
#8446=VERTEX_POINT('',#8445);
#8447=CARTESIAN_POINT('',(53.702661848,118.129587024,43.687783096));
#8448=DIRECTION('',(0.,1.,-0.));
#8449=VECTOR('',#8448,0.1);
#8450=LINE('',#8447,#8449);
#8451=EDGE_CURVE('',#2686,#8446,#8450,.T.);
#8452=ORIENTED_EDGE('',*,*,#8451,.T.);
#8453=CARTESIAN_POINT('',(53.702661848,118.229587024,43.687783096));
#8454=DIRECTION('',(1.,-0.,-0.));
#8455=VECTOR('',#8454,0.823439491);
#8456=LINE('',#8453,#8455);
#8457=EDGE_CURVE('',#8446,#8414,#8456,.T.);
#8458=ORIENTED_EDGE('',*,*,#8457,.T.);
#8459=ORIENTED_EDGE('',*,*,#8419,.F.);
#8460=ORIENTED_EDGE('',*,*,#2697,.F.);
#8461=EDGE_LOOP('',(#8452,#8458,#8459,#8460));
#8462=FACE_BOUND('',#8461,.T.);
#8463=ADVANCED_FACE('',(#8462),#8444,.T.);
#8464=CARTESIAN_POINT('',(53.702661848,118.129587024,44.056292651));
#8465=CARTESIAN_POINT('',(53.702661848,118.129587024,43.687783096));
#8466=B_SPLINE_CURVE_WITH_KNOTS('',1,(#8464,#8465),.UNSPECIFIED.,.F.,.F.,(2,2),(0.,0.307091295),.UNSPECIFIED.);
#8467=DIRECTION('',(-0.,-1.,0.));
#8468=VECTOR('',#8467,1.);
#8469=SURFACE_OF_LINEAR_EXTRUSION('',#8466,#8468);
#8470=CARTESIAN_POINT('',(53.702661848,118.229587024,44.056292651));
#8471=VERTEX_POINT('',#8470);
#8472=CARTESIAN_POINT('',(53.702661848,118.129587024,44.056292651));
#8473=DIRECTION('',(0.,1.,-0.));
#8474=VECTOR('',#8473,0.1);
#8475=LINE('',#8472,#8474);
#8476=EDGE_CURVE('',#2678,#8471,#8475,.T.);
#8477=ORIENTED_EDGE('',*,*,#8476,.T.);
#8478=CARTESIAN_POINT('',(53.702661848,118.229587024,44.056292651));
#8479=DIRECTION('',(-0.,0.,-1.));
#8480=VECTOR('',#8479,0.368509555);
#8481=LINE('',#8478,#8480);
#8482=EDGE_CURVE('',#8471,#8446,#8481,.T.);
#8483=ORIENTED_EDGE('',*,*,#8482,.T.);
#8484=ORIENTED_EDGE('',*,*,#8451,.F.);
#8485=ORIENTED_EDGE('',*,*,#2691,.F.);
#8486=EDGE_LOOP('',(#8477,#8483,#8484,#8485));
#8487=FACE_BOUND('',#8486,.T.);
#8488=ADVANCED_FACE('',(#8487),#8469,.T.);
#8489=CARTESIAN_POINT('',(53.591239343,118.129587024,44.056292651));
#8490=CARTESIAN_POINT('',(53.702661848,118.129587024,44.056292651));
#8491=B_SPLINE_CURVE_WITH_KNOTS('',1,(#8489,#8490),.UNSPECIFIED.,.F.,.F.,(2,2),(0.,0.111422505),.UNSPECIFIED.);
#8492=DIRECTION('',(-0.,-1.,0.));
#8493=VECTOR('',#8492,1.);
#8494=SURFACE_OF_LINEAR_EXTRUSION('',#8491,#8493);
#8495=CARTESIAN_POINT('',(53.591239343,118.229587024,44.056292651));
#8496=VERTEX_POINT('',#8495);
#8497=CARTESIAN_POINT('',(53.591239343,118.129587024,44.056292651));
#8498=DIRECTION('',(0.,1.,-0.));
#8499=VECTOR('',#8498,0.1);
#8500=LINE('',#8497,#8499);
#8501=EDGE_CURVE('',#2670,#8496,#8500,.T.);
#8502=ORIENTED_EDGE('',*,*,#8501,.T.);
#8503=CARTESIAN_POINT('',(53.591239343,118.229587024,44.056292651));
#8504=DIRECTION('',(1.,-0.,-0.));
#8505=VECTOR('',#8504,0.111422505);
#8506=LINE('',#8503,#8505);
#8507=EDGE_CURVE('',#8496,#8471,#8506,.T.);
#8508=ORIENTED_EDGE('',*,*,#8507,.T.);
#8509=ORIENTED_EDGE('',*,*,#8476,.F.);
#8510=ORIENTED_EDGE('',*,*,#2683,.F.);
#8511=EDGE_LOOP('',(#8502,#8508,#8509,#8510));
#8512=FACE_BOUND('',#8511,.T.);
#8513=ADVANCED_FACE('',(#8512),#8494,.T.);
#8514=CARTESIAN_POINT('',(53.591239343,118.129587024,43.17252195));
#8515=CARTESIAN_POINT('',(53.591239343,118.129587024,44.056292651));
#8516=B_SPLINE_CURVE_WITH_KNOTS('',1,(#8514,#8515),.UNSPECIFIED.,.F.,.F.,(2,2),(0.,0.736475584),.UNSPECIFIED.);
#8517=DIRECTION('',(-0.,-1.,0.));
#8518=VECTOR('',#8517,1.);
#8519=SURFACE_OF_LINEAR_EXTRUSION('',#8516,#8518);
#8520=CARTESIAN_POINT('',(53.591239343,118.229587024,43.17252195));
#8521=VERTEX_POINT('',#8520);
#8522=CARTESIAN_POINT('',(53.591239343,118.129587024,43.17252195));
#8523=DIRECTION('',(0.,1.,-0.));
#8524=VECTOR('',#8523,0.1);
#8525=LINE('',#8522,#8524);
#8526=EDGE_CURVE('',#2662,#8521,#8525,.T.);
#8527=ORIENTED_EDGE('',*,*,#8526,.T.);
#8528=CARTESIAN_POINT('',(53.591239343,118.229587024,43.17252195));
#8529=DIRECTION('',(0.,-0.,1.));
#8530=VECTOR('',#8529,0.883770701);
#8531=LINE('',#8528,#8530);
#8532=EDGE_CURVE('',#8521,#8496,#8531,.T.);
#8533=ORIENTED_EDGE('',*,*,#8532,.T.);
#8534=ORIENTED_EDGE('',*,*,#8501,.F.);
#8535=ORIENTED_EDGE('',*,*,#2675,.F.);
#8536=EDGE_LOOP('',(#8527,#8533,#8534,#8535));
#8537=FACE_BOUND('',#8536,.T.);
#8538=ADVANCED_FACE('',(#8537),#8519,.T.);
#8539=CARTESIAN_POINT('',(53.702661848,118.129587024,43.17252195));
#8540=CARTESIAN_POINT('',(53.591239343,118.129587024,43.17252195));
#8541=B_SPLINE_CURVE_WITH_KNOTS('',1,(#8539,#8540),.UNSPECIFIED.,.F.,.F.,(2,2),(0.,0.111422505),.UNSPECIFIED.);
#8542=DIRECTION('',(-0.,-1.,0.));
#8543=VECTOR('',#8542,1.);
#8544=SURFACE_OF_LINEAR_EXTRUSION('',#8541,#8543);
#8545=CARTESIAN_POINT('',(53.702661848,118.229587024,43.17252195));
#8546=VERTEX_POINT('',#8545);
#8547=CARTESIAN_POINT('',(53.702661848,118.129587024,43.17252195));
#8548=DIRECTION('',(0.,1.,-0.));
#8549=VECTOR('',#8548,0.1);
#8550=LINE('',#8547,#8549);
#8551=EDGE_CURVE('',#2654,#8546,#8550,.T.);
#8552=ORIENTED_EDGE('',*,*,#8551,.T.);
#8553=CARTESIAN_POINT('',(53.702661848,118.229587024,43.17252195));
#8554=DIRECTION('',(-1.,0.,0.));
#8555=VECTOR('',#8554,0.111422505);
#8556=LINE('',#8553,#8555);
#8557=EDGE_CURVE('',#8546,#8521,#8556,.T.);
#8558=ORIENTED_EDGE('',*,*,#8557,.T.);
#8559=ORIENTED_EDGE('',*,*,#8526,.F.);
#8560=ORIENTED_EDGE('',*,*,#2667,.F.);
#8561=EDGE_LOOP('',(#8552,#8558,#8559,#8560));
#8562=FACE_BOUND('',#8561,.T.);
#8563=ADVANCED_FACE('',(#8562),#8544,.T.);
#8564=CARTESIAN_POINT('',(53.702661848,118.129587024,43.541031504));
#8565=CARTESIAN_POINT('',(53.702661848,118.129587024,43.17252195));
#8566=B_SPLINE_CURVE_WITH_KNOTS('',1,(#8564,#8565),.UNSPECIFIED.,.F.,.F.,(2,2),(0.,0.307091295),.UNSPECIFIED.);
#8567=DIRECTION('',(-0.,-1.,0.));
#8568=VECTOR('',#8567,1.);
#8569=SURFACE_OF_LINEAR_EXTRUSION('',#8566,#8568);
#8570=CARTESIAN_POINT('',(53.702661848,118.229587024,43.541031504));
#8571=VERTEX_POINT('',#8570);
#8572=CARTESIAN_POINT('',(53.702661848,118.129587024,43.541031504));
#8573=DIRECTION('',(0.,1.,-0.));
#8574=VECTOR('',#8573,0.1);
#8575=LINE('',#8572,#8574);
#8576=EDGE_CURVE('',#2646,#8571,#8575,.T.);
#8577=ORIENTED_EDGE('',*,*,#8576,.T.);
#8578=CARTESIAN_POINT('',(53.702661848,118.229587024,43.541031504));
#8579=DIRECTION('',(-0.,0.,-1.));
#8580=VECTOR('',#8579,0.368509554);
#8581=LINE('',#8578,#8580);
#8582=EDGE_CURVE('',#8571,#8546,#8581,.T.);
#8583=ORIENTED_EDGE('',*,*,#8582,.T.);
#8584=ORIENTED_EDGE('',*,*,#8551,.F.);
#8585=ORIENTED_EDGE('',*,*,#2659,.F.);
#8586=EDGE_LOOP('',(#8577,#8583,#8584,#8585));
#8587=FACE_BOUND('',#8586,.T.);
#8588=ADVANCED_FACE('',(#8587),#8569,.T.);
#8589=CARTESIAN_POINT('',(54.526101339,118.129587024,43.541031504));
#8590=CARTESIAN_POINT('',(53.702661848,118.129587024,43.541031504));
#8591=B_SPLINE_CURVE_WITH_KNOTS('',1,(#8589,#8590),.UNSPECIFIED.,.F.,.F.,(2,2),(0.,0.82343949),.UNSPECIFIED.);
#8592=DIRECTION('',(-0.,-1.,0.));
#8593=VECTOR('',#8592,1.);
#8594=SURFACE_OF_LINEAR_EXTRUSION('',#8591,#8593);
#8595=ORIENTED_EDGE('',*,*,#8433,.T.);
#8596=CARTESIAN_POINT('',(54.526101339,118.229587024,43.541031504));
#8597=DIRECTION('',(-1.,0.,0.));
#8598=VECTOR('',#8597,0.823439491);
#8599=LINE('',#8596,#8598);
#8600=EDGE_CURVE('',#8422,#8571,#8599,.T.);
#8601=ORIENTED_EDGE('',*,*,#8600,.T.);
#8602=ORIENTED_EDGE('',*,*,#8576,.F.);
#8603=ORIENTED_EDGE('',*,*,#2651,.F.);
#8604=EDGE_LOOP('',(#8595,#8601,#8602,#8603));
#8605=FACE_BOUND('',#8604,.T.);
#8606=ADVANCED_FACE('',(#8605),#8594,.T.);
#8607=CARTESIAN_POINT('',(54.304530213,118.129587024,44.198814944));
#8608=CARTESIAN_POINT('',(54.194211742,118.129587024,44.134560166));
#8609=CARTESIAN_POINT('',(54.071111954,118.129587024,44.134560166));
#8610=B_SPLINE_CURVE_WITH_KNOTS('',2,(#8607,#8608,#8609),.UNSPECIFIED.,.F.,.F.,(3,3),(0.,1.),.UNSPECIFIED.);
#8611=DIRECTION('',(-0.,-1.,0.));
#8612=VECTOR('',#8611,1.);
#8613=SURFACE_OF_LINEAR_EXTRUSION('',#8610,#8612);
#8614=CARTESIAN_POINT('',(54.304530213,118.229587024,44.198814944));
#8615=VERTEX_POINT('',#8614);
#8616=CARTESIAN_POINT('',(54.304530213,118.129587024,44.198814944));
#8617=DIRECTION('',(0.,1.,-0.));
#8618=VECTOR('',#8617,0.1);
#8619=LINE('',#8616,#8618);
#8620=EDGE_CURVE('',#2702,#8615,#8619,.T.);
#8621=ORIENTED_EDGE('',*,*,#8620,.T.);
#8622=CARTESIAN_POINT('',(54.071111954,118.229587024,44.134560166));
#8623=VERTEX_POINT('',#8622);
#8624=CARTESIAN_POINT('',(54.304530213,118.229587024,44.198814944));
#8625=CARTESIAN_POINT('',(54.230984566,118.229587024,44.155978426));
#8626=CARTESIAN_POINT('',(54.153178479,118.229587024,44.134560166));
#8627=CARTESIAN_POINT('',(54.071111954,118.229587024,44.134560166));
#8628=B_SPLINE_CURVE_WITH_KNOTS('',3,(#8624,#8625,#8626,#8627),.UNSPECIFIED.,.F.,.F.,(4,4),(0.,1.),.UNSPECIFIED.);
#8629=EDGE_CURVE('',#8615,#8623,#8628,.T.);
#8630=ORIENTED_EDGE('',*,*,#8629,.T.);
#8631=CARTESIAN_POINT('',(54.071111954,118.129587024,44.134560166));
#8632=DIRECTION('',(0.,1.,-0.));
#8633=VECTOR('',#8632,0.1);
#8634=LINE('',#8631,#8633);
#8635=EDGE_CURVE('',#2704,#8623,#8634,.T.);
#8636=ORIENTED_EDGE('',*,*,#8635,.F.);
#8637=ORIENTED_EDGE('',*,*,#2710,.F.);
#8638=EDGE_LOOP('',(#8621,#8630,#8636,#8637));
#8639=FACE_BOUND('',#8638,.T.);
#8640=ADVANCED_FACE('',(#8639),#8613,.T.);
#8641=CARTESIAN_POINT('',(54.478627878,118.129587024,44.38785953));
#8642=CARTESIAN_POINT('',(54.414848685,118.129587024,44.263120676));
#8643=CARTESIAN_POINT('',(54.304530213,118.129587024,44.198814944));
#8644=B_SPLINE_CURVE_WITH_KNOTS('',2,(#8641,#8642,#8643),.UNSPECIFIED.,.F.,.F.,(3,3),(0.,1.),.UNSPECIFIED.);
#8645=DIRECTION('',(-0.,-1.,0.));
#8646=VECTOR('',#8645,1.);
#8647=SURFACE_OF_LINEAR_EXTRUSION('',#8644,#8646);
#8648=CARTESIAN_POINT('',(54.478627878,118.229587024,44.38785953));
#8649=VERTEX_POINT('',#8648);
#8650=CARTESIAN_POINT('',(54.478627878,118.129587024,44.38785953));
#8651=DIRECTION('',(0.,1.,-0.));
#8652=VECTOR('',#8651,0.1);
#8653=LINE('',#8650,#8652);
#8654=EDGE_CURVE('',#2785,#8649,#8653,.T.);
#8655=ORIENTED_EDGE('',*,*,#8654,.T.);
#8656=CARTESIAN_POINT('',(54.478627878,118.229587024,44.38785953));
#8657=CARTESIAN_POINT('',(54.436108416,118.229587024,44.304700294));
#8658=CARTESIAN_POINT('',(54.378075861,118.229587024,44.241685432));
#8659=CARTESIAN_POINT('',(54.304530213,118.229587024,44.198814944));
#8660=B_SPLINE_CURVE_WITH_KNOTS('',3,(#8656,#8657,#8658,#8659),.UNSPECIFIED.,.F.,.F.,(4,4),(0.,1.),.UNSPECIFIED.);
#8661=EDGE_CURVE('',#8649,#8615,#8660,.T.);
#8662=ORIENTED_EDGE('',*,*,#8661,.T.);
#8663=ORIENTED_EDGE('',*,*,#8620,.F.);
#8664=ORIENTED_EDGE('',*,*,#2798,.F.);
#8665=EDGE_LOOP('',(#8655,#8662,#8663,#8664));
#8666=FACE_BOUND('',#8665,.T.);
#8667=ADVANCED_FACE('',(#8666),#8647,.T.);
#8668=CARTESIAN_POINT('',(54.542407071,118.129587024,44.671018765));
#8669=CARTESIAN_POINT('',(54.542407071,118.129587024,44.512598383));
#8670=CARTESIAN_POINT('',(54.478627878,118.129587024,44.38785953));
#8671=B_SPLINE_CURVE_WITH_KNOTS('',2,(#8668,#8669,#8670),.UNSPECIFIED.,.F.,.F.,(3,3),(0.,1.),.UNSPECIFIED.);
#8672=DIRECTION('',(-0.,-1.,0.));
#8673=VECTOR('',#8672,1.);
#8674=SURFACE_OF_LINEAR_EXTRUSION('',#8671,#8673);
#8675=CARTESIAN_POINT('',(54.542407071,118.229587024,44.671018765));
#8676=VERTEX_POINT('',#8675);
#8677=CARTESIAN_POINT('',(54.542407071,118.129587024,44.671018765));
#8678=DIRECTION('',(0.,1.,-0.));
#8679=VECTOR('',#8678,0.1);
#8680=LINE('',#8677,#8679);
#8681=EDGE_CURVE('',#2776,#8676,#8680,.T.);
#8682=ORIENTED_EDGE('',*,*,#8681,.T.);
#8683=CARTESIAN_POINT('',(54.542407071,118.229587024,44.671018765));
#8684=CARTESIAN_POINT('',(54.542407071,118.229587024,44.565405177));
#8685=CARTESIAN_POINT('',(54.52114734,118.229587024,44.471018765));
#8686=CARTESIAN_POINT('',(54.478627878,118.229587024,44.38785953));
#8687=B_SPLINE_CURVE_WITH_KNOTS('',3,(#8683,#8684,#8685,#8686),.UNSPECIFIED.,.F.,.F.,(4,4),(0.,1.),.UNSPECIFIED.);
#8688=EDGE_CURVE('',#8676,#8649,#8687,.T.);
#8689=ORIENTED_EDGE('',*,*,#8688,.T.);
#8690=ORIENTED_EDGE('',*,*,#8654,.F.);
#8691=ORIENTED_EDGE('',*,*,#2791,.F.);
#8692=EDGE_LOOP('',(#8682,#8689,#8690,#8691));
#8693=FACE_BOUND('',#8692,.T.);
#8694=ADVANCED_FACE('',(#8693),#8674,.T.);
#8695=CARTESIAN_POINT('',(54.484700065,118.129587024,44.943477364));
#8696=CARTESIAN_POINT('',(54.542407071,118.129587024,44.817209848));
#8697=CARTESIAN_POINT('',(54.542407071,118.129587024,44.671018765));
#8698=B_SPLINE_CURVE_WITH_KNOTS('',2,(#8695,#8696,#8697),.UNSPECIFIED.,.F.,.F.,(3,3),(0.,1.),.UNSPECIFIED.);
#8699=DIRECTION('',(-0.,-1.,0.));
#8700=VECTOR('',#8699,1.);
#8701=SURFACE_OF_LINEAR_EXTRUSION('',#8698,#8700);
#8702=CARTESIAN_POINT('',(54.484700065,118.229587024,44.943477364));
#8703=VERTEX_POINT('',#8702);
#8704=CARTESIAN_POINT('',(54.484700065,118.129587024,44.943477364));
#8705=DIRECTION('',(0.,1.,-0.));
#8706=VECTOR('',#8705,0.1);
#8707=LINE('',#8704,#8706);
#8708=EDGE_CURVE('',#2767,#8703,#8707,.T.);
#8709=ORIENTED_EDGE('',*,*,#8708,.T.);
#8710=CARTESIAN_POINT('',(54.484700065,118.229587024,44.943477364));
#8711=CARTESIAN_POINT('',(54.523171402,118.229587024,44.85929902));
#8712=CARTESIAN_POINT('',(54.542407071,118.229587024,44.768479487));
#8713=CARTESIAN_POINT('',(54.542407071,118.229587024,44.671018765));
#8714=B_SPLINE_CURVE_WITH_KNOTS('',3,(#8710,#8711,#8712,#8713),.UNSPECIFIED.,.F.,.F.,(4,4),(0.,1.),.UNSPECIFIED.);
#8715=EDGE_CURVE('',#8703,#8676,#8714,.T.);
#8716=ORIENTED_EDGE('',*,*,#8715,.T.);
#8717=ORIENTED_EDGE('',*,*,#8681,.F.);
#8718=ORIENTED_EDGE('',*,*,#2782,.F.);
#8719=EDGE_LOOP('',(#8709,#8716,#8717,#8718));
#8720=FACE_BOUND('',#8719,.T.);
#8721=ADVANCED_FACE('',(#8720),#8701,.T.);
#8722=CARTESIAN_POINT('',(54.314763759,118.129587024,45.138585644));
#8723=CARTESIAN_POINT('',(54.426993058,118.129587024,45.06974488));
#8724=CARTESIAN_POINT('',(54.484700065,118.129587024,44.943477364));
#8725=B_SPLINE_CURVE_WITH_KNOTS('',2,(#8722,#8723,#8724),.UNSPECIFIED.,.F.,.F.,(3,3),(0.,1.),.UNSPECIFIED.);
#8726=DIRECTION('',(-0.,-1.,0.));
#8727=VECTOR('',#8726,1.);
#8728=SURFACE_OF_LINEAR_EXTRUSION('',#8725,#8727);
#8729=CARTESIAN_POINT('',(54.314763759,118.229587024,45.138585644));
#8730=VERTEX_POINT('',#8729);
#8731=CARTESIAN_POINT('',(54.314763759,118.129587024,45.138585644));
#8732=DIRECTION('',(0.,1.,-0.));
#8733=VECTOR('',#8732,0.1);
#8734=LINE('',#8731,#8733);
#8735=EDGE_CURVE('',#2758,#8730,#8734,.T.);
#8736=ORIENTED_EDGE('',*,*,#8735,.T.);
#8737=CARTESIAN_POINT('',(54.314763759,118.229587024,45.138585644));
#8738=CARTESIAN_POINT('',(54.389583292,118.229587024,45.092691801));
#8739=CARTESIAN_POINT('',(54.446228727,118.229587024,45.027655708));
#8740=CARTESIAN_POINT('',(54.484700065,118.229587024,44.943477364));
#8741=B_SPLINE_CURVE_WITH_KNOTS('',3,(#8737,#8738,#8739,#8740),.UNSPECIFIED.,.F.,.F.,(4,4),(0.,1.),.UNSPECIFIED.);
#8742=EDGE_CURVE('',#8730,#8703,#8741,.T.);
#8743=ORIENTED_EDGE('',*,*,#8742,.T.);
#8744=ORIENTED_EDGE('',*,*,#8708,.F.);
#8745=ORIENTED_EDGE('',*,*,#2773,.F.);
#8746=EDGE_LOOP('',(#8736,#8743,#8744,#8745));
#8747=FACE_BOUND('',#8746,.T.);
#8748=ADVANCED_FACE('',(#8747),#8728,.T.);
#8749=CARTESIAN_POINT('',(54.060283929,118.129587024,45.207477364));
#8750=CARTESIAN_POINT('',(54.202491997,118.129587024,45.207477364));
#8751=CARTESIAN_POINT('',(54.314763759,118.129587024,45.138585644));
#8752=B_SPLINE_CURVE_WITH_KNOTS('',2,(#8749,#8750,#8751),.UNSPECIFIED.,.F.,.F.,(3,3),(0.,1.),.UNSPECIFIED.);
#8753=DIRECTION('',(-0.,-1.,0.));
#8754=VECTOR('',#8753,1.);
#8755=SURFACE_OF_LINEAR_EXTRUSION('',#8752,#8754);
#8756=CARTESIAN_POINT('',(54.060283929,118.229587024,45.207477364));
#8757=VERTEX_POINT('',#8756);
#8758=CARTESIAN_POINT('',(54.060283929,118.129587024,45.207477364));
#8759=DIRECTION('',(0.,1.,-0.));
#8760=VECTOR('',#8759,0.1);
#8761=LINE('',#8758,#8760);
#8762=EDGE_CURVE('',#2749,#8757,#8761,.T.);
#8763=ORIENTED_EDGE('',*,*,#8762,.T.);
#8764=CARTESIAN_POINT('',(54.060283929,118.229587024,45.207477364));
#8765=CARTESIAN_POINT('',(54.155089307,118.229587024,45.207477364));
#8766=CARTESIAN_POINT('',(54.239915918,118.229587024,45.184513457));
#8767=CARTESIAN_POINT('',(54.314763759,118.229587024,45.138585644));
#8768=B_SPLINE_CURVE_WITH_KNOTS('',3,(#8764,#8765,#8766,#8767),.UNSPECIFIED.,.F.,.F.,(4,4),(0.,1.),.UNSPECIFIED.);
#8769=EDGE_CURVE('',#8757,#8730,#8768,.T.);
#8770=ORIENTED_EDGE('',*,*,#8769,.T.);
#8771=ORIENTED_EDGE('',*,*,#8735,.F.);
#8772=ORIENTED_EDGE('',*,*,#2764,.F.);
#8773=EDGE_LOOP('',(#8763,#8770,#8771,#8772));
#8774=FACE_BOUND('',#8773,.T.);
#8775=ADVANCED_FACE('',(#8774),#8755,.T.);
#8776=CARTESIAN_POINT('',(53.809328515,118.129587024,45.142050612));
#8777=CARTESIAN_POINT('',(53.919944226,118.129587024,45.207477364));
#8778=CARTESIAN_POINT('',(54.060283929,118.129587024,45.207477364));
#8779=B_SPLINE_CURVE_WITH_KNOTS('',2,(#8776,#8777,#8778),.UNSPECIFIED.,.F.,.F.,(3,3),(0.,1.),.UNSPECIFIED.);
#8780=DIRECTION('',(-0.,-1.,0.));
#8781=VECTOR('',#8780,1.);
#8782=SURFACE_OF_LINEAR_EXTRUSION('',#8779,#8781);
#8783=CARTESIAN_POINT('',(53.809328515,118.229587024,45.142050612));
#8784=VERTEX_POINT('',#8783);
#8785=CARTESIAN_POINT('',(53.809328515,118.129587024,45.142050612));
#8786=DIRECTION('',(0.,1.,-0.));
#8787=VECTOR('',#8786,0.1);
#8788=LINE('',#8785,#8787);
#8789=EDGE_CURVE('',#2740,#8784,#8788,.T.);
#8790=ORIENTED_EDGE('',*,*,#8789,.T.);
#8791=CARTESIAN_POINT('',(53.809328515,118.229587024,45.142050612));
#8792=CARTESIAN_POINT('',(53.883072322,118.229587024,45.185668447));
#8793=CARTESIAN_POINT('',(53.966724127,118.229587024,45.207477364));
#8794=CARTESIAN_POINT('',(54.060283929,118.229587024,45.207477364));
#8795=B_SPLINE_CURVE_WITH_KNOTS('',3,(#8791,#8792,#8793,#8794),.UNSPECIFIED.,.F.,.F.,(4,4),(0.,1.),.UNSPECIFIED.);
#8796=EDGE_CURVE('',#8784,#8757,#8795,.T.);
#8797=ORIENTED_EDGE('',*,*,#8796,.T.);
#8798=ORIENTED_EDGE('',*,*,#8762,.F.);
#8799=ORIENTED_EDGE('',*,*,#2755,.F.);
#8800=EDGE_LOOP('',(#8790,#8797,#8798,#8799));
#8801=FACE_BOUND('',#8800,.T.);
#8802=ADVANCED_FACE('',(#8801),#8782,.T.);
#8803=CARTESIAN_POINT('',(53.636801976,118.129587024,44.951885007));
#8804=CARTESIAN_POINT('',(53.698670341,118.129587024,45.076623861));
#8805=CARTESIAN_POINT('',(53.809328515,118.129587024,45.142050612));
#8806=B_SPLINE_CURVE_WITH_KNOTS('',2,(#8803,#8804,#8805),.UNSPECIFIED.,.F.,.F.,(3,3),(0.,1.),.UNSPECIFIED.);
#8807=DIRECTION('',(-0.,-1.,0.));
#8808=VECTOR('',#8807,1.);
#8809=SURFACE_OF_LINEAR_EXTRUSION('',#8806,#8808);
#8810=CARTESIAN_POINT('',(53.636801976,118.229587024,44.951885007));
#8811=VERTEX_POINT('',#8810);
#8812=CARTESIAN_POINT('',(53.636801976,118.129587024,44.951885007));
#8813=DIRECTION('',(0.,1.,-0.));
#8814=VECTOR('',#8813,0.1);
#8815=LINE('',#8812,#8814);
#8816=EDGE_CURVE('',#2731,#8811,#8815,.T.);
#8817=ORIENTED_EDGE('',*,*,#8816,.T.);
#8818=CARTESIAN_POINT('',(53.636801976,118.229587024,44.951885007));
#8819=CARTESIAN_POINT('',(53.678047552,118.229587024,45.035044243));
#8820=CARTESIAN_POINT('',(53.735556399,118.229587024,45.098432778));
#8821=CARTESIAN_POINT('',(53.809328515,118.229587024,45.142050612));
#8822=B_SPLINE_CURVE_WITH_KNOTS('',3,(#8818,#8819,#8820,#8821),.UNSPECIFIED.,.F.,.F.,(4,4),(0.,1.),.UNSPECIFIED.);
#8823=EDGE_CURVE('',#8811,#8784,#8822,.T.);
#8824=ORIENTED_EDGE('',*,*,#8823,.T.);
#8825=ORIENTED_EDGE('',*,*,#8789,.F.);
#8826=ORIENTED_EDGE('',*,*,#2746,.F.);
#8827=EDGE_LOOP('',(#8817,#8824,#8825,#8826));
#8828=FACE_BOUND('',#8827,.T.);
#8829=ADVANCED_FACE('',(#8828),#8809,.T.);
#8830=CARTESIAN_POINT('',(53.57493361,118.129587024,44.671783096));
#8831=CARTESIAN_POINT('',(53.57493361,118.129587024,44.827146154));
#8832=CARTESIAN_POINT('',(53.636801976,118.129587024,44.951885007));
#8833=B_SPLINE_CURVE_WITH_KNOTS('',2,(#8830,#8831,#8832),.UNSPECIFIED.,.F.,.F.,(3,3),(0.,1.),.UNSPECIFIED.);
#8834=DIRECTION('',(-0.,-1.,0.));
#8835=VECTOR('',#8834,1.);
#8836=SURFACE_OF_LINEAR_EXTRUSION('',#8833,#8835);
#8837=CARTESIAN_POINT('',(53.57493361,118.229587024,44.671783096));
#8838=VERTEX_POINT('',#8837);
#8839=CARTESIAN_POINT('',(53.57493361,118.129587024,44.671783096));
#8840=DIRECTION('',(0.,1.,-0.));
#8841=VECTOR('',#8840,0.1);
#8842=LINE('',#8839,#8841);
#8843=EDGE_CURVE('',#2722,#8838,#8842,.T.);
#8844=ORIENTED_EDGE('',*,*,#8843,.T.);
#8845=CARTESIAN_POINT('',(53.57493361,118.229587024,44.671783096));
#8846=CARTESIAN_POINT('',(53.57493361,118.229587024,44.775358468));
#8847=CARTESIAN_POINT('',(53.595556399,118.229587024,44.868725772));
#8848=CARTESIAN_POINT('',(53.636801976,118.229587024,44.951885007));
#8849=B_SPLINE_CURVE_WITH_KNOTS('',3,(#8845,#8846,#8847,#8848),.UNSPECIFIED.,.F.,.F.,(4,4),(0.,1.),.UNSPECIFIED.);
#8850=EDGE_CURVE('',#8838,#8811,#8849,.T.);
#8851=ORIENTED_EDGE('',*,*,#8850,.T.);
#8852=ORIENTED_EDGE('',*,*,#8816,.F.);
#8853=ORIENTED_EDGE('',*,*,#2737,.F.);
#8854=EDGE_LOOP('',(#8844,#8851,#8852,#8853));
#8855=FACE_BOUND('',#8854,.T.);
#8856=ADVANCED_FACE('',(#8855),#8836,.T.);
#8857=CARTESIAN_POINT('',(53.706653356,118.129587024,44.28452195));
#8858=CARTESIAN_POINT('',(53.57493361,118.129587024,44.434534689));
#8859=CARTESIAN_POINT('',(53.57493361,118.129587024,44.671783096));
#8860=B_SPLINE_CURVE_WITH_KNOTS('',2,(#8857,#8858,#8859),.UNSPECIFIED.,.F.,.F.,(3,3),(0.,1.),.UNSPECIFIED.);
#8861=DIRECTION('',(-0.,-1.,0.));
#8862=VECTOR('',#8861,1.);
#8863=SURFACE_OF_LINEAR_EXTRUSION('',#8860,#8862);
#8864=CARTESIAN_POINT('',(53.706653356,118.229587024,44.28452195));
#8865=VERTEX_POINT('',#8864);
#8866=CARTESIAN_POINT('',(53.706653356,118.129587024,44.28452195));
#8867=DIRECTION('',(0.,1.,-0.));
#8868=VECTOR('',#8867,0.1);
#8869=LINE('',#8866,#8868);
#8870=EDGE_CURVE('',#2713,#8865,#8869,.T.);
#8871=ORIENTED_EDGE('',*,*,#8870,.T.);
#8872=CARTESIAN_POINT('',(53.706653356,118.229587024,44.28452195));
#8873=CARTESIAN_POINT('',(53.618840192,118.229587024,44.384530442));
#8874=CARTESIAN_POINT('',(53.57493361,118.229587024,44.513617491));
#8875=CARTESIAN_POINT('',(53.57493361,118.229587024,44.671783096));
#8876=B_SPLINE_CURVE_WITH_KNOTS('',3,(#8872,#8873,#8874,#8875),.UNSPECIFIED.,.F.,.F.,(4,4),(0.,1.),.UNSPECIFIED.);
#8877=EDGE_CURVE('',#8865,#8838,#8876,.T.);
#8878=ORIENTED_EDGE('',*,*,#8877,.T.);
#8879=ORIENTED_EDGE('',*,*,#8843,.F.);
#8880=ORIENTED_EDGE('',*,*,#2728,.F.);
#8881=EDGE_LOOP('',(#8871,#8878,#8879,#8880));
#8882=FACE_BOUND('',#8881,.T.);
#8883=ADVANCED_FACE('',(#8882),#8863,.T.);
#8884=CARTESIAN_POINT('',(54.071111954,118.129587024,44.134560166));
#8885=CARTESIAN_POINT('',(53.838330638,118.129587024,44.134560166));
#8886=CARTESIAN_POINT('',(53.706653356,118.129587024,44.28452195));
#8887=B_SPLINE_CURVE_WITH_KNOTS('',2,(#8884,#8885,#8886),.UNSPECIFIED.,.F.,.F.,(3,3),(0.,1.),.UNSPECIFIED.);
#8888=DIRECTION('',(-0.,-1.,0.));
#8889=VECTOR('',#8888,1.);
#8890=SURFACE_OF_LINEAR_EXTRUSION('',#8887,#8889);
#8891=ORIENTED_EDGE('',*,*,#8635,.T.);
#8892=CARTESIAN_POINT('',(54.071111954,118.229587024,44.134560166));
#8893=CARTESIAN_POINT('',(53.91592441,118.229587024,44.134560166));
#8894=CARTESIAN_POINT('',(53.794438211,118.229587024,44.184547428));
#8895=CARTESIAN_POINT('',(53.706653356,118.229587024,44.28452195));
#8896=B_SPLINE_CURVE_WITH_KNOTS('',3,(#8892,#8893,#8894,#8895),.UNSPECIFIED.,.F.,.F.,(4,4),(0.,1.),.UNSPECIFIED.);
#8897=EDGE_CURVE('',#8623,#8865,#8896,.T.);
#8898=ORIENTED_EDGE('',*,*,#8897,.T.);
#8899=ORIENTED_EDGE('',*,*,#8870,.F.);
#8900=ORIENTED_EDGE('',*,*,#2719,.F.);
#8901=EDGE_LOOP('',(#8891,#8898,#8899,#8900));
#8902=FACE_BOUND('',#8901,.T.);
#8903=ADVANCED_FACE('',(#8902),#8890,.T.);
#8904=CARTESIAN_POINT('',(54.526101339,118.129587024,45.553158893));
#8905=CARTESIAN_POINT('',(54.526101339,118.129587024,45.4064073));
#8906=B_SPLINE_CURVE_WITH_KNOTS('',1,(#8904,#8905),.UNSPECIFIED.,.F.,.F.,(2,2),(0.,0.122292994),.UNSPECIFIED.);
#8907=DIRECTION('',(-0.,-1.,0.));
#8908=VECTOR('',#8907,1.);
#8909=SURFACE_OF_LINEAR_EXTRUSION('',#8906,#8908);
#8910=CARTESIAN_POINT('',(54.526101339,118.229587024,45.553158893));
#8911=VERTEX_POINT('',#8910);
#8912=CARTESIAN_POINT('',(54.526101339,118.129587024,45.553158893));
#8913=DIRECTION('',(0.,1.,-0.));
#8914=VECTOR('',#8913,0.1);
#8915=LINE('',#8912,#8914);
#8916=EDGE_CURVE('',#2803,#8911,#8915,.T.);
#8917=ORIENTED_EDGE('',*,*,#8916,.T.);
#8918=CARTESIAN_POINT('',(54.526101339,118.229587024,45.4064073));
#8919=VERTEX_POINT('',#8918);
#8920=CARTESIAN_POINT('',(54.526101339,118.229587024,45.553158893));
#8921=DIRECTION('',(-0.,0.,-1.));
#8922=VECTOR('',#8921,0.146751593);
#8923=LINE('',#8920,#8922);
#8924=EDGE_CURVE('',#8911,#8919,#8923,.T.);
#8925=ORIENTED_EDGE('',*,*,#8924,.T.);
#8926=CARTESIAN_POINT('',(54.526101339,118.129587024,45.4064073));
#8927=DIRECTION('',(0.,1.,-0.));
#8928=VECTOR('',#8927,0.1);
#8929=LINE('',#8926,#8928);
#8930=EDGE_CURVE('',#2805,#8919,#8929,.T.);
#8931=ORIENTED_EDGE('',*,*,#8930,.F.);
#8932=ORIENTED_EDGE('',*,*,#2810,.F.);
#8933=EDGE_LOOP('',(#8917,#8925,#8931,#8932));
#8934=FACE_BOUND('',#8933,.T.);
#8935=ADVANCED_FACE('',(#8934),#8909,.T.);
#8936=CARTESIAN_POINT('',(54.11030516,118.129587024,45.553158893));
#8937=CARTESIAN_POINT('',(54.526101339,118.129587024,45.553158893));
#8938=B_SPLINE_CURVE_WITH_KNOTS('',1,(#8936,#8937),.UNSPECIFIED.,.F.,.F.,(2,2),(0.,0.415796178),.UNSPECIFIED.);
#8939=DIRECTION('',(-0.,-1.,0.));
#8940=VECTOR('',#8939,1.);
#8941=SURFACE_OF_LINEAR_EXTRUSION('',#8938,#8940);
#8942=CARTESIAN_POINT('',(54.11030516,118.229587024,45.553158893));
#8943=VERTEX_POINT('',#8942);
#8944=CARTESIAN_POINT('',(54.11030516,118.129587024,45.553158893));
#8945=DIRECTION('',(0.,1.,-0.));
#8946=VECTOR('',#8945,0.1);
#8947=LINE('',#8944,#8946);
#8948=EDGE_CURVE('',#2952,#8943,#8947,.T.);
#8949=ORIENTED_EDGE('',*,*,#8948,.T.);
#8950=CARTESIAN_POINT('',(54.11030516,118.229587024,45.553158893));
#8951=DIRECTION('',(1.,-0.,-0.));
#8952=VECTOR('',#8951,0.415796179);
#8953=LINE('',#8950,#8952);
#8954=EDGE_CURVE('',#8943,#8911,#8953,.T.);
#8955=ORIENTED_EDGE('',*,*,#8954,.T.);
#8956=ORIENTED_EDGE('',*,*,#8916,.F.);
#8957=ORIENTED_EDGE('',*,*,#2963,.F.);
#8958=EDGE_LOOP('',(#8949,#8955,#8956,#8957));
#8959=FACE_BOUND('',#8958,.T.);
#8960=ADVANCED_FACE('',(#8959),#8941,.T.);
#8961=CARTESIAN_POINT('',(54.11030516,118.129587024,45.724980549));
#8962=CARTESIAN_POINT('',(54.11030516,118.129587024,45.553158893));
#8963=B_SPLINE_CURVE_WITH_KNOTS('',1,(#8961,#8962),.UNSPECIFIED.,.F.,.F.,(2,2),(0.,0.143184713),.UNSPECIFIED.);
#8964=DIRECTION('',(-0.,-1.,0.));
#8965=VECTOR('',#8964,1.);
#8966=SURFACE_OF_LINEAR_EXTRUSION('',#8963,#8965);
#8967=CARTESIAN_POINT('',(54.11030516,118.229587024,45.724980549));
#8968=VERTEX_POINT('',#8967);
#8969=CARTESIAN_POINT('',(54.11030516,118.129587024,45.724980549));
#8970=DIRECTION('',(0.,1.,-0.));
#8971=VECTOR('',#8970,0.1);
#8972=LINE('',#8969,#8971);
#8973=EDGE_CURVE('',#2943,#8968,#8972,.T.);
#8974=ORIENTED_EDGE('',*,*,#8973,.T.);
#8975=CARTESIAN_POINT('',(54.11030516,118.229587024,45.724980549));
#8976=DIRECTION('',(-0.,0.,-1.));
#8977=VECTOR('',#8976,0.171821656);
#8978=LINE('',#8975,#8977);
#8979=EDGE_CURVE('',#8968,#8943,#8978,.T.);
#8980=ORIENTED_EDGE('',*,*,#8979,.T.);
#8981=ORIENTED_EDGE('',*,*,#8948,.F.);
#8982=ORIENTED_EDGE('',*,*,#2957,.F.);
#8983=EDGE_LOOP('',(#8974,#8980,#8981,#8982));
#8984=FACE_BOUND('',#8983,.T.);
#8985=ADVANCED_FACE('',(#8984),#8966,.T.);
#8986=CARTESIAN_POINT('',(54.114721296,118.129587024,45.807426409));
#8987=CARTESIAN_POINT('',(54.11030516,118.129587024,45.782254434));
#8988=CARTESIAN_POINT('',(54.11030516,118.129587024,45.724980549));
#8989=B_SPLINE_CURVE_WITH_KNOTS('',2,(#8986,#8987,#8988),.UNSPECIFIED.,.F.,.F.,(3,3),(0.,1.),.UNSPECIFIED.);
#8990=DIRECTION('',(-0.,-1.,0.));
#8991=VECTOR('',#8990,1.);
#8992=SURFACE_OF_LINEAR_EXTRUSION('',#8989,#8991);
#8993=CARTESIAN_POINT('',(54.114721296,118.229587024,45.807426409));
#8994=VERTEX_POINT('',#8993);
#8995=CARTESIAN_POINT('',(54.114721243,118.129587024,45.807426107));
#8996=DIRECTION('',(0.,1.,-0.));
#8997=VECTOR('',#8996,0.1);
#8998=LINE('',#8995,#8997);
#8999=EDGE_CURVE('',#2934,#8994,#8998,.T.);
#9000=ORIENTED_EDGE('',*,*,#8999,.T.);
#9001=CARTESIAN_POINT('',(54.114721296,118.229587024,45.807426409));
#9002=CARTESIAN_POINT('',(54.111777206,118.229587024,45.790645092));
#9003=CARTESIAN_POINT('',(54.11030516,118.229587024,45.763163139));
#9004=CARTESIAN_POINT('',(54.11030516,118.229587024,45.724980549));
#9005=B_SPLINE_CURVE_WITH_KNOTS('',3,(#9001,#9002,#9003,#9004),.UNSPECIFIED.,.F.,.F.,(4,4),(0.,1.),.UNSPECIFIED.);
#9006=EDGE_CURVE('',#8994,#8968,#9005,.T.);
#9007=ORIENTED_EDGE('',*,*,#9006,.T.);
#9008=ORIENTED_EDGE('',*,*,#8973,.F.);
#9009=ORIENTED_EDGE('',*,*,#2949,.F.);
#9010=EDGE_LOOP('',(#9000,#9007,#9008,#9009));
#9011=FACE_BOUND('',#9010,.T.);
#9012=ADVANCED_FACE('',(#9011),#8992,.T.);
#9013=CARTESIAN_POINT('',(54.139349746,118.129587024,45.874993288));
#9014=CARTESIAN_POINT('',(54.121685203,118.129587024,45.841770358));
#9015=CARTESIAN_POINT('',(54.114721296,118.129587024,45.807426409));
#9016=CARTESIAN_POINT('',(54.114651657,118.129587024,45.807082969));
#9017=CARTESIAN_POINT('',(54.114582018,118.129587024,45.80673953));
#9018=B_SPLINE_CURVE_WITH_KNOTS('',2,(#9013,#9014,#9015,#9016,#9017),.UNSPECIFIED.,.F.,.F.,(3,2,3),(0.,1.,1.01),.UNSPECIFIED.);
#9019=DIRECTION('',(-0.,-1.,0.));
#9020=VECTOR('',#9019,1.);
#9021=SURFACE_OF_LINEAR_EXTRUSION('',#9018,#9020);
#9022=CARTESIAN_POINT('',(54.139349746,118.229587024,45.874993288));
#9023=VERTEX_POINT('',#9022);
#9024=CARTESIAN_POINT('',(54.139349746,118.129587024,45.874993288));
#9025=DIRECTION('',(0.,1.,-0.));
#9026=VECTOR('',#9025,0.1);
#9027=LINE('',#9024,#9026);
#9028=EDGE_CURVE('',#2925,#9023,#9027,.T.);
#9029=ORIENTED_EDGE('',*,*,#9028,.T.);
#9030=CARTESIAN_POINT('',(54.139349746,118.229587024,45.874993288));
#9031=CARTESIAN_POINT('',(54.127573384,118.229587024,45.852844668));
#9032=CARTESIAN_POINT('',(54.119363901,118.229587024,45.830322375));
#9033=CARTESIAN_POINT('',(54.114721296,118.229587024,45.807426409));
#9034=B_SPLINE_CURVE_WITH_KNOTS('',3,(#9030,#9031,#9032,#9033),.UNSPECIFIED.,.F.,.F.,(4,4),(0.,1.),.UNSPECIFIED.);
#9035=EDGE_CURVE('',#9023,#8994,#9034,.T.);
#9036=ORIENTED_EDGE('',*,*,#9035,.T.);
#9037=ORIENTED_EDGE('',*,*,#8999,.F.);
#9038=ORIENTED_EDGE('',*,*,#2940,.F.);
#9039=EDGE_LOOP('',(#9029,#9036,#9037,#9038));
#9040=FACE_BOUND('',#9039,.T.);
#9041=ADVANCED_FACE('',(#9040),#9021,.T.);
#9042=CARTESIAN_POINT('',(54.201812591,118.129587024,45.950203479));
#9043=CARTESIAN_POINT('',(54.15701429,118.129587024,45.908216217));
#9044=CARTESIAN_POINT('',(54.139349746,118.129587024,45.874993288));
#9045=B_SPLINE_CURVE_WITH_KNOTS('',2,(#9042,#9043,#9044),.UNSPECIFIED.,.F.,.F.,(3,3),(0.,1.),.UNSPECIFIED.);
#9046=DIRECTION('',(-0.,-1.,0.));
#9047=VECTOR('',#9046,1.);
#9048=SURFACE_OF_LINEAR_EXTRUSION('',#9045,#9047);
#9049=CARTESIAN_POINT('',(54.201812591,118.229587024,45.950203479));
#9050=VERTEX_POINT('',#9049);
#9051=CARTESIAN_POINT('',(54.201812591,118.129587024,45.950203479));
#9052=DIRECTION('',(0.,1.,-0.));
#9053=VECTOR('',#9052,0.1);
#9054=LINE('',#9051,#9053);
#9055=EDGE_CURVE('',#2916,#9050,#9054,.T.);
#9056=ORIENTED_EDGE('',*,*,#9055,.T.);
#9057=CARTESIAN_POINT('',(54.201812591,118.229587024,45.950203479));
#9058=CARTESIAN_POINT('',(54.171947057,118.229587024,45.922211971));
#9059=CARTESIAN_POINT('',(54.151126109,118.229587024,45.897141907));
#9060=CARTESIAN_POINT('',(54.139349746,118.229587024,45.874993288));
#9061=B_SPLINE_CURVE_WITH_KNOTS('',3,(#9057,#9058,#9059,#9060),.UNSPECIFIED.,.F.,.F.,(4,4),(0.,1.),.UNSPECIFIED.);
#9062=EDGE_CURVE('',#9050,#9023,#9061,.T.);
#9063=ORIENTED_EDGE('',*,*,#9062,.T.);
#9064=ORIENTED_EDGE('',*,*,#9028,.F.);
#9065=ORIENTED_EDGE('',*,*,#2931,.F.);
#9066=EDGE_LOOP('',(#9056,#9063,#9064,#9065));
#9067=FACE_BOUND('',#9066,.T.);
#9068=ADVANCED_FACE('',(#9067),#9048,.T.);
#9069=CARTESIAN_POINT('',(54.330984566,118.129587024,46.057158893));
#9070=CARTESIAN_POINT('',(54.24656843,118.129587024,45.992241695));
#9071=CARTESIAN_POINT('',(54.201812591,118.129587024,45.950203479));
#9072=B_SPLINE_CURVE_WITH_KNOTS('',2,(#9069,#9070,#9071),.UNSPECIFIED.,.F.,.F.,(3,3),(0.,1.),.UNSPECIFIED.);
#9073=DIRECTION('',(-0.,-1.,0.));
#9074=VECTOR('',#9073,1.);
#9075=SURFACE_OF_LINEAR_EXTRUSION('',#9072,#9074);
#9076=CARTESIAN_POINT('',(54.330984566,118.229587024,46.057158893));
#9077=VERTEX_POINT('',#9076);
#9078=CARTESIAN_POINT('',(54.330984566,118.129587024,46.057158893));
#9079=DIRECTION('',(0.,1.,-0.));
#9080=VECTOR('',#9079,0.1);
#9081=LINE('',#9078,#9080);
#9082=EDGE_CURVE('',#2908,#9077,#9081,.T.);
#9083=ORIENTED_EDGE('',*,*,#9082,.T.);
#9084=CARTESIAN_POINT('',(54.330984566,118.229587024,46.057158893));
#9085=CARTESIAN_POINT('',(54.274707142,118.229587024,46.013880761));
#9086=CARTESIAN_POINT('',(54.231649817,118.229587024,45.978228956));
#9087=CARTESIAN_POINT('',(54.201812591,118.229587024,45.950203479));
#9088=B_SPLINE_CURVE_WITH_KNOTS('',3,(#9084,#9085,#9086,#9087),.UNSPECIFIED.,.F.,.F.,(4,4),(0.,1.),.UNSPECIFIED.);
#9089=EDGE_CURVE('',#9077,#9050,#9088,.T.);
#9090=ORIENTED_EDGE('',*,*,#9089,.T.);
#9091=ORIENTED_EDGE('',*,*,#9055,.F.);
#9092=ORIENTED_EDGE('',*,*,#2922,.F.);
#9093=EDGE_LOOP('',(#9083,#9090,#9091,#9092));
#9094=FACE_BOUND('',#9093,.T.);
#9095=ADVANCED_FACE('',(#9094),#9075,.T.);
#9096=CARTESIAN_POINT('',(54.526101339,118.129587024,46.205286281));
#9097=CARTESIAN_POINT('',(54.330984566,118.129587024,46.057158893));
#9098=B_SPLINE_CURVE_WITH_KNOTS('',1,(#9096,#9097),.UNSPECIFIED.,.F.,.F.,(2,2),(0.,0.230884956),.UNSPECIFIED.);
#9099=DIRECTION('',(-0.,-1.,0.));
#9100=VECTOR('',#9099,1.);
#9101=SURFACE_OF_LINEAR_EXTRUSION('',#9098,#9100);
#9102=CARTESIAN_POINT('',(54.526101339,118.229587024,46.205286281));
#9103=VERTEX_POINT('',#9102);
#9104=CARTESIAN_POINT('',(54.526101339,118.129587024,46.205286281));
#9105=DIRECTION('',(0.,1.,-0.));
#9106=VECTOR('',#9105,0.1);
#9107=LINE('',#9104,#9106);
#9108=EDGE_CURVE('',#2900,#9103,#9107,.T.);
#9109=ORIENTED_EDGE('',*,*,#9108,.T.);
#9110=CARTESIAN_POINT('',(54.526101339,118.229587024,46.205286281));
#9111=DIRECTION('',(-0.7964794,0.,-0.604665664));
#9112=VECTOR('',#9111,0.244974036);
#9113=LINE('',#9110,#9112);
#9114=EDGE_CURVE('',#9103,#9077,#9113,.T.);
#9115=ORIENTED_EDGE('',*,*,#9114,.T.);
#9116=ORIENTED_EDGE('',*,*,#9082,.F.);
#9117=ORIENTED_EDGE('',*,*,#2913,.F.);
#9118=EDGE_LOOP('',(#9109,#9115,#9116,#9117));
#9119=FACE_BOUND('',#9118,.T.);
#9120=ADVANCED_FACE('',(#9119),#9101,.T.);
#9121=CARTESIAN_POINT('',(54.526101339,118.129587024,46.390254434));
#9122=CARTESIAN_POINT('',(54.526101339,118.129587024,46.205286281));
#9123=B_SPLINE_CURVE_WITH_KNOTS('',1,(#9121,#9122),.UNSPECIFIED.,.F.,.F.,(2,2),(0.,0.154140127),.UNSPECIFIED.);
#9124=DIRECTION('',(-0.,-1.,0.));
#9125=VECTOR('',#9124,1.);
#9126=SURFACE_OF_LINEAR_EXTRUSION('',#9123,#9125);
#9127=CARTESIAN_POINT('',(54.526101339,118.229587024,46.390254434));
#9128=VERTEX_POINT('',#9127);
#9129=CARTESIAN_POINT('',(54.526101339,118.129587024,46.390254434));
#9130=DIRECTION('',(0.,1.,-0.));
#9131=VECTOR('',#9130,0.1);
#9132=LINE('',#9129,#9131);
#9133=EDGE_CURVE('',#2892,#9128,#9132,.T.);
#9134=ORIENTED_EDGE('',*,*,#9133,.T.);
#9135=CARTESIAN_POINT('',(54.526101339,118.229587024,46.390254434));
#9136=DIRECTION('',(-0.,0.,-1.));
#9137=VECTOR('',#9136,0.184968153);
#9138=LINE('',#9135,#9137);
#9139=EDGE_CURVE('',#9128,#9103,#9138,.T.);
#9140=ORIENTED_EDGE('',*,*,#9139,.T.);
#9141=ORIENTED_EDGE('',*,*,#9108,.F.);
#9142=ORIENTED_EDGE('',*,*,#2905,.F.);
#9143=EDGE_LOOP('',(#9134,#9140,#9141,#9142));
#9144=FACE_BOUND('',#9143,.T.);
#9145=ADVANCED_FACE('',(#9144),#9126,.T.);
#9146=CARTESIAN_POINT('',(54.270857177,118.129587024,46.196470995));
#9147=CARTESIAN_POINT('',(54.526101339,118.129587024,46.390254434));
#9148=B_SPLINE_CURVE_WITH_KNOTS('',1,(#9146,#9147),.UNSPECIFIED.,.F.,.F.,(2,2),(0.,0.302038697),.UNSPECIFIED.);
#9149=DIRECTION('',(-0.,-1.,0.));
#9150=VECTOR('',#9149,1.);
#9151=SURFACE_OF_LINEAR_EXTRUSION('',#9148,#9150);
#9152=CARTESIAN_POINT('',(54.270857177,118.229587024,46.196470995));
#9153=VERTEX_POINT('',#9152);
#9154=CARTESIAN_POINT('',(54.270857177,118.129587024,46.196470995));
#9155=DIRECTION('',(0.,1.,-0.));
#9156=VECTOR('',#9155,0.1);
#9157=LINE('',#9154,#9156);
#9158=EDGE_CURVE('',#2883,#9153,#9157,.T.);
#9159=ORIENTED_EDGE('',*,*,#9158,.T.);
#9160=CARTESIAN_POINT('',(54.270857177,118.229587024,46.196470995));
#9161=DIRECTION('',(0.796465935,-0.,0.604683401));
#9162=VECTOR('',#9161,0.320470909);
#9163=LINE('',#9160,#9162);
#9164=EDGE_CURVE('',#9153,#9128,#9163,.T.);
#9165=ORIENTED_EDGE('',*,*,#9164,.T.);
#9166=ORIENTED_EDGE('',*,*,#9133,.F.);
#9167=ORIENTED_EDGE('',*,*,#2897,.F.);
#9168=EDGE_LOOP('',(#9159,#9165,#9166,#9167));
#9169=FACE_BOUND('',#9168,.T.);
#9170=ADVANCED_FACE('',(#9169),#9151,.T.);
#9171=CARTESIAN_POINT('',(54.146143801,118.129587024,46.073872268));
#9172=CARTESIAN_POINT('',(54.196080107,118.129587024,46.13873851));
#9173=CARTESIAN_POINT('',(54.270857177,118.129587024,46.196470995));
#9174=B_SPLINE_CURVE_WITH_KNOTS('',2,(#9171,#9172,#9173),.UNSPECIFIED.,.F.,.F.,(3,3),(0.,1.),.UNSPECIFIED.);
#9175=DIRECTION('',(-0.,-1.,0.));
#9176=VECTOR('',#9175,1.);
#9177=SURFACE_OF_LINEAR_EXTRUSION('',#9174,#9176);
#9178=CARTESIAN_POINT('',(54.146143801,118.229587024,46.073872268));
#9179=VERTEX_POINT('',#9178);
#9180=CARTESIAN_POINT('',(54.146143802,118.129587024,46.073872269));
#9181=DIRECTION('',(0.,1.,-0.));
#9182=VECTOR('',#9181,0.1);
#9183=LINE('',#9180,#9182);
#9184=EDGE_CURVE('',#2874,#9179,#9183,.T.);
#9185=ORIENTED_EDGE('',*,*,#9184,.T.);
#9186=CARTESIAN_POINT('',(54.146143801,118.229587024,46.073872268));
#9187=CARTESIAN_POINT('',(54.179434672,118.229587024,46.11711643));
#9188=CARTESIAN_POINT('',(54.221005797,118.229587024,46.157982672));
#9189=CARTESIAN_POINT('',(54.270857177,118.229587024,46.196470995));
#9190=B_SPLINE_CURVE_WITH_KNOTS('',3,(#9186,#9187,#9188,#9189),.UNSPECIFIED.,.F.,.F.,(4,4),(0.,1.),.UNSPECIFIED.);
#9191=EDGE_CURVE('',#9179,#9153,#9190,.T.);
#9192=ORIENTED_EDGE('',*,*,#9191,.T.);
#9193=ORIENTED_EDGE('',*,*,#9158,.F.);
#9194=ORIENTED_EDGE('',*,*,#2889,.F.);
#9195=EDGE_LOOP('',(#9185,#9192,#9193,#9194));
#9196=FACE_BOUND('',#9195,.T.);
#9197=ADVANCED_FACE('',(#9196),#9177,.T.);
#9198=CARTESIAN_POINT('',(54.099434672,118.129587024,45.984598383));
#9199=CARTESIAN_POINT('',(54.123128939,118.129587024,46.043349975));
#9200=CARTESIAN_POINT('',(54.146143801,118.129587024,46.073872268));
#9201=CARTESIAN_POINT('',(54.14637395,118.129587024,46.074177491));
#9202=CARTESIAN_POINT('',(54.146604099,118.129587024,46.074482714));
#9203=B_SPLINE_CURVE_WITH_KNOTS('',2,(#9198,#9199,#9200,#9201,#9202),.UNSPECIFIED.,.F.,.F.,(3,2,3),(0.,1.,1.01),.UNSPECIFIED.);
#9204=DIRECTION('',(-0.,-1.,0.));
#9205=VECTOR('',#9204,1.);
#9206=SURFACE_OF_LINEAR_EXTRUSION('',#9203,#9205);
#9207=CARTESIAN_POINT('',(54.099434868,118.229587024,45.984598869));
#9208=VERTEX_POINT('',#9207);
#9209=CARTESIAN_POINT('',(54.099434672,118.129587024,45.984598383));
#9210=DIRECTION('',(0.,1.,-0.));
#9211=VECTOR('',#9210,0.1);
#9212=LINE('',#9209,#9211);
#9213=EDGE_CURVE('',#2865,#9208,#9212,.T.);
#9214=ORIENTED_EDGE('',*,*,#9213,.T.);
#9215=CARTESIAN_POINT('',(54.099434672,118.229587024,45.984598383));
#9216=CARTESIAN_POINT('',(54.11523085,118.229587024,46.023766111));
#9217=CARTESIAN_POINT('',(54.13080056,118.229587024,46.053524073));
#9218=CARTESIAN_POINT('',(54.146143801,118.229587024,46.073872268));
#9219=B_SPLINE_CURVE_WITH_KNOTS('',3,(#9215,#9216,#9217,#9218),.UNSPECIFIED.,.F.,.F.,(4,4),(0.,1.),.UNSPECIFIED.);
#9220=EDGE_CURVE('',#9208,#9179,#9219,.T.);
#9221=ORIENTED_EDGE('',*,*,#9220,.T.);
#9222=ORIENTED_EDGE('',*,*,#9184,.F.);
#9223=ORIENTED_EDGE('',*,*,#2880,.F.);
#9224=EDGE_LOOP('',(#9214,#9221,#9222,#9223));
#9225=FACE_BOUND('',#9224,.T.);
#9226=ADVANCED_FACE('',(#9225),#9206,.T.);
#9227=CARTESIAN_POINT('',(54.012937857,118.129587024,46.222814944));
#9228=CARTESIAN_POINT('',(54.081005797,118.129587024,46.145719402));
#9229=CARTESIAN_POINT('',(54.099434672,118.129587024,45.984598383));
#9230=B_SPLINE_CURVE_WITH_KNOTS('',2,(#9227,#9228,#9229),.UNSPECIFIED.,.F.,.F.,(3,3),(0.,1.),.UNSPECIFIED.);
#9231=DIRECTION('',(-0.,-1.,0.));
#9232=VECTOR('',#9231,1.);
#9233=SURFACE_OF_LINEAR_EXTRUSION('',#9230,#9232);
#9234=CARTESIAN_POINT('',(54.012937857,118.229587024,46.222814944));
#9235=VERTEX_POINT('',#9234);
#9236=CARTESIAN_POINT('',(54.012937858,118.129587024,46.222814943));
#9237=DIRECTION('',(0.,1.,-0.));
#9238=VECTOR('',#9237,0.1);
#9239=LINE('',#9236,#9238);
#9240=EDGE_CURVE('',#2856,#9235,#9239,.T.);
#9241=ORIENTED_EDGE('',*,*,#9240,.T.);
#9242=CARTESIAN_POINT('',(54.012937857,118.229587024,46.222814944));
#9243=CARTESIAN_POINT('',(54.058316484,118.229587024,46.171417916));
#9244=CARTESIAN_POINT('',(54.087148755,118.229587024,46.092012396));
#9245=CARTESIAN_POINT('',(54.099434672,118.229587024,45.984598383));
#9246=B_SPLINE_CURVE_WITH_KNOTS('',3,(#9242,#9243,#9244,#9245),.UNSPECIFIED.,.F.,.F.,(4,4),(0.,1.),.UNSPECIFIED.);
#9247=EDGE_CURVE('',#9235,#9208,#9246,.T.);
#9248=ORIENTED_EDGE('',*,*,#9247,.T.);
#9249=ORIENTED_EDGE('',*,*,#9213,.F.);
#9250=ORIENTED_EDGE('',*,*,#2871,.F.);
#9251=EDGE_LOOP('',(#9241,#9248,#9249,#9250));
#9252=FACE_BOUND('',#9251,.T.);
#9253=ADVANCED_FACE('',(#9252),#9233,.T.);
#9254=CARTESIAN_POINT('',(53.845634247,118.129587024,46.29996144));
#9255=CARTESIAN_POINT('',(53.944869916,118.129587024,46.29996144));
#9256=CARTESIAN_POINT('',(54.012937857,118.129587024,46.222814944));
#9257=B_SPLINE_CURVE_WITH_KNOTS('',2,(#9254,#9255,#9256),.UNSPECIFIED.,.F.,.F.,(3,3),(0.,1.),.UNSPECIFIED.);
#9258=DIRECTION('',(-0.,-1.,0.));
#9259=VECTOR('',#9258,1.);
#9260=SURFACE_OF_LINEAR_EXTRUSION('',#9257,#9259);
#9261=CARTESIAN_POINT('',(53.845634247,118.229587024,46.29996144));
#9262=VERTEX_POINT('',#9261);
#9263=CARTESIAN_POINT('',(53.845634247,118.129587024,46.29996144));
#9264=DIRECTION('',(0.,1.,-0.));
#9265=VECTOR('',#9264,0.1);
#9266=LINE('',#9263,#9265);
#9267=EDGE_CURVE('',#2847,#9262,#9266,.T.);
#9268=ORIENTED_EDGE('',*,*,#9267,.T.);
#9269=CARTESIAN_POINT('',(53.845634247,118.229587024,46.29996144));
#9270=CARTESIAN_POINT('',(53.91179136,118.229587024,46.29996144));
#9271=CARTESIAN_POINT('',(53.96755923,118.229587024,46.274245941));
#9272=CARTESIAN_POINT('',(54.012937857,118.229587024,46.222814944));
#9273=B_SPLINE_CURVE_WITH_KNOTS('',3,(#9269,#9270,#9271,#9272),.UNSPECIFIED.,.F.,.F.,(4,4),(0.,1.),.UNSPECIFIED.);
#9274=EDGE_CURVE('',#9262,#9235,#9273,.T.);
#9275=ORIENTED_EDGE('',*,*,#9274,.T.);
#9276=ORIENTED_EDGE('',*,*,#9240,.F.);
#9277=ORIENTED_EDGE('',*,*,#2862,.F.);
#9278=EDGE_LOOP('',(#9268,#9275,#9276,#9277));
#9279=FACE_BOUND('',#9278,.T.);
#9280=ADVANCED_FACE('',(#9279),#9260,.T.);
#9281=CARTESIAN_POINT('',(53.70508223,118.129587024,46.253388192));
#9282=CARTESIAN_POINT('',(53.768691572,118.129587024,46.29996144));
#9283=CARTESIAN_POINT('',(53.845634247,118.129587024,46.29996144));
#9284=B_SPLINE_CURVE_WITH_KNOTS('',2,(#9281,#9282,#9283),.UNSPECIFIED.,.F.,.F.,(3,3),(0.,1.),.UNSPECIFIED.);
#9285=DIRECTION('',(-0.,-1.,0.));
#9286=VECTOR('',#9285,1.);
#9287=SURFACE_OF_LINEAR_EXTRUSION('',#9284,#9286);
#9288=CARTESIAN_POINT('',(53.70508223,118.229587024,46.253388192));
#9289=VERTEX_POINT('',#9288);
#9290=CARTESIAN_POINT('',(53.70508223,118.129587024,46.253388192));
#9291=DIRECTION('',(0.,1.,-0.));
#9292=VECTOR('',#9291,0.1);
#9293=LINE('',#9290,#9292);
#9294=EDGE_CURVE('',#2838,#9289,#9293,.T.);
#9295=ORIENTED_EDGE('',*,*,#9294,.T.);
#9296=CARTESIAN_POINT('',(53.70508223,118.229587024,46.253388192));
#9297=CARTESIAN_POINT('',(53.747488458,118.229587024,46.284437024));
#9298=CARTESIAN_POINT('',(53.794339131,118.229587024,46.29996144));
#9299=CARTESIAN_POINT('',(53.845634247,118.229587024,46.29996144));
#9300=B_SPLINE_CURVE_WITH_KNOTS('',3,(#9296,#9297,#9298,#9299),.UNSPECIFIED.,.F.,.F.,(4,4),(0.,1.),.UNSPECIFIED.);
#9301=EDGE_CURVE('',#9289,#9262,#9300,.T.);
#9302=ORIENTED_EDGE('',*,*,#9301,.T.);
#9303=ORIENTED_EDGE('',*,*,#9267,.F.);
#9304=ORIENTED_EDGE('',*,*,#2853,.F.);
#9305=EDGE_LOOP('',(#9295,#9302,#9303,#9304));
#9306=FACE_BOUND('',#9305,.T.);
#9307=ADVANCED_FACE('',(#9306),#9287,.T.);
#9308=CARTESIAN_POINT('',(53.616377347,118.129587024,46.128904116));
#9309=CARTESIAN_POINT('',(53.641472889,118.129587024,46.206814944));
#9310=CARTESIAN_POINT('',(53.70508223,118.129587024,46.253388192));
#9311=B_SPLINE_CURVE_WITH_KNOTS('',2,(#9308,#9309,#9310),.UNSPECIFIED.,.F.,.F.,(3,3),(0.,1.),.UNSPECIFIED.);
#9312=DIRECTION('',(-0.,-1.,0.));
#9313=VECTOR('',#9312,1.);
#9314=SURFACE_OF_LINEAR_EXTRUSION('',#9311,#9313);
#9315=CARTESIAN_POINT('',(53.616377347,118.229587024,46.128904116));
#9316=VERTEX_POINT('',#9315);
#9317=CARTESIAN_POINT('',(53.616377347,118.129587024,46.128904116));
#9318=DIRECTION('',(0.,1.,-0.));
#9319=VECTOR('',#9318,0.1);
#9320=LINE('',#9317,#9319);
#9321=EDGE_CURVE('',#2829,#9316,#9320,.T.);
#9322=ORIENTED_EDGE('',*,*,#9321,.T.);
#9323=CARTESIAN_POINT('',(53.616377347,118.229587024,46.128904116));
#9324=CARTESIAN_POINT('',(53.633107708,118.229587024,46.180844668));
#9325=CARTESIAN_POINT('',(53.662676002,118.229587024,46.22233936));
#9326=CARTESIAN_POINT('',(53.70508223,118.229587024,46.253388192));
#9327=B_SPLINE_CURVE_WITH_KNOTS('',3,(#9323,#9324,#9325,#9326),.UNSPECIFIED.,.F.,.F.,(4,4),(0.,1.),.UNSPECIFIED.);
#9328=EDGE_CURVE('',#9316,#9289,#9327,.T.);
#9329=ORIENTED_EDGE('',*,*,#9328,.T.);
#9330=ORIENTED_EDGE('',*,*,#9294,.F.);
#9331=ORIENTED_EDGE('',*,*,#2844,.F.);
#9332=EDGE_LOOP('',(#9322,#9329,#9330,#9331));
#9333=FACE_BOUND('',#9332,.T.);
#9334=ADVANCED_FACE('',(#9333),#9314,.T.);
#9335=CARTESIAN_POINT('',(53.591239343,118.129587024,45.901337237));
#9336=CARTESIAN_POINT('',(53.591239343,118.129587024,46.050993288));
#9337=CARTESIAN_POINT('',(53.616377347,118.129587024,46.128904116));
#9338=B_SPLINE_CURVE_WITH_KNOTS('',2,(#9335,#9336,#9337),.UNSPECIFIED.,.F.,.F.,(3,3),(0.,1.),.UNSPECIFIED.);
#9339=DIRECTION('',(-0.,-1.,0.));
#9340=VECTOR('',#9339,1.);
#9341=SURFACE_OF_LINEAR_EXTRUSION('',#9338,#9340);
#9342=CARTESIAN_POINT('',(53.591239343,118.229587024,45.901337237));
#9343=VERTEX_POINT('',#9342);
#9344=CARTESIAN_POINT('',(53.591239343,118.129587024,45.901337237));
#9345=DIRECTION('',(0.,1.,-0.));
#9346=VECTOR('',#9345,0.1);
#9347=LINE('',#9344,#9346);
#9348=EDGE_CURVE('',#2821,#9343,#9347,.T.);
#9349=ORIENTED_EDGE('',*,*,#9348,.T.);
#9350=CARTESIAN_POINT('',(53.591239343,118.229587024,45.901337237));
#9351=CARTESIAN_POINT('',(53.591239343,118.229587024,46.001107937));
#9352=CARTESIAN_POINT('',(53.599618678,118.229587024,46.076963564));
#9353=CARTESIAN_POINT('',(53.616377347,118.229587024,46.128904116));
#9354=B_SPLINE_CURVE_WITH_KNOTS('',3,(#9350,#9351,#9352,#9353),.UNSPECIFIED.,.F.,.F.,(4,4),(0.,1.),.UNSPECIFIED.);
#9355=EDGE_CURVE('',#9343,#9316,#9354,.T.);
#9356=ORIENTED_EDGE('',*,*,#9355,.T.);
#9357=ORIENTED_EDGE('',*,*,#9321,.F.);
#9358=ORIENTED_EDGE('',*,*,#2835,.F.);
#9359=EDGE_LOOP('',(#9349,#9356,#9357,#9358));
#9360=FACE_BOUND('',#9359,.T.);
#9361=ADVANCED_FACE('',(#9360),#9341,.T.);
#9362=CARTESIAN_POINT('',(53.591239343,118.129587024,45.4064073));
#9363=CARTESIAN_POINT('',(53.591239343,118.129587024,45.901337237));
#9364=B_SPLINE_CURVE_WITH_KNOTS('',1,(#9362,#9363),.UNSPECIFIED.,.F.,.F.,(2,2),(0.,0.412441614),.UNSPECIFIED.);
#9365=DIRECTION('',(-0.,-1.,0.));
#9366=VECTOR('',#9365,1.);
#9367=SURFACE_OF_LINEAR_EXTRUSION('',#9364,#9366);
#9368=CARTESIAN_POINT('',(53.591239343,118.229587024,45.4064073));
#9369=VERTEX_POINT('',#9368);
#9370=CARTESIAN_POINT('',(53.591239343,118.129587024,45.4064073));
#9371=DIRECTION('',(0.,1.,-0.));
#9372=VECTOR('',#9371,0.1);
#9373=LINE('',#9370,#9372);
#9374=EDGE_CURVE('',#2813,#9369,#9373,.T.);
#9375=ORIENTED_EDGE('',*,*,#9374,.T.);
#9376=CARTESIAN_POINT('',(53.591239343,118.229587024,45.4064073));
#9377=DIRECTION('',(0.,-0.,1.));
#9378=VECTOR('',#9377,0.494929937);
#9379=LINE('',#9376,#9378);
#9380=EDGE_CURVE('',#9369,#9343,#9379,.T.);
#9381=ORIENTED_EDGE('',*,*,#9380,.T.);
#9382=ORIENTED_EDGE('',*,*,#9348,.F.);
#9383=ORIENTED_EDGE('',*,*,#2826,.F.);
#9384=EDGE_LOOP('',(#9375,#9381,#9382,#9383));
#9385=FACE_BOUND('',#9384,.T.);
#9386=ADVANCED_FACE('',(#9385),#9367,.T.);
#9387=CARTESIAN_POINT('',(54.526101339,118.129587024,45.4064073));
#9388=CARTESIAN_POINT('',(53.591239343,118.129587024,45.4064073));
#9389=B_SPLINE_CURVE_WITH_KNOTS('',1,(#9387,#9388),.UNSPECIFIED.,.F.,.F.,(2,2),(0.,0.934861996),.UNSPECIFIED.);
#9390=DIRECTION('',(-0.,-1.,0.));
#9391=VECTOR('',#9390,1.);
#9392=SURFACE_OF_LINEAR_EXTRUSION('',#9389,#9391);
#9393=ORIENTED_EDGE('',*,*,#8930,.T.);
#9394=CARTESIAN_POINT('',(54.526101339,118.229587024,45.4064073));
#9395=DIRECTION('',(-1.,0.,0.));
#9396=VECTOR('',#9395,0.934861996);
#9397=LINE('',#9394,#9396);
#9398=EDGE_CURVE('',#8919,#9369,#9397,.T.);
#9399=ORIENTED_EDGE('',*,*,#9398,.T.);
#9400=ORIENTED_EDGE('',*,*,#9374,.F.);
#9401=ORIENTED_EDGE('',*,*,#2818,.F.);
#9402=EDGE_LOOP('',(#9393,#9399,#9400,#9401));
#9403=FACE_BOUND('',#9402,.T.);
#9404=ADVANCED_FACE('',(#9403),#9392,.T.);
#9405=CARTESIAN_POINT('',(54.265846562,118.129587024,47.503579275));
#9406=CARTESIAN_POINT('',(54.357990935,118.129587024,47.461490103));
#9407=CARTESIAN_POINT('',(54.426228727,118.129587024,47.376496472));
#9408=B_SPLINE_CURVE_WITH_KNOTS('',2,(#9405,#9406,#9407),.UNSPECIFIED.,.F.,.F.,(3,3),(0.,1.),.UNSPECIFIED.);
#9409=DIRECTION('',(-0.,-1.,0.));
#9410=VECTOR('',#9409,1.);
#9411=SURFACE_OF_LINEAR_EXTRUSION('',#9408,#9410);
#9412=CARTESIAN_POINT('',(54.265846562,118.229587024,47.503579275));
#9413=VERTEX_POINT('',#9412);
#9414=CARTESIAN_POINT('',(54.265846562,118.129587024,47.503579275));
#9415=DIRECTION('',(0.,1.,-0.));
#9416=VECTOR('',#9415,0.1);
#9417=LINE('',#9414,#9416);
#9418=EDGE_CURVE('',#2968,#9413,#9417,.T.);
#9419=ORIENTED_EDGE('',*,*,#9418,.T.);
#9420=CARTESIAN_POINT('',(54.426228861,118.229587024,47.376496705));
#9421=VERTEX_POINT('',#9420);
#9422=CARTESIAN_POINT('',(54.265846562,118.229587024,47.503579275));
#9423=CARTESIAN_POINT('',(54.327276144,118.229587024,47.475519827));
#9424=CARTESIAN_POINT('',(54.380736866,118.229587024,47.433158893));
#9425=CARTESIAN_POINT('',(54.426228727,118.229587024,47.376496472));
#9426=B_SPLINE_CURVE_WITH_KNOTS('',3,(#9422,#9423,#9424,#9425),.UNSPECIFIED.,.F.,.F.,(4,4),(0.,1.),.UNSPECIFIED.);
#9427=EDGE_CURVE('',#9413,#9421,#9426,.T.);
#9428=ORIENTED_EDGE('',*,*,#9427,.T.);
#9429=CARTESIAN_POINT('',(54.426228727,118.129587024,47.376496472));
#9430=DIRECTION('',(0.,1.,-0.));
#9431=VECTOR('',#9430,0.1);
#9432=LINE('',#9429,#9431);
#9433=EDGE_CURVE('',#2970,#9421,#9432,.T.);
#9434=ORIENTED_EDGE('',*,*,#9433,.F.);
#9435=ORIENTED_EDGE('',*,*,#2976,.F.);
#9436=EDGE_LOOP('',(#9419,#9428,#9434,#9435));
#9437=FACE_BOUND('',#9436,.T.);
#9438=ADVANCED_FACE('',(#9437),#9411,.T.);
#9439=CARTESIAN_POINT('',(54.058288175,118.129587024,47.545719402));
#9440=CARTESIAN_POINT('',(54.173702188,118.129587024,47.545719402));
#9441=CARTESIAN_POINT('',(54.265846562,118.129587024,47.503579275));
#9442=B_SPLINE_CURVE_WITH_KNOTS('',2,(#9439,#9440,#9441),.UNSPECIFIED.,.F.,.F.,(3,3),(0.,1.),.UNSPECIFIED.);
#9443=DIRECTION('',(-0.,-1.,0.));
#9444=VECTOR('',#9443,1.);
#9445=SURFACE_OF_LINEAR_EXTRUSION('',#9442,#9444);
#9446=CARTESIAN_POINT('',(54.058288175,118.229587024,47.545719402));
#9447=VERTEX_POINT('',#9446);
#9448=CARTESIAN_POINT('',(54.058288175,118.129587024,47.545719402));
#9449=DIRECTION('',(0.,1.,-0.));
#9450=VECTOR('',#9449,0.1);
#9451=LINE('',#9448,#9450);
#9452=EDGE_CURVE('',#3086,#9447,#9451,.T.);
#9453=ORIENTED_EDGE('',*,*,#9452,.T.);
#9454=CARTESIAN_POINT('',(54.058288175,118.229587024,47.545719402));
#9455=CARTESIAN_POINT('',(54.13523085,118.229587024,47.545719402));
#9456=CARTESIAN_POINT('',(54.204416979,118.229587024,47.531672693));
#9457=CARTESIAN_POINT('',(54.265846562,118.229587024,47.503579275));
#9458=B_SPLINE_CURVE_WITH_KNOTS('',3,(#9454,#9455,#9456,#9457),.UNSPECIFIED.,.F.,.F.,(4,4),(0.,1.),.UNSPECIFIED.);
#9459=EDGE_CURVE('',#9447,#9413,#9458,.T.);
#9460=ORIENTED_EDGE('',*,*,#9459,.T.);
#9461=ORIENTED_EDGE('',*,*,#9418,.F.);
#9462=ORIENTED_EDGE('',*,*,#3099,.F.);
#9463=EDGE_LOOP('',(#9453,#9460,#9461,#9462));
#9464=FACE_BOUND('',#9463,.T.);
#9465=ADVANCED_FACE('',(#9464),#9445,.T.);
#9466=CARTESIAN_POINT('',(53.808649109,118.129587024,47.480649338));
#9467=CARTESIAN_POINT('',(53.919264821,118.129587024,47.545719402));
#9468=CARTESIAN_POINT('',(54.058288175,118.129587024,47.545719402));
#9469=B_SPLINE_CURVE_WITH_KNOTS('',2,(#9466,#9467,#9468),.UNSPECIFIED.,.F.,.F.,(3,3),(0.,1.),.UNSPECIFIED.);
#9470=DIRECTION('',(-0.,-1.,0.));
#9471=VECTOR('',#9470,1.);
#9472=SURFACE_OF_LINEAR_EXTRUSION('',#9469,#9471);
#9473=CARTESIAN_POINT('',(53.808649109,118.229587024,47.480649338));
#9474=VERTEX_POINT('',#9473);
#9475=CARTESIAN_POINT('',(53.808649109,118.129587024,47.480649338));
#9476=DIRECTION('',(0.,1.,-0.));
#9477=VECTOR('',#9476,0.1);
#9478=LINE('',#9475,#9477);
#9479=EDGE_CURVE('',#3077,#9474,#9478,.T.);
#9480=ORIENTED_EDGE('',*,*,#9479,.T.);
#9481=CARTESIAN_POINT('',(53.808649109,118.229587024,47.480649338));
#9482=CARTESIAN_POINT('',(53.882392917,118.229587024,47.524029381));
#9483=CARTESIAN_POINT('',(53.965605939,118.229587024,47.545719402));
#9484=CARTESIAN_POINT('',(54.058288175,118.229587024,47.545719402));
#9485=B_SPLINE_CURVE_WITH_KNOTS('',3,(#9481,#9482,#9483,#9484),.UNSPECIFIED.,.F.,.F.,(4,4),(0.,1.),.UNSPECIFIED.);
#9486=EDGE_CURVE('',#9474,#9447,#9485,.T.);
#9487=ORIENTED_EDGE('',*,*,#9486,.T.);
#9488=ORIENTED_EDGE('',*,*,#9452,.F.);
#9489=ORIENTED_EDGE('',*,*,#3092,.F.);
#9490=EDGE_LOOP('',(#9480,#9487,#9488,#9489));
#9491=FACE_BOUND('',#9490,.T.);
#9492=ADVANCED_FACE('',(#9491),#9472,.T.);
#9493=CARTESIAN_POINT('',(53.636462273,118.129587024,47.291655708));
#9494=CARTESIAN_POINT('',(53.697990935,118.129587024,47.41563023));
#9495=CARTESIAN_POINT('',(53.808649109,118.129587024,47.480649338));
#9496=B_SPLINE_CURVE_WITH_KNOTS('',2,(#9493,#9494,#9495),.UNSPECIFIED.,.F.,.F.,(3,3),(0.,1.),.UNSPECIFIED.);
#9497=DIRECTION('',(-0.,-1.,0.));
#9498=VECTOR('',#9497,1.);
#9499=SURFACE_OF_LINEAR_EXTRUSION('',#9496,#9498);
#9500=CARTESIAN_POINT('',(53.636462273,118.229587024,47.291655708));
#9501=VERTEX_POINT('',#9500);
#9502=CARTESIAN_POINT('',(53.636462273,118.129587024,47.291655708));
#9503=DIRECTION('',(0.,1.,-0.));
#9504=VECTOR('',#9503,0.1);
#9505=LINE('',#9502,#9504);
#9506=EDGE_CURVE('',#3068,#9501,#9505,.T.);
#9507=ORIENTED_EDGE('',*,*,#9506,.T.);
#9508=CARTESIAN_POINT('',(53.636462273,118.229587024,47.291655708));
#9509=CARTESIAN_POINT('',(53.677481381,118.229587024,47.374305389));
#9510=CARTESIAN_POINT('',(53.734876993,118.229587024,47.437303266));
#9511=CARTESIAN_POINT('',(53.808649109,118.229587024,47.480649338));
#9512=B_SPLINE_CURVE_WITH_KNOTS('',3,(#9508,#9509,#9510,#9511),.UNSPECIFIED.,.F.,.F.,(4,4),(0.,1.),.UNSPECIFIED.);
#9513=EDGE_CURVE('',#9501,#9474,#9512,.T.);
#9514=ORIENTED_EDGE('',*,*,#9513,.T.);
#9515=ORIENTED_EDGE('',*,*,#9479,.F.);
#9516=ORIENTED_EDGE('',*,*,#3083,.F.);
#9517=EDGE_LOOP('',(#9507,#9514,#9515,#9516));
#9518=FACE_BOUND('',#9517,.T.);
#9519=ADVANCED_FACE('',(#9518),#9499,.T.);
#9520=CARTESIAN_POINT('',(53.57493361,118.129587024,47.013286281));
#9521=CARTESIAN_POINT('',(53.57493361,118.129587024,47.167681186));
#9522=CARTESIAN_POINT('',(53.636462273,118.129587024,47.291655708));
#9523=B_SPLINE_CURVE_WITH_KNOTS('',2,(#9520,#9521,#9522),.UNSPECIFIED.,.F.,.F.,(3,3),(0.,1.),.UNSPECIFIED.);
#9524=DIRECTION('',(-0.,-1.,0.));
#9525=VECTOR('',#9524,1.);
#9526=SURFACE_OF_LINEAR_EXTRUSION('',#9523,#9525);
#9527=CARTESIAN_POINT('',(53.57493361,118.229587024,47.013286281));
#9528=VERTEX_POINT('',#9527);
#9529=CARTESIAN_POINT('',(53.57493361,118.129587024,47.013286281));
#9530=DIRECTION('',(0.,1.,-0.));
#9531=VECTOR('',#9530,0.1);
#9532=LINE('',#9529,#9531);
#9533=EDGE_CURVE('',#3059,#9528,#9532,.T.);
#9534=ORIENTED_EDGE('',*,*,#9533,.T.);
#9535=CARTESIAN_POINT('',(53.57493361,118.229587024,47.013286281));
#9536=CARTESIAN_POINT('',(53.57493361,118.229587024,47.116216217));
#9537=CARTESIAN_POINT('',(53.595443165,118.229587024,47.209006026));
#9538=CARTESIAN_POINT('',(53.636462273,118.229587024,47.291655708));
#9539=B_SPLINE_CURVE_WITH_KNOTS('',3,(#9535,#9536,#9537,#9538),.UNSPECIFIED.,.F.,.F.,(4,4),(0.,1.),.UNSPECIFIED.);
#9540=EDGE_CURVE('',#9528,#9501,#9539,.T.);
#9541=ORIENTED_EDGE('',*,*,#9540,.T.);
#9542=ORIENTED_EDGE('',*,*,#9506,.F.);
#9543=ORIENTED_EDGE('',*,*,#3074,.F.);
#9544=EDGE_LOOP('',(#9534,#9541,#9542,#9543));
#9545=FACE_BOUND('',#9544,.T.);
#9546=ADVANCED_FACE('',(#9545),#9526,.T.);
#9547=CARTESIAN_POINT('',(53.634254205,118.129587024,46.736802205));
#9548=CARTESIAN_POINT('',(53.57493361,118.129587024,46.860420039));
#9549=CARTESIAN_POINT('',(53.57493361,118.129587024,47.013286281));
#9550=B_SPLINE_CURVE_WITH_KNOTS('',2,(#9547,#9548,#9549),.UNSPECIFIED.,.F.,.F.,(3,3),(0.,1.),.UNSPECIFIED.);
#9551=DIRECTION('',(-0.,-1.,0.));
#9552=VECTOR('',#9551,1.);
#9553=SURFACE_OF_LINEAR_EXTRUSION('',#9550,#9552);
#9554=CARTESIAN_POINT('',(53.634254205,118.229587024,46.736802205));
#9555=VERTEX_POINT('',#9554);
#9556=CARTESIAN_POINT('',(53.634254205,118.129587024,46.736802205));
#9557=DIRECTION('',(0.,1.,-0.));
#9558=VECTOR('',#9557,0.1);
#9559=LINE('',#9556,#9558);
#9560=EDGE_CURVE('',#3050,#9555,#9559,.T.);
#9561=ORIENTED_EDGE('',*,*,#9560,.T.);
#9562=CARTESIAN_POINT('',(53.634254205,118.229587024,46.736802205));
#9563=CARTESIAN_POINT('',(53.594707142,118.229587024,46.819214094));
#9564=CARTESIAN_POINT('',(53.57493361,118.229587024,46.911375453));
#9565=CARTESIAN_POINT('',(53.57493361,118.229587024,47.013286281));
#9566=B_SPLINE_CURVE_WITH_KNOTS('',3,(#9562,#9563,#9564,#9565),.UNSPECIFIED.,.F.,.F.,(4,4),(0.,1.),.UNSPECIFIED.);
#9567=EDGE_CURVE('',#9555,#9528,#9566,.T.);
#9568=ORIENTED_EDGE('',*,*,#9567,.T.);
#9569=ORIENTED_EDGE('',*,*,#9533,.F.);
#9570=ORIENTED_EDGE('',*,*,#3065,.F.);
#9571=EDGE_LOOP('',(#9561,#9568,#9569,#9570));
#9572=FACE_BOUND('',#9571,.T.);
#9573=ADVANCED_FACE('',(#9572),#9553,.T.);
#9574=CARTESIAN_POINT('',(53.807077984,118.129587024,46.546228956));
#9575=CARTESIAN_POINT('',(53.693574799,118.129587024,46.61318437));
#9576=CARTESIAN_POINT('',(53.634254205,118.129587024,46.736802205));
#9577=B_SPLINE_CURVE_WITH_KNOTS('',2,(#9574,#9575,#9576),.UNSPECIFIED.,.F.,.F.,(3,3),(0.,1.),.UNSPECIFIED.);
#9578=DIRECTION('',(-0.,-1.,0.));
#9579=VECTOR('',#9578,1.);
#9580=SURFACE_OF_LINEAR_EXTRUSION('',#9577,#9579);
#9581=CARTESIAN_POINT('',(53.807077984,118.229587024,46.546228956));
#9582=VERTEX_POINT('',#9581);
#9583=CARTESIAN_POINT('',(53.807077984,118.129587024,46.546228956));
#9584=DIRECTION('',(0.,1.,-0.));
#9585=VECTOR('',#9584,0.1);
#9586=LINE('',#9583,#9585);
#9587=EDGE_CURVE('',#3041,#9582,#9586,.T.);
#9588=ORIENTED_EDGE('',*,*,#9587,.T.);
#9589=CARTESIAN_POINT('',(53.807077984,118.229587024,46.546228956));
#9590=CARTESIAN_POINT('',(53.731409194,118.229587024,46.590865899));
#9591=CARTESIAN_POINT('',(53.673801268,118.229587024,46.654390315));
#9592=CARTESIAN_POINT('',(53.634254205,118.229587024,46.736802205));
#9593=B_SPLINE_CURVE_WITH_KNOTS('',3,(#9589,#9590,#9591,#9592),.UNSPECIFIED.,.F.,.F.,(4,4),(0.,1.),.UNSPECIFIED.);
#9594=EDGE_CURVE('',#9582,#9555,#9593,.T.);
#9595=ORIENTED_EDGE('',*,*,#9594,.T.);
#9596=ORIENTED_EDGE('',*,*,#9560,.F.);
#9597=ORIENTED_EDGE('',*,*,#3056,.F.);
#9598=EDGE_LOOP('',(#9588,#9595,#9596,#9597));
#9599=FACE_BOUND('',#9598,.T.);
#9600=ADVANCED_FACE('',(#9599),#9580,.T.);
#9601=CARTESIAN_POINT('',(54.059010044,118.129587024,46.479324498));
#9602=CARTESIAN_POINT('',(53.920581169,118.129587024,46.479324498));
#9603=CARTESIAN_POINT('',(53.807077984,118.129587024,46.546228956));
#9604=B_SPLINE_CURVE_WITH_KNOTS('',2,(#9601,#9602,#9603),.UNSPECIFIED.,.F.,.F.,(3,3),(0.,1.),.UNSPECIFIED.);
#9605=DIRECTION('',(-0.,-1.,0.));
#9606=VECTOR('',#9605,1.);
#9607=SURFACE_OF_LINEAR_EXTRUSION('',#9604,#9606);
#9608=CARTESIAN_POINT('',(54.059010044,118.229587024,46.479324498));
#9609=VERTEX_POINT('',#9608);
#9610=CARTESIAN_POINT('',(54.059010044,118.129587024,46.479324498));
#9611=DIRECTION('',(0.,1.,-0.));
#9612=VECTOR('',#9611,0.1);
#9613=LINE('',#9610,#9612);
#9614=EDGE_CURVE('',#3032,#9609,#9613,.T.);
#9615=ORIENTED_EDGE('',*,*,#9614,.T.);
#9616=CARTESIAN_POINT('',(54.059010044,118.229587024,46.479324498));
#9617=CARTESIAN_POINT('',(53.966724127,118.229587024,46.479324498));
#9618=CARTESIAN_POINT('',(53.882746774,118.229587024,46.501625984));
#9619=CARTESIAN_POINT('',(53.807077984,118.229587024,46.546228956));
#9620=B_SPLINE_CURVE_WITH_KNOTS('',3,(#9616,#9617,#9618,#9619),.UNSPECIFIED.,.F.,.F.,(4,4),(0.,1.),.UNSPECIFIED.);
#9621=EDGE_CURVE('',#9609,#9582,#9620,.T.);
#9622=ORIENTED_EDGE('',*,*,#9621,.T.);
#9623=ORIENTED_EDGE('',*,*,#9587,.F.);
#9624=ORIENTED_EDGE('',*,*,#3047,.F.);
#9625=EDGE_LOOP('',(#9615,#9622,#9623,#9624));
#9626=FACE_BOUND('',#9625,.T.);
#9627=ADVANCED_FACE('',(#9626),#9607,.T.);
#9628=CARTESIAN_POINT('',(54.308988812,118.129587024,46.545821313));
#9629=CARTESIAN_POINT('',(54.198033398,118.129587024,46.479324498));
#9630=CARTESIAN_POINT('',(54.059010044,118.129587024,46.479324498));
#9631=B_SPLINE_CURVE_WITH_KNOTS('',2,(#9628,#9629,#9630),.UNSPECIFIED.,.F.,.F.,(3,3),(0.,1.),.UNSPECIFIED.);
#9632=DIRECTION('',(-0.,-1.,0.));
#9633=VECTOR('',#9632,1.);
#9634=SURFACE_OF_LINEAR_EXTRUSION('',#9631,#9633);
#9635=CARTESIAN_POINT('',(54.308988812,118.229587024,46.545821313));
#9636=VERTEX_POINT('',#9635);
#9637=CARTESIAN_POINT('',(54.308988812,118.129587024,46.545821313));
#9638=DIRECTION('',(0.,1.,-0.));
#9639=VECTOR('',#9638,0.1);
#9640=LINE('',#9637,#9639);
#9641=EDGE_CURVE('',#3023,#9636,#9640,.T.);
#9642=ORIENTED_EDGE('',*,*,#9641,.T.);
#9643=CARTESIAN_POINT('',(54.308988812,118.229587024,46.545821313));
#9644=CARTESIAN_POINT('',(54.235018536,118.229587024,46.501490103));
#9645=CARTESIAN_POINT('',(54.15169228,118.229587024,46.479324498));
#9646=CARTESIAN_POINT('',(54.059010044,118.229587024,46.479324498));
#9647=B_SPLINE_CURVE_WITH_KNOTS('',3,(#9643,#9644,#9645,#9646),.UNSPECIFIED.,.F.,.F.,(4,4),(0.,1.),.UNSPECIFIED.);
#9648=EDGE_CURVE('',#9636,#9609,#9647,.T.);
#9649=ORIENTED_EDGE('',*,*,#9648,.T.);
#9650=ORIENTED_EDGE('',*,*,#9614,.F.);
#9651=ORIENTED_EDGE('',*,*,#3038,.F.);
#9652=EDGE_LOOP('',(#9642,#9649,#9650,#9651));
#9653=FACE_BOUND('',#9652,.T.);
#9654=ADVANCED_FACE('',(#9653),#9634,.T.);
#9655=CARTESIAN_POINT('',(54.481175649,118.129587024,46.735375453));
#9656=CARTESIAN_POINT('',(54.419944226,118.129587024,46.612318128));
#9657=CARTESIAN_POINT('',(54.308988812,118.129587024,46.545821313));
#9658=B_SPLINE_CURVE_WITH_KNOTS('',2,(#9655,#9656,#9657),.UNSPECIFIED.,.F.,.F.,(3,3),(0.,1.),.UNSPECIFIED.);
#9659=DIRECTION('',(-0.,-1.,0.));
#9660=VECTOR('',#9659,1.);
#9661=SURFACE_OF_LINEAR_EXTRUSION('',#9658,#9660);
#9662=CARTESIAN_POINT('',(54.481175649,118.229587024,46.735375453));
#9663=VERTEX_POINT('',#9662);
#9664=CARTESIAN_POINT('',(54.481175649,118.129587024,46.735375453));
#9665=DIRECTION('',(0.,1.,-0.));
#9666=VECTOR('',#9665,0.1);
#9667=LINE('',#9664,#9666);
#9668=EDGE_CURVE('',#3014,#9663,#9667,.T.);
#9669=ORIENTED_EDGE('',*,*,#9668,.T.);
#9670=CARTESIAN_POINT('',(54.481175649,118.229587024,46.735375453));
#9671=CARTESIAN_POINT('',(54.4403547,118.229587024,46.653337237));
#9672=CARTESIAN_POINT('',(54.382959088,118.229587024,46.590152523));
#9673=CARTESIAN_POINT('',(54.308988812,118.229587024,46.545821313));
#9674=B_SPLINE_CURVE_WITH_KNOTS('',3,(#9670,#9671,#9672,#9673),.UNSPECIFIED.,.F.,.F.,(4,4),(0.,1.),.UNSPECIFIED.);
#9675=EDGE_CURVE('',#9663,#9636,#9674,.T.);
#9676=ORIENTED_EDGE('',*,*,#9675,.T.);
#9677=ORIENTED_EDGE('',*,*,#9641,.F.);
#9678=ORIENTED_EDGE('',*,*,#3029,.F.);
#9679=EDGE_LOOP('',(#9669,#9676,#9677,#9678));
#9680=FACE_BOUND('',#9679,.T.);
#9681=ADVANCED_FACE('',(#9680),#9661,.T.);
#9682=CARTESIAN_POINT('',(54.542407071,118.129587024,47.009719402));
#9683=CARTESIAN_POINT('',(54.542407071,118.129587024,46.858483733));
#9684=CARTESIAN_POINT('',(54.481175649,118.129587024,46.735375453));
#9685=B_SPLINE_CURVE_WITH_KNOTS('',2,(#9682,#9683,#9684),.UNSPECIFIED.,.F.,.F.,(3,3),(0.,1.),.UNSPECIFIED.);
#9686=DIRECTION('',(-0.,-1.,0.));
#9687=VECTOR('',#9686,1.);
#9688=SURFACE_OF_LINEAR_EXTRUSION('',#9685,#9687);
#9689=CARTESIAN_POINT('',(54.542407071,118.229587024,47.009719402));
#9690=VERTEX_POINT('',#9689);
#9691=CARTESIAN_POINT('',(54.542407071,118.129587024,47.009719402));
#9692=DIRECTION('',(0.,1.,-0.));
#9693=VECTOR('',#9692,0.1);
#9694=LINE('',#9691,#9693);
#9695=EDGE_CURVE('',#3005,#9690,#9694,.T.);
#9696=ORIENTED_EDGE('',*,*,#9695,.T.);
#9697=CARTESIAN_POINT('',(54.542407071,118.229587024,47.009719402));
#9698=CARTESIAN_POINT('',(54.542407071,118.229587024,46.908895623));
#9699=CARTESIAN_POINT('',(54.521996597,118.229587024,46.81744764));
#9700=CARTESIAN_POINT('',(54.481175649,118.229587024,46.735375453));
#9701=B_SPLINE_CURVE_WITH_KNOTS('',3,(#9697,#9698,#9699,#9700),.UNSPECIFIED.,.F.,.F.,(4,4),(0.,1.),.UNSPECIFIED.);
#9702=EDGE_CURVE('',#9690,#9663,#9701,.T.);
#9703=ORIENTED_EDGE('',*,*,#9702,.T.);
#9704=ORIENTED_EDGE('',*,*,#9668,.F.);
#9705=ORIENTED_EDGE('',*,*,#3020,.F.);
#9706=EDGE_LOOP('',(#9696,#9703,#9704,#9705));
#9707=FACE_BOUND('',#9706,.T.);
#9708=ADVANCED_FACE('',(#9707),#9688,.T.);
#9709=CARTESIAN_POINT('',(54.483978196,118.129587024,47.283248065));
#9710=CARTESIAN_POINT('',(54.542407071,118.129587024,47.159375453));
#9711=CARTESIAN_POINT('',(54.542407071,118.129587024,47.009719402));
#9712=B_SPLINE_CURVE_WITH_KNOTS('',2,(#9709,#9710,#9711),.UNSPECIFIED.,.F.,.F.,(3,3),(0.,1.),.UNSPECIFIED.);
#9713=DIRECTION('',(-0.,-1.,0.));
#9714=VECTOR('',#9713,1.);
#9715=SURFACE_OF_LINEAR_EXTRUSION('',#9712,#9714);
#9716=CARTESIAN_POINT('',(54.483978321,118.229587024,47.2832478));
#9717=VERTEX_POINT('',#9716);
#9718=CARTESIAN_POINT('',(54.483978196,118.129587024,47.283248065));
#9719=DIRECTION('',(0.,1.,-0.));
#9720=VECTOR('',#9719,0.1);
#9721=LINE('',#9718,#9720);
#9722=EDGE_CURVE('',#2996,#9717,#9721,.T.);
#9723=ORIENTED_EDGE('',*,*,#9722,.T.);
#9724=CARTESIAN_POINT('',(54.483978196,118.229587024,47.283248065));
#9725=CARTESIAN_POINT('',(54.52293078,118.229587024,47.200666324));
#9726=CARTESIAN_POINT('',(54.542407071,118.229587024,47.109490103));
#9727=CARTESIAN_POINT('',(54.542407071,118.229587024,47.009719402));
#9728=B_SPLINE_CURVE_WITH_KNOTS('',3,(#9724,#9725,#9726,#9727),.UNSPECIFIED.,.F.,.F.,(4,4),(0.,1.),.UNSPECIFIED.);
#9729=EDGE_CURVE('',#9717,#9690,#9728,.T.);
#9730=ORIENTED_EDGE('',*,*,#9729,.T.);
#9731=ORIENTED_EDGE('',*,*,#9695,.F.);
#9732=ORIENTED_EDGE('',*,*,#3011,.F.);
#9733=EDGE_LOOP('',(#9723,#9730,#9731,#9732));
#9734=FACE_BOUND('',#9733,.T.);
#9735=ADVANCED_FACE('',(#9734),#9715,.T.);
#9736=CARTESIAN_POINT('',(54.599094969,118.129587024,47.523502842));
#9737=CARTESIAN_POINT('',(54.562661848,118.129587024,47.402993288));
#9738=CARTESIAN_POINT('',(54.483978196,118.129587024,47.283248065));
#9739=CARTESIAN_POINT('',(54.48319136,118.129587024,47.282050612));
#9740=CARTESIAN_POINT('',(54.482404523,118.129587024,47.28085316));
#9741=B_SPLINE_CURVE_WITH_KNOTS('',2,(#9736,#9737,#9738,#9739,#9740),.UNSPECIFIED.,.F.,.F.,(3,2,3),(0.,1.,1.01),.UNSPECIFIED.);
#9742=DIRECTION('',(-0.,-1.,0.));
#9743=VECTOR('',#9742,1.);
#9744=SURFACE_OF_LINEAR_EXTRUSION('',#9741,#9743);
#9745=CARTESIAN_POINT('',(54.599094969,118.229587024,47.523502841));
#9746=VERTEX_POINT('',#9745);
#9747=CARTESIAN_POINT('',(54.599094969,118.129587024,47.523502841));
#9748=DIRECTION('',(0.,1.,-0.));
#9749=VECTOR('',#9748,0.1);
#9750=LINE('',#9747,#9749);
#9751=EDGE_CURVE('',#2988,#9746,#9750,.T.);
#9752=ORIENTED_EDGE('',*,*,#9751,.T.);
#9753=CARTESIAN_POINT('',(54.599094969,118.229587024,47.523502841));
#9754=CARTESIAN_POINT('',(54.574806222,118.229587024,47.443163139));
#9755=CARTESIAN_POINT('',(54.536433964,118.229587024,47.363078213));
#9756=CARTESIAN_POINT('',(54.483978196,118.229587024,47.283248065));
#9757=B_SPLINE_CURVE_WITH_KNOTS('',3,(#9753,#9754,#9755,#9756),.UNSPECIFIED.,.F.,.F.,(4,4),(0.,1.),.UNSPECIFIED.);
#9758=EDGE_CURVE('',#9746,#9717,#9757,.T.);
#9759=ORIENTED_EDGE('',*,*,#9758,.T.);
#9760=ORIENTED_EDGE('',*,*,#9722,.F.);
#9761=ORIENTED_EDGE('',*,*,#3002,.F.);
#9762=EDGE_LOOP('',(#9752,#9759,#9760,#9761));
#9763=FACE_BOUND('',#9762,.T.);
#9764=ADVANCED_FACE('',(#9763),#9744,.T.);
#9765=CARTESIAN_POINT('',(54.513107708,118.129587024,47.568547428));
#9766=CARTESIAN_POINT('',(54.599094969,118.129587024,47.523502842));
#9767=B_SPLINE_CURVE_WITH_KNOTS('',1,(#9765,#9766),.UNSPECIFIED.,.F.,.F.,(2,2),(0.,0.093823489),.UNSPECIFIED.);
#9768=DIRECTION('',(-0.,-1.,0.));
#9769=VECTOR('',#9768,1.);
#9770=SURFACE_OF_LINEAR_EXTRUSION('',#9767,#9769);
#9771=CARTESIAN_POINT('',(54.513107708,118.229587024,47.568547428));
#9772=VERTEX_POINT('',#9771);
#9773=CARTESIAN_POINT('',(54.513107708,118.129587024,47.568547428));
#9774=DIRECTION('',(0.,1.,-0.));
#9775=VECTOR('',#9774,0.1);
#9776=LINE('',#9773,#9775);
#9777=EDGE_CURVE('',#2979,#9772,#9776,.T.);
#9778=ORIENTED_EDGE('',*,*,#9777,.T.);
#9779=CARTESIAN_POINT('',(54.513107708,118.229587024,47.568547428));
#9780=DIRECTION('',(0.885816121,-0.,-0.464036421));
#9781=VECTOR('',#9780,0.097071231);
#9782=LINE('',#9779,#9781);
#9783=EDGE_CURVE('',#9772,#9746,#9782,.T.);
#9784=ORIENTED_EDGE('',*,*,#9783,.T.);
#9785=ORIENTED_EDGE('',*,*,#9751,.F.);
#9786=ORIENTED_EDGE('',*,*,#2993,.F.);
#9787=EDGE_LOOP('',(#9778,#9784,#9785,#9786));
#9788=FACE_BOUND('',#9787,.T.);
#9789=ADVANCED_FACE('',(#9788),#9770,.T.);
#9790=CARTESIAN_POINT('',(54.426228727,118.129587024,47.376496472));
#9791=CARTESIAN_POINT('',(54.485634247,118.129587024,47.480598383));
#9792=CARTESIAN_POINT('',(54.513107708,118.129587024,47.568547428));
#9793=B_SPLINE_CURVE_WITH_KNOTS('',2,(#9790,#9791,#9792),.UNSPECIFIED.,.F.,.F.,(3,3),(0.,1.),.UNSPECIFIED.);
#9794=DIRECTION('',(-0.,-1.,0.));
#9795=VECTOR('',#9794,1.);
#9796=SURFACE_OF_LINEAR_EXTRUSION('',#9793,#9795);
#9797=ORIENTED_EDGE('',*,*,#9433,.T.);
#9798=CARTESIAN_POINT('',(54.426228727,118.229587024,47.376496472));
#9799=CARTESIAN_POINT('',(54.465832407,118.229587024,47.445897746));
#9800=CARTESIAN_POINT('',(54.494792068,118.229587024,47.509914731));
#9801=CARTESIAN_POINT('',(54.513107708,118.229587024,47.568547428));
#9802=B_SPLINE_CURVE_WITH_KNOTS('',3,(#9798,#9799,#9800,#9801),.UNSPECIFIED.,.F.,.F.,(4,4),(0.,1.),.UNSPECIFIED.);
#9803=EDGE_CURVE('',#9421,#9772,#9802,.T.);
#9804=ORIENTED_EDGE('',*,*,#9803,.T.);
#9805=ORIENTED_EDGE('',*,*,#9777,.F.);
#9806=ORIENTED_EDGE('',*,*,#2985,.F.);
#9807=EDGE_LOOP('',(#9797,#9804,#9805,#9806));
#9808=FACE_BOUND('',#9807,.T.);
#9809=ADVANCED_FACE('',(#9808),#9796,.T.);
#9810=CARTESIAN_POINT('',(54.129328515,118.129587024,48.484929593));
#9811=CARTESIAN_POINT('',(53.591239343,118.129587024,48.484929593));
#9812=B_SPLINE_CURVE_WITH_KNOTS('',1,(#9810,#9811),.UNSPECIFIED.,.F.,.F.,(2,2),(0.,0.538089172),.UNSPECIFIED.);
#9813=DIRECTION('',(-0.,-1.,0.));
#9814=VECTOR('',#9813,1.);
#9815=SURFACE_OF_LINEAR_EXTRUSION('',#9812,#9814);
#9816=CARTESIAN_POINT('',(54.129328515,118.229587024,48.484929593));
#9817=VERTEX_POINT('',#9816);
#9818=CARTESIAN_POINT('',(54.129328515,118.129587024,48.484929593));
#9819=DIRECTION('',(0.,1.,-0.));
#9820=VECTOR('',#9819,0.1);
#9821=LINE('',#9818,#9820);
#9822=EDGE_CURVE('',#3104,#9817,#9821,.T.);
#9823=ORIENTED_EDGE('',*,*,#9822,.T.);
#9824=CARTESIAN_POINT('',(53.591239343,118.229587024,48.484929593));
#9825=VERTEX_POINT('',#9824);
#9826=CARTESIAN_POINT('',(54.129328515,118.229587024,48.484929593));
#9827=DIRECTION('',(-1.,0.,0.));
#9828=VECTOR('',#9827,0.538089172);
#9829=LINE('',#9826,#9828);
#9830=EDGE_CURVE('',#9817,#9825,#9829,.T.);
#9831=ORIENTED_EDGE('',*,*,#9830,.T.);
#9832=CARTESIAN_POINT('',(53.591239343,118.129587024,48.484929593));
#9833=DIRECTION('',(0.,1.,-0.));
#9834=VECTOR('',#9833,0.1);
#9835=LINE('',#9832,#9834);
#9836=EDGE_CURVE('',#3106,#9825,#9835,.T.);
#9837=ORIENTED_EDGE('',*,*,#9836,.F.);
#9838=ORIENTED_EDGE('',*,*,#3111,.F.);
#9839=EDGE_LOOP('',(#9823,#9831,#9837,#9838));
#9840=FACE_BOUND('',#9839,.T.);
#9841=ADVANCED_FACE('',(#9840),#9815,.T.);
#9842=CARTESIAN_POINT('',(54.36656843,118.129587024,48.415477364));
#9843=CARTESIAN_POINT('',(54.304869916,118.129587024,48.484929593));
#9844=CARTESIAN_POINT('',(54.129328515,118.129587024,48.484929593));
#9845=B_SPLINE_CURVE_WITH_KNOTS('',2,(#9842,#9843,#9844),.UNSPECIFIED.,.F.,.F.,(3,3),(0.,1.),.UNSPECIFIED.);
#9846=DIRECTION('',(-0.,-1.,0.));
#9847=VECTOR('',#9846,1.);
#9848=SURFACE_OF_LINEAR_EXTRUSION('',#9845,#9847);
#9849=CARTESIAN_POINT('',(54.36656843,118.229587024,48.415477364));
#9850=VERTEX_POINT('',#9849);
#9851=CARTESIAN_POINT('',(54.36656843,118.129587024,48.415477364));
#9852=DIRECTION('',(0.,1.,-0.));
#9853=VECTOR('',#9852,0.1);
#9854=LINE('',#9851,#9853);
#9855=EDGE_CURVE('',#3235,#9850,#9854,.T.);
#9856=ORIENTED_EDGE('',*,*,#9855,.T.);
#9857=CARTESIAN_POINT('',(54.36656843,118.229587024,48.415477364));
#9858=CARTESIAN_POINT('',(54.325436087,118.229587024,48.46177885));
#9859=CARTESIAN_POINT('',(54.246356116,118.229587024,48.484929593));
#9860=CARTESIAN_POINT('',(54.129328515,118.229587024,48.484929593));
#9861=B_SPLINE_CURVE_WITH_KNOTS('',3,(#9857,#9858,#9859,#9860),.UNSPECIFIED.,.F.,.F.,(4,4),(0.,1.),.UNSPECIFIED.);
#9862=EDGE_CURVE('',#9850,#9817,#9861,.T.);
#9863=ORIENTED_EDGE('',*,*,#9862,.T.);
#9864=ORIENTED_EDGE('',*,*,#9822,.F.);
#9865=ORIENTED_EDGE('',*,*,#3248,.F.);
#9866=EDGE_LOOP('',(#9856,#9863,#9864,#9865));
#9867=FACE_BOUND('',#9866,.T.);
#9868=ADVANCED_FACE('',(#9867),#9848,.T.);
#9869=CARTESIAN_POINT('',(54.428266944,118.129587024,48.182763988));
#9870=CARTESIAN_POINT('',(54.428266944,118.129587024,48.34607609));
#9871=CARTESIAN_POINT('',(54.36656843,118.129587024,48.415477364));
#9872=B_SPLINE_CURVE_WITH_KNOTS('',2,(#9869,#9870,#9871),.UNSPECIFIED.,.F.,.F.,(3,3),(0.,1.),.UNSPECIFIED.);
#9873=DIRECTION('',(-0.,-1.,0.));
#9874=VECTOR('',#9873,1.);
#9875=SURFACE_OF_LINEAR_EXTRUSION('',#9872,#9874);
#9876=CARTESIAN_POINT('',(54.428266944,118.229587024,48.182763988));
#9877=VERTEX_POINT('',#9876);
#9878=CARTESIAN_POINT('',(54.428266944,118.129587024,48.182763988));
#9879=DIRECTION('',(0.,1.,-0.));
#9880=VECTOR('',#9879,0.1);
#9881=LINE('',#9878,#9880);
#9882=EDGE_CURVE('',#3226,#9877,#9881,.T.);
#9883=ORIENTED_EDGE('',*,*,#9882,.T.);
#9884=CARTESIAN_POINT('',(54.428266944,118.229587024,48.182763988));
#9885=CARTESIAN_POINT('',(54.428266944,118.229587024,48.291638723));
#9886=CARTESIAN_POINT('',(54.407700772,118.229587024,48.369209848));
#9887=CARTESIAN_POINT('',(54.36656843,118.229587024,48.415477364));
#9888=B_SPLINE_CURVE_WITH_KNOTS('',3,(#9884,#9885,#9886,#9887),.UNSPECIFIED.,.F.,.F.,(4,4),(0.,1.),.UNSPECIFIED.);
#9889=EDGE_CURVE('',#9877,#9850,#9888,.T.);
#9890=ORIENTED_EDGE('',*,*,#9889,.T.);
#9891=ORIENTED_EDGE('',*,*,#9855,.F.);
#9892=ORIENTED_EDGE('',*,*,#3241,.F.);
#9893=EDGE_LOOP('',(#9883,#9890,#9891,#9892));
#9894=FACE_BOUND('',#9893,.T.);
#9895=ADVANCED_FACE('',(#9894),#9875,.T.);
#9896=CARTESIAN_POINT('',(54.397099215,118.129587024,48.021337237));
#9897=CARTESIAN_POINT('',(54.428266944,118.129587024,48.087375453));
#9898=CARTESIAN_POINT('',(54.428266944,118.129587024,48.182763988));
#9899=B_SPLINE_CURVE_WITH_KNOTS('',2,(#9896,#9897,#9898),.UNSPECIFIED.,.F.,.F.,(3,3),(0.,1.),.UNSPECIFIED.);
#9900=DIRECTION('',(-0.,-1.,0.));
#9901=VECTOR('',#9900,1.);
#9902=SURFACE_OF_LINEAR_EXTRUSION('',#9899,#9901);
#9903=CARTESIAN_POINT('',(54.397099215,118.229587024,48.021337237));
#9904=VERTEX_POINT('',#9903);
#9905=CARTESIAN_POINT('',(54.397099217,118.129587024,48.02133724));
#9906=DIRECTION('',(0.,1.,-0.));
#9907=VECTOR('',#9906,0.1);
#9908=LINE('',#9905,#9907);
#9909=EDGE_CURVE('',#3217,#9904,#9908,.T.);
#9910=ORIENTED_EDGE('',*,*,#9909,.T.);
#9911=CARTESIAN_POINT('',(54.397099215,118.229587024,48.021337237));
#9912=CARTESIAN_POINT('',(54.417877701,118.229587024,48.065362714));
#9913=CARTESIAN_POINT('',(54.428266944,118.229587024,48.119171631));
#9914=CARTESIAN_POINT('',(54.428266944,118.229587024,48.182763988));
#9915=B_SPLINE_CURVE_WITH_KNOTS('',3,(#9911,#9912,#9913,#9914),.UNSPECIFIED.,.F.,.F.,(4,4),(0.,1.),.UNSPECIFIED.);
#9916=EDGE_CURVE('',#9904,#9877,#9915,.T.);
#9917=ORIENTED_EDGE('',*,*,#9916,.T.);
#9918=ORIENTED_EDGE('',*,*,#9882,.F.);
#9919=ORIENTED_EDGE('',*,*,#3232,.F.);
#9920=EDGE_LOOP('',(#9910,#9917,#9918,#9919));
#9921=FACE_BOUND('',#9920,.T.);
#9922=ADVANCED_FACE('',(#9921),#9902,.T.);
#9923=CARTESIAN_POINT('',(54.308394332,118.129587024,47.928241695));
#9924=CARTESIAN_POINT('',(54.365931487,118.129587024,47.955349975));
#9925=CARTESIAN_POINT('',(54.397099215,118.129587024,48.021337237));
#9926=CARTESIAN_POINT('',(54.397410893,118.129587024,48.021997109));
#9927=CARTESIAN_POINT('',(54.39772257,118.129587024,48.022656982));
#9928=B_SPLINE_CURVE_WITH_KNOTS('',2,(#9923,#9924,#9925,#9926,#9927),.UNSPECIFIED.,.F.,.F.,(3,2,3),(0.,1.,1.01),.UNSPECIFIED.);
#9929=DIRECTION('',(-0.,-1.,0.));
#9930=VECTOR('',#9929,1.);
#9931=SURFACE_OF_LINEAR_EXTRUSION('',#9928,#9930);
#9932=CARTESIAN_POINT('',(54.308394332,118.229587024,47.928241695));
#9933=VERTEX_POINT('',#9932);
#9934=CARTESIAN_POINT('',(54.308394332,118.129587024,47.928241695));
#9935=DIRECTION('',(0.,1.,-0.));
#9936=VECTOR('',#9935,0.1);
#9937=LINE('',#9934,#9936);
#9938=EDGE_CURVE('',#3208,#9933,#9937,.T.);
#9939=ORIENTED_EDGE('',*,*,#9938,.T.);
#9940=CARTESIAN_POINT('',(54.308394332,118.229587024,47.928241695));
#9941=CARTESIAN_POINT('',(54.346752436,118.229587024,47.946313882));
#9942=CARTESIAN_POINT('',(54.37632073,118.229587024,47.977345729));
#9943=CARTESIAN_POINT('',(54.397099215,118.229587024,48.021337237));
#9944=B_SPLINE_CURVE_WITH_KNOTS('',3,(#9940,#9941,#9942,#9943),.UNSPECIFIED.,.F.,.F.,(4,4),(0.,1.),.UNSPECIFIED.);
#9945=EDGE_CURVE('',#9933,#9904,#9944,.T.);
#9946=ORIENTED_EDGE('',*,*,#9945,.T.);
#9947=ORIENTED_EDGE('',*,*,#9909,.F.);
#9948=ORIENTED_EDGE('',*,*,#3223,.F.);
#9949=EDGE_LOOP('',(#9939,#9946,#9947,#9948));
#9950=FACE_BOUND('',#9949,.T.);
#9951=ADVANCED_FACE('',(#9950),#9931,.T.);
#9952=CARTESIAN_POINT('',(54.129328515,118.129587024,47.90118437));
#9953=CARTESIAN_POINT('',(54.250814714,118.129587024,47.90118437));
#9954=CARTESIAN_POINT('',(54.308394332,118.129587024,47.928241695));
#9955=B_SPLINE_CURVE_WITH_KNOTS('',2,(#9952,#9953,#9954),.UNSPECIFIED.,.F.,.F.,(3,3),(0.,1.),.UNSPECIFIED.);
#9956=DIRECTION('',(-0.,-1.,0.));
#9957=VECTOR('',#9956,1.);
#9958=SURFACE_OF_LINEAR_EXTRUSION('',#9955,#9957);
#9959=CARTESIAN_POINT('',(54.129328515,118.229587024,47.90118437));
#9960=VERTEX_POINT('',#9959);
#9961=CARTESIAN_POINT('',(54.129328515,118.129587024,47.90118437));
#9962=DIRECTION('',(0.,1.,-0.));
#9963=VECTOR('',#9962,0.1);
#9964=LINE('',#9961,#9963);
#9965=EDGE_CURVE('',#3200,#9960,#9964,.T.);
#9966=ORIENTED_EDGE('',*,*,#9965,.T.);
#9967=CARTESIAN_POINT('',(54.129328515,118.229587024,47.90118437));
#9968=CARTESIAN_POINT('',(54.210319315,118.229587024,47.90118437));
#9969=CARTESIAN_POINT('',(54.27000792,118.229587024,47.910203479));
#9970=CARTESIAN_POINT('',(54.308394332,118.229587024,47.928241695));
#9971=B_SPLINE_CURVE_WITH_KNOTS('',3,(#9967,#9968,#9969,#9970),.UNSPECIFIED.,.F.,.F.,(4,4),(0.,1.),.UNSPECIFIED.);
#9972=EDGE_CURVE('',#9960,#9933,#9971,.T.);
#9973=ORIENTED_EDGE('',*,*,#9972,.T.);
#9974=ORIENTED_EDGE('',*,*,#9938,.F.);
#9975=ORIENTED_EDGE('',*,*,#3214,.F.);
#9976=EDGE_LOOP('',(#9966,#9973,#9974,#9975));
#9977=FACE_BOUND('',#9976,.T.);
#9978=ADVANCED_FACE('',(#9977),#9958,.T.);
#9979=CARTESIAN_POINT('',(53.591239343,118.129587024,47.90118437));
#9980=CARTESIAN_POINT('',(54.129328515,118.129587024,47.90118437));
#9981=B_SPLINE_CURVE_WITH_KNOTS('',1,(#9979,#9980),.UNSPECIFIED.,.F.,.F.,(2,2),(0.,0.538089172),.UNSPECIFIED.);
#9982=DIRECTION('',(-0.,-1.,0.));
#9983=VECTOR('',#9982,1.);
#9984=SURFACE_OF_LINEAR_EXTRUSION('',#9981,#9983);
#9985=CARTESIAN_POINT('',(53.591239343,118.229587024,47.90118437));
#9986=VERTEX_POINT('',#9985);
#9987=CARTESIAN_POINT('',(53.591239343,118.129587024,47.90118437));
#9988=DIRECTION('',(0.,1.,-0.));
#9989=VECTOR('',#9988,0.1);
#9990=LINE('',#9987,#9989);
#9991=EDGE_CURVE('',#3192,#9986,#9990,.T.);
#9992=ORIENTED_EDGE('',*,*,#9991,.T.);
#9993=CARTESIAN_POINT('',(53.591239343,118.229587024,47.90118437));
#9994=DIRECTION('',(1.,-0.,-0.));
#9995=VECTOR('',#9994,0.538089172);
#9996=LINE('',#9993,#9995);
#9997=EDGE_CURVE('',#9986,#9960,#9996,.T.);
#9998=ORIENTED_EDGE('',*,*,#9997,.T.);
#9999=ORIENTED_EDGE('',*,*,#9965,.F.);
#10000=ORIENTED_EDGE('',*,*,#3205,.F.);
#10001=EDGE_LOOP('',(#9992,#9998,#9999,#10000));
#10002=FACE_BOUND('',#10001,.T.);
#10003=ADVANCED_FACE('',(#10002),#9984,.T.);
#10004=CARTESIAN_POINT('',(53.591239343,118.129587024,47.754432778));
#10005=CARTESIAN_POINT('',(53.591239343,118.129587024,47.90118437));
#10006=B_SPLINE_CURVE_WITH_KNOTS('',1,(#10004,#10005),.UNSPECIFIED.,.F.,.F.,(2,2),(0.,0.122292994),.UNSPECIFIED.);
#10007=DIRECTION('',(-0.,-1.,0.));
#10008=VECTOR('',#10007,1.);
#10009=SURFACE_OF_LINEAR_EXTRUSION('',#10006,#10008);
#10010=CARTESIAN_POINT('',(53.591239343,118.229587024,47.754432778));
#10011=VERTEX_POINT('',#10010);
#10012=CARTESIAN_POINT('',(53.591239343,118.129587024,47.754432778));
#10013=DIRECTION('',(0.,1.,-0.));
#10014=VECTOR('',#10013,0.1);
#10015=LINE('',#10012,#10014);
#10016=EDGE_CURVE('',#3184,#10011,#10015,.T.);
#10017=ORIENTED_EDGE('',*,*,#10016,.T.);
#10018=CARTESIAN_POINT('',(53.591239343,118.229587024,47.754432778));
#10019=DIRECTION('',(0.,-0.,1.));
#10020=VECTOR('',#10019,0.146751592);
#10021=LINE('',#10018,#10020);
#10022=EDGE_CURVE('',#10011,#9986,#10021,.T.);
#10023=ORIENTED_EDGE('',*,*,#10022,.T.);
#10024=ORIENTED_EDGE('',*,*,#9991,.F.);
#10025=ORIENTED_EDGE('',*,*,#3197,.F.);
#10026=EDGE_LOOP('',(#10017,#10023,#10024,#10025));
#10027=FACE_BOUND('',#10026,.T.);
#10028=ADVANCED_FACE('',(#10027),#10009,.T.);
#10029=CARTESIAN_POINT('',(54.131579046,118.129587024,47.754432778));
#10030=CARTESIAN_POINT('',(53.591239343,118.129587024,47.754432778));
#10031=B_SPLINE_CURVE_WITH_KNOTS('',1,(#10029,#10030),.UNSPECIFIED.,.F.,.F.,(2,2),(0.,0.540339703),.UNSPECIFIED.);
#10032=DIRECTION('',(-0.,-1.,0.));
#10033=VECTOR('',#10032,1.);
#10034=SURFACE_OF_LINEAR_EXTRUSION('',#10031,#10033);
#10035=CARTESIAN_POINT('',(54.131579046,118.229587024,47.754432778));
#10036=VERTEX_POINT('',#10035);
#10037=CARTESIAN_POINT('',(54.131579046,118.129587024,47.754432778));
#10038=DIRECTION('',(0.,1.,-0.));
#10039=VECTOR('',#10038,0.1);
#10040=LINE('',#10037,#10039);
#10041=EDGE_CURVE('',#3175,#10036,#10040,.T.);
#10042=ORIENTED_EDGE('',*,*,#10041,.T.);
#10043=CARTESIAN_POINT('',(54.131579046,118.229587024,47.754432778));
#10044=DIRECTION('',(-1.,0.,0.));
#10045=VECTOR('',#10044,0.540339703);
#10046=LINE('',#10043,#10045);
#10047=EDGE_CURVE('',#10036,#10011,#10046,.T.);
#10048=ORIENTED_EDGE('',*,*,#10047,.T.);
#10049=ORIENTED_EDGE('',*,*,#10016,.F.);
#10050=ORIENTED_EDGE('',*,*,#3189,.F.);
#10051=EDGE_LOOP('',(#10042,#10048,#10049,#10050));
#10052=FACE_BOUND('',#10051,.T.);
#10053=ADVANCED_FACE('',(#10052),#10034,.T.);
#10054=CARTESIAN_POINT('',(54.366016413,118.129587024,47.797031504));
#10055=CARTESIAN_POINT('',(54.280199003,118.129587024,47.754432778));
#10056=CARTESIAN_POINT('',(54.131579046,118.129587024,47.754432778));
#10057=B_SPLINE_CURVE_WITH_KNOTS('',2,(#10054,#10055,#10056),.UNSPECIFIED.,.F.,.F.,(3,3),(0.,1.),.UNSPECIFIED.);
#10058=DIRECTION('',(-0.,-1.,0.));
#10059=VECTOR('',#10058,1.);
#10060=SURFACE_OF_LINEAR_EXTRUSION('',#10057,#10059);
#10061=CARTESIAN_POINT('',(54.366016413,118.229587024,47.797031504));
#10062=VERTEX_POINT('',#10061);
#10063=CARTESIAN_POINT('',(54.366016411,118.129587024,47.797031502));
#10064=DIRECTION('',(0.,1.,-0.));
#10065=VECTOR('',#10064,0.1);
#10066=LINE('',#10063,#10065);
#10067=EDGE_CURVE('',#3166,#10062,#10066,.T.);
#10068=ORIENTED_EDGE('',*,*,#10067,.T.);
#10069=CARTESIAN_POINT('',(54.366016413,118.229587024,47.797031504));
#10070=CARTESIAN_POINT('',(54.308804806,118.229587024,47.768632353));
#10071=CARTESIAN_POINT('',(54.230659017,118.229587024,47.754432778));
#10072=CARTESIAN_POINT('',(54.131579046,118.229587024,47.754432778));
#10073=B_SPLINE_CURVE_WITH_KNOTS('',3,(#10069,#10070,#10071,#10072),.UNSPECIFIED.,.F.,.F.,(4,4),(0.,1.),.UNSPECIFIED.);
#10074=EDGE_CURVE('',#10062,#10036,#10073,.T.);
#10075=ORIENTED_EDGE('',*,*,#10074,.T.);
#10076=ORIENTED_EDGE('',*,*,#10041,.F.);
#10077=ORIENTED_EDGE('',*,*,#3181,.F.);
#10078=EDGE_LOOP('',(#10068,#10075,#10076,#10077));
#10079=FACE_BOUND('',#10078,.T.);
#10080=ADVANCED_FACE('',(#10079),#10060,.T.);
#10081=CARTESIAN_POINT('',(54.497141678,118.129587024,47.93929902));
#10082=CARTESIAN_POINT('',(54.451833823,118.129587024,47.83963023));
#10083=CARTESIAN_POINT('',(54.366016413,118.129587024,47.797031504));
#10084=B_SPLINE_CURVE_WITH_KNOTS('',2,(#10081,#10082,#10083),.UNSPECIFIED.,.F.,.F.,(3,3),(0.,1.),.UNSPECIFIED.);
#10085=DIRECTION('',(-0.,-1.,0.));
#10086=VECTOR('',#10085,1.);
#10087=SURFACE_OF_LINEAR_EXTRUSION('',#10084,#10086);
#10088=CARTESIAN_POINT('',(54.497141678,118.229587024,47.93929902));
#10089=VERTEX_POINT('',#10088);
#10090=CARTESIAN_POINT('',(54.497141678,118.129587024,47.93929902));
#10091=DIRECTION('',(0.,1.,-0.));
#10092=VECTOR('',#10091,0.1);
#10093=LINE('',#10090,#10092);
#10094=EDGE_CURVE('',#3157,#10089,#10093,.T.);
#10095=ORIENTED_EDGE('',*,*,#10094,.T.);
#10096=CARTESIAN_POINT('',(54.497141678,118.229587024,47.93929902));
#10097=CARTESIAN_POINT('',(54.466936441,118.229587024,47.87285316));
#10098=CARTESIAN_POINT('',(54.423228019,118.229587024,47.825430655));
#10099=CARTESIAN_POINT('',(54.366016413,118.229587024,47.797031504));
#10100=B_SPLINE_CURVE_WITH_KNOTS('',3,(#10096,#10097,#10098,#10099),.UNSPECIFIED.,.F.,.F.,(4,4),(0.,1.),.UNSPECIFIED.);
#10101=EDGE_CURVE('',#10089,#10062,#10100,.T.);
#10102=ORIENTED_EDGE('',*,*,#10101,.T.);
#10103=ORIENTED_EDGE('',*,*,#10067,.F.);
#10104=ORIENTED_EDGE('',*,*,#3172,.F.);
#10105=EDGE_LOOP('',(#10095,#10102,#10103,#10104));
#10106=FACE_BOUND('',#10105,.T.);
#10107=ADVANCED_FACE('',(#10106),#10087,.T.);
#10108=CARTESIAN_POINT('',(54.542407071,118.129587024,48.195706663));
#10109=CARTESIAN_POINT('',(54.542407071,118.129587024,48.03896781));
#10110=CARTESIAN_POINT('',(54.497141678,118.129587024,47.93929902));
#10111=B_SPLINE_CURVE_WITH_KNOTS('',2,(#10108,#10109,#10110),.UNSPECIFIED.,.F.,.F.,(3,3),(0.,1.),.UNSPECIFIED.);
#10112=DIRECTION('',(-0.,-1.,0.));
#10113=VECTOR('',#10112,1.);
#10114=SURFACE_OF_LINEAR_EXTRUSION('',#10111,#10113);
#10115=CARTESIAN_POINT('',(54.542407071,118.229587024,48.195706663));
#10116=VERTEX_POINT('',#10115);
#10117=CARTESIAN_POINT('',(54.542407071,118.129587024,48.195706663));
#10118=DIRECTION('',(0.,1.,-0.));
#10119=VECTOR('',#10118,0.1);
#10120=LINE('',#10117,#10119);
#10121=EDGE_CURVE('',#3148,#10116,#10120,.T.);
#10122=ORIENTED_EDGE('',*,*,#10121,.T.);
#10123=CARTESIAN_POINT('',(54.542407071,118.229587024,48.195706663));
#10124=CARTESIAN_POINT('',(54.542407071,118.229587024,48.091214094));
#10125=CARTESIAN_POINT('',(54.527318607,118.229587024,48.00574488));
#10126=CARTESIAN_POINT('',(54.497141678,118.229587024,47.93929902));
#10127=B_SPLINE_CURVE_WITH_KNOTS('',3,(#10123,#10124,#10125,#10126),.UNSPECIFIED.,.F.,.F.,(4,4),(0.,1.),.UNSPECIFIED.);
#10128=EDGE_CURVE('',#10116,#10089,#10127,.T.);
#10129=ORIENTED_EDGE('',*,*,#10128,.T.);
#10130=ORIENTED_EDGE('',*,*,#10094,.F.);
#10131=ORIENTED_EDGE('',*,*,#3163,.F.);
#10132=EDGE_LOOP('',(#10122,#10129,#10130,#10131));
#10133=FACE_BOUND('',#10132,.T.);
#10134=ADVANCED_FACE('',(#10133),#10114,.T.);
#10135=CARTESIAN_POINT('',(54.490432549,118.129587024,48.456292651));
#10136=CARTESIAN_POINT('',(54.542407071,118.129587024,48.357031504));
#10137=CARTESIAN_POINT('',(54.542407071,118.129587024,48.195706663));
#10138=B_SPLINE_CURVE_WITH_KNOTS('',2,(#10135,#10136,#10137),.UNSPECIFIED.,.F.,.F.,(3,3),(0.,1.),.UNSPECIFIED.);
#10139=DIRECTION('',(-0.,-1.,0.));
#10140=VECTOR('',#10139,1.);
#10141=SURFACE_OF_LINEAR_EXTRUSION('',#10138,#10140);
#10142=CARTESIAN_POINT('',(54.490432549,118.229587024,48.456292651));
#10143=VERTEX_POINT('',#10142);
#10144=CARTESIAN_POINT('',(54.49043255,118.129587024,48.456292649));
#10145=DIRECTION('',(0.,1.,-0.));
#10146=VECTOR('',#10145,0.1);
#10147=LINE('',#10144,#10146);
#10148=EDGE_CURVE('',#3139,#10143,#10147,.T.);
#10149=ORIENTED_EDGE('',*,*,#10148,.T.);
#10150=CARTESIAN_POINT('',(54.490432549,118.229587024,48.456292651));
#10151=CARTESIAN_POINT('',(54.52508223,118.229587024,48.390118553));
#10152=CARTESIAN_POINT('',(54.542407071,118.229587024,48.303256557));
#10153=CARTESIAN_POINT('',(54.542407071,118.229587024,48.195706663));
#10154=B_SPLINE_CURVE_WITH_KNOTS('',3,(#10150,#10151,#10152,#10153),.UNSPECIFIED.,.F.,.F.,(4,4),(0.,1.),.UNSPECIFIED.);
#10155=EDGE_CURVE('',#10143,#10116,#10154,.T.);
#10156=ORIENTED_EDGE('',*,*,#10155,.T.);
#10157=ORIENTED_EDGE('',*,*,#10121,.F.);
#10158=ORIENTED_EDGE('',*,*,#3154,.F.);
#10159=EDGE_LOOP('',(#10149,#10156,#10157,#10158));
#10160=FACE_BOUND('',#10159,.T.);
#10161=ADVANCED_FACE('',(#10160),#10141,.T.);
#10162=CARTESIAN_POINT('',(54.355485627,118.129587024,48.593617491));
#10163=CARTESIAN_POINT('',(54.438415564,118.129587024,48.555604752));
#10164=CARTESIAN_POINT('',(54.490432549,118.129587024,48.456292651));
#10165=B_SPLINE_CURVE_WITH_KNOTS('',2,(#10162,#10163,#10164),.UNSPECIFIED.,.F.,.F.,(3,3),(0.,1.),.UNSPECIFIED.);
#10166=DIRECTION('',(-0.,-1.,0.));
#10167=VECTOR('',#10166,1.);
#10168=SURFACE_OF_LINEAR_EXTRUSION('',#10165,#10167);
#10169=CARTESIAN_POINT('',(54.355485627,118.229587024,48.593617491));
#10170=VERTEX_POINT('',#10169);
#10171=CARTESIAN_POINT('',(54.355485627,118.129587024,48.593617491));
#10172=DIRECTION('',(0.,1.,-0.));
#10173=VECTOR('',#10172,0.1);
#10174=LINE('',#10171,#10173);
#10175=EDGE_CURVE('',#3130,#10170,#10174,.T.);
#10176=ORIENTED_EDGE('',*,*,#10175,.T.);
#10177=CARTESIAN_POINT('',(54.355485627,118.229587024,48.593617491));
#10178=CARTESIAN_POINT('',(54.410772252,118.229587024,48.568275665));
#10179=CARTESIAN_POINT('',(54.455754559,118.229587024,48.522500719));
#10180=CARTESIAN_POINT('',(54.490432549,118.229587024,48.456292651));
#10181=B_SPLINE_CURVE_WITH_KNOTS('',3,(#10177,#10178,#10179,#10180),.UNSPECIFIED.,.F.,.F.,(4,4),(0.,1.),.UNSPECIFIED.);
#10182=EDGE_CURVE('',#10170,#10143,#10181,.T.);
#10183=ORIENTED_EDGE('',*,*,#10182,.T.);
#10184=ORIENTED_EDGE('',*,*,#10148,.F.);
#10185=ORIENTED_EDGE('',*,*,#3145,.F.);
#10186=EDGE_LOOP('',(#10176,#10183,#10184,#10185));
#10187=FACE_BOUND('',#10186,.T.);
#10188=ADVANCED_FACE('',(#10187),#10168,.T.);
#10189=CARTESIAN_POINT('',(54.131579046,118.129587024,48.631681186));
#10190=CARTESIAN_POINT('',(54.272555691,118.129587024,48.631681186));
#10191=CARTESIAN_POINT('',(54.355485627,118.129587024,48.593617491));
#10192=B_SPLINE_CURVE_WITH_KNOTS('',2,(#10189,#10190,#10191),.UNSPECIFIED.,.F.,.F.,(3,3),(0.,1.),.UNSPECIFIED.);
#10193=DIRECTION('',(-0.,-1.,0.));
#10194=VECTOR('',#10193,1.);
#10195=SURFACE_OF_LINEAR_EXTRUSION('',#10192,#10194);
#10196=CARTESIAN_POINT('',(54.131579046,118.229587024,48.631681186));
#10197=VERTEX_POINT('',#10196);
#10198=CARTESIAN_POINT('',(54.131579046,118.129587024,48.631681186));
#10199=DIRECTION('',(0.,1.,-0.));
#10200=VECTOR('',#10199,0.1);
#10201=LINE('',#10198,#10200);
#10202=EDGE_CURVE('',#3122,#10197,#10201,.T.);
#10203=ORIENTED_EDGE('',*,*,#10202,.T.);
#10204=CARTESIAN_POINT('',(54.131579046,118.229587024,48.631681186));
#10205=CARTESIAN_POINT('',(54.225563476,118.229587024,48.631681186));
#10206=CARTESIAN_POINT('',(54.300199003,118.229587024,48.618993288));
#10207=CARTESIAN_POINT('',(54.355485627,118.229587024,48.593617491));
#10208=B_SPLINE_CURVE_WITH_KNOTS('',3,(#10204,#10205,#10206,#10207),.UNSPECIFIED.,.F.,.F.,(4,4),(0.,1.),.UNSPECIFIED.);
#10209=EDGE_CURVE('',#10197,#10170,#10208,.T.);
#10210=ORIENTED_EDGE('',*,*,#10209,.T.);
#10211=ORIENTED_EDGE('',*,*,#10175,.F.);
#10212=ORIENTED_EDGE('',*,*,#3136,.F.);
#10213=EDGE_LOOP('',(#10203,#10210,#10211,#10212));
#10214=FACE_BOUND('',#10213,.T.);
#10215=ADVANCED_FACE('',(#10214),#10195,.T.);
#10216=CARTESIAN_POINT('',(53.591239343,118.129587024,48.631681186));
#10217=CARTESIAN_POINT('',(54.131579046,118.129587024,48.631681186));
#10218=B_SPLINE_CURVE_WITH_KNOTS('',1,(#10216,#10217),.UNSPECIFIED.,.F.,.F.,(2,2),(0.,0.540339703),.UNSPECIFIED.);
#10219=DIRECTION('',(-0.,-1.,0.));
#10220=VECTOR('',#10219,1.);
#10221=SURFACE_OF_LINEAR_EXTRUSION('',#10218,#10220);
#10222=CARTESIAN_POINT('',(53.591239343,118.229587024,48.631681186));
#10223=VERTEX_POINT('',#10222);
#10224=CARTESIAN_POINT('',(53.591239343,118.129587024,48.631681186));
#10225=DIRECTION('',(0.,1.,-0.));
#10226=VECTOR('',#10225,0.1);
#10227=LINE('',#10224,#10226);
#10228=EDGE_CURVE('',#3114,#10223,#10227,.T.);
#10229=ORIENTED_EDGE('',*,*,#10228,.T.);
#10230=CARTESIAN_POINT('',(53.591239343,118.229587024,48.631681186));
#10231=DIRECTION('',(1.,-0.,-0.));
#10232=VECTOR('',#10231,0.540339703);
#10233=LINE('',#10230,#10232);
#10234=EDGE_CURVE('',#10223,#10197,#10233,.T.);
#10235=ORIENTED_EDGE('',*,*,#10234,.T.);
#10236=ORIENTED_EDGE('',*,*,#10202,.F.);
#10237=ORIENTED_EDGE('',*,*,#3127,.F.);
#10238=EDGE_LOOP('',(#10229,#10235,#10236,#10237));
#10239=FACE_BOUND('',#10238,.T.);
#10240=ADVANCED_FACE('',(#10239),#10221,.T.);
#10241=CARTESIAN_POINT('',(53.591239343,118.129587024,48.484929593));
#10242=CARTESIAN_POINT('',(53.591239343,118.129587024,48.631681186));
#10243=B_SPLINE_CURVE_WITH_KNOTS('',1,(#10241,#10242),.UNSPECIFIED.,.F.,.F.,(2,2),(0.,0.122292994),.UNSPECIFIED.);
#10244=DIRECTION('',(-0.,-1.,0.));
#10245=VECTOR('',#10244,1.);
#10246=SURFACE_OF_LINEAR_EXTRUSION('',#10243,#10245);
#10247=ORIENTED_EDGE('',*,*,#9836,.T.);
#10248=CARTESIAN_POINT('',(53.591239343,118.229587024,48.484929593));
#10249=DIRECTION('',(0.,-0.,1.));
#10250=VECTOR('',#10249,0.146751593);
#10251=LINE('',#10248,#10250);
#10252=EDGE_CURVE('',#9825,#10223,#10251,.T.);
#10253=ORIENTED_EDGE('',*,*,#10252,.T.);
#10254=ORIENTED_EDGE('',*,*,#10228,.F.);
#10255=ORIENTED_EDGE('',*,*,#3119,.F.);
#10256=EDGE_LOOP('',(#10247,#10253,#10254,#10255));
#10257=FACE_BOUND('',#10256,.T.);
#10258=ADVANCED_FACE('',(#10257),#10246,.T.);
#10259=CARTESIAN_POINT('',(54.526101339,118.129587024,49.717642969));
#10260=CARTESIAN_POINT('',(54.526101339,118.129587024,48.886050612));
#10261=B_SPLINE_CURVE_WITH_KNOTS('',1,(#10259,#10260),.UNSPECIFIED.,.F.,.F.,(2,2),(0.,0.692993631),.UNSPECIFIED.);
#10262=DIRECTION('',(-0.,-1.,0.));
#10263=VECTOR('',#10262,1.);
#10264=SURFACE_OF_LINEAR_EXTRUSION('',#10261,#10263);
#10265=CARTESIAN_POINT('',(54.526101339,118.229587024,49.717642969));
#10266=VERTEX_POINT('',#10265);
#10267=CARTESIAN_POINT('',(54.526101339,118.129587024,49.717642969));
#10268=DIRECTION('',(0.,1.,-0.));
#10269=VECTOR('',#10268,0.1);
#10270=LINE('',#10267,#10269);
#10271=EDGE_CURVE('',#3253,#10266,#10270,.T.);
#10272=ORIENTED_EDGE('',*,*,#10271,.T.);
#10273=CARTESIAN_POINT('',(54.526101339,118.229587024,48.886050612));
#10274=VERTEX_POINT('',#10273);
#10275=CARTESIAN_POINT('',(54.526101339,118.229587024,49.717642969));
#10276=DIRECTION('',(-0.,0.,-1.));
#10277=VECTOR('',#10276,0.831592357);
#10278=LINE('',#10275,#10277);
#10279=EDGE_CURVE('',#10266,#10274,#10278,.T.);
#10280=ORIENTED_EDGE('',*,*,#10279,.T.);
#10281=CARTESIAN_POINT('',(54.526101339,118.129587024,48.886050612));
#10282=DIRECTION('',(0.,1.,-0.));
#10283=VECTOR('',#10282,0.1);
#10284=LINE('',#10281,#10283);
#10285=EDGE_CURVE('',#3255,#10274,#10284,.T.);
#10286=ORIENTED_EDGE('',*,*,#10285,.F.);
#10287=ORIENTED_EDGE('',*,*,#3260,.F.);
#10288=EDGE_LOOP('',(#10272,#10280,#10286,#10287));
#10289=FACE_BOUND('',#10288,.T.);
#10290=ADVANCED_FACE('',(#10289),#10264,.T.);
#10291=CARTESIAN_POINT('',(54.414678833,118.129587024,49.717642969));
#10292=CARTESIAN_POINT('',(54.526101339,118.129587024,49.717642969));
#10293=B_SPLINE_CURVE_WITH_KNOTS('',1,(#10291,#10292),.UNSPECIFIED.,.F.,.F.,(2,2),(0.,0.111422505),.UNSPECIFIED.);
#10294=DIRECTION('',(-0.,-1.,0.));
#10295=VECTOR('',#10294,1.);
#10296=SURFACE_OF_LINEAR_EXTRUSION('',#10293,#10295);
#10297=CARTESIAN_POINT('',(54.414678833,118.229587024,49.717642969));
#10298=VERTEX_POINT('',#10297);
#10299=CARTESIAN_POINT('',(54.414678833,118.129587024,49.717642969));
#10300=DIRECTION('',(0.,1.,-0.));
#10301=VECTOR('',#10300,0.1);
#10302=LINE('',#10299,#10301);
#10303=EDGE_CURVE('',#3335,#10298,#10302,.T.);
#10304=ORIENTED_EDGE('',*,*,#10303,.T.);
#10305=CARTESIAN_POINT('',(54.414678833,118.229587024,49.717642969));
#10306=DIRECTION('',(1.,-0.,-0.));
#10307=VECTOR('',#10306,0.111422506);
#10308=LINE('',#10305,#10307);
#10309=EDGE_CURVE('',#10298,#10266,#10308,.T.);
#10310=ORIENTED_EDGE('',*,*,#10309,.T.);
#10311=ORIENTED_EDGE('',*,*,#10271,.F.);
#10312=ORIENTED_EDGE('',*,*,#3346,.F.);
#10313=EDGE_LOOP('',(#10304,#10310,#10311,#10312));
#10314=FACE_BOUND('',#10313,.T.);
#10315=ADVANCED_FACE('',(#10314),#10296,.T.);
#10316=CARTESIAN_POINT('',(54.414678833,118.129587024,49.032802205));
#10317=CARTESIAN_POINT('',(54.414678833,118.129587024,49.717642969));
#10318=B_SPLINE_CURVE_WITH_KNOTS('',1,(#10316,#10317),.UNSPECIFIED.,.F.,.F.,(2,2),(0.,0.570700637),.UNSPECIFIED.);
#10319=DIRECTION('',(-0.,-1.,0.));
#10320=VECTOR('',#10319,1.);
#10321=SURFACE_OF_LINEAR_EXTRUSION('',#10318,#10320);
#10322=CARTESIAN_POINT('',(54.414678833,118.229587024,49.032802205));
#10323=VERTEX_POINT('',#10322);
#10324=CARTESIAN_POINT('',(54.414678833,118.129587024,49.032802205));
#10325=DIRECTION('',(0.,1.,-0.));
#10326=VECTOR('',#10325,0.1);
#10327=LINE('',#10324,#10326);
#10328=EDGE_CURVE('',#3327,#10323,#10327,.T.);
#10329=ORIENTED_EDGE('',*,*,#10328,.T.);
#10330=CARTESIAN_POINT('',(54.414678833,118.229587024,49.032802205));
#10331=DIRECTION('',(0.,-0.,1.));
#10332=VECTOR('',#10331,0.684840764);
#10333=LINE('',#10330,#10332);
#10334=EDGE_CURVE('',#10323,#10298,#10333,.T.);
#10335=ORIENTED_EDGE('',*,*,#10334,.T.);
#10336=ORIENTED_EDGE('',*,*,#10303,.F.);
#10337=ORIENTED_EDGE('',*,*,#3340,.F.);
#10338=EDGE_LOOP('',(#10329,#10335,#10336,#10337));
#10339=FACE_BOUND('',#10338,.T.);
#10340=ADVANCED_FACE('',(#10339),#10321,.T.);
#10341=CARTESIAN_POINT('',(54.09671705,118.129587024,49.032802205));
#10342=CARTESIAN_POINT('',(54.414678833,118.129587024,49.032802205));
#10343=B_SPLINE_CURVE_WITH_KNOTS('',1,(#10341,#10342),.UNSPECIFIED.,.F.,.F.,(2,2),(0.,0.317961783),.UNSPECIFIED.);
#10344=DIRECTION('',(-0.,-1.,0.));
#10345=VECTOR('',#10344,1.);
#10346=SURFACE_OF_LINEAR_EXTRUSION('',#10343,#10345);
#10347=CARTESIAN_POINT('',(54.09671705,118.229587024,49.032802205));
#10348=VERTEX_POINT('',#10347);
#10349=CARTESIAN_POINT('',(54.09671705,118.129587024,49.032802205));
#10350=DIRECTION('',(0.,1.,-0.));
#10351=VECTOR('',#10350,0.1);
#10352=LINE('',#10349,#10351);
#10353=EDGE_CURVE('',#3319,#10348,#10352,.T.);
#10354=ORIENTED_EDGE('',*,*,#10353,.T.);
#10355=CARTESIAN_POINT('',(54.09671705,118.229587024,49.032802205));
#10356=DIRECTION('',(1.,-0.,-0.));
#10357=VECTOR('',#10356,0.317961783);
#10358=LINE('',#10355,#10357);
#10359=EDGE_CURVE('',#10348,#10323,#10358,.T.);
#10360=ORIENTED_EDGE('',*,*,#10359,.T.);
#10361=ORIENTED_EDGE('',*,*,#10328,.F.);
#10362=ORIENTED_EDGE('',*,*,#3332,.F.);
#10363=EDGE_LOOP('',(#10354,#10360,#10361,#10362));
#10364=FACE_BOUND('',#10363,.T.);
#10365=ADVANCED_FACE('',(#10364),#10346,.T.);
#10366=CARTESIAN_POINT('',(54.09671705,118.129587024,49.649158893));
#10367=CARTESIAN_POINT('',(54.09671705,118.129587024,49.032802205));
#10368=B_SPLINE_CURVE_WITH_KNOTS('',1,(#10366,#10367),.UNSPECIFIED.,.F.,.F.,(2,2),(0.,0.513630573),.UNSPECIFIED.);
#10369=DIRECTION('',(-0.,-1.,0.));
#10370=VECTOR('',#10369,1.);
#10371=SURFACE_OF_LINEAR_EXTRUSION('',#10368,#10370);
#10372=CARTESIAN_POINT('',(54.09671705,118.229587024,49.649158893));
#10373=VERTEX_POINT('',#10372);
#10374=CARTESIAN_POINT('',(54.09671705,118.129587024,49.649158893));
#10375=DIRECTION('',(0.,1.,-0.));
#10376=VECTOR('',#10375,0.1);
#10377=LINE('',#10374,#10376);
#10378=EDGE_CURVE('',#3311,#10373,#10377,.T.);
#10379=ORIENTED_EDGE('',*,*,#10378,.T.);
#10380=CARTESIAN_POINT('',(54.09671705,118.229587024,49.649158893));
#10381=DIRECTION('',(-0.,0.,-1.));
#10382=VECTOR('',#10381,0.616356688);
#10383=LINE('',#10380,#10382);
#10384=EDGE_CURVE('',#10373,#10348,#10383,.T.);
#10385=ORIENTED_EDGE('',*,*,#10384,.T.);
#10386=ORIENTED_EDGE('',*,*,#10353,.F.);
#10387=ORIENTED_EDGE('',*,*,#3324,.F.);
#10388=EDGE_LOOP('',(#10379,#10385,#10386,#10387));
#10389=FACE_BOUND('',#10388,.T.);
#10390=ADVANCED_FACE('',(#10389),#10371,.T.);
#10391=CARTESIAN_POINT('',(53.985294545,118.129587024,49.649158893));
#10392=CARTESIAN_POINT('',(54.09671705,118.129587024,49.649158893));
#10393=B_SPLINE_CURVE_WITH_KNOTS('',1,(#10391,#10392),.UNSPECIFIED.,.F.,.F.,(2,2),(0.,0.111422505),.UNSPECIFIED.);
#10394=DIRECTION('',(-0.,-1.,0.));
#10395=VECTOR('',#10394,1.);
#10396=SURFACE_OF_LINEAR_EXTRUSION('',#10393,#10395);
#10397=CARTESIAN_POINT('',(53.985294545,118.229587024,49.649158893));
#10398=VERTEX_POINT('',#10397);
#10399=CARTESIAN_POINT('',(53.985294545,118.129587024,49.649158893));
#10400=DIRECTION('',(0.,1.,-0.));
#10401=VECTOR('',#10400,0.1);
#10402=LINE('',#10399,#10401);
#10403=EDGE_CURVE('',#3303,#10398,#10402,.T.);
#10404=ORIENTED_EDGE('',*,*,#10403,.T.);
#10405=CARTESIAN_POINT('',(53.985294545,118.229587024,49.649158893));
#10406=DIRECTION('',(1.,-0.,-0.));
#10407=VECTOR('',#10406,0.111422505);
#10408=LINE('',#10405,#10407);
#10409=EDGE_CURVE('',#10398,#10373,#10408,.T.);
#10410=ORIENTED_EDGE('',*,*,#10409,.T.);
#10411=ORIENTED_EDGE('',*,*,#10378,.F.);
#10412=ORIENTED_EDGE('',*,*,#3316,.F.);
#10413=EDGE_LOOP('',(#10404,#10410,#10411,#10412));
#10414=FACE_BOUND('',#10413,.T.);
#10415=ADVANCED_FACE('',(#10414),#10396,.T.);
#10416=CARTESIAN_POINT('',(53.985294545,118.129587024,49.032802205));
#10417=CARTESIAN_POINT('',(53.985294545,118.129587024,49.649158893));
#10418=B_SPLINE_CURVE_WITH_KNOTS('',1,(#10416,#10417),.UNSPECIFIED.,.F.,.F.,(2,2),(0.,0.513630573),.UNSPECIFIED.);
#10419=DIRECTION('',(-0.,-1.,0.));
#10420=VECTOR('',#10419,1.);
#10421=SURFACE_OF_LINEAR_EXTRUSION('',#10418,#10420);
#10422=CARTESIAN_POINT('',(53.985294545,118.229587024,49.032802205));
#10423=VERTEX_POINT('',#10422);
#10424=CARTESIAN_POINT('',(53.985294545,118.129587024,49.032802205));
#10425=DIRECTION('',(0.,1.,-0.));
#10426=VECTOR('',#10425,0.1);
#10427=LINE('',#10424,#10426);
#10428=EDGE_CURVE('',#3295,#10423,#10427,.T.);
#10429=ORIENTED_EDGE('',*,*,#10428,.T.);
#10430=CARTESIAN_POINT('',(53.985294545,118.229587024,49.032802205));
#10431=DIRECTION('',(0.,-0.,1.));
#10432=VECTOR('',#10431,0.616356688);
#10433=LINE('',#10430,#10432);
#10434=EDGE_CURVE('',#10423,#10398,#10433,.T.);
#10435=ORIENTED_EDGE('',*,*,#10434,.T.);
#10436=ORIENTED_EDGE('',*,*,#10403,.F.);
#10437=ORIENTED_EDGE('',*,*,#3308,.F.);
#10438=EDGE_LOOP('',(#10429,#10435,#10436,#10437));
#10439=FACE_BOUND('',#10438,.T.);
#10440=ADVANCED_FACE('',(#10439),#10421,.T.);
#10441=CARTESIAN_POINT('',(53.702661848,118.129587024,49.032802205));
#10442=CARTESIAN_POINT('',(53.985294545,118.129587024,49.032802205));
#10443=B_SPLINE_CURVE_WITH_KNOTS('',1,(#10441,#10442),.UNSPECIFIED.,.F.,.F.,(2,2),(0.,0.282632696),.UNSPECIFIED.);
#10444=DIRECTION('',(-0.,-1.,0.));
#10445=VECTOR('',#10444,1.);
#10446=SURFACE_OF_LINEAR_EXTRUSION('',#10443,#10445);
#10447=CARTESIAN_POINT('',(53.702661848,118.229587024,49.032802205));
#10448=VERTEX_POINT('',#10447);
#10449=CARTESIAN_POINT('',(53.702661848,118.129587024,49.032802205));
#10450=DIRECTION('',(0.,1.,-0.));
#10451=VECTOR('',#10450,0.1);
#10452=LINE('',#10449,#10451);
#10453=EDGE_CURVE('',#3287,#10448,#10452,.T.);
#10454=ORIENTED_EDGE('',*,*,#10453,.T.);
#10455=CARTESIAN_POINT('',(53.702661848,118.229587024,49.032802205));
#10456=DIRECTION('',(1.,-0.,-0.));
#10457=VECTOR('',#10456,0.282632697);
#10458=LINE('',#10455,#10457);
#10459=EDGE_CURVE('',#10448,#10423,#10458,.T.);
#10460=ORIENTED_EDGE('',*,*,#10459,.T.);
#10461=ORIENTED_EDGE('',*,*,#10428,.F.);
#10462=ORIENTED_EDGE('',*,*,#3300,.F.);
#10463=EDGE_LOOP('',(#10454,#10460,#10461,#10462));
#10464=FACE_BOUND('',#10463,.T.);
#10465=ADVANCED_FACE('',(#10464),#10446,.T.);
#10466=CARTESIAN_POINT('',(53.702661848,118.129587024,49.691553797));
#10467=CARTESIAN_POINT('',(53.702661848,118.129587024,49.032802205));
#10468=B_SPLINE_CURVE_WITH_KNOTS('',1,(#10466,#10467),.UNSPECIFIED.,.F.,.F.,(2,2),(0.,0.54895966),.UNSPECIFIED.);
#10469=DIRECTION('',(-0.,-1.,0.));
#10470=VECTOR('',#10469,1.);
#10471=SURFACE_OF_LINEAR_EXTRUSION('',#10468,#10470);
#10472=CARTESIAN_POINT('',(53.702661848,118.229587024,49.691553797));
#10473=VERTEX_POINT('',#10472);
#10474=CARTESIAN_POINT('',(53.702661848,118.129587024,49.691553797));
#10475=DIRECTION('',(0.,1.,-0.));
#10476=VECTOR('',#10475,0.1);
#10477=LINE('',#10474,#10476);
#10478=EDGE_CURVE('',#3279,#10473,#10477,.T.);
#10479=ORIENTED_EDGE('',*,*,#10478,.T.);
#10480=CARTESIAN_POINT('',(53.702661848,118.229587024,49.691553797));
#10481=DIRECTION('',(-0.,0.,-1.));
#10482=VECTOR('',#10481,0.658751592);
#10483=LINE('',#10480,#10482);
#10484=EDGE_CURVE('',#10473,#10448,#10483,.T.);
#10485=ORIENTED_EDGE('',*,*,#10484,.T.);
#10486=ORIENTED_EDGE('',*,*,#10453,.F.);
#10487=ORIENTED_EDGE('',*,*,#3292,.F.);
#10488=EDGE_LOOP('',(#10479,#10485,#10486,#10487));
#10489=FACE_BOUND('',#10488,.T.);
#10490=ADVANCED_FACE('',(#10489),#10471,.T.);
#10491=CARTESIAN_POINT('',(53.591239343,118.129587024,49.691553797));
#10492=CARTESIAN_POINT('',(53.702661848,118.129587024,49.691553797));
#10493=B_SPLINE_CURVE_WITH_KNOTS('',1,(#10491,#10492),.UNSPECIFIED.,.F.,.F.,(2,2),(0.,0.111422505),.UNSPECIFIED.);
#10494=DIRECTION('',(-0.,-1.,0.));
#10495=VECTOR('',#10494,1.);
#10496=SURFACE_OF_LINEAR_EXTRUSION('',#10493,#10495);
#10497=CARTESIAN_POINT('',(53.591239343,118.229587024,49.691553797));
#10498=VERTEX_POINT('',#10497);
#10499=CARTESIAN_POINT('',(53.591239343,118.129587024,49.691553797));
#10500=DIRECTION('',(0.,1.,-0.));
#10501=VECTOR('',#10500,0.1);
#10502=LINE('',#10499,#10501);
#10503=EDGE_CURVE('',#3271,#10498,#10502,.T.);
#10504=ORIENTED_EDGE('',*,*,#10503,.T.);
#10505=CARTESIAN_POINT('',(53.591239343,118.229587024,49.691553797));
#10506=DIRECTION('',(1.,-0.,-0.));
#10507=VECTOR('',#10506,0.111422505);
#10508=LINE('',#10505,#10507);
#10509=EDGE_CURVE('',#10498,#10473,#10508,.T.);
#10510=ORIENTED_EDGE('',*,*,#10509,.T.);
#10511=ORIENTED_EDGE('',*,*,#10478,.F.);
#10512=ORIENTED_EDGE('',*,*,#3284,.F.);
#10513=EDGE_LOOP('',(#10504,#10510,#10511,#10512));
#10514=FACE_BOUND('',#10513,.T.);
#10515=ADVANCED_FACE('',(#10514),#10496,.T.);
#10516=CARTESIAN_POINT('',(53.591239343,118.129587024,48.886050612));
#10517=CARTESIAN_POINT('',(53.591239343,118.129587024,49.691553797));
#10518=B_SPLINE_CURVE_WITH_KNOTS('',1,(#10516,#10517),.UNSPECIFIED.,.F.,.F.,(2,2),(0.,0.671252654),.UNSPECIFIED.);
#10519=DIRECTION('',(-0.,-1.,0.));
#10520=VECTOR('',#10519,1.);
#10521=SURFACE_OF_LINEAR_EXTRUSION('',#10518,#10520);
#10522=CARTESIAN_POINT('',(53.591239343,118.229587024,48.886050612));
#10523=VERTEX_POINT('',#10522);
#10524=CARTESIAN_POINT('',(53.591239343,118.129587024,48.886050612));
#10525=DIRECTION('',(0.,1.,-0.));
#10526=VECTOR('',#10525,0.1);
#10527=LINE('',#10524,#10526);
#10528=EDGE_CURVE('',#3263,#10523,#10527,.T.);
#10529=ORIENTED_EDGE('',*,*,#10528,.T.);
#10530=CARTESIAN_POINT('',(53.591239343,118.229587024,48.886050612));
#10531=DIRECTION('',(0.,-0.,1.));
#10532=VECTOR('',#10531,0.805503185);
#10533=LINE('',#10530,#10532);
#10534=EDGE_CURVE('',#10523,#10498,#10533,.T.);
#10535=ORIENTED_EDGE('',*,*,#10534,.T.);
#10536=ORIENTED_EDGE('',*,*,#10503,.F.);
#10537=ORIENTED_EDGE('',*,*,#3276,.F.);
#10538=EDGE_LOOP('',(#10529,#10535,#10536,#10537));
#10539=FACE_BOUND('',#10538,.T.);
#10540=ADVANCED_FACE('',(#10539),#10521,.T.);
#10541=CARTESIAN_POINT('',(54.526101339,118.129587024,48.886050612));
#10542=CARTESIAN_POINT('',(53.591239343,118.129587024,48.886050612));
#10543=B_SPLINE_CURVE_WITH_KNOTS('',1,(#10541,#10542),.UNSPECIFIED.,.F.,.F.,(2,2),(0.,0.934861996),.UNSPECIFIED.);
#10544=DIRECTION('',(-0.,-1.,0.));
#10545=VECTOR('',#10544,1.);
#10546=SURFACE_OF_LINEAR_EXTRUSION('',#10543,#10545);
#10547=ORIENTED_EDGE('',*,*,#10285,.T.);
#10548=CARTESIAN_POINT('',(54.526101339,118.229587024,48.886050612));
#10549=DIRECTION('',(-1.,0.,0.));
#10550=VECTOR('',#10549,0.934861996);
#10551=LINE('',#10548,#10550);
#10552=EDGE_CURVE('',#10274,#10523,#10551,.T.);
#10553=ORIENTED_EDGE('',*,*,#10552,.T.);
#10554=ORIENTED_EDGE('',*,*,#10528,.F.);
#10555=ORIENTED_EDGE('',*,*,#3268,.F.);
#10556=EDGE_LOOP('',(#10547,#10553,#10554,#10555));
#10557=FACE_BOUND('',#10556,.T.);
#10558=ADVANCED_FACE('',(#10557),#10546,.T.);
#10559=CARTESIAN_POINT('',(51.49469147,118.229587024,43.613205218));
#10560=DIRECTION('',(-0.,-1.,0.));
#10561=DIRECTION('',(0.,0.,1.));
#10562=AXIS2_PLACEMENT_3D('',#10559,#10560,#10561);
#10563=PLANE('',#10562);
#10564=ORIENTED_EDGE('',*,*,#3374,.F.);
#10565=ORIENTED_EDGE('',*,*,#3406,.F.);
#10566=ORIENTED_EDGE('',*,*,#3433,.F.);
#10567=ORIENTED_EDGE('',*,*,#3460,.F.);
#10568=ORIENTED_EDGE('',*,*,#3487,.F.);
#10569=ORIENTED_EDGE('',*,*,#3514,.F.);
#10570=ORIENTED_EDGE('',*,*,#3543,.F.);
#10571=ORIENTED_EDGE('',*,*,#3570,.F.);
#10572=ORIENTED_EDGE('',*,*,#3597,.F.);
#10573=ORIENTED_EDGE('',*,*,#3624,.F.);
#10574=ORIENTED_EDGE('',*,*,#3651,.F.);
#10575=ORIENTED_EDGE('',*,*,#3678,.F.);
#10576=ORIENTED_EDGE('',*,*,#3705,.F.);
#10577=ORIENTED_EDGE('',*,*,#3732,.F.);
#10578=ORIENTED_EDGE('',*,*,#3759,.F.);
#10579=ORIENTED_EDGE('',*,*,#3788,.F.);
#10580=ORIENTED_EDGE('',*,*,#3815,.F.);
#10581=ORIENTED_EDGE('',*,*,#3844,.F.);
#10582=ORIENTED_EDGE('',*,*,#3871,.F.);
#10583=ORIENTED_EDGE('',*,*,#3898,.F.);
#10584=ORIENTED_EDGE('',*,*,#3927,.F.);
#10585=ORIENTED_EDGE('',*,*,#3945,.F.);
#10586=EDGE_LOOP('',(#10564,#10565,#10566,#10567,#10568,#10569,#10570,#10571,#10572,#10573,#10574,#10575,#10576,#10577,#10578,#10579,#10580,#10581,#10582,#10583,#10584,#10585));
#10587=FACE_BOUND('',#10586,.T.);
#10588=CARTESIAN_POINT('',(51.477141678,118.229587024,43.528445517));
#10589=VERTEX_POINT('',#10588);
#10590=CARTESIAN_POINT('',(51.166908133,118.229587024,43.650840421));
#10591=VERTEX_POINT('',#10590);
#10592=CARTESIAN_POINT('',(51.477141678,118.229587024,43.528445517));
#10593=CARTESIAN_POINT('',(51.402520305,118.229587024,43.61004212));
#10594=CARTESIAN_POINT('',(51.299109123,118.229587024,43.650840421));
#10595=CARTESIAN_POINT('',(51.166908133,118.229587024,43.650840421));
#10596=B_SPLINE_CURVE_WITH_KNOTS('',3,(#10592,#10593,#10594,#10595),.UNSPECIFIED.,.F.,.F.,(4,4),(0.,1.),.UNSPECIFIED.);
#10597=EDGE_CURVE('',#10589,#10591,#10596,.T.);
#10598=ORIENTED_EDGE('',*,*,#10597,.F.);
#10599=CARTESIAN_POINT('',(51.589073738,118.229587024,43.215885007));
#10600=VERTEX_POINT('',#10599);
#10601=CARTESIAN_POINT('',(51.589073738,118.229587024,43.215885007));
#10602=CARTESIAN_POINT('',(51.589073738,118.229587024,43.342662077));
#10603=CARTESIAN_POINT('',(51.551763051,118.229587024,43.446848914));
#10604=CARTESIAN_POINT('',(51.477141678,118.229587024,43.528445517));
#10605=B_SPLINE_CURVE_WITH_KNOTS('',3,(#10601,#10602,#10603,#10604),.UNSPECIFIED.,.F.,.F.,(4,4),(0.,1.),.UNSPECIFIED.);
#10606=EDGE_CURVE('',#10600,#10589,#10605,.T.);
#10607=ORIENTED_EDGE('',*,*,#10606,.F.);
#10608=CARTESIAN_POINT('',(51.477141678,118.229587024,42.897209848));
#10609=VERTEX_POINT('',#10608);
#10610=CARTESIAN_POINT('',(51.477141678,118.229587024,42.897209848));
#10611=CARTESIAN_POINT('',(51.551763051,118.229587024,42.981795835));
#10612=CARTESIAN_POINT('',(51.589073738,118.229587024,43.088020888));
#10613=CARTESIAN_POINT('',(51.589073738,118.229587024,43.215885007));
#10614=B_SPLINE_CURVE_WITH_KNOTS('',3,(#10610,#10611,#10612,#10613),.UNSPECIFIED.,.F.,.F.,(4,4),(0.,1.),.UNSPECIFIED.);
#10615=EDGE_CURVE('',#10609,#10600,#10614,.T.);
#10616=ORIENTED_EDGE('',*,*,#10615,.F.);
#10617=CARTESIAN_POINT('',(51.186101339,118.229587024,42.770330867));
#10618=VERTEX_POINT('',#10617);
#10619=CARTESIAN_POINT('',(51.186101339,118.229587024,42.770330867));
#10620=CARTESIAN_POINT('',(51.305506859,118.229587024,42.770330867));
#10621=CARTESIAN_POINT('',(51.402520305,118.229587024,42.812623861));
#10622=CARTESIAN_POINT('',(51.477141678,118.229587024,42.897209848));
#10623=B_SPLINE_CURVE_WITH_KNOTS('',3,(#10619,#10620,#10621,#10622),.UNSPECIFIED.,.F.,.F.,(4,4),(0.,1.),.UNSPECIFIED.);
#10624=EDGE_CURVE('',#10618,#10609,#10623,.T.);
#10625=ORIENTED_EDGE('',*,*,#10624,.F.);
#10626=CARTESIAN_POINT('',(50.861175649,118.229587024,42.904037873));
#10627=VERTEX_POINT('',#10626);
#10628=CARTESIAN_POINT('',(50.861175649,118.229587024,42.904037873));
#10629=CARTESIAN_POINT('',(50.944742528,118.229587024,42.814899869));
#10630=CARTESIAN_POINT('',(51.053051091,118.229587024,42.770330867));
#10631=CARTESIAN_POINT('',(51.186101339,118.229587024,42.770330867));
#10632=B_SPLINE_CURVE_WITH_KNOTS('',3,(#10628,#10629,#10630,#10631),.UNSPECIFIED.,.F.,.F.,(4,4),(0.,1.),.UNSPECIFIED.);
#10633=EDGE_CURVE('',#10627,#10618,#10632,.T.);
#10634=ORIENTED_EDGE('',*,*,#10633,.F.);
#10635=CARTESIAN_POINT('',(50.735740404,118.229587024,43.223528319));
#10636=VERTEX_POINT('',#10635);
#10637=CARTESIAN_POINT('',(50.735740404,118.229587024,43.223528319));
#10638=CARTESIAN_POINT('',(50.735740404,118.229587024,43.099672693));
#10639=CARTESIAN_POINT('',(50.777552153,118.229587024,42.993175878));
#10640=CARTESIAN_POINT('',(50.861175649,118.229587024,42.904037873));
#10641=B_SPLINE_CURVE_WITH_KNOTS('',3,(#10637,#10638,#10639,#10640),.UNSPECIFIED.,.F.,.F.,(4,4),(0.,1.),.UNSPECIFIED.);
#10642=EDGE_CURVE('',#10636,#10627,#10641,.T.);
#10643=ORIENTED_EDGE('',*,*,#10642,.F.);
#10644=CARTESIAN_POINT('',(50.852173525,118.229587024,43.527018765));
#10645=VERTEX_POINT('',#10644);
#10646=CARTESIAN_POINT('',(50.852173525,118.229587024,43.527018765));
#10647=CARTESIAN_POINT('',(50.774551445,118.229587024,43.444470995));
#10648=CARTESIAN_POINT('',(50.735740404,118.229587024,43.343307513));
#10649=CARTESIAN_POINT('',(50.735740404,118.229587024,43.223528319));
#10650=B_SPLINE_CURVE_WITH_KNOTS('',3,(#10646,#10647,#10648,#10649),.UNSPECIFIED.,.F.,.F.,(4,4),(0.,1.),.UNSPECIFIED.);
#10651=EDGE_CURVE('',#10645,#10636,#10650,.T.);
#10652=ORIENTED_EDGE('',*,*,#10651,.F.);
#10653=CARTESIAN_POINT('',(51.166908133,118.229587024,43.650840421));
#10654=CARTESIAN_POINT('',(51.034707142,118.229587024,43.650840421));
#10655=CARTESIAN_POINT('',(50.929795606,118.229587024,43.609566536));
#10656=CARTESIAN_POINT('',(50.852173525,118.229587024,43.527018765));
#10657=B_SPLINE_CURVE_WITH_KNOTS('',3,(#10653,#10654,#10655,#10656),.UNSPECIFIED.,.F.,.F.,(4,4),(0.,1.),.UNSPECIFIED.);
#10658=EDGE_CURVE('',#10591,#10645,#10657,.T.);
#10659=ORIENTED_EDGE('',*,*,#10658,.F.);
#10660=EDGE_LOOP('',(#10598,#10607,#10616,#10625,#10634,#10643,#10652,#10659));
#10661=FACE_BOUND('',#10660,.T.);
#10662=ADVANCED_FACE('',(#10587,#10661),#10563,.T.);
#10663=CARTESIAN_POINT('',(51.49469147,118.229587024,43.613205218));
#10664=DIRECTION('',(-0.,-1.,0.));
#10665=DIRECTION('',(0.,0.,1.));
#10666=AXIS2_PLACEMENT_3D('',#10663,#10664,#10665);
#10667=PLANE('',#10666);
#10668=ORIENTED_EDGE('',*,*,#3974,.F.);
#10669=ORIENTED_EDGE('',*,*,#4006,.F.);
#10670=ORIENTED_EDGE('',*,*,#4033,.F.);
#10671=ORIENTED_EDGE('',*,*,#4060,.F.);
#10672=ORIENTED_EDGE('',*,*,#4087,.F.);
#10673=ORIENTED_EDGE('',*,*,#4114,.F.);
#10674=ORIENTED_EDGE('',*,*,#4143,.F.);
#10675=ORIENTED_EDGE('',*,*,#4170,.F.);
#10676=ORIENTED_EDGE('',*,*,#4197,.F.);
#10677=ORIENTED_EDGE('',*,*,#4224,.F.);
#10678=ORIENTED_EDGE('',*,*,#4251,.F.);
#10679=ORIENTED_EDGE('',*,*,#4278,.F.);
#10680=ORIENTED_EDGE('',*,*,#4305,.F.);
#10681=ORIENTED_EDGE('',*,*,#4332,.F.);
#10682=ORIENTED_EDGE('',*,*,#4359,.F.);
#10683=ORIENTED_EDGE('',*,*,#4388,.F.);
#10684=ORIENTED_EDGE('',*,*,#4415,.F.);
#10685=ORIENTED_EDGE('',*,*,#4444,.F.);
#10686=ORIENTED_EDGE('',*,*,#4471,.F.);
#10687=ORIENTED_EDGE('',*,*,#4498,.F.);
#10688=ORIENTED_EDGE('',*,*,#4527,.F.);
#10689=ORIENTED_EDGE('',*,*,#4545,.F.);
#10690=EDGE_LOOP('',(#10668,#10669,#10670,#10671,#10672,#10673,#10674,#10675,#10676,#10677,#10678,#10679,#10680,#10681,#10682,#10683,#10684,#10685,#10686,#10687,#10688,#10689));
#10691=FACE_BOUND('',#10690,.T.);
#10692=CARTESIAN_POINT('',(51.477141678,118.229587024,45.269897746));
#10693=VERTEX_POINT('',#10692);
#10694=CARTESIAN_POINT('',(51.166908133,118.229587024,45.392292651));
#10695=VERTEX_POINT('',#10694);
#10696=CARTESIAN_POINT('',(51.477141678,118.229587024,45.269897746));
#10697=CARTESIAN_POINT('',(51.402520305,118.229587024,45.351494349));
#10698=CARTESIAN_POINT('',(51.299109123,118.229587024,45.392292651));
#10699=CARTESIAN_POINT('',(51.166908133,118.229587024,45.392292651));
#10700=B_SPLINE_CURVE_WITH_KNOTS('',3,(#10696,#10697,#10698,#10699),.UNSPECIFIED.,.F.,.F.,(4,4),(0.,1.),.UNSPECIFIED.);
#10701=EDGE_CURVE('',#10693,#10695,#10700,.T.);
#10702=ORIENTED_EDGE('',*,*,#10701,.F.);
#10703=CARTESIAN_POINT('',(51.589073738,118.229587024,44.957337237));
#10704=VERTEX_POINT('',#10703);
#10705=CARTESIAN_POINT('',(51.589073738,118.229587024,44.957337237));
#10706=CARTESIAN_POINT('',(51.589073738,118.229587024,45.084114307));
#10707=CARTESIAN_POINT('',(51.551763051,118.229587024,45.188301143));
#10708=CARTESIAN_POINT('',(51.477141678,118.229587024,45.269897746));
#10709=B_SPLINE_CURVE_WITH_KNOTS('',3,(#10705,#10706,#10707,#10708),.UNSPECIFIED.,.F.,.F.,(4,4),(0.,1.),.UNSPECIFIED.);
#10710=EDGE_CURVE('',#10704,#10693,#10709,.T.);
#10711=ORIENTED_EDGE('',*,*,#10710,.F.);
#10712=CARTESIAN_POINT('',(51.477141678,118.229587024,44.638662077));
#10713=VERTEX_POINT('',#10712);
#10714=CARTESIAN_POINT('',(51.477141678,118.229587024,44.638662077));
#10715=CARTESIAN_POINT('',(51.551763051,118.229587024,44.723248065));
#10716=CARTESIAN_POINT('',(51.589073738,118.229587024,44.829473118));
#10717=CARTESIAN_POINT('',(51.589073738,118.229587024,44.957337237));
#10718=B_SPLINE_CURVE_WITH_KNOTS('',3,(#10714,#10715,#10716,#10717),.UNSPECIFIED.,.F.,.F.,(4,4),(0.,1.),.UNSPECIFIED.);
#10719=EDGE_CURVE('',#10713,#10704,#10718,.T.);
#10720=ORIENTED_EDGE('',*,*,#10719,.F.);
#10721=CARTESIAN_POINT('',(51.186101339,118.229587024,44.511783096));
#10722=VERTEX_POINT('',#10721);
#10723=CARTESIAN_POINT('',(51.186101339,118.229587024,44.511783096));
#10724=CARTESIAN_POINT('',(51.305506859,118.229587024,44.511783096));
#10725=CARTESIAN_POINT('',(51.402520305,118.229587024,44.55407609));
#10726=CARTESIAN_POINT('',(51.477141678,118.229587024,44.638662077));
#10727=B_SPLINE_CURVE_WITH_KNOTS('',3,(#10723,#10724,#10725,#10726),.UNSPECIFIED.,.F.,.F.,(4,4),(0.,1.),.UNSPECIFIED.);
#10728=EDGE_CURVE('',#10722,#10713,#10727,.T.);
#10729=ORIENTED_EDGE('',*,*,#10728,.F.);
#10730=CARTESIAN_POINT('',(50.861175649,118.229587024,44.645490103));
#10731=VERTEX_POINT('',#10730);
#10732=CARTESIAN_POINT('',(50.861175649,118.229587024,44.645490103));
#10733=CARTESIAN_POINT('',(50.944742528,118.229587024,44.556352099));
#10734=CARTESIAN_POINT('',(51.053051091,118.229587024,44.511783096));
#10735=CARTESIAN_POINT('',(51.186101339,118.229587024,44.511783096));
#10736=B_SPLINE_CURVE_WITH_KNOTS('',3,(#10732,#10733,#10734,#10735),.UNSPECIFIED.,.F.,.F.,(4,4),(0.,1.),.UNSPECIFIED.);
#10737=EDGE_CURVE('',#10731,#10722,#10736,.T.);
#10738=ORIENTED_EDGE('',*,*,#10737,.F.);
#10739=CARTESIAN_POINT('',(50.735740404,118.229587024,44.964980549));
#10740=VERTEX_POINT('',#10739);
#10741=CARTESIAN_POINT('',(50.735740404,118.229587024,44.964980549));
#10742=CARTESIAN_POINT('',(50.735740404,118.229587024,44.841124922));
#10743=CARTESIAN_POINT('',(50.777552153,118.229587024,44.734628107));
#10744=CARTESIAN_POINT('',(50.861175649,118.229587024,44.645490103));
#10745=B_SPLINE_CURVE_WITH_KNOTS('',3,(#10741,#10742,#10743,#10744),.UNSPECIFIED.,.F.,.F.,(4,4),(0.,1.),.UNSPECIFIED.);
#10746=EDGE_CURVE('',#10740,#10731,#10745,.T.);
#10747=ORIENTED_EDGE('',*,*,#10746,.F.);
#10748=CARTESIAN_POINT('',(50.852173525,118.229587024,45.268470995));
#10749=VERTEX_POINT('',#10748);
#10750=CARTESIAN_POINT('',(50.852173525,118.229587024,45.268470995));
#10751=CARTESIAN_POINT('',(50.774551445,118.229587024,45.185923224));
#10752=CARTESIAN_POINT('',(50.735740404,118.229587024,45.084759742));
#10753=CARTESIAN_POINT('',(50.735740404,118.229587024,44.964980549));
#10754=B_SPLINE_CURVE_WITH_KNOTS('',3,(#10750,#10751,#10752,#10753),.UNSPECIFIED.,.F.,.F.,(4,4),(0.,1.),.UNSPECIFIED.);
#10755=EDGE_CURVE('',#10749,#10740,#10754,.T.);
#10756=ORIENTED_EDGE('',*,*,#10755,.F.);
#10757=CARTESIAN_POINT('',(51.166908133,118.229587024,45.392292651));
#10758=CARTESIAN_POINT('',(51.034707142,118.229587024,45.392292651));
#10759=CARTESIAN_POINT('',(50.929795606,118.229587024,45.351018765));
#10760=CARTESIAN_POINT('',(50.852173525,118.229587024,45.268470995));
#10761=B_SPLINE_CURVE_WITH_KNOTS('',3,(#10757,#10758,#10759,#10760),.UNSPECIFIED.,.F.,.F.,(4,4),(0.,1.),.UNSPECIFIED.);
#10762=EDGE_CURVE('',#10695,#10749,#10761,.T.);
#10763=ORIENTED_EDGE('',*,*,#10762,.F.);
#10764=EDGE_LOOP('',(#10702,#10711,#10720,#10729,#10738,#10747,#10756,#10763));
#10765=FACE_BOUND('',#10764,.T.);
#10766=ADVANCED_FACE('',(#10691,#10765),#10667,.T.);
#10767=CARTESIAN_POINT('',(51.49469147,118.229587024,43.613205218));
#10768=DIRECTION('',(-0.,-1.,0.));
#10769=DIRECTION('',(0.,0.,1.));
#10770=AXIS2_PLACEMENT_3D('',#10767,#10768,#10769);
#10771=PLANE('',#10770);
#10772=ORIENTED_EDGE('',*,*,#4574,.F.);
#10773=ORIENTED_EDGE('',*,*,#4606,.F.);
#10774=ORIENTED_EDGE('',*,*,#4633,.F.);
#10775=ORIENTED_EDGE('',*,*,#4660,.F.);
#10776=ORIENTED_EDGE('',*,*,#4687,.F.);
#10777=ORIENTED_EDGE('',*,*,#4714,.F.);
#10778=ORIENTED_EDGE('',*,*,#4741,.F.);
#10779=ORIENTED_EDGE('',*,*,#4768,.F.);
#10780=ORIENTED_EDGE('',*,*,#4795,.F.);
#10781=ORIENTED_EDGE('',*,*,#4822,.F.);
#10782=ORIENTED_EDGE('',*,*,#4849,.F.);
#10783=ORIENTED_EDGE('',*,*,#4876,.F.);
#10784=ORIENTED_EDGE('',*,*,#4903,.F.);
#10785=ORIENTED_EDGE('',*,*,#4930,.F.);
#10786=ORIENTED_EDGE('',*,*,#4959,.F.);
#10787=ORIENTED_EDGE('',*,*,#4986,.F.);
#10788=ORIENTED_EDGE('',*,*,#5013,.F.);
#10789=ORIENTED_EDGE('',*,*,#5040,.F.);
#10790=ORIENTED_EDGE('',*,*,#5058,.F.);
#10791=EDGE_LOOP('',(#10772,#10773,#10774,#10775,#10776,#10777,#10778,#10779,#10780,#10781,#10782,#10783,#10784,#10785,#10786,#10787,#10788,#10789,#10790));
#10792=FACE_BOUND('',#10791,.T.);
#10793=CARTESIAN_POINT('',(51.522067368,118.229587024,46.409056982));
#10794=VERTEX_POINT('',#10793);
#10795=CARTESIAN_POINT('',(51.816589661,118.229587024,46.279324498));
#10796=VERTEX_POINT('',#10795);
#10797=CARTESIAN_POINT('',(51.522067368,118.229587024,46.409056982));
#10798=CARTESIAN_POINT('',(51.59691521,118.229587024,46.322568659));
#10799=CARTESIAN_POINT('',(51.695089307,118.229587024,46.279324498));
#10800=CARTESIAN_POINT('',(51.816589661,118.229587024,46.279324498));
#10801=B_SPLINE_CURVE_WITH_KNOTS('',3,(#10797,#10798,#10799,#10800),.UNSPECIFIED.,.F.,.F.,(4,4),(0.,1.),.UNSPECIFIED.);
#10802=EDGE_CURVE('',#10794,#10796,#10801,.T.);
#10803=ORIENTED_EDGE('',*,*,#10802,.F.);
#10804=CARTESIAN_POINT('',(51.40971068,118.229587024,46.724878638));
#10805=VERTEX_POINT('',#10804);
#10806=CARTESIAN_POINT('',(51.40971068,118.229587024,46.724878638));
#10807=CARTESIAN_POINT('',(51.40971068,118.229587024,46.60081919));
#10808=CARTESIAN_POINT('',(51.44716291,118.229587024,46.495545304));
#10809=CARTESIAN_POINT('',(51.522067368,118.229587024,46.409056982));
#10810=B_SPLINE_CURVE_WITH_KNOTS('',3,(#10806,#10807,#10808,#10809),.UNSPECIFIED.,.F.,.F.,(4,4),(0.,1.),.UNSPECIFIED.);
#10811=EDGE_CURVE('',#10805,#10794,#10810,.T.);
#10812=ORIENTED_EDGE('',*,*,#10811,.F.);
#10813=CARTESIAN_POINT('',(51.522067368,118.229587024,47.037846791));
#10814=VERTEX_POINT('',#10813);
#10815=CARTESIAN_POINT('',(51.522067368,118.229587024,47.037846791));
#10816=CARTESIAN_POINT('',(51.44716291,118.229587024,46.95652195));
#10817=CARTESIAN_POINT('',(51.40971068,118.229587024,46.852199232));
#10818=CARTESIAN_POINT('',(51.40971068,118.229587024,46.724878638));
#10819=B_SPLINE_CURVE_WITH_KNOTS('',3,(#10815,#10816,#10817,#10818),.UNSPECIFIED.,.F.,.F.,(4,4),(0.,1.),.UNSPECIFIED.);
#10820=EDGE_CURVE('',#10814,#10805,#10819,.T.);
#10821=ORIENTED_EDGE('',*,*,#10820,.F.);
#10822=CARTESIAN_POINT('',(51.829498366,118.229587024,47.159834052));
#10823=VERTEX_POINT('',#10822);
#10824=CARTESIAN_POINT('',(51.829498366,118.229587024,47.159834052));
#10825=CARTESIAN_POINT('',(51.699392209,118.229587024,47.159834052));
#10826=CARTESIAN_POINT('',(51.59691521,118.229587024,47.119171631));
#10827=CARTESIAN_POINT('',(51.522067368,118.229587024,47.037846791));
#10828=B_SPLINE_CURVE_WITH_KNOTS('',3,(#10824,#10825,#10826,#10827),.UNSPECIFIED.,.F.,.F.,(4,4),(0.,1.),.UNSPECIFIED.);
#10829=EDGE_CURVE('',#10823,#10814,#10828,.T.);
#10830=ORIENTED_EDGE('',*,*,#10829,.F.);
#10831=CARTESIAN_POINT('',(52.150432549,118.229587024,47.036318128));
#10832=VERTEX_POINT('',#10831);
#10833=CARTESIAN_POINT('',(52.150432549,118.229587024,47.036318128));
#10834=CARTESIAN_POINT('',(52.071678126,118.229587024,47.118662077));
#10835=CARTESIAN_POINT('',(51.964700065,118.229587024,47.159834052));
#10836=CARTESIAN_POINT('',(51.829498366,118.229587024,47.159834052));
#10837=B_SPLINE_CURVE_WITH_KNOTS('',3,(#10833,#10834,#10835,#10836),.UNSPECIFIED.,.F.,.F.,(4,4),(0.,1.),.UNSPECIFIED.);
#10838=EDGE_CURVE('',#10832,#10823,#10837,.T.);
#10839=ORIENTED_EDGE('',*,*,#10838,.F.);
#10840=CARTESIAN_POINT('',(52.268479258,118.229587024,46.735579275));
#10841=VERTEX_POINT('',#10840);
#10842=CARTESIAN_POINT('',(52.268479258,118.229587024,46.735579275));
#10843=CARTESIAN_POINT('',(52.268479258,118.229587024,46.853727895));
#10844=CARTESIAN_POINT('',(52.229130355,118.229587024,46.953974179));
#10845=CARTESIAN_POINT('',(52.150432549,118.229587024,47.036318128));
#10846=B_SPLINE_CURVE_WITH_KNOTS('',3,(#10842,#10843,#10844,#10845),.UNSPECIFIED.,.F.,.F.,(4,4),(0.,1.),.UNSPECIFIED.);
#10847=EDGE_CURVE('',#10841,#10832,#10846,.T.);
#10848=ORIENTED_EDGE('',*,*,#10847,.F.);
#10849=CARTESIAN_POINT('',(52.211409194,118.229587024,46.506585644));
#10850=VERTEX_POINT('',#10849);
#10851=CARTESIAN_POINT('',(52.211409194,118.229587024,46.506585644));
#10852=CARTESIAN_POINT('',(52.249455903,118.229587024,46.577719402));
#10853=CARTESIAN_POINT('',(52.268479258,118.229587024,46.654050612));
#10854=CARTESIAN_POINT('',(52.268479258,118.229587024,46.735579275));
#10855=B_SPLINE_CURVE_WITH_KNOTS('',3,(#10851,#10852,#10853,#10854),.UNSPECIFIED.,.F.,.F.,(4,4),(0.,1.),.UNSPECIFIED.);
#10856=EDGE_CURVE('',#10850,#10841,#10855,.T.);
#10857=ORIENTED_EDGE('',*,*,#10856,.F.);
#10858=CARTESIAN_POINT('',(52.045124693,118.229587024,46.339553797));
#10859=VERTEX_POINT('',#10858);
#10860=CARTESIAN_POINT('',(52.045124693,118.229587024,46.339553797));
#10861=CARTESIAN_POINT('',(52.117877701,118.229587024,46.379774604));
#10862=CARTESIAN_POINT('',(52.173305868,118.229587024,46.435451886));
#10863=CARTESIAN_POINT('',(52.211409194,118.229587024,46.506585644));
#10864=B_SPLINE_CURVE_WITH_KNOTS('',3,(#10860,#10861,#10862,#10863),.UNSPECIFIED.,.F.,.F.,(4,4),(0.,1.),.UNSPECIFIED.);
#10865=EDGE_CURVE('',#10859,#10850,#10864,.T.);
#10866=ORIENTED_EDGE('',*,*,#10865,.F.);
#10867=CARTESIAN_POINT('',(51.816589661,118.229587024,46.279324498));
#10868=CARTESIAN_POINT('',(51.896193341,118.229587024,46.279324498));
#10869=CARTESIAN_POINT('',(51.972371685,118.229587024,46.299400931));
#10870=CARTESIAN_POINT('',(52.045124693,118.229587024,46.339553797));
#10871=B_SPLINE_CURVE_WITH_KNOTS('',3,(#10867,#10868,#10869,#10870),.UNSPECIFIED.,.F.,.F.,(4,4),(0.,1.),.UNSPECIFIED.);
#10872=EDGE_CURVE('',#10796,#10859,#10871,.T.);
#10873=ORIENTED_EDGE('',*,*,#10872,.F.);
#10874=EDGE_LOOP('',(#10803,#10812,#10821,#10830,#10839,#10848,#10857,#10866,#10873));
#10875=FACE_BOUND('',#10874,.T.);
#10876=ADVANCED_FACE('',(#10792,#10875),#10771,.T.);
#10877=CARTESIAN_POINT('',(51.49469147,118.229587024,43.613205218));
#10878=DIRECTION('',(-0.,-1.,0.));
#10879=DIRECTION('',(0.,0.,1.));
#10880=AXIS2_PLACEMENT_3D('',#10877,#10878,#10879);
#10881=PLANE('',#10880);
#10882=ORIENTED_EDGE('',*,*,#5085,.F.);
#10883=ORIENTED_EDGE('',*,*,#5115,.F.);
#10884=ORIENTED_EDGE('',*,*,#5140,.F.);
#10885=ORIENTED_EDGE('',*,*,#5165,.F.);
#10886=ORIENTED_EDGE('',*,*,#5190,.F.);
#10887=ORIENTED_EDGE('',*,*,#5215,.F.);
#10888=ORIENTED_EDGE('',*,*,#5240,.F.);
#10889=ORIENTED_EDGE('',*,*,#5265,.F.);
#10890=ORIENTED_EDGE('',*,*,#5290,.F.);
#10891=ORIENTED_EDGE('',*,*,#5315,.F.);
#10892=ORIENTED_EDGE('',*,*,#5342,.F.);
#10893=ORIENTED_EDGE('',*,*,#5369,.F.);
#10894=ORIENTED_EDGE('',*,*,#5394,.F.);
#10895=ORIENTED_EDGE('',*,*,#5419,.F.);
#10896=ORIENTED_EDGE('',*,*,#5437,.F.);
#10897=EDGE_LOOP('',(#10882,#10883,#10884,#10885,#10886,#10887,#10888,#10889,#10890,#10891,#10892,#10893,#10894,#10895,#10896));
#10898=FACE_BOUND('',#10897,.T.);
#10899=ADVANCED_FACE('',(#10898),#10881,.T.);
#10900=CARTESIAN_POINT('',(51.49469147,118.229587024,43.613205218));
#10901=DIRECTION('',(-0.,-1.,0.));
#10902=DIRECTION('',(0.,0.,1.));
#10903=AXIS2_PLACEMENT_3D('',#10900,#10901,#10902);
#10904=PLANE('',#10903);
#10905=ORIENTED_EDGE('',*,*,#5464,.F.);
#10906=ORIENTED_EDGE('',*,*,#5494,.F.);
#10907=ORIENTED_EDGE('',*,*,#5521,.F.);
#10908=ORIENTED_EDGE('',*,*,#5548,.F.);
#10909=ORIENTED_EDGE('',*,*,#5575,.F.);
#10910=ORIENTED_EDGE('',*,*,#5602,.F.);
#10911=ORIENTED_EDGE('',*,*,#5629,.F.);
#10912=ORIENTED_EDGE('',*,*,#5656,.F.);
#10913=ORIENTED_EDGE('',*,*,#5683,.F.);
#10914=ORIENTED_EDGE('',*,*,#5710,.F.);
#10915=ORIENTED_EDGE('',*,*,#5737,.F.);
#10916=ORIENTED_EDGE('',*,*,#5764,.F.);
#10917=ORIENTED_EDGE('',*,*,#5791,.F.);
#10918=ORIENTED_EDGE('',*,*,#5818,.F.);
#10919=ORIENTED_EDGE('',*,*,#5843,.F.);
#10920=ORIENTED_EDGE('',*,*,#5870,.F.);
#10921=ORIENTED_EDGE('',*,*,#5897,.F.);
#10922=ORIENTED_EDGE('',*,*,#5924,.F.);
#10923=ORIENTED_EDGE('',*,*,#5951,.F.);
#10924=ORIENTED_EDGE('',*,*,#5978,.F.);
#10925=ORIENTED_EDGE('',*,*,#6005,.F.);
#10926=ORIENTED_EDGE('',*,*,#6032,.F.);
#10927=ORIENTED_EDGE('',*,*,#6059,.F.);
#10928=ORIENTED_EDGE('',*,*,#6086,.F.);
#10929=ORIENTED_EDGE('',*,*,#6113,.F.);
#10930=ORIENTED_EDGE('',*,*,#6140,.F.);
#10931=ORIENTED_EDGE('',*,*,#6165,.F.);
#10932=ORIENTED_EDGE('',*,*,#6190,.F.);
#10933=ORIENTED_EDGE('',*,*,#6208,.F.);
#10934=EDGE_LOOP('',(#10905,#10906,#10907,#10908,#10909,#10910,#10911,#10912,#10913,#10914,#10915,#10916,#10917,#10918,#10919,#10920,#10921,#10922,#10923,#10924,#10925,#10926,#10927,#10928,#10929,#10930,
#10931,#10932,#10933));
#10935=FACE_BOUND('',#10934,.T.);
#10936=ADVANCED_FACE('',(#10935),#10904,.T.);
#10937=CARTESIAN_POINT('',(51.49469147,118.229587024,43.613205218));
#10938=DIRECTION('',(-0.,-1.,0.));
#10939=DIRECTION('',(0.,0.,1.));
#10940=AXIS2_PLACEMENT_3D('',#10937,#10938,#10939);
#10941=PLANE('',#10940);
#10942=ORIENTED_EDGE('',*,*,#6235,.F.);
#10943=ORIENTED_EDGE('',*,*,#6265,.F.);
#10944=ORIENTED_EDGE('',*,*,#6290,.F.);
#10945=ORIENTED_EDGE('',*,*,#6317,.F.);
#10946=ORIENTED_EDGE('',*,*,#6346,.F.);
#10947=ORIENTED_EDGE('',*,*,#6373,.F.);
#10948=ORIENTED_EDGE('',*,*,#6400,.F.);
#10949=ORIENTED_EDGE('',*,*,#6425,.F.);
#10950=ORIENTED_EDGE('',*,*,#6450,.F.);
#10951=ORIENTED_EDGE('',*,*,#6475,.F.);
#10952=ORIENTED_EDGE('',*,*,#6502,.F.);
#10953=ORIENTED_EDGE('',*,*,#6529,.F.);
#10954=ORIENTED_EDGE('',*,*,#6556,.F.);
#10955=ORIENTED_EDGE('',*,*,#6583,.F.);
#10956=ORIENTED_EDGE('',*,*,#6610,.F.);
#10957=ORIENTED_EDGE('',*,*,#6637,.F.);
#10958=ORIENTED_EDGE('',*,*,#6664,.F.);
#10959=ORIENTED_EDGE('',*,*,#6689,.F.);
#10960=ORIENTED_EDGE('',*,*,#6707,.F.);
#10961=EDGE_LOOP('',(#10942,#10943,#10944,#10945,#10946,#10947,#10948,#10949,#10950,#10951,#10952,#10953,#10954,#10955,#10956,#10957,#10958,#10959,#10960));
#10962=FACE_BOUND('',#10961,.T.);
#10963=CARTESIAN_POINT('',(50.762916625,118.229587024,48.131655708));
#10964=VERTEX_POINT('',#10963);
#10965=CARTESIAN_POINT('',(51.371663971,118.229587024,48.131655708));
#10966=VERTEX_POINT('',#10965);
#10967=CARTESIAN_POINT('',(50.762916625,118.229587024,48.131655708));
#10968=DIRECTION('',(1.,-0.,-0.));
#10969=VECTOR('',#10968,0.608747346);
#10970=LINE('',#10967,#10969);
#10971=EDGE_CURVE('',#10964,#10966,#10970,.T.);
#10972=ORIENTED_EDGE('',*,*,#10971,.F.);
#10973=CARTESIAN_POINT('',(50.762916625,118.229587024,48.840241695));
#10974=VERTEX_POINT('',#10973);
#10975=CARTESIAN_POINT('',(50.762916625,118.229587024,48.840241695));
#10976=DIRECTION('',(-0.,-0.,-1.));
#10977=VECTOR('',#10976,0.708585987);
#10978=LINE('',#10975,#10977);
#10979=EDGE_CURVE('',#10974,#10964,#10978,.T.);
#10980=ORIENTED_EDGE('',*,*,#10979,.F.);
#10981=CARTESIAN_POINT('',(50.846993057,118.229587024,49.203655706));
#10982=VERTEX_POINT('',#10981);
#10983=CARTESIAN_POINT('',(50.846993058,118.229587024,49.203655708));
#10984=CARTESIAN_POINT('',(50.790942103,118.229587024,49.126950825));
#10985=CARTESIAN_POINT('',(50.762916625,118.229587024,49.00581282));
#10986=CARTESIAN_POINT('',(50.762916625,118.229587024,48.840241695));
#10987=B_SPLINE_CURVE_WITH_KNOTS('',3,(#10983,#10984,#10985,#10986),.UNSPECIFIED.,.F.,.F.,(4,4),(0.,1.),.UNSPECIFIED.);
#10988=EDGE_CURVE('',#10982,#10974,#10987,.T.);
#10989=ORIENTED_EDGE('',*,*,#10988,.F.);
#10990=CARTESIAN_POINT('',(51.061600277,118.229587024,49.318713033));
#10991=VERTEX_POINT('',#10990);
#10992=CARTESIAN_POINT('',(51.061600277,118.229587024,49.318713033));
#10993=CARTESIAN_POINT('',(50.974579753,118.229587024,49.318713033));
#10994=CARTESIAN_POINT('',(50.903044014,118.229587024,49.280360591));
#10995=CARTESIAN_POINT('',(50.846993058,118.229587024,49.203655708));
#10996=B_SPLINE_CURVE_WITH_KNOTS('',3,(#10992,#10993,#10994,#10995),.UNSPECIFIED.,.F.,.F.,(4,4),(0.,1.),.UNSPECIFIED.);
#10997=EDGE_CURVE('',#10991,#10982,#10996,.T.);
#10998=ORIENTED_EDGE('',*,*,#10997,.F.);
#10999=CARTESIAN_POINT('',(51.226695818,118.229587024,49.25929902));
#11000=VERTEX_POINT('',#10999);
#11001=CARTESIAN_POINT('',(51.226695818,118.229587024,49.25929902));
#11002=CARTESIAN_POINT('',(51.176080107,118.229587024,49.298908362));
#11003=CARTESIAN_POINT('',(51.12104826,118.229587024,49.318713033));
#11004=CARTESIAN_POINT('',(51.061600277,118.229587024,49.318713033));
#11005=B_SPLINE_CURVE_WITH_KNOTS('',3,(#11001,#11002,#11003,#11004),.UNSPECIFIED.,.F.,.F.,(4,4),(0.,1.),.UNSPECIFIED.);
#11006=EDGE_CURVE('',#11000,#10991,#11005,.T.);
#11007=ORIENTED_EDGE('',*,*,#11006,.F.);
#11008=CARTESIAN_POINT('',(51.337184141,118.229587024,49.08574488));
#11009=VERTEX_POINT('',#11008);
#11010=CARTESIAN_POINT('',(51.337184141,118.229587024,49.08574488));
#11011=CARTESIAN_POINT('',(51.314140971,118.229587024,49.161906239));
#11012=CARTESIAN_POINT('',(51.27731153,118.229587024,49.219757619));
#11013=CARTESIAN_POINT('',(51.226695818,118.229587024,49.25929902));
#11014=B_SPLINE_CURVE_WITH_KNOTS('',3,(#11010,#11011,#11012,#11013),.UNSPECIFIED.,.F.,.F.,(4,4),(0.,1.),.UNSPECIFIED.);
#11015=EDGE_CURVE('',#11009,#11000,#11014,.T.);
#11016=ORIENTED_EDGE('',*,*,#11015,.F.);
#11017=CARTESIAN_POINT('',(51.371663971,118.229587024,48.768496472));
#11018=VERTEX_POINT('',#11017);
#11019=CARTESIAN_POINT('',(51.371663971,118.229587024,48.768496472));
#11020=CARTESIAN_POINT('',(51.371663971,118.229587024,48.903901992));
#11021=CARTESIAN_POINT('',(51.360170695,118.229587024,49.009651462));
#11022=CARTESIAN_POINT('',(51.337184141,118.229587024,49.08574488));
#11023=B_SPLINE_CURVE_WITH_KNOTS('',3,(#11019,#11020,#11021,#11022),.UNSPECIFIED.,.F.,.F.,(4,4),(0.,1.),.UNSPECIFIED.);
#11024=EDGE_CURVE('',#11018,#11009,#11023,.T.);
#11025=ORIENTED_EDGE('',*,*,#11024,.F.);
#11026=CARTESIAN_POINT('',(51.371663971,118.229587024,48.131655708));
#11027=DIRECTION('',(0.,0.,1.));
#11028=VECTOR('',#11027,0.636840764);
#11029=LINE('',#11026,#11028);
#11030=EDGE_CURVE('',#10966,#11018,#11029,.T.);
#11031=ORIENTED_EDGE('',*,*,#11030,.F.);
#11032=EDGE_LOOP('',(#10972,#10980,#10989,#10998,#11007,#11016,#11025,#11031));
#11033=FACE_BOUND('',#11032,.T.);
#11034=ADVANCED_FACE('',(#10962,#11033),#10941,.T.);
#11035=CARTESIAN_POINT('',(54.052951891,118.229587024,43.834800605));
#11036=DIRECTION('',(-0.,-1.,0.));
#11037=DIRECTION('',(-1.,0.,0.));
#11038=AXIS2_PLACEMENT_3D('',#11035,#11036,#11037);
#11039=PLANE('',#11038);
#11040=ORIENTED_EDGE('',*,*,#6734,.F.);
#11041=ORIENTED_EDGE('',*,*,#6766,.F.);
#11042=ORIENTED_EDGE('',*,*,#6795,.F.);
#11043=ORIENTED_EDGE('',*,*,#6824,.F.);
#11044=ORIENTED_EDGE('',*,*,#6851,.F.);
#11045=ORIENTED_EDGE('',*,*,#6878,.F.);
#11046=ORIENTED_EDGE('',*,*,#6905,.F.);
#11047=ORIENTED_EDGE('',*,*,#6932,.F.);
#11048=ORIENTED_EDGE('',*,*,#6959,.F.);
#11049=ORIENTED_EDGE('',*,*,#6986,.F.);
#11050=ORIENTED_EDGE('',*,*,#7011,.F.);
#11051=ORIENTED_EDGE('',*,*,#7029,.F.);
#11052=EDGE_LOOP('',(#11040,#11041,#11042,#11043,#11044,#11045,#11046,#11047,#11048,#11049,#11050,#11051));
#11053=FACE_BOUND('',#11052,.T.);
#11054=CARTESIAN_POINT('',(53.702661848,118.229587024,37.785107937));
#11055=VERTEX_POINT('',#11054);
#11056=CARTESIAN_POINT('',(54.414678833,118.229587024,37.785107937));
#11057=VERTEX_POINT('',#11056);
#11058=CARTESIAN_POINT('',(53.702661848,118.229587024,37.785107937));
#11059=DIRECTION('',(1.,-0.,-0.));
#11060=VECTOR('',#11059,0.712016985);
#11061=LINE('',#11058,#11060);
#11062=EDGE_CURVE('',#11055,#11057,#11061,.T.);
#11063=ORIENTED_EDGE('',*,*,#11062,.F.);
#11064=CARTESIAN_POINT('',(53.702661848,118.229587024,38.020878638));
#11065=VERTEX_POINT('',#11064);
#11066=CARTESIAN_POINT('',(53.702661848,118.229587024,38.020878638));
#11067=DIRECTION('',(-0.,0.,-1.));
#11068=VECTOR('',#11067,0.235770701);
#11069=LINE('',#11066,#11068);
#11070=EDGE_CURVE('',#11065,#11055,#11069,.T.);
#11071=ORIENTED_EDGE('',*,*,#11070,.F.);
#11072=CARTESIAN_POINT('',(53.721727663,118.229587024,38.212980537));
#11073=VERTEX_POINT('',#11072);
#11074=CARTESIAN_POINT('',(53.721727666,118.229587024,38.212980549));
#11075=CARTESIAN_POINT('',(53.709017121,118.229587024,38.173201355));
#11076=CARTESIAN_POINT('',(53.702661848,118.229587024,38.109167385));
#11077=CARTESIAN_POINT('',(53.702661848,118.229587024,38.020878638));
#11078=B_SPLINE_CURVE_WITH_KNOTS('',3,(#11074,#11075,#11076,#11077),.UNSPECIFIED.,.F.,.F.,(4,4),(0.,1.),.UNSPECIFIED.);
#11079=EDGE_CURVE('',#11073,#11065,#11078,.T.);
#11080=ORIENTED_EDGE('',*,*,#11079,.F.);
#11081=CARTESIAN_POINT('',(53.826950596,118.229587024,38.353464625));
#11082=VERTEX_POINT('',#11081);
#11083=CARTESIAN_POINT('',(53.826950596,118.229587024,38.353464625));
#11084=CARTESIAN_POINT('',(53.774608062,118.229587024,38.314942332));
#11085=CARTESIAN_POINT('',(53.739533752,118.229587024,38.268114307));
#11086=CARTESIAN_POINT('',(53.721727666,118.229587024,38.212980549));
#11087=B_SPLINE_CURVE_WITH_KNOTS('',3,(#11083,#11084,#11085,#11086),.UNSPECIFIED.,.F.,.F.,(4,4),(0.,1.),.UNSPECIFIED.);
#11088=EDGE_CURVE('',#11082,#11073,#11087,.T.);
#11089=ORIENTED_EDGE('',*,*,#11088,.F.);
#11090=CARTESIAN_POINT('',(54.051663971,118.229587024,38.411248065));
#11091=VERTEX_POINT('',#11090);
#11092=CARTESIAN_POINT('',(54.051663971,118.229587024,38.411248065));
#11093=CARTESIAN_POINT('',(53.954197588,118.229587024,38.411248065));
#11094=CARTESIAN_POINT('',(53.879293129,118.229587024,38.391986918));
#11095=CARTESIAN_POINT('',(53.826950596,118.229587024,38.353464625));
#11096=B_SPLINE_CURVE_WITH_KNOTS('',3,(#11092,#11093,#11094,#11095),.UNSPECIFIED.,.F.,.F.,(4,4),(0.,1.),.UNSPECIFIED.);
#11097=EDGE_CURVE('',#11091,#11082,#11096,.T.);
#11098=ORIENTED_EDGE('',*,*,#11097,.F.);
#11099=CARTESIAN_POINT('',(54.231281803,118.229587024,38.381744881));
#11100=VERTEX_POINT('',#11099);
#11101=CARTESIAN_POINT('',(54.231281806,118.229587024,38.38174488));
#11102=CARTESIAN_POINT('',(54.181911671,118.229587024,38.40141367));
#11103=CARTESIAN_POINT('',(54.12203906,118.229587024,38.411248065));
#11104=CARTESIAN_POINT('',(54.051663971,118.229587024,38.411248065));
#11105=B_SPLINE_CURVE_WITH_KNOTS('',3,(#11101,#11102,#11103,#11104),.UNSPECIFIED.,.F.,.F.,(4,4),(0.,1.),.UNSPECIFIED.);
#11106=EDGE_CURVE('',#11100,#11091,#11105,.T.);
#11107=ORIENTED_EDGE('',*,*,#11106,.F.);
#11108=CARTESIAN_POINT('',(54.349201126,118.229587024,38.299502842));
#11109=VERTEX_POINT('',#11108);
#11110=CARTESIAN_POINT('',(54.349201126,118.229587024,38.299502842));
#11111=CARTESIAN_POINT('',(54.31995838,118.229587024,38.334696048));
#11112=CARTESIAN_POINT('',(54.28065194,118.229587024,38.36211006));
#11113=CARTESIAN_POINT('',(54.231281806,118.229587024,38.38174488));
#11114=B_SPLINE_CURVE_WITH_KNOTS('',3,(#11110,#11111,#11112,#11113),.UNSPECIFIED.,.F.,.F.,(4,4),(0.,1.),.UNSPECIFIED.);
#11115=EDGE_CURVE('',#11109,#11100,#11114,.T.);
#11116=ORIENTED_EDGE('',*,*,#11115,.F.);
#11117=CARTESIAN_POINT('',(54.397523844,118.229587024,38.198814944));
#11118=VERTEX_POINT('',#11117);
#11119=CARTESIAN_POINT('',(54.397523844,118.229587024,38.198814944));
#11120=CARTESIAN_POINT('',(54.386087184,118.229587024,38.240938086));
#11121=CARTESIAN_POINT('',(54.369979612,118.229587024,38.274500719));
#11122=CARTESIAN_POINT('',(54.349201126,118.229587024,38.299502842));
#11123=B_SPLINE_CURVE_WITH_KNOTS('',3,(#11119,#11120,#11121,#11122),.UNSPECIFIED.,.F.,.F.,(4,4),(0.,1.),.UNSPECIFIED.);
#11124=EDGE_CURVE('',#11118,#11109,#11123,.T.);
#11125=ORIENTED_EDGE('',*,*,#11124,.F.);
#11126=CARTESIAN_POINT('',(54.414678833,118.229587024,38.024700294));
#11127=VERTEX_POINT('',#11126);
#11128=CARTESIAN_POINT('',(54.414678833,118.229587024,38.024700294));
#11129=CARTESIAN_POINT('',(54.414678833,118.229587024,38.098687555));
#11130=CARTESIAN_POINT('',(54.408960504,118.229587024,38.156725772));
#11131=CARTESIAN_POINT('',(54.397523844,118.229587024,38.198814944));
#11132=B_SPLINE_CURVE_WITH_KNOTS('',3,(#11128,#11129,#11130,#11131),.UNSPECIFIED.,.F.,.F.,(4,4),(0.,1.),.UNSPECIFIED.);
#11133=EDGE_CURVE('',#11127,#11118,#11132,.T.);
#11134=ORIENTED_EDGE('',*,*,#11133,.F.);
#11135=CARTESIAN_POINT('',(54.414678833,118.229587024,37.785107937));
#11136=DIRECTION('',(0.,-0.,1.));
#11137=VECTOR('',#11136,0.239592357);
#11138=LINE('',#11135,#11137);
#11139=EDGE_CURVE('',#11057,#11127,#11138,.T.);
#11140=ORIENTED_EDGE('',*,*,#11139,.F.);
#11141=EDGE_LOOP('',(#11063,#11071,#11080,#11089,#11098,#11107,#11116,#11125,#11134,#11140));
#11142=FACE_BOUND('',#11141,.T.);
#11143=ADVANCED_FACE('',(#11053,#11142),#11039,.T.);
#11144=CARTESIAN_POINT('',(54.052951891,118.229587024,43.834800605));
#11145=DIRECTION('',(-0.,-1.,0.));
#11146=DIRECTION('',(-1.,0.,0.));
#11147=AXIS2_PLACEMENT_3D('',#11144,#11145,#11146);
#11148=PLANE('',#11147);
#11149=ORIENTED_EDGE('',*,*,#7056,.F.);
#11150=ORIENTED_EDGE('',*,*,#7086,.F.);
#11151=ORIENTED_EDGE('',*,*,#7111,.F.);
#11152=ORIENTED_EDGE('',*,*,#7129,.F.);
#11153=EDGE_LOOP('',(#11149,#11150,#11151,#11152));
#11154=FACE_BOUND('',#11153,.T.);
#11155=ADVANCED_FACE('',(#11154),#11148,.T.);
#11156=CARTESIAN_POINT('',(54.052951891,118.229587024,43.834800605));
#11157=DIRECTION('',(-0.,-1.,0.));
#11158=DIRECTION('',(-1.,0.,0.));
#11159=AXIS2_PLACEMENT_3D('',#11156,#11157,#11158);
#11160=PLANE('',#11159);
#11161=ORIENTED_EDGE('',*,*,#7156,.F.);
#11162=ORIENTED_EDGE('',*,*,#7186,.F.);
#11163=ORIENTED_EDGE('',*,*,#7213,.F.);
#11164=ORIENTED_EDGE('',*,*,#7240,.F.);
#11165=ORIENTED_EDGE('',*,*,#7267,.F.);
#11166=ORIENTED_EDGE('',*,*,#7294,.F.);
#11167=ORIENTED_EDGE('',*,*,#7321,.F.);
#11168=ORIENTED_EDGE('',*,*,#7348,.F.);
#11169=ORIENTED_EDGE('',*,*,#7375,.F.);
#11170=ORIENTED_EDGE('',*,*,#7402,.F.);
#11171=ORIENTED_EDGE('',*,*,#7429,.F.);
#11172=ORIENTED_EDGE('',*,*,#7456,.F.);
#11173=ORIENTED_EDGE('',*,*,#7483,.F.);
#11174=ORIENTED_EDGE('',*,*,#7510,.F.);
#11175=ORIENTED_EDGE('',*,*,#7535,.F.);
#11176=ORIENTED_EDGE('',*,*,#7562,.F.);
#11177=ORIENTED_EDGE('',*,*,#7589,.F.);
#11178=ORIENTED_EDGE('',*,*,#7616,.F.);
#11179=ORIENTED_EDGE('',*,*,#7643,.F.);
#11180=ORIENTED_EDGE('',*,*,#7670,.F.);
#11181=ORIENTED_EDGE('',*,*,#7697,.F.);
#11182=ORIENTED_EDGE('',*,*,#7724,.F.);
#11183=ORIENTED_EDGE('',*,*,#7751,.F.);
#11184=ORIENTED_EDGE('',*,*,#7778,.F.);
#11185=ORIENTED_EDGE('',*,*,#7805,.F.);
#11186=ORIENTED_EDGE('',*,*,#7832,.F.);
#11187=ORIENTED_EDGE('',*,*,#7857,.F.);
#11188=ORIENTED_EDGE('',*,*,#7882,.F.);
#11189=ORIENTED_EDGE('',*,*,#7900,.F.);
#11190=EDGE_LOOP('',(#11161,#11162,#11163,#11164,#11165,#11166,#11167,#11168,#11169,#11170,#11171,#11172,#11173,#11174,#11175,#11176,#11177,#11178,#11179,#11180,#11181,#11182,#11183,#11184,#11185,#11186,
#11187,#11188,#11189));
#11191=FACE_BOUND('',#11190,.T.);
#11192=ADVANCED_FACE('',(#11191),#11160,.T.);
#11193=CARTESIAN_POINT('',(54.052951891,118.229587024,43.834800605));
#11194=DIRECTION('',(-0.,-1.,0.));
#11195=DIRECTION('',(-1.,0.,0.));
#11196=AXIS2_PLACEMENT_3D('',#11193,#11194,#11195);
#11197=PLANE('',#11196);
#11198=ORIENTED_EDGE('',*,*,#7927,.F.);
#11199=ORIENTED_EDGE('',*,*,#7957,.F.);
#11200=ORIENTED_EDGE('',*,*,#7982,.F.);
#11201=ORIENTED_EDGE('',*,*,#8000,.F.);
#11202=EDGE_LOOP('',(#11198,#11199,#11200,#11201));
#11203=FACE_BOUND('',#11202,.T.);
#11204=ADVANCED_FACE('',(#11203),#11197,.T.);
#11205=CARTESIAN_POINT('',(54.052951891,118.229587024,43.834800605));
#11206=DIRECTION('',(-0.,-1.,0.));
#11207=DIRECTION('',(-1.,0.,0.));
#11208=AXIS2_PLACEMENT_3D('',#11205,#11206,#11207);
#11209=PLANE('',#11208);
#11210=ORIENTED_EDGE('',*,*,#8027,.F.);
#11211=ORIENTED_EDGE('',*,*,#8057,.F.);
#11212=ORIENTED_EDGE('',*,*,#8082,.F.);
#11213=ORIENTED_EDGE('',*,*,#8107,.F.);
#11214=ORIENTED_EDGE('',*,*,#8132,.F.);
#11215=ORIENTED_EDGE('',*,*,#8157,.F.);
#11216=ORIENTED_EDGE('',*,*,#8182,.F.);
#11217=ORIENTED_EDGE('',*,*,#8207,.F.);
#11218=ORIENTED_EDGE('',*,*,#8232,.F.);
#11219=ORIENTED_EDGE('',*,*,#8257,.F.);
#11220=ORIENTED_EDGE('',*,*,#8282,.F.);
#11221=ORIENTED_EDGE('',*,*,#8300,.F.);
#11222=EDGE_LOOP('',(#11210,#11211,#11212,#11213,#11214,#11215,#11216,#11217,#11218,#11219,#11220,#11221));
#11223=FACE_BOUND('',#11222,.T.);
#11224=ADVANCED_FACE('',(#11223),#11209,.T.);
#11225=CARTESIAN_POINT('',(54.052951891,118.229587024,43.834800605));
#11226=DIRECTION('',(-0.,-1.,0.));
#11227=DIRECTION('',(-1.,0.,0.));
#11228=AXIS2_PLACEMENT_3D('',#11225,#11226,#11227);
#11229=PLANE('',#11228);
#11230=ORIENTED_EDGE('',*,*,#8327,.F.);
#11231=ORIENTED_EDGE('',*,*,#8357,.F.);
#11232=ORIENTED_EDGE('',*,*,#8382,.F.);
#11233=ORIENTED_EDGE('',*,*,#8400,.F.);
#11234=EDGE_LOOP('',(#11230,#11231,#11232,#11233));
#11235=FACE_BOUND('',#11234,.T.);
#11236=ADVANCED_FACE('',(#11235),#11229,.T.);
#11237=CARTESIAN_POINT('',(54.052951891,118.229587024,43.834800605));
#11238=DIRECTION('',(-0.,-1.,0.));
#11239=DIRECTION('',(-1.,0.,0.));
#11240=AXIS2_PLACEMENT_3D('',#11237,#11238,#11239);
#11241=PLANE('',#11240);
#11242=ORIENTED_EDGE('',*,*,#8427,.F.);
#11243=ORIENTED_EDGE('',*,*,#8457,.F.);
#11244=ORIENTED_EDGE('',*,*,#8482,.F.);
#11245=ORIENTED_EDGE('',*,*,#8507,.F.);
#11246=ORIENTED_EDGE('',*,*,#8532,.F.);
#11247=ORIENTED_EDGE('',*,*,#8557,.F.);
#11248=ORIENTED_EDGE('',*,*,#8582,.F.);
#11249=ORIENTED_EDGE('',*,*,#8600,.F.);
#11250=EDGE_LOOP('',(#11242,#11243,#11244,#11245,#11246,#11247,#11248,#11249));
#11251=FACE_BOUND('',#11250,.T.);
#11252=ADVANCED_FACE('',(#11251),#11241,.T.);
#11253=CARTESIAN_POINT('',(54.052951891,118.229587024,43.834800605));
#11254=DIRECTION('',(-0.,-1.,0.));
#11255=DIRECTION('',(-1.,0.,0.));
#11256=AXIS2_PLACEMENT_3D('',#11253,#11254,#11255);
#11257=PLANE('',#11256);
#11258=ORIENTED_EDGE('',*,*,#8629,.F.);
#11259=ORIENTED_EDGE('',*,*,#8661,.F.);
#11260=ORIENTED_EDGE('',*,*,#8688,.F.);
#11261=ORIENTED_EDGE('',*,*,#8715,.F.);
#11262=ORIENTED_EDGE('',*,*,#8742,.F.);
#11263=ORIENTED_EDGE('',*,*,#8769,.F.);
#11264=ORIENTED_EDGE('',*,*,#8796,.F.);
#11265=ORIENTED_EDGE('',*,*,#8823,.F.);
#11266=ORIENTED_EDGE('',*,*,#8850,.F.);
#11267=ORIENTED_EDGE('',*,*,#8877,.F.);
#11268=ORIENTED_EDGE('',*,*,#8897,.F.);
#11269=EDGE_LOOP('',(#11258,#11259,#11260,#11261,#11262,#11263,#11264,#11265,#11266,#11267,#11268));
#11270=FACE_BOUND('',#11269,.T.);
#11271=CARTESIAN_POINT('',(53.771239343,118.229587024,44.40141367));
#11272=VERTEX_POINT('',#11271);
#11273=CARTESIAN_POINT('',(54.072725542,118.229587024,44.287834052));
#11274=VERTEX_POINT('',#11273);
#11275=CARTESIAN_POINT('',(53.771239343,118.229587024,44.40141367));
#11276=CARTESIAN_POINT('',(53.831423349,118.229587024,44.325693924));
#11277=CARTESIAN_POINT('',(53.931918748,118.229587024,44.287834052));
#11278=CARTESIAN_POINT('',(54.072725542,118.229587024,44.287834052));
#11279=B_SPLINE_CURVE_WITH_KNOTS('',3,(#11275,#11276,#11277,#11278),.UNSPECIFIED.,.F.,.F.,(4,4),(0.,1.),.UNSPECIFIED.);
#11280=EDGE_CURVE('',#11272,#11274,#11279,.T.);
#11281=ORIENTED_EDGE('',*,*,#11280,.F.);
#11282=CARTESIAN_POINT('',(53.680920872,118.229587024,44.672547428));
#11283=VERTEX_POINT('',#11282);
#11284=CARTESIAN_POINT('',(53.680920872,118.229587024,44.672547428));
#11285=CARTESIAN_POINT('',(53.680920872,118.229587024,44.567511334));
#11286=CARTESIAN_POINT('',(53.711027029,118.229587024,44.477133415));
#11287=CARTESIAN_POINT('',(53.771239343,118.229587024,44.40141367));
#11288=B_SPLINE_CURVE_WITH_KNOTS('',3,(#11284,#11285,#11286,#11287),.UNSPECIFIED.,.F.,.F.,(4,4),(0.,1.),.UNSPECIFIED.);
#11289=EDGE_CURVE('',#11283,#11272,#11288,.T.);
#11290=ORIENTED_EDGE('',*,*,#11289,.F.);
#11291=CARTESIAN_POINT('',(53.727842315,118.229587024,44.872547428));
#11292=VERTEX_POINT('',#11291);
#11293=CARTESIAN_POINT('',(53.727842315,118.229587024,44.872547428));
#11294=CARTESIAN_POINT('',(53.696561353,118.229587024,44.813133415));
#11295=CARTESIAN_POINT('',(53.680920872,118.229587024,44.746466748));
#11296=CARTESIAN_POINT('',(53.680920872,118.229587024,44.672547428));
#11297=B_SPLINE_CURVE_WITH_KNOTS('',3,(#11293,#11294,#11295,#11296),.UNSPECIFIED.,.F.,.F.,(4,4),(0.,1.),.UNSPECIFIED.);
#11298=EDGE_CURVE('',#11292,#11283,#11297,.T.);
#11299=ORIENTED_EDGE('',*,*,#11298,.F.);
#11300=CARTESIAN_POINT('',(53.859901763,118.229587024,45.007935963));
#11301=VERTEX_POINT('',#11300);
#11302=CARTESIAN_POINT('',(53.859901763,118.229587024,45.007935963));
#11303=CARTESIAN_POINT('',(53.803114785,118.229587024,44.977090952));
#11304=CARTESIAN_POINT('',(53.759094969,118.229587024,44.93196144));
#11305=CARTESIAN_POINT('',(53.727842315,118.229587024,44.872547428));
#11306=B_SPLINE_CURVE_WITH_KNOTS('',3,(#11302,#11303,#11304,#11305),.UNSPECIFIED.,.F.,.F.,(4,4),(0.,1.),.UNSPECIFIED.);
#11307=EDGE_CURVE('',#11301,#11292,#11306,.T.);
#11308=ORIENTED_EDGE('',*,*,#11307,.F.);
#11309=CARTESIAN_POINT('',(54.059307283,118.229587024,45.054203479));
#11310=VERTEX_POINT('',#11309);
#11311=CARTESIAN_POINT('',(54.059307283,118.229587024,45.054203479));
#11312=CARTESIAN_POINT('',(53.983157248,118.229587024,45.054203479));
#11313=CARTESIAN_POINT('',(53.916688741,118.229587024,45.038780973));
#11314=CARTESIAN_POINT('',(53.859901763,118.229587024,45.007935963));
#11315=B_SPLINE_CURVE_WITH_KNOTS('',3,(#11311,#11312,#11313,#11314),.UNSPECIFIED.,.F.,.F.,(4,4),(0.,1.),.UNSPECIFIED.);
#11316=EDGE_CURVE('',#11310,#11301,#11315,.T.);
#11317=ORIENTED_EDGE('',*,*,#11316,.F.);
#11318=CARTESIAN_POINT('',(54.338160787,118.229587024,44.945974179));
#11319=VERTEX_POINT('',#11318);
#11320=CARTESIAN_POINT('',(54.338160787,118.229587024,44.945974179));
#11321=CARTESIAN_POINT('',(54.272654771,118.229587024,45.018127045));
#11322=CARTESIAN_POINT('',(54.179703603,118.229587024,45.054203479));
#11323=CARTESIAN_POINT('',(54.059307283,118.229587024,45.054203479));
#11324=B_SPLINE_CURVE_WITH_KNOTS('',3,(#11320,#11321,#11322,#11323),.UNSPECIFIED.,.F.,.F.,(4,4),(0.,1.),.UNSPECIFIED.);
#11325=EDGE_CURVE('',#11319,#11310,#11324,.T.);
#11326=ORIENTED_EDGE('',*,*,#11325,.F.);
#11327=CARTESIAN_POINT('',(54.43641981,118.229587024,44.670254434));
#11328=VERTEX_POINT('',#11327);
#11329=CARTESIAN_POINT('',(54.43641981,118.229587024,44.670254434));
#11330=CARTESIAN_POINT('',(54.43641981,118.229587024,44.781914731));
#11331=CARTESIAN_POINT('',(54.403666802,118.229587024,44.873821313));
#11332=CARTESIAN_POINT('',(54.338160787,118.229587024,44.945974179));
#11333=B_SPLINE_CURVE_WITH_KNOTS('',3,(#11329,#11330,#11331,#11332),.UNSPECIFIED.,.F.,.F.,(4,4),(0.,1.),.UNSPECIFIED.);
#11334=EDGE_CURVE('',#11328,#11319,#11333,.T.);
#11335=ORIENTED_EDGE('',*,*,#11334,.F.);
#11336=CARTESIAN_POINT('',(54.339137432,118.229587024,44.396827682));
#11337=VERTEX_POINT('',#11336);
#11338=CARTESIAN_POINT('',(54.339137432,118.229587024,44.396827682));
#11339=CARTESIAN_POINT('',(54.403992351,118.229587024,44.469490103));
#11340=CARTESIAN_POINT('',(54.43641981,118.229587024,44.560632353));
#11341=CARTESIAN_POINT('',(54.43641981,118.229587024,44.670254434));
#11342=B_SPLINE_CURVE_WITH_KNOTS('',3,(#11338,#11339,#11340,#11341),.UNSPECIFIED.,.F.,.F.,(4,4),(0.,1.),.UNSPECIFIED.);
#11343=EDGE_CURVE('',#11337,#11328,#11342,.T.);
#11344=ORIENTED_EDGE('',*,*,#11343,.F.);
#11345=CARTESIAN_POINT('',(54.072725542,118.229587024,44.287834052));
#11346=CARTESIAN_POINT('',(54.185450242,118.229587024,44.287834052));
#11347=CARTESIAN_POINT('',(54.274254205,118.229587024,44.324165262));
#11348=CARTESIAN_POINT('',(54.339137432,118.229587024,44.396827682));
#11349=B_SPLINE_CURVE_WITH_KNOTS('',3,(#11345,#11346,#11347,#11348),.UNSPECIFIED.,.F.,.F.,(4,4),(0.,1.),.UNSPECIFIED.);
#11350=EDGE_CURVE('',#11274,#11337,#11349,.T.);
#11351=ORIENTED_EDGE('',*,*,#11350,.F.);
#11352=EDGE_LOOP('',(#11281,#11290,#11299,#11308,#11317,#11326,#11335,#11344,#11351));
#11353=FACE_BOUND('',#11352,.T.);
#11354=ADVANCED_FACE('',(#11270,#11353),#11257,.T.);
#11355=CARTESIAN_POINT('',(54.052951891,118.229587024,43.834800605));
#11356=DIRECTION('',(-0.,-1.,0.));
#11357=DIRECTION('',(-1.,0.,0.));
#11358=AXIS2_PLACEMENT_3D('',#11355,#11356,#11357);
#11359=PLANE('',#11358);
#11360=ORIENTED_EDGE('',*,*,#8924,.F.);
#11361=ORIENTED_EDGE('',*,*,#8954,.F.);
#11362=ORIENTED_EDGE('',*,*,#8979,.F.);
#11363=ORIENTED_EDGE('',*,*,#9006,.F.);
#11364=ORIENTED_EDGE('',*,*,#9035,.F.);
#11365=ORIENTED_EDGE('',*,*,#9062,.F.);
#11366=ORIENTED_EDGE('',*,*,#9089,.F.);
#11367=ORIENTED_EDGE('',*,*,#9114,.F.);
#11368=ORIENTED_EDGE('',*,*,#9139,.F.);
#11369=ORIENTED_EDGE('',*,*,#9164,.F.);
#11370=ORIENTED_EDGE('',*,*,#9191,.F.);
#11371=ORIENTED_EDGE('',*,*,#9220,.F.);
#11372=ORIENTED_EDGE('',*,*,#9247,.F.);
#11373=ORIENTED_EDGE('',*,*,#9274,.F.);
#11374=ORIENTED_EDGE('',*,*,#9301,.F.);
#11375=ORIENTED_EDGE('',*,*,#9328,.F.);
#11376=ORIENTED_EDGE('',*,*,#9355,.F.);
#11377=ORIENTED_EDGE('',*,*,#9380,.F.);
#11378=ORIENTED_EDGE('',*,*,#9398,.F.);
#11379=EDGE_LOOP('',(#11360,#11361,#11362,#11363,#11364,#11365,#11366,#11367,#11368,#11369,#11370,#11371,#11372,#11373,#11374,#11375,#11376,#11377,#11378));
#11380=FACE_BOUND('',#11379,.T.);
#11381=CARTESIAN_POINT('',(53.694508982,118.229587024,45.553158893));
#11382=VERTEX_POINT('',#11381);
#11383=CARTESIAN_POINT('',(53.998882655,118.229587024,45.553158893));
#11384=VERTEX_POINT('',#11383);
#11385=CARTESIAN_POINT('',(53.694508982,118.229587024,45.553158893));
#11386=DIRECTION('',(1.,-0.,-0.));
#11387=VECTOR('',#11386,0.304373673);
#11388=LINE('',#11385,#11387);
#11389=EDGE_CURVE('',#11382,#11384,#11388,.T.);
#11390=ORIENTED_EDGE('',*,*,#11389,.F.);
#11391=CARTESIAN_POINT('',(53.694508982,118.229587024,45.907451886));
#11392=VERTEX_POINT('',#11391);
#11393=CARTESIAN_POINT('',(53.694508982,118.229587024,45.907451886));
#11394=DIRECTION('',(-0.,0.,-1.));
#11395=VECTOR('',#11394,0.354292993);
#11396=LINE('',#11393,#11395);
#11397=EDGE_CURVE('',#11392,#11382,#11396,.T.);
#11398=ORIENTED_EDGE('',*,*,#11397,.F.);
#11399=CARTESIAN_POINT('',(53.736547199,118.229587024,46.089158892));
#11400=VERTEX_POINT('',#11399);
#11401=CARTESIAN_POINT('',(53.736547199,118.229587024,46.089158893));
#11402=CARTESIAN_POINT('',(53.708521721,118.229587024,46.050806451));
#11403=CARTESIAN_POINT('',(53.694508982,118.229587024,45.990237449));
#11404=CARTESIAN_POINT('',(53.694508982,118.229587024,45.907451886));
#11405=B_SPLINE_CURVE_WITH_KNOTS('',3,(#11401,#11402,#11403,#11404),.UNSPECIFIED.,.F.,.F.,(4,4),(0.,1.),.UNSPECIFIED.);
#11406=EDGE_CURVE('',#11400,#11392,#11405,.T.);
#11407=ORIENTED_EDGE('',*,*,#11406,.F.);
#11408=CARTESIAN_POINT('',(53.843850808,118.229587024,46.146687555));
#11409=VERTEX_POINT('',#11408);
#11410=CARTESIAN_POINT('',(53.843850808,118.229587024,46.146687555));
#11411=CARTESIAN_POINT('',(53.800340546,118.229587024,46.146687555));
#11412=CARTESIAN_POINT('',(53.764572676,118.229587024,46.127511334));
#11413=CARTESIAN_POINT('',(53.736547199,118.229587024,46.089158893));
#11414=B_SPLINE_CURVE_WITH_KNOTS('',3,(#11410,#11411,#11412,#11413),.UNSPECIFIED.,.F.,.F.,(4,4),(0.,1.),.UNSPECIFIED.);
#11415=EDGE_CURVE('',#11409,#11400,#11414,.T.);
#11416=ORIENTED_EDGE('',*,*,#11415,.F.);
#11417=CARTESIAN_POINT('',(53.926398579,118.229587024,46.116980549));
#11418=VERTEX_POINT('',#11417);
#11419=CARTESIAN_POINT('',(53.926398579,118.229587024,46.116980549));
#11420=CARTESIAN_POINT('',(53.901090723,118.229587024,46.13678522));
#11421=CARTESIAN_POINT('',(53.873574799,118.229587024,46.146687555));
#11422=CARTESIAN_POINT('',(53.843850808,118.229587024,46.146687555));
#11423=B_SPLINE_CURVE_WITH_KNOTS('',3,(#11419,#11420,#11421,#11422),.UNSPECIFIED.,.F.,.F.,(4,4),(0.,1.),.UNSPECIFIED.);
#11424=EDGE_CURVE('',#11418,#11409,#11423,.T.);
#11425=ORIENTED_EDGE('',*,*,#11424,.F.);
#11426=CARTESIAN_POINT('',(53.98164274,118.229587024,46.030203479));
#11427=VERTEX_POINT('',#11426);
#11428=CARTESIAN_POINT('',(53.98164274,118.229587024,46.030203479));
#11429=CARTESIAN_POINT('',(53.970121155,118.229587024,46.068284158));
#11430=CARTESIAN_POINT('',(53.951706434,118.229587024,46.097209848));
#11431=CARTESIAN_POINT('',(53.926398579,118.229587024,46.116980549));
#11432=B_SPLINE_CURVE_WITH_KNOTS('',3,(#11428,#11429,#11430,#11431),.UNSPECIFIED.,.F.,.F.,(4,4),(0.,1.),.UNSPECIFIED.);
#11433=EDGE_CURVE('',#11427,#11418,#11432,.T.);
#11434=ORIENTED_EDGE('',*,*,#11433,.F.);
#11435=CARTESIAN_POINT('',(53.998882655,118.229587024,45.871579275));
#11436=VERTEX_POINT('',#11435);
#11437=CARTESIAN_POINT('',(53.998882655,118.229587024,45.871579275));
#11438=CARTESIAN_POINT('',(53.998882655,118.229587024,45.939282035));
#11439=CARTESIAN_POINT('',(53.993136017,118.229587024,45.992156769));
#11440=CARTESIAN_POINT('',(53.98164274,118.229587024,46.030203479));
#11441=B_SPLINE_CURVE_WITH_KNOTS('',3,(#11437,#11438,#11439,#11440),.UNSPECIFIED.,.F.,.F.,(4,4),(0.,1.),.UNSPECIFIED.);
#11442=EDGE_CURVE('',#11436,#11427,#11441,.T.);
#11443=ORIENTED_EDGE('',*,*,#11442,.F.);
#11444=CARTESIAN_POINT('',(53.998882655,118.229587024,45.553158893));
#11445=DIRECTION('',(0.,-0.,1.));
#11446=VECTOR('',#11445,0.318420382);
#11447=LINE('',#11444,#11446);
#11448=EDGE_CURVE('',#11384,#11436,#11447,.T.);
#11449=ORIENTED_EDGE('',*,*,#11448,.F.);
#11450=EDGE_LOOP('',(#11390,#11398,#11407,#11416,#11425,#11434,#11443,#11449));
#11451=FACE_BOUND('',#11450,.T.);
#11452=ADVANCED_FACE('',(#11380,#11451),#11359,.T.);
#11453=CARTESIAN_POINT('',(54.052951891,118.229587024,43.834800605));
#11454=DIRECTION('',(-0.,-1.,0.));
#11455=DIRECTION('',(-1.,0.,0.));
#11456=AXIS2_PLACEMENT_3D('',#11453,#11454,#11455);
#11457=PLANE('',#11456);
#11458=ORIENTED_EDGE('',*,*,#9427,.F.);
#11459=ORIENTED_EDGE('',*,*,#9459,.F.);
#11460=ORIENTED_EDGE('',*,*,#9486,.F.);
#11461=ORIENTED_EDGE('',*,*,#9513,.F.);
#11462=ORIENTED_EDGE('',*,*,#9540,.F.);
#11463=ORIENTED_EDGE('',*,*,#9567,.F.);
#11464=ORIENTED_EDGE('',*,*,#9594,.F.);
#11465=ORIENTED_EDGE('',*,*,#9621,.F.);
#11466=ORIENTED_EDGE('',*,*,#9648,.F.);
#11467=ORIENTED_EDGE('',*,*,#9675,.F.);
#11468=ORIENTED_EDGE('',*,*,#9702,.F.);
#11469=ORIENTED_EDGE('',*,*,#9729,.F.);
#11470=ORIENTED_EDGE('',*,*,#9758,.F.);
#11471=ORIENTED_EDGE('',*,*,#9783,.F.);
#11472=ORIENTED_EDGE('',*,*,#9803,.F.);
#11473=EDGE_LOOP('',(#11458,#11459,#11460,#11461,#11462,#11463,#11464,#11465,#11466,#11467,#11468,#11469,#11470,#11471,#11472));
#11474=FACE_BOUND('',#11473,.T.);
#11475=CARTESIAN_POINT('',(54.357948472,118.229587024,47.017056982));
#11476=VERTEX_POINT('',#11475);
#11477=CARTESIAN_POINT('',(54.268139555,118.229587024,47.052725772));
#11478=VERTEX_POINT('',#11477);
#11479=CARTESIAN_POINT('',(54.357948472,118.229587024,47.017056982));
#11480=DIRECTION('',(-0.929383062,0.,0.36911668));
#11481=VECTOR('',#11480,0.096632832);
#11482=LINE('',#11479,#11481);
#11483=EDGE_CURVE('',#11476,#11478,#11482,.T.);
#11484=ORIENTED_EDGE('',*,*,#11483,.F.);
#11485=CARTESIAN_POINT('',(54.411536696,118.229587024,47.162687239));
#11486=VERTEX_POINT('',#11485);
#11487=CARTESIAN_POINT('',(54.411536583,118.229587024,47.162687555));
#11488=CARTESIAN_POINT('',(54.386455196,118.229587024,47.116657831));
#11489=CARTESIAN_POINT('',(54.368592492,118.229587024,47.068114307));
#11490=CARTESIAN_POINT('',(54.357948472,118.229587024,47.017056982));
#11491=B_SPLINE_CURVE_WITH_KNOTS('',3,(#11487,#11488,#11489,#11490),.UNSPECIFIED.,.F.,.F.,(4,4),(0.,1.),.UNSPECIFIED.);
#11492=EDGE_CURVE('',#11486,#11476,#11491,.T.);
#11493=ORIENTED_EDGE('',*,*,#11492,.F.);
#11494=CARTESIAN_POINT('',(54.43641981,118.229587024,47.014050612));
#11495=VERTEX_POINT('',#11494);
#11496=CARTESIAN_POINT('',(54.43641981,118.229587024,47.014050612));
#11497=CARTESIAN_POINT('',(54.43641981,118.229587024,47.0666366));
#11498=CARTESIAN_POINT('',(54.428125401,118.229587024,47.116182247));
#11499=CARTESIAN_POINT('',(54.411536583,118.229587024,47.162687555));
#11500=B_SPLINE_CURVE_WITH_KNOTS('',3,(#11496,#11497,#11498,#11499),.UNSPECIFIED.,.F.,.F.,(4,4),(0.,1.),.UNSPECIFIED.);
#11501=EDGE_CURVE('',#11495,#11486,#11500,.T.);
#11502=ORIENTED_EDGE('',*,*,#11501,.F.);
#11503=CARTESIAN_POINT('',(54.338797729,118.229587024,46.739910485));
#11504=VERTEX_POINT('',#11503);
#11505=CARTESIAN_POINT('',(54.338797729,118.229587024,46.739910485));
#11506=CARTESIAN_POINT('',(54.403879116,118.229587024,46.811451886));
#11507=CARTESIAN_POINT('',(54.43641981,118.229587024,46.902831929));
#11508=CARTESIAN_POINT('',(54.43641981,118.229587024,47.014050612));
#11509=B_SPLINE_CURVE_WITH_KNOTS('',3,(#11505,#11506,#11507,#11508),.UNSPECIFIED.,.F.,.F.,(4,4),(0.,1.),.UNSPECIFIED.);
#11510=EDGE_CURVE('',#11504,#11495,#11509,.T.);
#11511=ORIENTED_EDGE('',*,*,#11510,.F.);
#11512=CARTESIAN_POINT('',(54.058670341,118.229587024,46.632598383));
#11513=VERTEX_POINT('',#11512);
#11514=CARTESIAN_POINT('',(54.058670341,118.229587024,46.632598383));
#11515=CARTESIAN_POINT('',(54.180340546,118.229587024,46.632598383));
#11516=CARTESIAN_POINT('',(54.273716342,118.229587024,46.668369084));
#11517=CARTESIAN_POINT('',(54.338797729,118.229587024,46.739910485));
#11518=B_SPLINE_CURVE_WITH_KNOTS('',3,(#11514,#11515,#11516,#11517),.UNSPECIFIED.,.F.,.F.,(4,4),(0.,1.),.UNSPECIFIED.);
#11519=EDGE_CURVE('',#11513,#11504,#11518,.T.);
#11520=ORIENTED_EDGE('',*,*,#11519,.F.);
#11521=CARTESIAN_POINT('',(53.775697942,118.229587024,46.741031504));
#11522=VERTEX_POINT('',#11521);
#11523=CARTESIAN_POINT('',(53.775697942,118.229587024,46.741031504));
#11524=CARTESIAN_POINT('',(53.838854346,118.229587024,46.668742757));
#11525=CARTESIAN_POINT('',(53.933178479,118.229587024,46.632598383));
#11526=CARTESIAN_POINT('',(54.058670341,118.229587024,46.632598383));
#11527=B_SPLINE_CURVE_WITH_KNOTS('',3,(#11523,#11524,#11525,#11526),.UNSPECIFIED.,.F.,.F.,(4,4),(0.,1.),.UNSPECIFIED.);
#11528=EDGE_CURVE('',#11522,#11513,#11527,.T.);
#11529=ORIENTED_EDGE('',*,*,#11528,.F.);
#11530=CARTESIAN_POINT('',(53.680920872,118.229587024,47.014050612));
#11531=VERTEX_POINT('',#11530);
#11532=CARTESIAN_POINT('',(53.680920872,118.229587024,47.014050612));
#11533=CARTESIAN_POINT('',(53.680920872,118.229587024,46.904326621));
#11534=CARTESIAN_POINT('',(53.712513228,118.229587024,46.813320251));
#11535=CARTESIAN_POINT('',(53.775697942,118.229587024,46.741031504));
#11536=B_SPLINE_CURVE_WITH_KNOTS('',3,(#11532,#11533,#11534,#11535),.UNSPECIFIED.,.F.,.F.,(4,4),(0.,1.),.UNSPECIFIED.);
#11537=EDGE_CURVE('',#11531,#11522,#11536,.T.);
#11538=ORIENTED_EDGE('',*,*,#11537,.F.);
#11539=CARTESIAN_POINT('',(53.727842315,118.229587024,47.212318128));
#11540=VERTEX_POINT('',#11539);
#11541=CARTESIAN_POINT('',(53.727842315,118.229587024,47.212318128));
#11542=CARTESIAN_POINT('',(53.696561353,118.229587024,47.15344764));
#11543=CARTESIAN_POINT('',(53.680920872,118.229587024,47.087358468));
#11544=CARTESIAN_POINT('',(53.680920872,118.229587024,47.014050612));
#11545=B_SPLINE_CURVE_WITH_KNOTS('',3,(#11541,#11542,#11543,#11544),.UNSPECIFIED.,.F.,.F.,(4,4),(0.,1.),.UNSPECIFIED.);
#11546=EDGE_CURVE('',#11540,#11531,#11545,.T.);
#11547=ORIENTED_EDGE('',*,*,#11546,.F.);
#11548=CARTESIAN_POINT('',(53.859604523,118.229587024,47.346534689));
#11549=VERTEX_POINT('',#11548);
#11550=CARTESIAN_POINT('',(53.859604523,118.229587024,47.346534689));
#11551=CARTESIAN_POINT('',(53.803015705,118.229587024,47.31596144));
#11552=CARTESIAN_POINT('',(53.759094969,118.229587024,47.271222587));
#11553=CARTESIAN_POINT('',(53.727842315,118.229587024,47.212318128));
#11554=B_SPLINE_CURVE_WITH_KNOTS('',3,(#11550,#11551,#11552,#11553),.UNSPECIFIED.,.F.,.F.,(4,4),(0.,1.),.UNSPECIFIED.);
#11555=EDGE_CURVE('',#11549,#11540,#11554,.T.);
#11556=ORIENTED_EDGE('',*,*,#11555,.F.);
#11557=CARTESIAN_POINT('',(54.058033398,118.229587024,47.392445517));
#11558=VERTEX_POINT('',#11557);
#11559=CARTESIAN_POINT('',(54.058033398,118.229587024,47.392445517));
#11560=CARTESIAN_POINT('',(53.982307991,118.229587024,47.392445517));
#11561=CARTESIAN_POINT('',(53.916165033,118.229587024,47.377141907));
#11562=CARTESIAN_POINT('',(53.859604523,118.229587024,47.346534689));
#11563=B_SPLINE_CURVE_WITH_KNOTS('',3,(#11559,#11560,#11561,#11562),.UNSPECIFIED.,.F.,.F.,(4,4),(0.,1.),.UNSPECIFIED.);
#11564=EDGE_CURVE('',#11558,#11549,#11563,.T.);
#11565=ORIENTED_EDGE('',*,*,#11564,.F.);
#11566=CARTESIAN_POINT('',(54.357311391,118.229587024,47.262763762));
#11567=VERTEX_POINT('',#11566);
#11568=CARTESIAN_POINT('',(54.35731153,118.229587024,47.262763988));
#11569=CARTESIAN_POINT('',(54.290956257,118.229587024,47.349218341));
#11570=CARTESIAN_POINT('',(54.19119688,118.229587024,47.392445517));
#11571=CARTESIAN_POINT('',(54.058033398,118.229587024,47.392445517));
#11572=B_SPLINE_CURVE_WITH_KNOTS('',3,(#11568,#11569,#11570,#11571),.UNSPECIFIED.,.F.,.F.,(4,4),(0.,1.),.UNSPECIFIED.);
#11573=EDGE_CURVE('',#11567,#11558,#11572,.T.);
#11574=ORIENTED_EDGE('',*,*,#11573,.F.);
#11575=CARTESIAN_POINT('',(54.268139555,118.229587024,47.052725772));
#11576=CARTESIAN_POINT('',(54.288097092,118.229587024,47.137651462));
#11577=CARTESIAN_POINT('',(54.317821084,118.229587024,47.2076642));
#11578=CARTESIAN_POINT('',(54.35731153,118.229587024,47.262763988));
#11579=B_SPLINE_CURVE_WITH_KNOTS('',3,(#11575,#11576,#11577,#11578),.UNSPECIFIED.,.F.,.F.,(4,4),(0.,1.),.UNSPECIFIED.);
#11580=EDGE_CURVE('',#11478,#11567,#11579,.T.);
#11581=ORIENTED_EDGE('',*,*,#11580,.F.);
#11582=EDGE_LOOP('',(#11484,#11493,#11502,#11511,#11520,#11529,#11538,#11547,#11556,#11565,#11574,#11581));
#11583=FACE_BOUND('',#11582,.T.);
#11584=ADVANCED_FACE('',(#11474,#11583),#11457,.T.);
#11585=CARTESIAN_POINT('',(54.052951891,118.229587024,43.834800605));
#11586=DIRECTION('',(-0.,-1.,0.));
#11587=DIRECTION('',(-1.,0.,0.));
#11588=AXIS2_PLACEMENT_3D('',#11585,#11586,#11587);
#11589=PLANE('',#11588);
#11590=ORIENTED_EDGE('',*,*,#9830,.F.);
#11591=ORIENTED_EDGE('',*,*,#9862,.F.);
#11592=ORIENTED_EDGE('',*,*,#9889,.F.);
#11593=ORIENTED_EDGE('',*,*,#9916,.F.);
#11594=ORIENTED_EDGE('',*,*,#9945,.F.);
#11595=ORIENTED_EDGE('',*,*,#9972,.F.);
#11596=ORIENTED_EDGE('',*,*,#9997,.F.);
#11597=ORIENTED_EDGE('',*,*,#10022,.F.);
#11598=ORIENTED_EDGE('',*,*,#10047,.F.);
#11599=ORIENTED_EDGE('',*,*,#10074,.F.);
#11600=ORIENTED_EDGE('',*,*,#10101,.F.);
#11601=ORIENTED_EDGE('',*,*,#10128,.F.);
#11602=ORIENTED_EDGE('',*,*,#10155,.F.);
#11603=ORIENTED_EDGE('',*,*,#10182,.F.);
#11604=ORIENTED_EDGE('',*,*,#10209,.F.);
#11605=ORIENTED_EDGE('',*,*,#10234,.F.);
#11606=ORIENTED_EDGE('',*,*,#10252,.F.);
#11607=EDGE_LOOP('',(#11590,#11591,#11592,#11593,#11594,#11595,#11596,#11597,#11598,#11599,#11600,#11601,#11602,#11603,#11604,#11605,#11606));
#11608=FACE_BOUND('',#11607,.T.);
#11609=ADVANCED_FACE('',(#11608),#11589,.T.);
#11610=CARTESIAN_POINT('',(54.052951891,118.229587024,43.834800605));
#11611=DIRECTION('',(-0.,-1.,0.));
#11612=DIRECTION('',(-1.,0.,0.));
#11613=AXIS2_PLACEMENT_3D('',#11610,#11611,#11612);
#11614=PLANE('',#11613);
#11615=ORIENTED_EDGE('',*,*,#10279,.F.);
#11616=ORIENTED_EDGE('',*,*,#10309,.F.);
#11617=ORIENTED_EDGE('',*,*,#10334,.F.);
#11618=ORIENTED_EDGE('',*,*,#10359,.F.);
#11619=ORIENTED_EDGE('',*,*,#10384,.F.);
#11620=ORIENTED_EDGE('',*,*,#10409,.F.);
#11621=ORIENTED_EDGE('',*,*,#10434,.F.);
#11622=ORIENTED_EDGE('',*,*,#10459,.F.);
#11623=ORIENTED_EDGE('',*,*,#10484,.F.);
#11624=ORIENTED_EDGE('',*,*,#10509,.F.);
#11625=ORIENTED_EDGE('',*,*,#10534,.F.);
#11626=ORIENTED_EDGE('',*,*,#10552,.F.);
#11627=EDGE_LOOP('',(#11615,#11616,#11617,#11618,#11619,#11620,#11621,#11622,#11623,#11624,#11625,#11626));
#11628=FACE_BOUND('',#11627,.T.);
#11629=ADVANCED_FACE('',(#11628),#11614,.T.);
#11630=CARTESIAN_POINT('',(51.166908133,118.129587024,43.650840421));
#11631=CARTESIAN_POINT('',(50.968606646,118.129587024,43.650840421));
#11632=CARTESIAN_POINT('',(50.852173525,118.129587024,43.527018765));
#11633=B_SPLINE_CURVE_WITH_KNOTS('',2,(#11630,#11631,#11632),.UNSPECIFIED.,.F.,.F.,(3,3),(0.,1.),.UNSPECIFIED.);
#11634=DIRECTION('',(-0.,-1.,0.));
#11635=VECTOR('',#11634,1.);
#11636=SURFACE_OF_LINEAR_EXTRUSION('',#11633,#11635);
#11637=CARTESIAN_POINT('',(51.166908133,118.129587024,43.650840421));
#11638=VERTEX_POINT('',#11637);
#11639=CARTESIAN_POINT('',(51.166908133,118.129587024,43.650840421));
#11640=DIRECTION('',(0.,1.,-0.));
#11641=VECTOR('',#11640,0.1);
#11642=LINE('',#11639,#11641);
#11643=EDGE_CURVE('',#11638,#10591,#11642,.T.);
#11644=ORIENTED_EDGE('',*,*,#11643,.T.);
#11645=ORIENTED_EDGE('',*,*,#10658,.T.);
#11646=CARTESIAN_POINT('',(50.852173525,118.129587024,43.527018765));
#11647=VERTEX_POINT('',#11646);
#11648=CARTESIAN_POINT('',(50.852173525,118.129587024,43.527018765));
#11649=DIRECTION('',(0.,1.,-0.));
#11650=VECTOR('',#11649,0.1);
#11651=LINE('',#11648,#11650);
#11652=EDGE_CURVE('',#11647,#10645,#11651,.T.);
#11653=ORIENTED_EDGE('',*,*,#11652,.F.);
#11654=CARTESIAN_POINT('',(51.166908133,118.129587024,43.650840421));
#11655=CARTESIAN_POINT('',(51.034707142,118.129587024,43.650840421));
#11656=CARTESIAN_POINT('',(50.929795606,118.129587024,43.609566536));
#11657=CARTESIAN_POINT('',(50.852173525,118.129587024,43.527018765));
#11658=B_SPLINE_CURVE_WITH_KNOTS('',3,(#11654,#11655,#11656,#11657),.UNSPECIFIED.,.F.,.F.,(4,4),(0.,1.),.UNSPECIFIED.);
#11659=EDGE_CURVE('',#11638,#11647,#11658,.T.);
#11660=ORIENTED_EDGE('',*,*,#11659,.F.);
#11661=EDGE_LOOP('',(#11644,#11645,#11653,#11660));
#11662=FACE_BOUND('',#11661,.T.);
#11663=ADVANCED_FACE('',(#11662),#11636,.T.);
#11664=CARTESIAN_POINT('',(50.852173525,118.129587024,43.527018765));
#11665=CARTESIAN_POINT('',(50.735740404,118.129587024,43.403197109));
#11666=CARTESIAN_POINT('',(50.735740404,118.129587024,43.223528319));
#11667=B_SPLINE_CURVE_WITH_KNOTS('',2,(#11664,#11665,#11666),.UNSPECIFIED.,.F.,.F.,(3,3),(0.,1.),.UNSPECIFIED.);
#11668=DIRECTION('',(-0.,-1.,0.));
#11669=VECTOR('',#11668,1.);
#11670=SURFACE_OF_LINEAR_EXTRUSION('',#11667,#11669);
#11671=ORIENTED_EDGE('',*,*,#11652,.T.);
#11672=ORIENTED_EDGE('',*,*,#10651,.T.);
#11673=CARTESIAN_POINT('',(50.735740404,118.129587024,43.223528319));
#11674=VERTEX_POINT('',#11673);
#11675=CARTESIAN_POINT('',(50.735740404,118.129587024,43.223528319));
#11676=DIRECTION('',(0.,1.,-0.));
#11677=VECTOR('',#11676,0.1);
#11678=LINE('',#11675,#11677);
#11679=EDGE_CURVE('',#11674,#10636,#11678,.T.);
#11680=ORIENTED_EDGE('',*,*,#11679,.F.);
#11681=CARTESIAN_POINT('',(50.852173525,118.129587024,43.527018765));
#11682=CARTESIAN_POINT('',(50.774551445,118.129587024,43.444470995));
#11683=CARTESIAN_POINT('',(50.735740404,118.129587024,43.343307513));
#11684=CARTESIAN_POINT('',(50.735740404,118.129587024,43.223528319));
#11685=B_SPLINE_CURVE_WITH_KNOTS('',3,(#11681,#11682,#11683,#11684),.UNSPECIFIED.,.F.,.F.,(4,4),(0.,1.),.UNSPECIFIED.);
#11686=EDGE_CURVE('',#11647,#11674,#11685,.T.);
#11687=ORIENTED_EDGE('',*,*,#11686,.F.);
#11688=EDGE_LOOP('',(#11671,#11672,#11680,#11687));
#11689=FACE_BOUND('',#11688,.T.);
#11690=ADVANCED_FACE('',(#11689),#11670,.T.);
#11691=CARTESIAN_POINT('',(50.735740404,118.129587024,43.223528319));
#11692=CARTESIAN_POINT('',(50.735740404,118.129587024,43.03774488));
#11693=CARTESIAN_POINT('',(50.861175649,118.129587024,42.904037873));
#11694=B_SPLINE_CURVE_WITH_KNOTS('',2,(#11691,#11692,#11693),.UNSPECIFIED.,.F.,.F.,(3,3),(0.,1.),.UNSPECIFIED.);
#11695=DIRECTION('',(-0.,-1.,0.));
#11696=VECTOR('',#11695,1.);
#11697=SURFACE_OF_LINEAR_EXTRUSION('',#11694,#11696);
#11698=ORIENTED_EDGE('',*,*,#11679,.T.);
#11699=ORIENTED_EDGE('',*,*,#10642,.T.);
#11700=CARTESIAN_POINT('',(50.861175649,118.129587024,42.904037873));
#11701=VERTEX_POINT('',#11700);
#11702=CARTESIAN_POINT('',(50.861175649,118.129587024,42.904037873));
#11703=DIRECTION('',(0.,1.,-0.));
#11704=VECTOR('',#11703,0.1);
#11705=LINE('',#11702,#11704);
#11706=EDGE_CURVE('',#11701,#10627,#11705,.T.);
#11707=ORIENTED_EDGE('',*,*,#11706,.F.);
#11708=CARTESIAN_POINT('',(50.735740404,118.129587024,43.223528319));
#11709=CARTESIAN_POINT('',(50.735740404,118.129587024,43.099672693));
#11710=CARTESIAN_POINT('',(50.777552153,118.129587024,42.993175878));
#11711=CARTESIAN_POINT('',(50.861175649,118.129587024,42.904037873));
#11712=B_SPLINE_CURVE_WITH_KNOTS('',3,(#11708,#11709,#11710,#11711),.UNSPECIFIED.,.F.,.F.,(4,4),(0.,1.),.UNSPECIFIED.);
#11713=EDGE_CURVE('',#11674,#11701,#11712,.T.);
#11714=ORIENTED_EDGE('',*,*,#11713,.F.);
#11715=EDGE_LOOP('',(#11698,#11699,#11707,#11714));
#11716=FACE_BOUND('',#11715,.T.);
#11717=ADVANCED_FACE('',(#11716),#11697,.T.);
#11718=CARTESIAN_POINT('',(50.861175649,118.129587024,42.904037873));
#11719=CARTESIAN_POINT('',(50.986525967,118.129587024,42.770330867));
#11720=CARTESIAN_POINT('',(51.186101339,118.129587024,42.770330867));
#11721=B_SPLINE_CURVE_WITH_KNOTS('',2,(#11718,#11719,#11720),.UNSPECIFIED.,.F.,.F.,(3,3),(0.,1.),.UNSPECIFIED.);
#11722=DIRECTION('',(-0.,-1.,0.));
#11723=VECTOR('',#11722,1.);
#11724=SURFACE_OF_LINEAR_EXTRUSION('',#11721,#11723);
#11725=ORIENTED_EDGE('',*,*,#11706,.T.);
#11726=ORIENTED_EDGE('',*,*,#10633,.T.);
#11727=CARTESIAN_POINT('',(51.186101339,118.129587024,42.770330867));
#11728=VERTEX_POINT('',#11727);
#11729=CARTESIAN_POINT('',(51.186101339,118.129587024,42.770330867));
#11730=DIRECTION('',(0.,1.,-0.));
#11731=VECTOR('',#11730,0.1);
#11732=LINE('',#11729,#11731);
#11733=EDGE_CURVE('',#11728,#10618,#11732,.T.);
#11734=ORIENTED_EDGE('',*,*,#11733,.F.);
#11735=CARTESIAN_POINT('',(50.861175649,118.129587024,42.904037873));
#11736=CARTESIAN_POINT('',(50.944742528,118.129587024,42.814899869));
#11737=CARTESIAN_POINT('',(51.053051091,118.129587024,42.770330867));
#11738=CARTESIAN_POINT('',(51.186101339,118.129587024,42.770330867));
#11739=B_SPLINE_CURVE_WITH_KNOTS('',3,(#11735,#11736,#11737,#11738),.UNSPECIFIED.,.F.,.F.,(4,4),(0.,1.),.UNSPECIFIED.);
#11740=EDGE_CURVE('',#11701,#11728,#11739,.T.);
#11741=ORIENTED_EDGE('',*,*,#11740,.F.);
#11742=EDGE_LOOP('',(#11725,#11726,#11734,#11741));
#11743=FACE_BOUND('',#11742,.T.);
#11744=ADVANCED_FACE('',(#11743),#11724,.T.);
#11745=CARTESIAN_POINT('',(51.186101339,118.129587024,42.770330867));
#11746=CARTESIAN_POINT('',(51.365209619,118.129587024,42.770330867));
#11747=CARTESIAN_POINT('',(51.477141678,118.129587024,42.897209848));
#11748=B_SPLINE_CURVE_WITH_KNOTS('',2,(#11745,#11746,#11747),.UNSPECIFIED.,.F.,.F.,(3,3),(0.,1.),.UNSPECIFIED.);
#11749=DIRECTION('',(-0.,-1.,0.));
#11750=VECTOR('',#11749,1.);
#11751=SURFACE_OF_LINEAR_EXTRUSION('',#11748,#11750);
#11752=ORIENTED_EDGE('',*,*,#11733,.T.);
#11753=ORIENTED_EDGE('',*,*,#10624,.T.);
#11754=CARTESIAN_POINT('',(51.477141678,118.129587024,42.897209848));
#11755=VERTEX_POINT('',#11754);
#11756=CARTESIAN_POINT('',(51.477141678,118.129587024,42.897209848));
#11757=DIRECTION('',(0.,1.,-0.));
#11758=VECTOR('',#11757,0.1);
#11759=LINE('',#11756,#11758);
#11760=EDGE_CURVE('',#11755,#10609,#11759,.T.);
#11761=ORIENTED_EDGE('',*,*,#11760,.F.);
#11762=CARTESIAN_POINT('',(51.186101339,118.129587024,42.770330867));
#11763=CARTESIAN_POINT('',(51.305506859,118.129587024,42.770330867));
#11764=CARTESIAN_POINT('',(51.402520305,118.129587024,42.812623861));
#11765=CARTESIAN_POINT('',(51.477141678,118.129587024,42.897209848));
#11766=B_SPLINE_CURVE_WITH_KNOTS('',3,(#11762,#11763,#11764,#11765),.UNSPECIFIED.,.F.,.F.,(4,4),(0.,1.),.UNSPECIFIED.);
#11767=EDGE_CURVE('',#11728,#11755,#11766,.T.);
#11768=ORIENTED_EDGE('',*,*,#11767,.F.);
#11769=EDGE_LOOP('',(#11752,#11753,#11761,#11768));
#11770=FACE_BOUND('',#11769,.T.);
#11771=ADVANCED_FACE('',(#11770),#11751,.T.);
#11772=CARTESIAN_POINT('',(51.477141678,118.129587024,42.897209848));
#11773=CARTESIAN_POINT('',(51.589073738,118.129587024,43.024088829));
#11774=CARTESIAN_POINT('',(51.589073738,118.129587024,43.215885007));
#11775=B_SPLINE_CURVE_WITH_KNOTS('',2,(#11772,#11773,#11774),.UNSPECIFIED.,.F.,.F.,(3,3),(0.,1.),.UNSPECIFIED.);
#11776=DIRECTION('',(-0.,-1.,0.));
#11777=VECTOR('',#11776,1.);
#11778=SURFACE_OF_LINEAR_EXTRUSION('',#11775,#11777);
#11779=ORIENTED_EDGE('',*,*,#11760,.T.);
#11780=ORIENTED_EDGE('',*,*,#10615,.T.);
#11781=CARTESIAN_POINT('',(51.589073738,118.129587024,43.215885007));
#11782=VERTEX_POINT('',#11781);
#11783=CARTESIAN_POINT('',(51.589073738,118.129587024,43.215885007));
#11784=DIRECTION('',(0.,1.,-0.));
#11785=VECTOR('',#11784,0.1);
#11786=LINE('',#11783,#11785);
#11787=EDGE_CURVE('',#11782,#10600,#11786,.T.);
#11788=ORIENTED_EDGE('',*,*,#11787,.F.);
#11789=CARTESIAN_POINT('',(51.477141678,118.129587024,42.897209848));
#11790=CARTESIAN_POINT('',(51.551763051,118.129587024,42.981795835));
#11791=CARTESIAN_POINT('',(51.589073738,118.129587024,43.088020888));
#11792=CARTESIAN_POINT('',(51.589073738,118.129587024,43.215885007));
#11793=B_SPLINE_CURVE_WITH_KNOTS('',3,(#11789,#11790,#11791,#11792),.UNSPECIFIED.,.F.,.F.,(4,4),(0.,1.),.UNSPECIFIED.);
#11794=EDGE_CURVE('',#11755,#11782,#11793,.T.);
#11795=ORIENTED_EDGE('',*,*,#11794,.F.);
#11796=EDGE_LOOP('',(#11779,#11780,#11788,#11795));
#11797=FACE_BOUND('',#11796,.T.);
#11798=ADVANCED_FACE('',(#11797),#11778,.T.);
#11799=CARTESIAN_POINT('',(51.589073738,118.129587024,43.215885007));
#11800=CARTESIAN_POINT('',(51.589073738,118.129587024,43.406050612));
#11801=CARTESIAN_POINT('',(51.477141678,118.129587024,43.528445517));
#11802=B_SPLINE_CURVE_WITH_KNOTS('',2,(#11799,#11800,#11801),.UNSPECIFIED.,.F.,.F.,(3,3),(0.,1.),.UNSPECIFIED.);
#11803=DIRECTION('',(-0.,-1.,0.));
#11804=VECTOR('',#11803,1.);
#11805=SURFACE_OF_LINEAR_EXTRUSION('',#11802,#11804);
#11806=ORIENTED_EDGE('',*,*,#11787,.T.);
#11807=ORIENTED_EDGE('',*,*,#10606,.T.);
#11808=CARTESIAN_POINT('',(51.477141678,118.129587024,43.528445517));
#11809=VERTEX_POINT('',#11808);
#11810=CARTESIAN_POINT('',(51.477141678,118.129587024,43.528445517));
#11811=DIRECTION('',(0.,1.,-0.));
#11812=VECTOR('',#11811,0.1);
#11813=LINE('',#11810,#11812);
#11814=EDGE_CURVE('',#11809,#10589,#11813,.T.);
#11815=ORIENTED_EDGE('',*,*,#11814,.F.);
#11816=CARTESIAN_POINT('',(51.589073738,118.129587024,43.215885007));
#11817=CARTESIAN_POINT('',(51.589073738,118.129587024,43.342662077));
#11818=CARTESIAN_POINT('',(51.551763051,118.129587024,43.446848914));
#11819=CARTESIAN_POINT('',(51.477141678,118.129587024,43.528445517));
#11820=B_SPLINE_CURVE_WITH_KNOTS('',3,(#11816,#11817,#11818,#11819),.UNSPECIFIED.,.F.,.F.,(4,4),(0.,1.),.UNSPECIFIED.);
#11821=EDGE_CURVE('',#11782,#11809,#11820,.T.);
#11822=ORIENTED_EDGE('',*,*,#11821,.F.);
#11823=EDGE_LOOP('',(#11806,#11807,#11815,#11822));
#11824=FACE_BOUND('',#11823,.T.);
#11825=ADVANCED_FACE('',(#11824),#11805,.T.);
#11826=CARTESIAN_POINT('',(51.477141678,118.129587024,43.528445517));
#11827=CARTESIAN_POINT('',(51.365209619,118.129587024,43.650840421));
#11828=CARTESIAN_POINT('',(51.166908133,118.129587024,43.650840421));
#11829=B_SPLINE_CURVE_WITH_KNOTS('',2,(#11826,#11827,#11828),.UNSPECIFIED.,.F.,.F.,(3,3),(0.,1.),.UNSPECIFIED.);
#11830=DIRECTION('',(-0.,-1.,0.));
#11831=VECTOR('',#11830,1.);
#11832=SURFACE_OF_LINEAR_EXTRUSION('',#11829,#11831);
#11833=ORIENTED_EDGE('',*,*,#11814,.T.);
#11834=ORIENTED_EDGE('',*,*,#10597,.T.);
#11835=ORIENTED_EDGE('',*,*,#11643,.F.);
#11836=CARTESIAN_POINT('',(51.477141678,118.129587024,43.528445517));
#11837=CARTESIAN_POINT('',(51.402520305,118.129587024,43.61004212));
#11838=CARTESIAN_POINT('',(51.299109123,118.129587024,43.650840421));
#11839=CARTESIAN_POINT('',(51.166908133,118.129587024,43.650840421));
#11840=B_SPLINE_CURVE_WITH_KNOTS('',3,(#11836,#11837,#11838,#11839),.UNSPECIFIED.,.F.,.F.,(4,4),(0.,1.),.UNSPECIFIED.);
#11841=EDGE_CURVE('',#11809,#11638,#11840,.T.);
#11842=ORIENTED_EDGE('',*,*,#11841,.F.);
#11843=EDGE_LOOP('',(#11833,#11834,#11835,#11842));
#11844=FACE_BOUND('',#11843,.T.);
#11845=ADVANCED_FACE('',(#11844),#11832,.T.);
#11846=CARTESIAN_POINT('',(51.166908133,118.129587024,45.392292651));
#11847=CARTESIAN_POINT('',(50.968606646,118.129587024,45.392292651));
#11848=CARTESIAN_POINT('',(50.852173525,118.129587024,45.268470995));
#11849=B_SPLINE_CURVE_WITH_KNOTS('',2,(#11846,#11847,#11848),.UNSPECIFIED.,.F.,.F.,(3,3),(0.,1.),.UNSPECIFIED.);
#11850=DIRECTION('',(-0.,-1.,0.));
#11851=VECTOR('',#11850,1.);
#11852=SURFACE_OF_LINEAR_EXTRUSION('',#11849,#11851);
#11853=CARTESIAN_POINT('',(51.166908133,118.129587024,45.392292651));
#11854=VERTEX_POINT('',#11853);
#11855=CARTESIAN_POINT('',(51.166908133,118.129587024,45.392292651));
#11856=DIRECTION('',(0.,1.,-0.));
#11857=VECTOR('',#11856,0.1);
#11858=LINE('',#11855,#11857);
#11859=EDGE_CURVE('',#11854,#10695,#11858,.T.);
#11860=ORIENTED_EDGE('',*,*,#11859,.T.);
#11861=ORIENTED_EDGE('',*,*,#10762,.T.);
#11862=CARTESIAN_POINT('',(50.852173525,118.129587024,45.268470995));
#11863=VERTEX_POINT('',#11862);
#11864=CARTESIAN_POINT('',(50.852173525,118.129587024,45.268470995));
#11865=DIRECTION('',(0.,1.,-0.));
#11866=VECTOR('',#11865,0.1);
#11867=LINE('',#11864,#11866);
#11868=EDGE_CURVE('',#11863,#10749,#11867,.T.);
#11869=ORIENTED_EDGE('',*,*,#11868,.F.);
#11870=CARTESIAN_POINT('',(51.166908133,118.129587024,45.392292651));
#11871=CARTESIAN_POINT('',(51.034707142,118.129587024,45.392292651));
#11872=CARTESIAN_POINT('',(50.929795606,118.129587024,45.351018765));
#11873=CARTESIAN_POINT('',(50.852173525,118.129587024,45.268470995));
#11874=B_SPLINE_CURVE_WITH_KNOTS('',3,(#11870,#11871,#11872,#11873),.UNSPECIFIED.,.F.,.F.,(4,4),(0.,1.),.UNSPECIFIED.);
#11875=EDGE_CURVE('',#11854,#11863,#11874,.T.);
#11876=ORIENTED_EDGE('',*,*,#11875,.F.);
#11877=EDGE_LOOP('',(#11860,#11861,#11869,#11876));
#11878=FACE_BOUND('',#11877,.T.);
#11879=ADVANCED_FACE('',(#11878),#11852,.T.);
#11880=CARTESIAN_POINT('',(50.852173525,118.129587024,45.268470995));
#11881=CARTESIAN_POINT('',(50.735740404,118.129587024,45.144649338));
#11882=CARTESIAN_POINT('',(50.735740404,118.129587024,44.964980549));
#11883=B_SPLINE_CURVE_WITH_KNOTS('',2,(#11880,#11881,#11882),.UNSPECIFIED.,.F.,.F.,(3,3),(0.,1.),.UNSPECIFIED.);
#11884=DIRECTION('',(-0.,-1.,0.));
#11885=VECTOR('',#11884,1.);
#11886=SURFACE_OF_LINEAR_EXTRUSION('',#11883,#11885);
#11887=ORIENTED_EDGE('',*,*,#11868,.T.);
#11888=ORIENTED_EDGE('',*,*,#10755,.T.);
#11889=CARTESIAN_POINT('',(50.735740404,118.129587024,44.964980549));
#11890=VERTEX_POINT('',#11889);
#11891=CARTESIAN_POINT('',(50.735740404,118.129587024,44.964980549));
#11892=DIRECTION('',(0.,1.,-0.));
#11893=VECTOR('',#11892,0.1);
#11894=LINE('',#11891,#11893);
#11895=EDGE_CURVE('',#11890,#10740,#11894,.T.);
#11896=ORIENTED_EDGE('',*,*,#11895,.F.);
#11897=CARTESIAN_POINT('',(50.852173525,118.129587024,45.268470995));
#11898=CARTESIAN_POINT('',(50.774551445,118.129587024,45.185923224));
#11899=CARTESIAN_POINT('',(50.735740404,118.129587024,45.084759742));
#11900=CARTESIAN_POINT('',(50.735740404,118.129587024,44.964980549));
#11901=B_SPLINE_CURVE_WITH_KNOTS('',3,(#11897,#11898,#11899,#11900),.UNSPECIFIED.,.F.,.F.,(4,4),(0.,1.),.UNSPECIFIED.);
#11902=EDGE_CURVE('',#11863,#11890,#11901,.T.);
#11903=ORIENTED_EDGE('',*,*,#11902,.F.);
#11904=EDGE_LOOP('',(#11887,#11888,#11896,#11903));
#11905=FACE_BOUND('',#11904,.T.);
#11906=ADVANCED_FACE('',(#11905),#11886,.T.);
#11907=CARTESIAN_POINT('',(50.735740404,118.129587024,44.964980549));
#11908=CARTESIAN_POINT('',(50.735740404,118.129587024,44.779197109));
#11909=CARTESIAN_POINT('',(50.861175649,118.129587024,44.645490103));
#11910=B_SPLINE_CURVE_WITH_KNOTS('',2,(#11907,#11908,#11909),.UNSPECIFIED.,.F.,.F.,(3,3),(0.,1.),.UNSPECIFIED.);
#11911=DIRECTION('',(-0.,-1.,0.));
#11912=VECTOR('',#11911,1.);
#11913=SURFACE_OF_LINEAR_EXTRUSION('',#11910,#11912);
#11914=ORIENTED_EDGE('',*,*,#11895,.T.);
#11915=ORIENTED_EDGE('',*,*,#10746,.T.);
#11916=CARTESIAN_POINT('',(50.861175649,118.129587024,44.645490103));
#11917=VERTEX_POINT('',#11916);
#11918=CARTESIAN_POINT('',(50.861175649,118.129587024,44.645490103));
#11919=DIRECTION('',(0.,1.,-0.));
#11920=VECTOR('',#11919,0.1);
#11921=LINE('',#11918,#11920);
#11922=EDGE_CURVE('',#11917,#10731,#11921,.T.);
#11923=ORIENTED_EDGE('',*,*,#11922,.F.);
#11924=CARTESIAN_POINT('',(50.735740404,118.129587024,44.964980549));
#11925=CARTESIAN_POINT('',(50.735740404,118.129587024,44.841124922));
#11926=CARTESIAN_POINT('',(50.777552153,118.129587024,44.734628107));
#11927=CARTESIAN_POINT('',(50.861175649,118.129587024,44.645490103));
#11928=B_SPLINE_CURVE_WITH_KNOTS('',3,(#11924,#11925,#11926,#11927),.UNSPECIFIED.,.F.,.F.,(4,4),(0.,1.),.UNSPECIFIED.);
#11929=EDGE_CURVE('',#11890,#11917,#11928,.T.);
#11930=ORIENTED_EDGE('',*,*,#11929,.F.);
#11931=EDGE_LOOP('',(#11914,#11915,#11923,#11930));
#11932=FACE_BOUND('',#11931,.T.);
#11933=ADVANCED_FACE('',(#11932),#11913,.T.);
#11934=CARTESIAN_POINT('',(50.861175649,118.129587024,44.645490103));
#11935=CARTESIAN_POINT('',(50.986525967,118.129587024,44.511783096));
#11936=CARTESIAN_POINT('',(51.186101339,118.129587024,44.511783096));
#11937=B_SPLINE_CURVE_WITH_KNOTS('',2,(#11934,#11935,#11936),.UNSPECIFIED.,.F.,.F.,(3,3),(0.,1.),.UNSPECIFIED.);
#11938=DIRECTION('',(-0.,-1.,0.));
#11939=VECTOR('',#11938,1.);
#11940=SURFACE_OF_LINEAR_EXTRUSION('',#11937,#11939);
#11941=ORIENTED_EDGE('',*,*,#11922,.T.);
#11942=ORIENTED_EDGE('',*,*,#10737,.T.);
#11943=CARTESIAN_POINT('',(51.186101339,118.129587024,44.511783096));
#11944=VERTEX_POINT('',#11943);
#11945=CARTESIAN_POINT('',(51.186101339,118.129587024,44.511783096));
#11946=DIRECTION('',(0.,1.,-0.));
#11947=VECTOR('',#11946,0.1);
#11948=LINE('',#11945,#11947);
#11949=EDGE_CURVE('',#11944,#10722,#11948,.T.);
#11950=ORIENTED_EDGE('',*,*,#11949,.F.);
#11951=CARTESIAN_POINT('',(50.861175649,118.129587024,44.645490103));
#11952=CARTESIAN_POINT('',(50.944742528,118.129587024,44.556352099));
#11953=CARTESIAN_POINT('',(51.053051091,118.129587024,44.511783096));
#11954=CARTESIAN_POINT('',(51.186101339,118.129587024,44.511783096));
#11955=B_SPLINE_CURVE_WITH_KNOTS('',3,(#11951,#11952,#11953,#11954),.UNSPECIFIED.,.F.,.F.,(4,4),(0.,1.),.UNSPECIFIED.);
#11956=EDGE_CURVE('',#11917,#11944,#11955,.T.);
#11957=ORIENTED_EDGE('',*,*,#11956,.F.);
#11958=EDGE_LOOP('',(#11941,#11942,#11950,#11957));
#11959=FACE_BOUND('',#11958,.T.);
#11960=ADVANCED_FACE('',(#11959),#11940,.T.);
#11961=CARTESIAN_POINT('',(51.186101339,118.129587024,44.511783096));
#11962=CARTESIAN_POINT('',(51.365209619,118.129587024,44.511783096));
#11963=CARTESIAN_POINT('',(51.477141678,118.129587024,44.638662077));
#11964=B_SPLINE_CURVE_WITH_KNOTS('',2,(#11961,#11962,#11963),.UNSPECIFIED.,.F.,.F.,(3,3),(0.,1.),.UNSPECIFIED.);
#11965=DIRECTION('',(-0.,-1.,0.));
#11966=VECTOR('',#11965,1.);
#11967=SURFACE_OF_LINEAR_EXTRUSION('',#11964,#11966);
#11968=ORIENTED_EDGE('',*,*,#11949,.T.);
#11969=ORIENTED_EDGE('',*,*,#10728,.T.);
#11970=CARTESIAN_POINT('',(51.477141678,118.129587024,44.638662077));
#11971=VERTEX_POINT('',#11970);
#11972=CARTESIAN_POINT('',(51.477141678,118.129587024,44.638662077));
#11973=DIRECTION('',(0.,1.,-0.));
#11974=VECTOR('',#11973,0.1);
#11975=LINE('',#11972,#11974);
#11976=EDGE_CURVE('',#11971,#10713,#11975,.T.);
#11977=ORIENTED_EDGE('',*,*,#11976,.F.);
#11978=CARTESIAN_POINT('',(51.186101339,118.129587024,44.511783096));
#11979=CARTESIAN_POINT('',(51.305506859,118.129587024,44.511783096));
#11980=CARTESIAN_POINT('',(51.402520305,118.129587024,44.55407609));
#11981=CARTESIAN_POINT('',(51.477141678,118.129587024,44.638662077));
#11982=B_SPLINE_CURVE_WITH_KNOTS('',3,(#11978,#11979,#11980,#11981),.UNSPECIFIED.,.F.,.F.,(4,4),(0.,1.),.UNSPECIFIED.);
#11983=EDGE_CURVE('',#11944,#11971,#11982,.T.);
#11984=ORIENTED_EDGE('',*,*,#11983,.F.);
#11985=EDGE_LOOP('',(#11968,#11969,#11977,#11984));
#11986=FACE_BOUND('',#11985,.T.);
#11987=ADVANCED_FACE('',(#11986),#11967,.T.);
#11988=CARTESIAN_POINT('',(51.477141678,118.129587024,44.638662077));
#11989=CARTESIAN_POINT('',(51.589073738,118.129587024,44.765541058));
#11990=CARTESIAN_POINT('',(51.589073738,118.129587024,44.957337237));
#11991=B_SPLINE_CURVE_WITH_KNOTS('',2,(#11988,#11989,#11990),.UNSPECIFIED.,.F.,.F.,(3,3),(0.,1.),.UNSPECIFIED.);
#11992=DIRECTION('',(-0.,-1.,0.));
#11993=VECTOR('',#11992,1.);
#11994=SURFACE_OF_LINEAR_EXTRUSION('',#11991,#11993);
#11995=ORIENTED_EDGE('',*,*,#11976,.T.);
#11996=ORIENTED_EDGE('',*,*,#10719,.T.);
#11997=CARTESIAN_POINT('',(51.589073738,118.129587024,44.957337237));
#11998=VERTEX_POINT('',#11997);
#11999=CARTESIAN_POINT('',(51.589073738,118.129587024,44.957337237));
#12000=DIRECTION('',(0.,1.,-0.));
#12001=VECTOR('',#12000,0.1);
#12002=LINE('',#11999,#12001);
#12003=EDGE_CURVE('',#11998,#10704,#12002,.T.);
#12004=ORIENTED_EDGE('',*,*,#12003,.F.);
#12005=CARTESIAN_POINT('',(51.477141678,118.129587024,44.638662077));
#12006=CARTESIAN_POINT('',(51.551763051,118.129587024,44.723248065));
#12007=CARTESIAN_POINT('',(51.589073738,118.129587024,44.829473118));
#12008=CARTESIAN_POINT('',(51.589073738,118.129587024,44.957337237));
#12009=B_SPLINE_CURVE_WITH_KNOTS('',3,(#12005,#12006,#12007,#12008),.UNSPECIFIED.,.F.,.F.,(4,4),(0.,1.),.UNSPECIFIED.);
#12010=EDGE_CURVE('',#11971,#11998,#12009,.T.);
#12011=ORIENTED_EDGE('',*,*,#12010,.F.);
#12012=EDGE_LOOP('',(#11995,#11996,#12004,#12011));
#12013=FACE_BOUND('',#12012,.T.);
#12014=ADVANCED_FACE('',(#12013),#11994,.T.);
#12015=CARTESIAN_POINT('',(51.589073738,118.129587024,44.957337237));
#12016=CARTESIAN_POINT('',(51.589073738,118.129587024,45.147502842));
#12017=CARTESIAN_POINT('',(51.477141678,118.129587024,45.269897746));
#12018=B_SPLINE_CURVE_WITH_KNOTS('',2,(#12015,#12016,#12017),.UNSPECIFIED.,.F.,.F.,(3,3),(0.,1.),.UNSPECIFIED.);
#12019=DIRECTION('',(-0.,-1.,0.));
#12020=VECTOR('',#12019,1.);
#12021=SURFACE_OF_LINEAR_EXTRUSION('',#12018,#12020);
#12022=ORIENTED_EDGE('',*,*,#12003,.T.);
#12023=ORIENTED_EDGE('',*,*,#10710,.T.);
#12024=CARTESIAN_POINT('',(51.477141678,118.129587024,45.269897746));
#12025=VERTEX_POINT('',#12024);
#12026=CARTESIAN_POINT('',(51.477141678,118.129587024,45.269897746));
#12027=DIRECTION('',(0.,1.,-0.));
#12028=VECTOR('',#12027,0.1);
#12029=LINE('',#12026,#12028);
#12030=EDGE_CURVE('',#12025,#10693,#12029,.T.);
#12031=ORIENTED_EDGE('',*,*,#12030,.F.);
#12032=CARTESIAN_POINT('',(51.589073738,118.129587024,44.957337237));
#12033=CARTESIAN_POINT('',(51.589073738,118.129587024,45.084114307));
#12034=CARTESIAN_POINT('',(51.551763051,118.129587024,45.188301143));
#12035=CARTESIAN_POINT('',(51.477141678,118.129587024,45.269897746));
#12036=B_SPLINE_CURVE_WITH_KNOTS('',3,(#12032,#12033,#12034,#12035),.UNSPECIFIED.,.F.,.F.,(4,4),(0.,1.),.UNSPECIFIED.);
#12037=EDGE_CURVE('',#11998,#12025,#12036,.T.);
#12038=ORIENTED_EDGE('',*,*,#12037,.F.);
#12039=EDGE_LOOP('',(#12022,#12023,#12031,#12038));
#12040=FACE_BOUND('',#12039,.T.);
#12041=ADVANCED_FACE('',(#12040),#12021,.T.);
#12042=CARTESIAN_POINT('',(51.477141678,118.129587024,45.269897746));
#12043=CARTESIAN_POINT('',(51.365209619,118.129587024,45.392292651));
#12044=CARTESIAN_POINT('',(51.166908133,118.129587024,45.392292651));
#12045=B_SPLINE_CURVE_WITH_KNOTS('',2,(#12042,#12043,#12044),.UNSPECIFIED.,.F.,.F.,(3,3),(0.,1.),.UNSPECIFIED.);
#12046=DIRECTION('',(-0.,-1.,0.));
#12047=VECTOR('',#12046,1.);
#12048=SURFACE_OF_LINEAR_EXTRUSION('',#12045,#12047);
#12049=ORIENTED_EDGE('',*,*,#12030,.T.);
#12050=ORIENTED_EDGE('',*,*,#10701,.T.);
#12051=ORIENTED_EDGE('',*,*,#11859,.F.);
#12052=CARTESIAN_POINT('',(51.477141678,118.129587024,45.269897746));
#12053=CARTESIAN_POINT('',(51.402520305,118.129587024,45.351494349));
#12054=CARTESIAN_POINT('',(51.299109123,118.129587024,45.392292651));
#12055=CARTESIAN_POINT('',(51.166908133,118.129587024,45.392292651));
#12056=B_SPLINE_CURVE_WITH_KNOTS('',3,(#12052,#12053,#12054,#12055),.UNSPECIFIED.,.F.,.F.,(4,4),(0.,1.),.UNSPECIFIED.);
#12057=EDGE_CURVE('',#12025,#11854,#12056,.T.);
#12058=ORIENTED_EDGE('',*,*,#12057,.F.);
#12059=EDGE_LOOP('',(#12049,#12050,#12051,#12058));
#12060=FACE_BOUND('',#12059,.T.);
#12061=ADVANCED_FACE('',(#12060),#12048,.T.);
#12062=CARTESIAN_POINT('',(51.816589661,118.129587024,46.279324498));
#12063=CARTESIAN_POINT('',(51.935995182,118.129587024,46.279324498));
#12064=CARTESIAN_POINT('',(52.045124693,118.129587024,46.339553797));
#12065=B_SPLINE_CURVE_WITH_KNOTS('',2,(#12062,#12063,#12064),.UNSPECIFIED.,.F.,.F.,(3,3),(0.,1.),.UNSPECIFIED.);
#12066=DIRECTION('',(-0.,-1.,0.));
#12067=VECTOR('',#12066,1.);
#12068=SURFACE_OF_LINEAR_EXTRUSION('',#12065,#12067);
#12069=CARTESIAN_POINT('',(51.816589661,118.129587024,46.279324498));
#12070=VERTEX_POINT('',#12069);
#12071=CARTESIAN_POINT('',(51.816589661,118.129587024,46.279324498));
#12072=DIRECTION('',(0.,1.,-0.));
#12073=VECTOR('',#12072,0.1);
#12074=LINE('',#12071,#12073);
#12075=EDGE_CURVE('',#12070,#10796,#12074,.T.);
#12076=ORIENTED_EDGE('',*,*,#12075,.T.);
#12077=ORIENTED_EDGE('',*,*,#10872,.T.);
#12078=CARTESIAN_POINT('',(52.045124693,118.129587024,46.339553797));
#12079=VERTEX_POINT('',#12078);
#12080=CARTESIAN_POINT('',(52.045124693,118.129587024,46.339553797));
#12081=DIRECTION('',(0.,1.,-0.));
#12082=VECTOR('',#12081,0.1);
#12083=LINE('',#12080,#12082);
#12084=EDGE_CURVE('',#12079,#10859,#12083,.T.);
#12085=ORIENTED_EDGE('',*,*,#12084,.F.);
#12086=CARTESIAN_POINT('',(51.816589661,118.129587024,46.279324498));
#12087=CARTESIAN_POINT('',(51.896193341,118.129587024,46.279324498));
#12088=CARTESIAN_POINT('',(51.972371685,118.129587024,46.299400931));
#12089=CARTESIAN_POINT('',(52.045124693,118.129587024,46.339553797));
#12090=B_SPLINE_CURVE_WITH_KNOTS('',3,(#12086,#12087,#12088,#12089),.UNSPECIFIED.,.F.,.F.,(4,4),(0.,1.),.UNSPECIFIED.);
#12091=EDGE_CURVE('',#12070,#12079,#12090,.T.);
#12092=ORIENTED_EDGE('',*,*,#12091,.F.);
#12093=EDGE_LOOP('',(#12076,#12077,#12085,#12092));
#12094=FACE_BOUND('',#12093,.T.);
#12095=ADVANCED_FACE('',(#12094),#12068,.T.);
#12096=CARTESIAN_POINT('',(52.045124693,118.129587024,46.339553797));
#12097=CARTESIAN_POINT('',(52.154254205,118.129587024,46.399885007));
#12098=CARTESIAN_POINT('',(52.211409194,118.129587024,46.506585644));
#12099=B_SPLINE_CURVE_WITH_KNOTS('',2,(#12096,#12097,#12098),.UNSPECIFIED.,.F.,.F.,(3,3),(0.,1.),.UNSPECIFIED.);
#12100=DIRECTION('',(-0.,-1.,0.));
#12101=VECTOR('',#12100,1.);
#12102=SURFACE_OF_LINEAR_EXTRUSION('',#12099,#12101);
#12103=ORIENTED_EDGE('',*,*,#12084,.T.);
#12104=ORIENTED_EDGE('',*,*,#10865,.T.);
#12105=CARTESIAN_POINT('',(52.211409194,118.129587024,46.506585644));
#12106=VERTEX_POINT('',#12105);
#12107=CARTESIAN_POINT('',(52.211409194,118.129587024,46.506585644));
#12108=DIRECTION('',(0.,1.,-0.));
#12109=VECTOR('',#12108,0.1);
#12110=LINE('',#12107,#12109);
#12111=EDGE_CURVE('',#12106,#10850,#12110,.T.);
#12112=ORIENTED_EDGE('',*,*,#12111,.F.);
#12113=CARTESIAN_POINT('',(52.045124693,118.129587024,46.339553797));
#12114=CARTESIAN_POINT('',(52.117877701,118.129587024,46.379774604));
#12115=CARTESIAN_POINT('',(52.173305868,118.129587024,46.435451886));
#12116=CARTESIAN_POINT('',(52.211409194,118.129587024,46.506585644));
#12117=B_SPLINE_CURVE_WITH_KNOTS('',3,(#12113,#12114,#12115,#12116),.UNSPECIFIED.,.F.,.F.,(4,4),(0.,1.),.UNSPECIFIED.);
#12118=EDGE_CURVE('',#12079,#12106,#12117,.T.);
#12119=ORIENTED_EDGE('',*,*,#12118,.F.);
#12120=EDGE_LOOP('',(#12103,#12104,#12112,#12119));
#12121=FACE_BOUND('',#12120,.T.);
#12122=ADVANCED_FACE('',(#12121),#12102,.T.);
#12123=CARTESIAN_POINT('',(52.211409194,118.129587024,46.506585644));
#12124=CARTESIAN_POINT('',(52.268479258,118.129587024,46.613286281));
#12125=CARTESIAN_POINT('',(52.268479258,118.129587024,46.735579275));
#12126=B_SPLINE_CURVE_WITH_KNOTS('',2,(#12123,#12124,#12125),.UNSPECIFIED.,.F.,.F.,(3,3),(0.,1.),.UNSPECIFIED.);
#12127=DIRECTION('',(-0.,-1.,0.));
#12128=VECTOR('',#12127,1.);
#12129=SURFACE_OF_LINEAR_EXTRUSION('',#12126,#12128);
#12130=ORIENTED_EDGE('',*,*,#12111,.T.);
#12131=ORIENTED_EDGE('',*,*,#10856,.T.);
#12132=CARTESIAN_POINT('',(52.268479258,118.129587024,46.735579275));
#12133=VERTEX_POINT('',#12132);
#12134=CARTESIAN_POINT('',(52.268479258,118.129587024,46.735579275));
#12135=DIRECTION('',(0.,1.,-0.));
#12136=VECTOR('',#12135,0.1);
#12137=LINE('',#12134,#12136);
#12138=EDGE_CURVE('',#12133,#10841,#12137,.T.);
#12139=ORIENTED_EDGE('',*,*,#12138,.F.);
#12140=CARTESIAN_POINT('',(52.211409194,118.129587024,46.506585644));
#12141=CARTESIAN_POINT('',(52.249455903,118.129587024,46.577719402));
#12142=CARTESIAN_POINT('',(52.268479258,118.129587024,46.654050612));
#12143=CARTESIAN_POINT('',(52.268479258,118.129587024,46.735579275));
#12144=B_SPLINE_CURVE_WITH_KNOTS('',3,(#12140,#12141,#12142,#12143),.UNSPECIFIED.,.F.,.F.,(4,4),(0.,1.),.UNSPECIFIED.);
#12145=EDGE_CURVE('',#12106,#12133,#12144,.T.);
#12146=ORIENTED_EDGE('',*,*,#12145,.F.);
#12147=EDGE_LOOP('',(#12130,#12131,#12139,#12146));
#12148=FACE_BOUND('',#12147,.T.);
#12149=ADVANCED_FACE('',(#12148),#12129,.T.);
#12150=CARTESIAN_POINT('',(52.268479258,118.129587024,46.735579275));
#12151=CARTESIAN_POINT('',(52.268479258,118.129587024,46.912802205));
#12152=CARTESIAN_POINT('',(52.150432549,118.129587024,47.036318128));
#12153=B_SPLINE_CURVE_WITH_KNOTS('',2,(#12150,#12151,#12152),.UNSPECIFIED.,.F.,.F.,(3,3),(0.,1.),.UNSPECIFIED.);
#12154=DIRECTION('',(-0.,-1.,0.));
#12155=VECTOR('',#12154,1.);
#12156=SURFACE_OF_LINEAR_EXTRUSION('',#12153,#12155);
#12157=ORIENTED_EDGE('',*,*,#12138,.T.);
#12158=ORIENTED_EDGE('',*,*,#10847,.T.);
#12159=CARTESIAN_POINT('',(52.150432549,118.129587024,47.036318128));
#12160=VERTEX_POINT('',#12159);
#12161=CARTESIAN_POINT('',(52.150432549,118.129587024,47.036318128));
#12162=DIRECTION('',(0.,1.,-0.));
#12163=VECTOR('',#12162,0.1);
#12164=LINE('',#12161,#12163);
#12165=EDGE_CURVE('',#12160,#10832,#12164,.T.);
#12166=ORIENTED_EDGE('',*,*,#12165,.F.);
#12167=CARTESIAN_POINT('',(52.268479258,118.129587024,46.735579275));
#12168=CARTESIAN_POINT('',(52.268479258,118.129587024,46.853727895));
#12169=CARTESIAN_POINT('',(52.229130355,118.129587024,46.953974179));
#12170=CARTESIAN_POINT('',(52.150432549,118.129587024,47.036318128));
#12171=B_SPLINE_CURVE_WITH_KNOTS('',3,(#12167,#12168,#12169,#12170),.UNSPECIFIED.,.F.,.F.,(4,4),(0.,1.),.UNSPECIFIED.);
#12172=EDGE_CURVE('',#12133,#12160,#12171,.T.);
#12173=ORIENTED_EDGE('',*,*,#12172,.F.);
#12174=EDGE_LOOP('',(#12157,#12158,#12166,#12173));
#12175=FACE_BOUND('',#12174,.T.);
#12176=ADVANCED_FACE('',(#12175),#12156,.T.);
#12177=CARTESIAN_POINT('',(52.150432549,118.129587024,47.036318128));
#12178=CARTESIAN_POINT('',(52.032300914,118.129587024,47.159834052));
#12179=CARTESIAN_POINT('',(51.829498366,118.129587024,47.159834052));
#12180=B_SPLINE_CURVE_WITH_KNOTS('',2,(#12177,#12178,#12179),.UNSPECIFIED.,.F.,.F.,(3,3),(0.,1.),.UNSPECIFIED.);
#12181=DIRECTION('',(-0.,-1.,0.));
#12182=VECTOR('',#12181,1.);
#12183=SURFACE_OF_LINEAR_EXTRUSION('',#12180,#12182);
#12184=ORIENTED_EDGE('',*,*,#12165,.T.);
#12185=ORIENTED_EDGE('',*,*,#10838,.T.);
#12186=CARTESIAN_POINT('',(51.829498366,118.129587024,47.159834052));
#12187=VERTEX_POINT('',#12186);
#12188=CARTESIAN_POINT('',(51.829498366,118.129587024,47.159834052));
#12189=DIRECTION('',(0.,1.,-0.));
#12190=VECTOR('',#12189,0.1);
#12191=LINE('',#12188,#12190);
#12192=EDGE_CURVE('',#12187,#10823,#12191,.T.);
#12193=ORIENTED_EDGE('',*,*,#12192,.F.);
#12194=CARTESIAN_POINT('',(52.150432549,118.129587024,47.036318128));
#12195=CARTESIAN_POINT('',(52.071678126,118.129587024,47.118662077));
#12196=CARTESIAN_POINT('',(51.964700065,118.129587024,47.159834052));
#12197=CARTESIAN_POINT('',(51.829498366,118.129587024,47.159834052));
#12198=B_SPLINE_CURVE_WITH_KNOTS('',3,(#12194,#12195,#12196,#12197),.UNSPECIFIED.,.F.,.F.,(4,4),(0.,1.),.UNSPECIFIED.);
#12199=EDGE_CURVE('',#12160,#12187,#12198,.T.);
#12200=ORIENTED_EDGE('',*,*,#12199,.F.);
#12201=EDGE_LOOP('',(#12184,#12185,#12193,#12200));
#12202=FACE_BOUND('',#12201,.T.);
#12203=ADVANCED_FACE('',(#12202),#12183,.T.);
#12204=CARTESIAN_POINT('',(51.829498366,118.129587024,47.159834052));
#12205=CARTESIAN_POINT('',(51.634339131,118.129587024,47.159834052));
#12206=CARTESIAN_POINT('',(51.522067368,118.129587024,47.037846791));
#12207=B_SPLINE_CURVE_WITH_KNOTS('',2,(#12204,#12205,#12206),.UNSPECIFIED.,.F.,.F.,(3,3),(0.,1.),.UNSPECIFIED.);
#12208=DIRECTION('',(-0.,-1.,0.));
#12209=VECTOR('',#12208,1.);
#12210=SURFACE_OF_LINEAR_EXTRUSION('',#12207,#12209);
#12211=ORIENTED_EDGE('',*,*,#12192,.T.);
#12212=ORIENTED_EDGE('',*,*,#10829,.T.);
#12213=CARTESIAN_POINT('',(51.522067368,118.129587024,47.037846791));
#12214=VERTEX_POINT('',#12213);
#12215=CARTESIAN_POINT('',(51.522067368,118.129587024,47.037846791));
#12216=DIRECTION('',(0.,1.,-0.));
#12217=VECTOR('',#12216,0.1);
#12218=LINE('',#12215,#12217);
#12219=EDGE_CURVE('',#12214,#10814,#12218,.T.);
#12220=ORIENTED_EDGE('',*,*,#12219,.F.);
#12221=CARTESIAN_POINT('',(51.829498366,118.129587024,47.159834052));
#12222=CARTESIAN_POINT('',(51.699392209,118.129587024,47.159834052));
#12223=CARTESIAN_POINT('',(51.59691521,118.129587024,47.119171631));
#12224=CARTESIAN_POINT('',(51.522067368,118.129587024,47.037846791));
#12225=B_SPLINE_CURVE_WITH_KNOTS('',3,(#12221,#12222,#12223,#12224),.UNSPECIFIED.,.F.,.F.,(4,4),(0.,1.),.UNSPECIFIED.);
#12226=EDGE_CURVE('',#12187,#12214,#12225,.T.);
#12227=ORIENTED_EDGE('',*,*,#12226,.F.);
#12228=EDGE_LOOP('',(#12211,#12212,#12220,#12227));
#12229=FACE_BOUND('',#12228,.T.);
#12230=ADVANCED_FACE('',(#12229),#12210,.T.);
#12231=CARTESIAN_POINT('',(51.522067368,118.129587024,47.037846791));
#12232=CARTESIAN_POINT('',(51.40971068,118.129587024,46.91585953));
#12233=CARTESIAN_POINT('',(51.40971068,118.129587024,46.724878638));
#12234=B_SPLINE_CURVE_WITH_KNOTS('',2,(#12231,#12232,#12233),.UNSPECIFIED.,.F.,.F.,(3,3),(0.,1.),.UNSPECIFIED.);
#12235=DIRECTION('',(-0.,-1.,0.));
#12236=VECTOR('',#12235,1.);
#12237=SURFACE_OF_LINEAR_EXTRUSION('',#12234,#12236);
#12238=ORIENTED_EDGE('',*,*,#12219,.T.);
#12239=ORIENTED_EDGE('',*,*,#10820,.T.);
#12240=CARTESIAN_POINT('',(51.40971068,118.129587024,46.724878638));
#12241=VERTEX_POINT('',#12240);
#12242=CARTESIAN_POINT('',(51.40971068,118.129587024,46.724878638));
#12243=DIRECTION('',(0.,1.,-0.));
#12244=VECTOR('',#12243,0.1);
#12245=LINE('',#12242,#12244);
#12246=EDGE_CURVE('',#12241,#10805,#12245,.T.);
#12247=ORIENTED_EDGE('',*,*,#12246,.F.);
#12248=CARTESIAN_POINT('',(51.522067368,118.129587024,47.037846791));
#12249=CARTESIAN_POINT('',(51.44716291,118.129587024,46.95652195));
#12250=CARTESIAN_POINT('',(51.40971068,118.129587024,46.852199232));
#12251=CARTESIAN_POINT('',(51.40971068,118.129587024,46.724878638));
#12252=B_SPLINE_CURVE_WITH_KNOTS('',3,(#12248,#12249,#12250,#12251),.UNSPECIFIED.,.F.,.F.,(4,4),(0.,1.),.UNSPECIFIED.);
#12253=EDGE_CURVE('',#12214,#12241,#12252,.T.);
#12254=ORIENTED_EDGE('',*,*,#12253,.F.);
#12255=EDGE_LOOP('',(#12238,#12239,#12247,#12254));
#12256=FACE_BOUND('',#12255,.T.);
#12257=ADVANCED_FACE('',(#12256),#12237,.T.);
#12258=CARTESIAN_POINT('',(51.40971068,118.129587024,46.724878638));
#12259=CARTESIAN_POINT('',(51.40971068,118.129587024,46.538789466));
#12260=CARTESIAN_POINT('',(51.522067368,118.129587024,46.409056982));
#12261=B_SPLINE_CURVE_WITH_KNOTS('',2,(#12258,#12259,#12260),.UNSPECIFIED.,.F.,.F.,(3,3),(0.,1.),.UNSPECIFIED.);
#12262=DIRECTION('',(-0.,-1.,0.));
#12263=VECTOR('',#12262,1.);
#12264=SURFACE_OF_LINEAR_EXTRUSION('',#12261,#12263);
#12265=ORIENTED_EDGE('',*,*,#12246,.T.);
#12266=ORIENTED_EDGE('',*,*,#10811,.T.);
#12267=CARTESIAN_POINT('',(51.522067368,118.129587024,46.409056982));
#12268=VERTEX_POINT('',#12267);
#12269=CARTESIAN_POINT('',(51.522067368,118.129587024,46.409056982));
#12270=DIRECTION('',(0.,1.,-0.));
#12271=VECTOR('',#12270,0.1);
#12272=LINE('',#12269,#12271);
#12273=EDGE_CURVE('',#12268,#10794,#12272,.T.);
#12274=ORIENTED_EDGE('',*,*,#12273,.F.);
#12275=CARTESIAN_POINT('',(51.40971068,118.129587024,46.724878638));
#12276=CARTESIAN_POINT('',(51.40971068,118.129587024,46.60081919));
#12277=CARTESIAN_POINT('',(51.44716291,118.129587024,46.495545304));
#12278=CARTESIAN_POINT('',(51.522067368,118.129587024,46.409056982));
#12279=B_SPLINE_CURVE_WITH_KNOTS('',3,(#12275,#12276,#12277,#12278),.UNSPECIFIED.,.F.,.F.,(4,4),(0.,1.),.UNSPECIFIED.);
#12280=EDGE_CURVE('',#12241,#12268,#12279,.T.);
#12281=ORIENTED_EDGE('',*,*,#12280,.F.);
#12282=EDGE_LOOP('',(#12265,#12266,#12274,#12281));
#12283=FACE_BOUND('',#12282,.T.);
#12284=ADVANCED_FACE('',(#12283),#12264,.T.);
#12285=CARTESIAN_POINT('',(51.522067368,118.129587024,46.409056982));
#12286=CARTESIAN_POINT('',(51.634339131,118.129587024,46.279324498));
#12287=CARTESIAN_POINT('',(51.816589661,118.129587024,46.279324498));
#12288=B_SPLINE_CURVE_WITH_KNOTS('',2,(#12285,#12286,#12287),.UNSPECIFIED.,.F.,.F.,(3,3),(0.,1.),.UNSPECIFIED.);
#12289=DIRECTION('',(-0.,-1.,0.));
#12290=VECTOR('',#12289,1.);
#12291=SURFACE_OF_LINEAR_EXTRUSION('',#12288,#12290);
#12292=ORIENTED_EDGE('',*,*,#12273,.T.);
#12293=ORIENTED_EDGE('',*,*,#10802,.T.);
#12294=ORIENTED_EDGE('',*,*,#12075,.F.);
#12295=CARTESIAN_POINT('',(51.522067368,118.129587024,46.409056982));
#12296=CARTESIAN_POINT('',(51.59691521,118.129587024,46.322568659));
#12297=CARTESIAN_POINT('',(51.695089307,118.129587024,46.279324498));
#12298=CARTESIAN_POINT('',(51.816589661,118.129587024,46.279324498));
#12299=B_SPLINE_CURVE_WITH_KNOTS('',3,(#12295,#12296,#12297,#12298),.UNSPECIFIED.,.F.,.F.,(4,4),(0.,1.),.UNSPECIFIED.);
#12300=EDGE_CURVE('',#12268,#12070,#12299,.T.);
#12301=ORIENTED_EDGE('',*,*,#12300,.F.);
#12302=EDGE_LOOP('',(#12292,#12293,#12294,#12301));
#12303=FACE_BOUND('',#12302,.T.);
#12304=ADVANCED_FACE('',(#12303),#12291,.T.);
#12305=CARTESIAN_POINT('',(51.371663971,118.129587024,48.131655708));
#12306=CARTESIAN_POINT('',(51.371663971,118.129587024,48.768496472));
#12307=B_SPLINE_CURVE_WITH_KNOTS('',1,(#12305,#12306),.UNSPECIFIED.,.F.,.F.,(2,2),(0.,0.530700637),.UNSPECIFIED.);
#12308=DIRECTION('',(-0.,-1.,0.));
#12309=VECTOR('',#12308,1.);
#12310=SURFACE_OF_LINEAR_EXTRUSION('',#12307,#12309);
#12311=CARTESIAN_POINT('',(51.371663971,118.129587024,48.131655708));
#12312=VERTEX_POINT('',#12311);
#12313=CARTESIAN_POINT('',(51.371663971,118.129587024,48.131655708));
#12314=DIRECTION('',(0.,1.,-0.));
#12315=VECTOR('',#12314,0.1);
#12316=LINE('',#12313,#12315);
#12317=EDGE_CURVE('',#12312,#10966,#12316,.T.);
#12318=ORIENTED_EDGE('',*,*,#12317,.T.);
#12319=ORIENTED_EDGE('',*,*,#11030,.T.);
#12320=CARTESIAN_POINT('',(51.371663971,118.129587024,48.768496472));
#12321=VERTEX_POINT('',#12320);
#12322=CARTESIAN_POINT('',(51.371663971,118.129587024,48.768496472));
#12323=DIRECTION('',(0.,1.,-0.));
#12324=VECTOR('',#12323,0.1);
#12325=LINE('',#12322,#12324);
#12326=EDGE_CURVE('',#12321,#11018,#12325,.T.);
#12327=ORIENTED_EDGE('',*,*,#12326,.F.);
#12328=CARTESIAN_POINT('',(51.371663971,118.129587024,48.131655708));
#12329=DIRECTION('',(0.,0.,1.));
#12330=VECTOR('',#12329,0.636840764);
#12331=LINE('',#12328,#12330);
#12332=EDGE_CURVE('',#12312,#12321,#12331,.T.);
#12333=ORIENTED_EDGE('',*,*,#12332,.F.);
#12334=EDGE_LOOP('',(#12318,#12319,#12327,#12333));
#12335=FACE_BOUND('',#12334,.T.);
#12336=ADVANCED_FACE('',(#12335),#12310,.T.);
#12337=CARTESIAN_POINT('',(51.371663971,118.129587024,48.768496472));
#12338=CARTESIAN_POINT('',(51.371663971,118.129587024,48.971604752));
#12339=CARTESIAN_POINT('',(51.337184141,118.129587024,49.08574488));
#12340=B_SPLINE_CURVE_WITH_KNOTS('',2,(#12337,#12338,#12339),.UNSPECIFIED.,.F.,.F.,(3,3),(0.,1.),.UNSPECIFIED.);
#12341=DIRECTION('',(-0.,-1.,0.));
#12342=VECTOR('',#12341,1.);
#12343=SURFACE_OF_LINEAR_EXTRUSION('',#12340,#12342);
#12344=ORIENTED_EDGE('',*,*,#12326,.T.);
#12345=ORIENTED_EDGE('',*,*,#11024,.T.);
#12346=CARTESIAN_POINT('',(51.337184141,118.129587024,49.08574488));
#12347=VERTEX_POINT('',#12346);
#12348=CARTESIAN_POINT('',(51.337184141,118.129587024,49.08574488));
#12349=DIRECTION('',(0.,1.,-0.));
#12350=VECTOR('',#12349,0.1);
#12351=LINE('',#12348,#12350);
#12352=EDGE_CURVE('',#12347,#11009,#12351,.T.);
#12353=ORIENTED_EDGE('',*,*,#12352,.F.);
#12354=CARTESIAN_POINT('',(51.371663971,118.129587024,48.768496472));
#12355=CARTESIAN_POINT('',(51.371663971,118.129587024,48.903901992));
#12356=CARTESIAN_POINT('',(51.360170695,118.129587024,49.009651462));
#12357=CARTESIAN_POINT('',(51.337184141,118.129587024,49.08574488));
#12358=B_SPLINE_CURVE_WITH_KNOTS('',3,(#12354,#12355,#12356,#12357),.UNSPECIFIED.,.F.,.F.,(4,4),(0.,1.),.UNSPECIFIED.);
#12359=EDGE_CURVE('',#12321,#12347,#12358,.T.);
#12360=ORIENTED_EDGE('',*,*,#12359,.F.);
#12361=EDGE_LOOP('',(#12344,#12345,#12353,#12360));
#12362=FACE_BOUND('',#12361,.T.);
#12363=ADVANCED_FACE('',(#12362),#12343,.T.);
#12364=CARTESIAN_POINT('',(51.337184141,118.129587024,49.08574488));
#12365=CARTESIAN_POINT('',(51.302619385,118.129587024,49.199986918));
#12366=CARTESIAN_POINT('',(51.226695818,118.129587024,49.25929902));
#12367=B_SPLINE_CURVE_WITH_KNOTS('',2,(#12364,#12365,#12366),.UNSPECIFIED.,.F.,.F.,(3,3),(0.,1.),.UNSPECIFIED.);
#12368=DIRECTION('',(-0.,-1.,0.));
#12369=VECTOR('',#12368,1.);
#12370=SURFACE_OF_LINEAR_EXTRUSION('',#12367,#12369);
#12371=ORIENTED_EDGE('',*,*,#12352,.T.);
#12372=ORIENTED_EDGE('',*,*,#11015,.T.);
#12373=CARTESIAN_POINT('',(51.226695818,118.129587024,49.25929902));
#12374=VERTEX_POINT('',#12373);
#12375=CARTESIAN_POINT('',(51.226695818,118.129587024,49.25929902));
#12376=DIRECTION('',(0.,1.,-0.));
#12377=VECTOR('',#12376,0.1);
#12378=LINE('',#12375,#12377);
#12379=EDGE_CURVE('',#12374,#11000,#12378,.T.);
#12380=ORIENTED_EDGE('',*,*,#12379,.F.);
#12381=CARTESIAN_POINT('',(51.337184141,118.129587024,49.08574488));
#12382=CARTESIAN_POINT('',(51.314140971,118.129587024,49.161906239));
#12383=CARTESIAN_POINT('',(51.27731153,118.129587024,49.219757619));
#12384=CARTESIAN_POINT('',(51.226695818,118.129587024,49.25929902));
#12385=B_SPLINE_CURVE_WITH_KNOTS('',3,(#12381,#12382,#12383,#12384),.UNSPECIFIED.,.F.,.F.,(4,4),(0.,1.),.UNSPECIFIED.);
#12386=EDGE_CURVE('',#12347,#12374,#12385,.T.);
#12387=ORIENTED_EDGE('',*,*,#12386,.F.);
#12388=EDGE_LOOP('',(#12371,#12372,#12380,#12387));
#12389=FACE_BOUND('',#12388,.T.);
#12390=ADVANCED_FACE('',(#12389),#12370,.T.);
#12391=CARTESIAN_POINT('',(51.226695818,118.129587024,49.25929902));
#12392=CARTESIAN_POINT('',(51.150772252,118.129587024,49.318713033));
#12393=CARTESIAN_POINT('',(51.061600277,118.129587024,49.318713033));
#12394=B_SPLINE_CURVE_WITH_KNOTS('',2,(#12391,#12392,#12393),.UNSPECIFIED.,.F.,.F.,(3,3),(0.,1.),.UNSPECIFIED.);
#12395=DIRECTION('',(-0.,-1.,0.));
#12396=VECTOR('',#12395,1.);
#12397=SURFACE_OF_LINEAR_EXTRUSION('',#12394,#12396);
#12398=ORIENTED_EDGE('',*,*,#12379,.T.);
#12399=ORIENTED_EDGE('',*,*,#11006,.T.);
#12400=CARTESIAN_POINT('',(51.061600277,118.129587024,49.318713033));
#12401=VERTEX_POINT('',#12400);
#12402=CARTESIAN_POINT('',(51.061600277,118.129587024,49.318713033));
#12403=DIRECTION('',(0.,1.,-0.));
#12404=VECTOR('',#12403,0.1);
#12405=LINE('',#12402,#12404);
#12406=EDGE_CURVE('',#12401,#10991,#12405,.T.);
#12407=ORIENTED_EDGE('',*,*,#12406,.F.);
#12408=CARTESIAN_POINT('',(51.226695818,118.129587024,49.25929902));
#12409=CARTESIAN_POINT('',(51.176080107,118.129587024,49.298908362));
#12410=CARTESIAN_POINT('',(51.12104826,118.129587024,49.318713033));
#12411=CARTESIAN_POINT('',(51.061600277,118.129587024,49.318713033));
#12412=B_SPLINE_CURVE_WITH_KNOTS('',3,(#12408,#12409,#12410,#12411),.UNSPECIFIED.,.F.,.F.,(4,4),(0.,1.),.UNSPECIFIED.);
#12413=EDGE_CURVE('',#12374,#12401,#12412,.T.);
#12414=ORIENTED_EDGE('',*,*,#12413,.F.);
#12415=EDGE_LOOP('',(#12398,#12399,#12407,#12414));
#12416=FACE_BOUND('',#12415,.T.);
#12417=ADVANCED_FACE('',(#12416),#12397,.T.);
#12418=CARTESIAN_POINT('',(51.061600277,118.129587024,49.318713033));
#12419=CARTESIAN_POINT('',(50.931069491,118.129587024,49.318713033));
#12420=CARTESIAN_POINT('',(50.846993058,118.129587024,49.203655708));
#12421=B_SPLINE_CURVE_WITH_KNOTS('',2,(#12418,#12419,#12420),.UNSPECIFIED.,.F.,.F.,(3,3),(0.,1.),.UNSPECIFIED.);
#12422=DIRECTION('',(-0.,-1.,0.));
#12423=VECTOR('',#12422,1.);
#12424=SURFACE_OF_LINEAR_EXTRUSION('',#12421,#12423);
#12425=ORIENTED_EDGE('',*,*,#12406,.T.);
#12426=ORIENTED_EDGE('',*,*,#10997,.T.);
#12427=CARTESIAN_POINT('',(50.846993058,118.129587024,49.203655708));
#12428=VERTEX_POINT('',#12427);
#12429=CARTESIAN_POINT('',(50.846993056,118.129587024,49.203655704));
#12430=DIRECTION('',(0.,1.,-0.));
#12431=VECTOR('',#12430,0.1);
#12432=LINE('',#12429,#12431);
#12433=EDGE_CURVE('',#12428,#10982,#12432,.T.);
#12434=ORIENTED_EDGE('',*,*,#12433,.F.);
#12435=CARTESIAN_POINT('',(51.061600277,118.129587024,49.318713033));
#12436=CARTESIAN_POINT('',(50.974579753,118.129587024,49.318713033));
#12437=CARTESIAN_POINT('',(50.903044014,118.129587024,49.280360591));
#12438=CARTESIAN_POINT('',(50.846993058,118.129587024,49.203655708));
#12439=B_SPLINE_CURVE_WITH_KNOTS('',3,(#12435,#12436,#12437,#12438),.UNSPECIFIED.,.F.,.F.,(4,4),(0.,1.),.UNSPECIFIED.);
#12440=EDGE_CURVE('',#12401,#12428,#12439,.T.);
#12441=ORIENTED_EDGE('',*,*,#12440,.F.);
#12442=EDGE_LOOP('',(#12425,#12426,#12434,#12441));
#12443=FACE_BOUND('',#12442,.T.);
#12444=ADVANCED_FACE('',(#12443),#12424,.T.);
#12445=CARTESIAN_POINT('',(50.846993058,118.129587024,49.203655708));
#12446=CARTESIAN_POINT('',(50.762916625,118.129587024,49.088598383));
#12447=CARTESIAN_POINT('',(50.762916625,118.129587024,48.840241695));
#12448=B_SPLINE_CURVE_WITH_KNOTS('',2,(#12445,#12446,#12447),.UNSPECIFIED.,.F.,.F.,(3,3),(0.,1.),.UNSPECIFIED.);
#12449=DIRECTION('',(-0.,-1.,0.));
#12450=VECTOR('',#12449,1.);
#12451=SURFACE_OF_LINEAR_EXTRUSION('',#12448,#12450);
#12452=ORIENTED_EDGE('',*,*,#12433,.T.);
#12453=ORIENTED_EDGE('',*,*,#10988,.T.);
#12454=CARTESIAN_POINT('',(50.762916625,118.129587024,48.840241695));
#12455=VERTEX_POINT('',#12454);
#12456=CARTESIAN_POINT('',(50.762916625,118.129587024,48.840241695));
#12457=DIRECTION('',(0.,1.,-0.));
#12458=VECTOR('',#12457,0.1);
#12459=LINE('',#12456,#12458);
#12460=EDGE_CURVE('',#12455,#10974,#12459,.T.);
#12461=ORIENTED_EDGE('',*,*,#12460,.F.);
#12462=CARTESIAN_POINT('',(50.846993058,118.129587024,49.203655708));
#12463=CARTESIAN_POINT('',(50.790942103,118.129587024,49.126950825));
#12464=CARTESIAN_POINT('',(50.762916625,118.129587024,49.00581282));
#12465=CARTESIAN_POINT('',(50.762916625,118.129587024,48.840241695));
#12466=B_SPLINE_CURVE_WITH_KNOTS('',3,(#12462,#12463,#12464,#12465),.UNSPECIFIED.,.F.,.F.,(4,4),(0.,1.),.UNSPECIFIED.);
#12467=EDGE_CURVE('',#12428,#12455,#12466,.T.);
#12468=ORIENTED_EDGE('',*,*,#12467,.F.);
#12469=EDGE_LOOP('',(#12452,#12453,#12461,#12468));
#12470=FACE_BOUND('',#12469,.T.);
#12471=ADVANCED_FACE('',(#12470),#12451,.T.);
#12472=CARTESIAN_POINT('',(50.762916625,118.129587024,48.840241695));
#12473=CARTESIAN_POINT('',(50.762916625,118.129587024,48.131655708));
#12474=B_SPLINE_CURVE_WITH_KNOTS('',1,(#12472,#12473),.UNSPECIFIED.,.F.,.F.,(2,2),(0.,0.590488323),.UNSPECIFIED.);
#12475=DIRECTION('',(-0.,-1.,0.));
#12476=VECTOR('',#12475,1.);
#12477=SURFACE_OF_LINEAR_EXTRUSION('',#12474,#12476);
#12478=ORIENTED_EDGE('',*,*,#12460,.T.);
#12479=ORIENTED_EDGE('',*,*,#10979,.T.);
#12480=CARTESIAN_POINT('',(50.762916625,118.129587024,48.131655708));
#12481=VERTEX_POINT('',#12480);
#12482=CARTESIAN_POINT('',(50.762916625,118.129587024,48.131655708));
#12483=DIRECTION('',(0.,1.,-0.));
#12484=VECTOR('',#12483,0.1);
#12485=LINE('',#12482,#12484);
#12486=EDGE_CURVE('',#12481,#10964,#12485,.T.);
#12487=ORIENTED_EDGE('',*,*,#12486,.F.);
#12488=CARTESIAN_POINT('',(50.762916625,118.129587024,48.840241695));
#12489=DIRECTION('',(-0.,-0.,-1.));
#12490=VECTOR('',#12489,0.708585987);
#12491=LINE('',#12488,#12490);
#12492=EDGE_CURVE('',#12455,#12481,#12491,.T.);
#12493=ORIENTED_EDGE('',*,*,#12492,.F.);
#12494=EDGE_LOOP('',(#12478,#12479,#12487,#12493));
#12495=FACE_BOUND('',#12494,.T.);
#12496=ADVANCED_FACE('',(#12495),#12477,.T.);
#12497=CARTESIAN_POINT('',(50.762916625,118.129587024,48.131655708));
#12498=CARTESIAN_POINT('',(51.371663971,118.129587024,48.131655708));
#12499=B_SPLINE_CURVE_WITH_KNOTS('',1,(#12497,#12498),.UNSPECIFIED.,.F.,.F.,(2,2),(0.,0.608747346),.UNSPECIFIED.);
#12500=DIRECTION('',(-0.,-1.,0.));
#12501=VECTOR('',#12500,1.);
#12502=SURFACE_OF_LINEAR_EXTRUSION('',#12499,#12501);
#12503=ORIENTED_EDGE('',*,*,#12486,.T.);
#12504=ORIENTED_EDGE('',*,*,#10971,.T.);
#12505=ORIENTED_EDGE('',*,*,#12317,.F.);
#12506=CARTESIAN_POINT('',(50.762916625,118.129587024,48.131655708));
#12507=DIRECTION('',(1.,-0.,-0.));
#12508=VECTOR('',#12507,0.608747346);
#12509=LINE('',#12506,#12508);
#12510=EDGE_CURVE('',#12481,#12312,#12509,.T.);
#12511=ORIENTED_EDGE('',*,*,#12510,.F.);
#12512=EDGE_LOOP('',(#12503,#12504,#12505,#12511));
#12513=FACE_BOUND('',#12512,.T.);
#12514=ADVANCED_FACE('',(#12513),#12502,.T.);
#12515=CARTESIAN_POINT('',(54.414678833,118.129587024,37.785107937));
#12516=CARTESIAN_POINT('',(54.414678833,118.129587024,38.024700294));
#12517=B_SPLINE_CURVE_WITH_KNOTS('',1,(#12515,#12516),.UNSPECIFIED.,.F.,.F.,(2,2),(0.,0.199660297),.UNSPECIFIED.);
#12518=DIRECTION('',(-0.,-1.,0.));
#12519=VECTOR('',#12518,1.);
#12520=SURFACE_OF_LINEAR_EXTRUSION('',#12517,#12519);
#12521=CARTESIAN_POINT('',(54.414678833,118.129587024,37.785107937));
#12522=VERTEX_POINT('',#12521);
#12523=CARTESIAN_POINT('',(54.414678833,118.129587024,37.785107937));
#12524=DIRECTION('',(0.,1.,-0.));
#12525=VECTOR('',#12524,0.1);
#12526=LINE('',#12523,#12525);
#12527=EDGE_CURVE('',#12522,#11057,#12526,.T.);
#12528=ORIENTED_EDGE('',*,*,#12527,.T.);
#12529=ORIENTED_EDGE('',*,*,#11139,.T.);
#12530=CARTESIAN_POINT('',(54.414678833,118.129587024,38.024700294));
#12531=VERTEX_POINT('',#12530);
#12532=CARTESIAN_POINT('',(54.414678833,118.129587024,38.024700294));
#12533=DIRECTION('',(0.,1.,-0.));
#12534=VECTOR('',#12533,0.1);
#12535=LINE('',#12532,#12534);
#12536=EDGE_CURVE('',#12531,#11127,#12535,.T.);
#12537=ORIENTED_EDGE('',*,*,#12536,.F.);
#12538=CARTESIAN_POINT('',(54.414678833,118.129587024,37.785107937));
#12539=DIRECTION('',(0.,0.,1.));
#12540=VECTOR('',#12539,0.239592357);
#12541=LINE('',#12538,#12540);
#12542=EDGE_CURVE('',#12522,#12531,#12541,.T.);
#12543=ORIENTED_EDGE('',*,*,#12542,.F.);
#12544=EDGE_LOOP('',(#12528,#12529,#12537,#12543));
#12545=FACE_BOUND('',#12544,.T.);
#12546=ADVANCED_FACE('',(#12545),#12520,.T.);
#12547=CARTESIAN_POINT('',(54.414678833,118.129587024,38.024700294));
#12548=CARTESIAN_POINT('',(54.414678833,118.129587024,38.135681186));
#12549=CARTESIAN_POINT('',(54.397523844,118.129587024,38.198814944));
#12550=B_SPLINE_CURVE_WITH_KNOTS('',2,(#12547,#12548,#12549),.UNSPECIFIED.,.F.,.F.,(3,3),(0.,1.),.UNSPECIFIED.);
#12551=DIRECTION('',(-0.,-1.,0.));
#12552=VECTOR('',#12551,1.);
#12553=SURFACE_OF_LINEAR_EXTRUSION('',#12550,#12552);
#12554=ORIENTED_EDGE('',*,*,#12536,.T.);
#12555=ORIENTED_EDGE('',*,*,#11133,.T.);
#12556=CARTESIAN_POINT('',(54.397523844,118.129587024,38.198814944));
#12557=VERTEX_POINT('',#12556);
#12558=CARTESIAN_POINT('',(54.397523844,118.129587024,38.198814944));
#12559=DIRECTION('',(0.,1.,-0.));
#12560=VECTOR('',#12559,0.1);
#12561=LINE('',#12558,#12560);
#12562=EDGE_CURVE('',#12557,#11118,#12561,.T.);
#12563=ORIENTED_EDGE('',*,*,#12562,.F.);
#12564=CARTESIAN_POINT('',(54.414678833,118.129587024,38.024700294));
#12565=CARTESIAN_POINT('',(54.414678833,118.129587024,38.098687555));
#12566=CARTESIAN_POINT('',(54.408960504,118.129587024,38.156725772));
#12567=CARTESIAN_POINT('',(54.397523844,118.129587024,38.198814944));
#12568=B_SPLINE_CURVE_WITH_KNOTS('',3,(#12564,#12565,#12566,#12567),.UNSPECIFIED.,.F.,.F.,(4,4),(0.,1.),.UNSPECIFIED.);
#12569=EDGE_CURVE('',#12531,#12557,#12568,.T.);
#12570=ORIENTED_EDGE('',*,*,#12569,.F.);
#12571=EDGE_LOOP('',(#12554,#12555,#12563,#12570));
#12572=FACE_BOUND('',#12571,.T.);
#12573=ADVANCED_FACE('',(#12572),#12553,.T.);
#12574=CARTESIAN_POINT('',(54.397523844,118.129587024,38.198814944));
#12575=CARTESIAN_POINT('',(54.380368855,118.129587024,38.261999657));
#12576=CARTESIAN_POINT('',(54.349201126,118.129587024,38.299502842));
#12577=B_SPLINE_CURVE_WITH_KNOTS('',2,(#12574,#12575,#12576),.UNSPECIFIED.,.F.,.F.,(3,3),(0.,1.),.UNSPECIFIED.);
#12578=DIRECTION('',(-0.,-1.,0.));
#12579=VECTOR('',#12578,1.);
#12580=SURFACE_OF_LINEAR_EXTRUSION('',#12577,#12579);
#12581=ORIENTED_EDGE('',*,*,#12562,.T.);
#12582=ORIENTED_EDGE('',*,*,#11124,.T.);
#12583=CARTESIAN_POINT('',(54.349201126,118.129587024,38.299502842));
#12584=VERTEX_POINT('',#12583);
#12585=CARTESIAN_POINT('',(54.349201126,118.129587024,38.299502842));
#12586=DIRECTION('',(0.,1.,-0.));
#12587=VECTOR('',#12586,0.1);
#12588=LINE('',#12585,#12587);
#12589=EDGE_CURVE('',#12584,#11109,#12588,.T.);
#12590=ORIENTED_EDGE('',*,*,#12589,.F.);
#12591=CARTESIAN_POINT('',(54.397523844,118.129587024,38.198814944));
#12592=CARTESIAN_POINT('',(54.386087184,118.129587024,38.240938086));
#12593=CARTESIAN_POINT('',(54.369979612,118.129587024,38.274500719));
#12594=CARTESIAN_POINT('',(54.349201126,118.129587024,38.299502842));
#12595=B_SPLINE_CURVE_WITH_KNOTS('',3,(#12591,#12592,#12593,#12594),.UNSPECIFIED.,.F.,.F.,(4,4),(0.,1.),.UNSPECIFIED.);
#12596=EDGE_CURVE('',#12557,#12584,#12595,.T.);
#12597=ORIENTED_EDGE('',*,*,#12596,.F.);
#12598=EDGE_LOOP('',(#12581,#12582,#12590,#12597));
#12599=FACE_BOUND('',#12598,.T.);
#12600=ADVANCED_FACE('',(#12599),#12580,.T.);
#12601=CARTESIAN_POINT('',(54.349201126,118.129587024,38.299502842));
#12602=CARTESIAN_POINT('',(54.305337007,118.129587024,38.352292651));
#12603=CARTESIAN_POINT('',(54.231281806,118.129587024,38.38174488));
#12604=B_SPLINE_CURVE_WITH_KNOTS('',2,(#12601,#12602,#12603),.UNSPECIFIED.,.F.,.F.,(3,3),(0.,1.),.UNSPECIFIED.);
#12605=DIRECTION('',(-0.,-1.,0.));
#12606=VECTOR('',#12605,1.);
#12607=SURFACE_OF_LINEAR_EXTRUSION('',#12604,#12606);
#12608=ORIENTED_EDGE('',*,*,#12589,.T.);
#12609=ORIENTED_EDGE('',*,*,#11115,.T.);
#12610=CARTESIAN_POINT('',(54.231281806,118.129587024,38.38174488));
#12611=VERTEX_POINT('',#12610);
#12612=CARTESIAN_POINT('',(54.231281801,118.129587024,38.381744882));
#12613=DIRECTION('',(0.,1.,-0.));
#12614=VECTOR('',#12613,0.1);
#12615=LINE('',#12612,#12614);
#12616=EDGE_CURVE('',#12611,#11100,#12615,.T.);
#12617=ORIENTED_EDGE('',*,*,#12616,.F.);
#12618=CARTESIAN_POINT('',(54.349201126,118.129587024,38.299502842));
#12619=CARTESIAN_POINT('',(54.31995838,118.129587024,38.334696048));
#12620=CARTESIAN_POINT('',(54.28065194,118.129587024,38.36211006));
#12621=CARTESIAN_POINT('',(54.231281806,118.129587024,38.38174488));
#12622=B_SPLINE_CURVE_WITH_KNOTS('',3,(#12618,#12619,#12620,#12621),.UNSPECIFIED.,.F.,.F.,(4,4),(0.,1.),.UNSPECIFIED.);
#12623=EDGE_CURVE('',#12584,#12611,#12622,.T.);
#12624=ORIENTED_EDGE('',*,*,#12623,.F.);
#12625=EDGE_LOOP('',(#12608,#12609,#12617,#12624));
#12626=FACE_BOUND('',#12625,.T.);
#12627=ADVANCED_FACE('',(#12626),#12607,.T.);
#12628=CARTESIAN_POINT('',(54.231281806,118.129587024,38.38174488));
#12629=CARTESIAN_POINT('',(54.157226604,118.129587024,38.411248065));
#12630=CARTESIAN_POINT('',(54.051663971,118.129587024,38.411248065));
#12631=B_SPLINE_CURVE_WITH_KNOTS('',2,(#12628,#12629,#12630),.UNSPECIFIED.,.F.,.F.,(3,3),(0.,1.),.UNSPECIFIED.);
#12632=DIRECTION('',(-0.,-1.,0.));
#12633=VECTOR('',#12632,1.);
#12634=SURFACE_OF_LINEAR_EXTRUSION('',#12631,#12633);
#12635=ORIENTED_EDGE('',*,*,#12616,.T.);
#12636=ORIENTED_EDGE('',*,*,#11106,.T.);
#12637=CARTESIAN_POINT('',(54.051663971,118.129587024,38.411248065));
#12638=VERTEX_POINT('',#12637);
#12639=CARTESIAN_POINT('',(54.051663971,118.129587024,38.411248065));
#12640=DIRECTION('',(0.,1.,-0.));
#12641=VECTOR('',#12640,0.1);
#12642=LINE('',#12639,#12641);
#12643=EDGE_CURVE('',#12638,#11091,#12642,.T.);
#12644=ORIENTED_EDGE('',*,*,#12643,.F.);
#12645=CARTESIAN_POINT('',(54.231281806,118.129587024,38.38174488));
#12646=CARTESIAN_POINT('',(54.181911671,118.129587024,38.40141367));
#12647=CARTESIAN_POINT('',(54.12203906,118.129587024,38.411248065));
#12648=CARTESIAN_POINT('',(54.051663971,118.129587024,38.411248065));
#12649=B_SPLINE_CURVE_WITH_KNOTS('',3,(#12645,#12646,#12647,#12648),.UNSPECIFIED.,.F.,.F.,(4,4),(0.,1.),.UNSPECIFIED.);
#12650=EDGE_CURVE('',#12611,#12638,#12649,.T.);
#12651=ORIENTED_EDGE('',*,*,#12650,.F.);
#12652=EDGE_LOOP('',(#12635,#12636,#12644,#12651));
#12653=FACE_BOUND('',#12652,.T.);
#12654=ADVANCED_FACE('',(#12653),#12634,.T.);
#12655=CARTESIAN_POINT('',(54.051663971,118.129587024,38.411248065));
#12656=CARTESIAN_POINT('',(53.905464396,118.129587024,38.411248065));
#12657=CARTESIAN_POINT('',(53.826950596,118.129587024,38.353464625));
#12658=B_SPLINE_CURVE_WITH_KNOTS('',2,(#12655,#12656,#12657),.UNSPECIFIED.,.F.,.F.,(3,3),(0.,1.),.UNSPECIFIED.);
#12659=DIRECTION('',(-0.,-1.,0.));
#12660=VECTOR('',#12659,1.);
#12661=SURFACE_OF_LINEAR_EXTRUSION('',#12658,#12660);
#12662=ORIENTED_EDGE('',*,*,#12643,.T.);
#12663=ORIENTED_EDGE('',*,*,#11097,.T.);
#12664=CARTESIAN_POINT('',(53.826950596,118.129587024,38.353464625));
#12665=VERTEX_POINT('',#12664);
#12666=CARTESIAN_POINT('',(53.826950596,118.129587024,38.353464625));
#12667=DIRECTION('',(0.,1.,-0.));
#12668=VECTOR('',#12667,0.1);
#12669=LINE('',#12666,#12668);
#12670=EDGE_CURVE('',#12665,#11082,#12669,.T.);
#12671=ORIENTED_EDGE('',*,*,#12670,.F.);
#12672=CARTESIAN_POINT('',(54.051663971,118.129587024,38.411248065));
#12673=CARTESIAN_POINT('',(53.954197588,118.129587024,38.411248065));
#12674=CARTESIAN_POINT('',(53.879293129,118.129587024,38.391986918));
#12675=CARTESIAN_POINT('',(53.826950596,118.129587024,38.353464625));
#12676=B_SPLINE_CURVE_WITH_KNOTS('',3,(#12672,#12673,#12674,#12675),.UNSPECIFIED.,.F.,.F.,(4,4),(0.,1.),.UNSPECIFIED.);
#12677=EDGE_CURVE('',#12638,#12665,#12676,.T.);
#12678=ORIENTED_EDGE('',*,*,#12677,.F.);
#12679=EDGE_LOOP('',(#12662,#12663,#12671,#12678));
#12680=FACE_BOUND('',#12679,.T.);
#12681=ADVANCED_FACE('',(#12680),#12661,.T.);
#12682=CARTESIAN_POINT('',(53.826950596,118.129587024,38.353464625));
#12683=CARTESIAN_POINT('',(53.748436795,118.129587024,38.295681186));
#12684=CARTESIAN_POINT('',(53.721727666,118.129587024,38.212980549));
#12685=B_SPLINE_CURVE_WITH_KNOTS('',2,(#12682,#12683,#12684),.UNSPECIFIED.,.F.,.F.,(3,3),(0.,1.),.UNSPECIFIED.);
#12686=DIRECTION('',(-0.,-1.,0.));
#12687=VECTOR('',#12686,1.);
#12688=SURFACE_OF_LINEAR_EXTRUSION('',#12685,#12687);
#12689=ORIENTED_EDGE('',*,*,#12670,.T.);
#12690=ORIENTED_EDGE('',*,*,#11088,.T.);
#12691=CARTESIAN_POINT('',(53.721727666,118.129587024,38.212980549));
#12692=VERTEX_POINT('',#12691);
#12693=CARTESIAN_POINT('',(53.721727659,118.129587024,38.212980525));
#12694=DIRECTION('',(0.,1.,-0.));
#12695=VECTOR('',#12694,0.1);
#12696=LINE('',#12693,#12695);
#12697=EDGE_CURVE('',#12692,#11073,#12696,.T.);
#12698=ORIENTED_EDGE('',*,*,#12697,.F.);
#12699=CARTESIAN_POINT('',(53.826950596,118.129587024,38.353464625));
#12700=CARTESIAN_POINT('',(53.774608062,118.129587024,38.314942332));
#12701=CARTESIAN_POINT('',(53.739533752,118.129587024,38.268114307));
#12702=CARTESIAN_POINT('',(53.721727666,118.129587024,38.212980549));
#12703=B_SPLINE_CURVE_WITH_KNOTS('',3,(#12699,#12700,#12701,#12702),.UNSPECIFIED.,.F.,.F.,(4,4),(0.,1.),.UNSPECIFIED.);
#12704=EDGE_CURVE('',#12665,#12692,#12703,.T.);
#12705=ORIENTED_EDGE('',*,*,#12704,.F.);
#12706=EDGE_LOOP('',(#12689,#12690,#12698,#12705));
#12707=FACE_BOUND('',#12706,.T.);
#12708=ADVANCED_FACE('',(#12707),#12688,.T.);
#12709=CARTESIAN_POINT('',(53.721727666,118.129587024,38.212980549));
#12710=CARTESIAN_POINT('',(53.702661848,118.129587024,38.153311759));
#12711=CARTESIAN_POINT('',(53.702661848,118.129587024,38.020878638));
#12712=B_SPLINE_CURVE_WITH_KNOTS('',2,(#12709,#12710,#12711),.UNSPECIFIED.,.F.,.F.,(3,3),(0.,1.),.UNSPECIFIED.);
#12713=DIRECTION('',(-0.,-1.,0.));
#12714=VECTOR('',#12713,1.);
#12715=SURFACE_OF_LINEAR_EXTRUSION('',#12712,#12714);
#12716=ORIENTED_EDGE('',*,*,#12697,.T.);
#12717=ORIENTED_EDGE('',*,*,#11079,.T.);
#12718=CARTESIAN_POINT('',(53.702661848,118.129587024,38.020878638));
#12719=VERTEX_POINT('',#12718);
#12720=CARTESIAN_POINT('',(53.702661848,118.129587024,38.020878638));
#12721=DIRECTION('',(0.,1.,-0.));
#12722=VECTOR('',#12721,0.1);
#12723=LINE('',#12720,#12722);
#12724=EDGE_CURVE('',#12719,#11065,#12723,.T.);
#12725=ORIENTED_EDGE('',*,*,#12724,.F.);
#12726=CARTESIAN_POINT('',(53.721727666,118.129587024,38.212980549));
#12727=CARTESIAN_POINT('',(53.709017121,118.129587024,38.173201355));
#12728=CARTESIAN_POINT('',(53.702661848,118.129587024,38.109167385));
#12729=CARTESIAN_POINT('',(53.702661848,118.129587024,38.020878638));
#12730=B_SPLINE_CURVE_WITH_KNOTS('',3,(#12726,#12727,#12728,#12729),.UNSPECIFIED.,.F.,.F.,(4,4),(0.,1.),.UNSPECIFIED.);
#12731=EDGE_CURVE('',#12692,#12719,#12730,.T.);
#12732=ORIENTED_EDGE('',*,*,#12731,.F.);
#12733=EDGE_LOOP('',(#12716,#12717,#12725,#12732));
#12734=FACE_BOUND('',#12733,.T.);
#12735=ADVANCED_FACE('',(#12734),#12715,.T.);
#12736=CARTESIAN_POINT('',(53.702661848,118.129587024,38.020878638));
#12737=CARTESIAN_POINT('',(53.702661848,118.129587024,37.785107937));
#12738=B_SPLINE_CURVE_WITH_KNOTS('',1,(#12736,#12737),.UNSPECIFIED.,.F.,.F.,(2,2),(0.,0.196475584),.UNSPECIFIED.);
#12739=DIRECTION('',(-0.,-1.,0.));
#12740=VECTOR('',#12739,1.);
#12741=SURFACE_OF_LINEAR_EXTRUSION('',#12738,#12740);
#12742=ORIENTED_EDGE('',*,*,#12724,.T.);
#12743=ORIENTED_EDGE('',*,*,#11070,.T.);
#12744=CARTESIAN_POINT('',(53.702661848,118.129587024,37.785107937));
#12745=VERTEX_POINT('',#12744);
#12746=CARTESIAN_POINT('',(53.702661848,118.129587024,37.785107937));
#12747=DIRECTION('',(0.,1.,-0.));
#12748=VECTOR('',#12747,0.1);
#12749=LINE('',#12746,#12748);
#12750=EDGE_CURVE('',#12745,#11055,#12749,.T.);
#12751=ORIENTED_EDGE('',*,*,#12750,.F.);
#12752=CARTESIAN_POINT('',(53.702661848,118.129587024,38.020878638));
#12753=DIRECTION('',(-0.,-0.,-1.));
#12754=VECTOR('',#12753,0.235770701);
#12755=LINE('',#12752,#12754);
#12756=EDGE_CURVE('',#12719,#12745,#12755,.T.);
#12757=ORIENTED_EDGE('',*,*,#12756,.F.);
#12758=EDGE_LOOP('',(#12742,#12743,#12751,#12757));
#12759=FACE_BOUND('',#12758,.T.);
#12760=ADVANCED_FACE('',(#12759),#12741,.T.);
#12761=CARTESIAN_POINT('',(53.702661848,118.129587024,37.785107937));
#12762=CARTESIAN_POINT('',(54.414678833,118.129587024,37.785107937));
#12763=B_SPLINE_CURVE_WITH_KNOTS('',1,(#12761,#12762),.UNSPECIFIED.,.F.,.F.,(2,2),(0.,0.712016985),.UNSPECIFIED.);
#12764=DIRECTION('',(-0.,-1.,0.));
#12765=VECTOR('',#12764,1.);
#12766=SURFACE_OF_LINEAR_EXTRUSION('',#12763,#12765);
#12767=ORIENTED_EDGE('',*,*,#12750,.T.);
#12768=ORIENTED_EDGE('',*,*,#11062,.T.);
#12769=ORIENTED_EDGE('',*,*,#12527,.F.);
#12770=CARTESIAN_POINT('',(53.702661848,118.129587024,37.785107937));
#12771=DIRECTION('',(1.,-0.,-0.));
#12772=VECTOR('',#12771,0.712016985);
#12773=LINE('',#12770,#12772);
#12774=EDGE_CURVE('',#12745,#12522,#12773,.T.);
#12775=ORIENTED_EDGE('',*,*,#12774,.F.);
#12776=EDGE_LOOP('',(#12767,#12768,#12769,#12775));
#12777=FACE_BOUND('',#12776,.T.);
#12778=ADVANCED_FACE('',(#12777),#12766,.T.);
#12779=CARTESIAN_POINT('',(54.072725542,118.129587024,44.287834052));
#12780=CARTESIAN_POINT('',(54.241812591,118.129587024,44.287834052));
#12781=CARTESIAN_POINT('',(54.339137432,118.129587024,44.396827682));
#12782=B_SPLINE_CURVE_WITH_KNOTS('',2,(#12779,#12780,#12781),.UNSPECIFIED.,.F.,.F.,(3,3),(0.,1.),.UNSPECIFIED.);
#12783=DIRECTION('',(-0.,-1.,0.));
#12784=VECTOR('',#12783,1.);
#12785=SURFACE_OF_LINEAR_EXTRUSION('',#12782,#12784);
#12786=CARTESIAN_POINT('',(54.072725542,118.129587024,44.287834052));
#12787=VERTEX_POINT('',#12786);
#12788=CARTESIAN_POINT('',(54.072725542,118.129587024,44.287834052));
#12789=DIRECTION('',(0.,1.,-0.));
#12790=VECTOR('',#12789,0.1);
#12791=LINE('',#12788,#12790);
#12792=EDGE_CURVE('',#12787,#11274,#12791,.T.);
#12793=ORIENTED_EDGE('',*,*,#12792,.T.);
#12794=ORIENTED_EDGE('',*,*,#11350,.T.);
#12795=CARTESIAN_POINT('',(54.339137432,118.129587024,44.396827682));
#12796=VERTEX_POINT('',#12795);
#12797=CARTESIAN_POINT('',(54.339137432,118.129587024,44.396827682));
#12798=DIRECTION('',(0.,1.,-0.));
#12799=VECTOR('',#12798,0.1);
#12800=LINE('',#12797,#12799);
#12801=EDGE_CURVE('',#12796,#11337,#12800,.T.);
#12802=ORIENTED_EDGE('',*,*,#12801,.F.);
#12803=CARTESIAN_POINT('',(54.072725542,118.129587024,44.287834052));
#12804=CARTESIAN_POINT('',(54.185450242,118.129587024,44.287834052));
#12805=CARTESIAN_POINT('',(54.274254205,118.129587024,44.324165262));
#12806=CARTESIAN_POINT('',(54.339137432,118.129587024,44.396827682));
#12807=B_SPLINE_CURVE_WITH_KNOTS('',3,(#12803,#12804,#12805,#12806),.UNSPECIFIED.,.F.,.F.,(4,4),(0.,1.),.UNSPECIFIED.);
#12808=EDGE_CURVE('',#12787,#12796,#12807,.T.);
#12809=ORIENTED_EDGE('',*,*,#12808,.F.);
#12810=EDGE_LOOP('',(#12793,#12794,#12802,#12809));
#12811=FACE_BOUND('',#12810,.T.);
#12812=ADVANCED_FACE('',(#12811),#12785,.T.);
#12813=CARTESIAN_POINT('',(54.339137432,118.129587024,44.396827682));
#12814=CARTESIAN_POINT('',(54.43641981,118.129587024,44.505821313));
#12815=CARTESIAN_POINT('',(54.43641981,118.129587024,44.670254434));
#12816=B_SPLINE_CURVE_WITH_KNOTS('',2,(#12813,#12814,#12815),.UNSPECIFIED.,.F.,.F.,(3,3),(0.,1.),.UNSPECIFIED.);
#12817=DIRECTION('',(-0.,-1.,0.));
#12818=VECTOR('',#12817,1.);
#12819=SURFACE_OF_LINEAR_EXTRUSION('',#12816,#12818);
#12820=ORIENTED_EDGE('',*,*,#12801,.T.);
#12821=ORIENTED_EDGE('',*,*,#11343,.T.);
#12822=CARTESIAN_POINT('',(54.43641981,118.129587024,44.670254434));
#12823=VERTEX_POINT('',#12822);
#12824=CARTESIAN_POINT('',(54.43641981,118.129587024,44.670254434));
#12825=DIRECTION('',(0.,1.,-0.));
#12826=VECTOR('',#12825,0.1);
#12827=LINE('',#12824,#12826);
#12828=EDGE_CURVE('',#12823,#11328,#12827,.T.);
#12829=ORIENTED_EDGE('',*,*,#12828,.F.);
#12830=CARTESIAN_POINT('',(54.339137432,118.129587024,44.396827682));
#12831=CARTESIAN_POINT('',(54.403992351,118.129587024,44.469490103));
#12832=CARTESIAN_POINT('',(54.43641981,118.129587024,44.560632353));
#12833=CARTESIAN_POINT('',(54.43641981,118.129587024,44.670254434));
#12834=B_SPLINE_CURVE_WITH_KNOTS('',3,(#12830,#12831,#12832,#12833),.UNSPECIFIED.,.F.,.F.,(4,4),(0.,1.),.UNSPECIFIED.);
#12835=EDGE_CURVE('',#12796,#12823,#12834,.T.);
#12836=ORIENTED_EDGE('',*,*,#12835,.F.);
#12837=EDGE_LOOP('',(#12820,#12821,#12829,#12836));
#12838=FACE_BOUND('',#12837,.T.);
#12839=ADVANCED_FACE('',(#12838),#12819,.T.);
#12840=CARTESIAN_POINT('',(54.43641981,118.129587024,44.670254434));
#12841=CARTESIAN_POINT('',(54.43641981,118.129587024,44.83774488));
#12842=CARTESIAN_POINT('',(54.338160787,118.129587024,44.945974179));
#12843=B_SPLINE_CURVE_WITH_KNOTS('',2,(#12840,#12841,#12842),.UNSPECIFIED.,.F.,.F.,(3,3),(0.,1.),.UNSPECIFIED.);
#12844=DIRECTION('',(-0.,-1.,0.));
#12845=VECTOR('',#12844,1.);
#12846=SURFACE_OF_LINEAR_EXTRUSION('',#12843,#12845);
#12847=ORIENTED_EDGE('',*,*,#12828,.T.);
#12848=ORIENTED_EDGE('',*,*,#11334,.T.);
#12849=CARTESIAN_POINT('',(54.338160787,118.129587024,44.945974179));
#12850=VERTEX_POINT('',#12849);
#12851=CARTESIAN_POINT('',(54.338160787,118.129587024,44.945974179));
#12852=DIRECTION('',(0.,1.,-0.));
#12853=VECTOR('',#12852,0.1);
#12854=LINE('',#12851,#12853);
#12855=EDGE_CURVE('',#12850,#11319,#12854,.T.);
#12856=ORIENTED_EDGE('',*,*,#12855,.F.);
#12857=CARTESIAN_POINT('',(54.43641981,118.129587024,44.670254434));
#12858=CARTESIAN_POINT('',(54.43641981,118.129587024,44.781914731));
#12859=CARTESIAN_POINT('',(54.403666802,118.129587024,44.873821313));
#12860=CARTESIAN_POINT('',(54.338160787,118.129587024,44.945974179));
#12861=B_SPLINE_CURVE_WITH_KNOTS('',3,(#12857,#12858,#12859,#12860),.UNSPECIFIED.,.F.,.F.,(4,4),(0.,1.),.UNSPECIFIED.);
#12862=EDGE_CURVE('',#12823,#12850,#12861,.T.);
#12863=ORIENTED_EDGE('',*,*,#12862,.F.);
#12864=EDGE_LOOP('',(#12847,#12848,#12856,#12863));
#12865=FACE_BOUND('',#12864,.T.);
#12866=ADVANCED_FACE('',(#12865),#12846,.T.);
#12867=CARTESIAN_POINT('',(54.338160787,118.129587024,44.945974179));
#12868=CARTESIAN_POINT('',(54.239901763,118.129587024,45.054203479));
#12869=CARTESIAN_POINT('',(54.059307283,118.129587024,45.054203479));
#12870=B_SPLINE_CURVE_WITH_KNOTS('',2,(#12867,#12868,#12869),.UNSPECIFIED.,.F.,.F.,(3,3),(0.,1.),.UNSPECIFIED.);
#12871=DIRECTION('',(-0.,-1.,0.));
#12872=VECTOR('',#12871,1.);
#12873=SURFACE_OF_LINEAR_EXTRUSION('',#12870,#12872);
#12874=ORIENTED_EDGE('',*,*,#12855,.T.);
#12875=ORIENTED_EDGE('',*,*,#11325,.T.);
#12876=CARTESIAN_POINT('',(54.059307283,118.129587024,45.054203479));
#12877=VERTEX_POINT('',#12876);
#12878=CARTESIAN_POINT('',(54.059307283,118.129587024,45.054203479));
#12879=DIRECTION('',(0.,1.,-0.));
#12880=VECTOR('',#12879,0.1);
#12881=LINE('',#12878,#12880);
#12882=EDGE_CURVE('',#12877,#11310,#12881,.T.);
#12883=ORIENTED_EDGE('',*,*,#12882,.F.);
#12884=CARTESIAN_POINT('',(54.338160787,118.129587024,44.945974179));
#12885=CARTESIAN_POINT('',(54.272654771,118.129587024,45.018127045));
#12886=CARTESIAN_POINT('',(54.179703603,118.129587024,45.054203479));
#12887=CARTESIAN_POINT('',(54.059307283,118.129587024,45.054203479));
#12888=B_SPLINE_CURVE_WITH_KNOTS('',3,(#12884,#12885,#12886,#12887),.UNSPECIFIED.,.F.,.F.,(4,4),(0.,1.),.UNSPECIFIED.);
#12889=EDGE_CURVE('',#12850,#12877,#12888,.T.);
#12890=ORIENTED_EDGE('',*,*,#12889,.F.);
#12891=EDGE_LOOP('',(#12874,#12875,#12883,#12890));
#12892=FACE_BOUND('',#12891,.T.);
#12893=ADVANCED_FACE('',(#12892),#12873,.T.);
#12894=CARTESIAN_POINT('',(54.059307283,118.129587024,45.054203479));
#12895=CARTESIAN_POINT('',(53.94508223,118.129587024,45.054203479));
#12896=CARTESIAN_POINT('',(53.859901763,118.129587024,45.007935963));
#12897=B_SPLINE_CURVE_WITH_KNOTS('',2,(#12894,#12895,#12896),.UNSPECIFIED.,.F.,.F.,(3,3),(0.,1.),.UNSPECIFIED.);
#12898=DIRECTION('',(-0.,-1.,0.));
#12899=VECTOR('',#12898,1.);
#12900=SURFACE_OF_LINEAR_EXTRUSION('',#12897,#12899);
#12901=ORIENTED_EDGE('',*,*,#12882,.T.);
#12902=ORIENTED_EDGE('',*,*,#11316,.T.);
#12903=CARTESIAN_POINT('',(53.859901763,118.129587024,45.007935963));
#12904=VERTEX_POINT('',#12903);
#12905=CARTESIAN_POINT('',(53.859901763,118.129587024,45.007935963));
#12906=DIRECTION('',(0.,1.,-0.));
#12907=VECTOR('',#12906,0.1);
#12908=LINE('',#12905,#12907);
#12909=EDGE_CURVE('',#12904,#11301,#12908,.T.);
#12910=ORIENTED_EDGE('',*,*,#12909,.F.);
#12911=CARTESIAN_POINT('',(54.059307283,118.129587024,45.054203479));
#12912=CARTESIAN_POINT('',(53.983157248,118.129587024,45.054203479));
#12913=CARTESIAN_POINT('',(53.916688741,118.129587024,45.038780973));
#12914=CARTESIAN_POINT('',(53.859901763,118.129587024,45.007935963));
#12915=B_SPLINE_CURVE_WITH_KNOTS('',3,(#12911,#12912,#12913,#12914),.UNSPECIFIED.,.F.,.F.,(4,4),(0.,1.),.UNSPECIFIED.);
#12916=EDGE_CURVE('',#12877,#12904,#12915,.T.);
#12917=ORIENTED_EDGE('',*,*,#12916,.F.);
#12918=EDGE_LOOP('',(#12901,#12902,#12910,#12917));
#12919=FACE_BOUND('',#12918,.T.);
#12920=ADVANCED_FACE('',(#12919),#12900,.T.);
#12921=CARTESIAN_POINT('',(53.859901763,118.129587024,45.007935963));
#12922=CARTESIAN_POINT('',(53.774721296,118.129587024,44.961668447));
#12923=CARTESIAN_POINT('',(53.727842315,118.129587024,44.872547428));
#12924=B_SPLINE_CURVE_WITH_KNOTS('',2,(#12921,#12922,#12923),.UNSPECIFIED.,.F.,.F.,(3,3),(0.,1.),.UNSPECIFIED.);
#12925=DIRECTION('',(-0.,-1.,0.));
#12926=VECTOR('',#12925,1.);
#12927=SURFACE_OF_LINEAR_EXTRUSION('',#12924,#12926);
#12928=ORIENTED_EDGE('',*,*,#12909,.T.);
#12929=ORIENTED_EDGE('',*,*,#11307,.T.);
#12930=CARTESIAN_POINT('',(53.727842315,118.129587024,44.872547428));
#12931=VERTEX_POINT('',#12930);
#12932=CARTESIAN_POINT('',(53.727842315,118.129587024,44.872547428));
#12933=DIRECTION('',(0.,1.,-0.));
#12934=VECTOR('',#12933,0.1);
#12935=LINE('',#12932,#12934);
#12936=EDGE_CURVE('',#12931,#11292,#12935,.T.);
#12937=ORIENTED_EDGE('',*,*,#12936,.F.);
#12938=CARTESIAN_POINT('',(53.859901763,118.129587024,45.007935963));
#12939=CARTESIAN_POINT('',(53.803114785,118.129587024,44.977090952));
#12940=CARTESIAN_POINT('',(53.759094969,118.129587024,44.93196144));
#12941=CARTESIAN_POINT('',(53.727842315,118.129587024,44.872547428));
#12942=B_SPLINE_CURVE_WITH_KNOTS('',3,(#12938,#12939,#12940,#12941),.UNSPECIFIED.,.F.,.F.,(4,4),(0.,1.),.UNSPECIFIED.);
#12943=EDGE_CURVE('',#12904,#12931,#12942,.T.);
#12944=ORIENTED_EDGE('',*,*,#12943,.F.);
#12945=EDGE_LOOP('',(#12928,#12929,#12937,#12944));
#12946=FACE_BOUND('',#12945,.T.);
#12947=ADVANCED_FACE('',(#12946),#12927,.T.);
#12948=CARTESIAN_POINT('',(53.727842315,118.129587024,44.872547428));
#12949=CARTESIAN_POINT('',(53.680920872,118.129587024,44.783426409));
#12950=CARTESIAN_POINT('',(53.680920872,118.129587024,44.672547428));
#12951=B_SPLINE_CURVE_WITH_KNOTS('',2,(#12948,#12949,#12950),.UNSPECIFIED.,.F.,.F.,(3,3),(0.,1.),.UNSPECIFIED.);
#12952=DIRECTION('',(-0.,-1.,0.));
#12953=VECTOR('',#12952,1.);
#12954=SURFACE_OF_LINEAR_EXTRUSION('',#12951,#12953);
#12955=ORIENTED_EDGE('',*,*,#12936,.T.);
#12956=ORIENTED_EDGE('',*,*,#11298,.T.);
#12957=CARTESIAN_POINT('',(53.680920872,118.129587024,44.672547428));
#12958=VERTEX_POINT('',#12957);
#12959=CARTESIAN_POINT('',(53.680920872,118.129587024,44.672547428));
#12960=DIRECTION('',(0.,1.,-0.));
#12961=VECTOR('',#12960,0.1);
#12962=LINE('',#12959,#12961);
#12963=EDGE_CURVE('',#12958,#11283,#12962,.T.);
#12964=ORIENTED_EDGE('',*,*,#12963,.F.);
#12965=CARTESIAN_POINT('',(53.727842315,118.129587024,44.872547428));
#12966=CARTESIAN_POINT('',(53.696561353,118.129587024,44.813133415));
#12967=CARTESIAN_POINT('',(53.680920872,118.129587024,44.746466748));
#12968=CARTESIAN_POINT('',(53.680920872,118.129587024,44.672547428));
#12969=B_SPLINE_CURVE_WITH_KNOTS('',3,(#12965,#12966,#12967,#12968),.UNSPECIFIED.,.F.,.F.,(4,4),(0.,1.),.UNSPECIFIED.);
#12970=EDGE_CURVE('',#12931,#12958,#12969,.T.);
#12971=ORIENTED_EDGE('',*,*,#12970,.F.);
#12972=EDGE_LOOP('',(#12955,#12956,#12964,#12971));
#12973=FACE_BOUND('',#12972,.T.);
#12974=ADVANCED_FACE('',(#12973),#12954,.T.);
#12975=CARTESIAN_POINT('',(53.680920872,118.129587024,44.672547428));
#12976=CARTESIAN_POINT('',(53.680920872,118.129587024,44.514993288));
#12977=CARTESIAN_POINT('',(53.771239343,118.129587024,44.40141367));
#12978=B_SPLINE_CURVE_WITH_KNOTS('',2,(#12975,#12976,#12977),.UNSPECIFIED.,.F.,.F.,(3,3),(0.,1.),.UNSPECIFIED.);
#12979=DIRECTION('',(-0.,-1.,0.));
#12980=VECTOR('',#12979,1.);
#12981=SURFACE_OF_LINEAR_EXTRUSION('',#12978,#12980);
#12982=ORIENTED_EDGE('',*,*,#12963,.T.);
#12983=ORIENTED_EDGE('',*,*,#11289,.T.);
#12984=CARTESIAN_POINT('',(53.771239343,118.129587024,44.40141367));
#12985=VERTEX_POINT('',#12984);
#12986=CARTESIAN_POINT('',(53.771239343,118.129587024,44.40141367));
#12987=DIRECTION('',(0.,1.,-0.));
#12988=VECTOR('',#12987,0.1);
#12989=LINE('',#12986,#12988);
#12990=EDGE_CURVE('',#12985,#11272,#12989,.T.);
#12991=ORIENTED_EDGE('',*,*,#12990,.F.);
#12992=CARTESIAN_POINT('',(53.680920872,118.129587024,44.672547428));
#12993=CARTESIAN_POINT('',(53.680920872,118.129587024,44.567511334));
#12994=CARTESIAN_POINT('',(53.711027029,118.129587024,44.477133415));
#12995=CARTESIAN_POINT('',(53.771239343,118.129587024,44.40141367));
#12996=B_SPLINE_CURVE_WITH_KNOTS('',3,(#12992,#12993,#12994,#12995),.UNSPECIFIED.,.F.,.F.,(4,4),(0.,1.),.UNSPECIFIED.);
#12997=EDGE_CURVE('',#12958,#12985,#12996,.T.);
#12998=ORIENTED_EDGE('',*,*,#12997,.F.);
#12999=EDGE_LOOP('',(#12982,#12983,#12991,#12998));
#13000=FACE_BOUND('',#12999,.T.);
#13001=ADVANCED_FACE('',(#13000),#12981,.T.);
#13002=CARTESIAN_POINT('',(53.771239343,118.129587024,44.40141367));
#13003=CARTESIAN_POINT('',(53.861515351,118.129587024,44.287834052));
#13004=CARTESIAN_POINT('',(54.072725542,118.129587024,44.287834052));
#13005=B_SPLINE_CURVE_WITH_KNOTS('',2,(#13002,#13003,#13004),.UNSPECIFIED.,.F.,.F.,(3,3),(0.,1.),.UNSPECIFIED.);
#13006=DIRECTION('',(-0.,-1.,0.));
#13007=VECTOR('',#13006,1.);
#13008=SURFACE_OF_LINEAR_EXTRUSION('',#13005,#13007);
#13009=ORIENTED_EDGE('',*,*,#12990,.T.);
#13010=ORIENTED_EDGE('',*,*,#11280,.T.);
#13011=ORIENTED_EDGE('',*,*,#12792,.F.);
#13012=CARTESIAN_POINT('',(53.771239343,118.129587024,44.40141367));
#13013=CARTESIAN_POINT('',(53.831423349,118.129587024,44.325693924));
#13014=CARTESIAN_POINT('',(53.931918748,118.129587024,44.287834052));
#13015=CARTESIAN_POINT('',(54.072725542,118.129587024,44.287834052));
#13016=B_SPLINE_CURVE_WITH_KNOTS('',3,(#13012,#13013,#13014,#13015),.UNSPECIFIED.,.F.,.F.,(4,4),(0.,1.),.UNSPECIFIED.);
#13017=EDGE_CURVE('',#12985,#12787,#13016,.T.);
#13018=ORIENTED_EDGE('',*,*,#13017,.F.);
#13019=EDGE_LOOP('',(#13009,#13010,#13011,#13018));
#13020=FACE_BOUND('',#13019,.T.);
#13021=ADVANCED_FACE('',(#13020),#13008,.T.);
#13022=CARTESIAN_POINT('',(53.998882655,118.129587024,45.553158893));
#13023=CARTESIAN_POINT('',(53.998882655,118.129587024,45.871579275));
#13024=B_SPLINE_CURVE_WITH_KNOTS('',1,(#13022,#13023),.UNSPECIFIED.,.F.,.F.,(2,2),(0.,0.265350318),.UNSPECIFIED.);
#13025=DIRECTION('',(-0.,-1.,0.));
#13026=VECTOR('',#13025,1.);
#13027=SURFACE_OF_LINEAR_EXTRUSION('',#13024,#13026);
#13028=CARTESIAN_POINT('',(53.998882655,118.129587024,45.553158893));
#13029=VERTEX_POINT('',#13028);
#13030=CARTESIAN_POINT('',(53.998882655,118.129587024,45.553158893));
#13031=DIRECTION('',(0.,1.,-0.));
#13032=VECTOR('',#13031,0.1);
#13033=LINE('',#13030,#13032);
#13034=EDGE_CURVE('',#13029,#11384,#13033,.T.);
#13035=ORIENTED_EDGE('',*,*,#13034,.T.);
#13036=ORIENTED_EDGE('',*,*,#11448,.T.);
#13037=CARTESIAN_POINT('',(53.998882655,118.129587024,45.871579275));
#13038=VERTEX_POINT('',#13037);
#13039=CARTESIAN_POINT('',(53.998882655,118.129587024,45.871579275));
#13040=DIRECTION('',(0.,1.,-0.));
#13041=VECTOR('',#13040,0.1);
#13042=LINE('',#13039,#13041);
#13043=EDGE_CURVE('',#13038,#11436,#13042,.T.);
#13044=ORIENTED_EDGE('',*,*,#13043,.F.);
#13045=CARTESIAN_POINT('',(53.998882655,118.129587024,45.553158893));
#13046=DIRECTION('',(0.,0.,1.));
#13047=VECTOR('',#13046,0.318420382);
#13048=LINE('',#13045,#13047);
#13049=EDGE_CURVE('',#13029,#13038,#13048,.T.);
#13050=ORIENTED_EDGE('',*,*,#13049,.F.);
#13051=EDGE_LOOP('',(#13035,#13036,#13044,#13050));
#13052=FACE_BOUND('',#13051,.T.);
#13053=ADVANCED_FACE('',(#13052),#13027,.T.);
#13054=CARTESIAN_POINT('',(53.998882655,118.129587024,45.871579275));
#13055=CARTESIAN_POINT('',(53.998882655,118.129587024,45.973133415));
#13056=CARTESIAN_POINT('',(53.98164274,118.129587024,46.030203479));
#13057=B_SPLINE_CURVE_WITH_KNOTS('',2,(#13054,#13055,#13056),.UNSPECIFIED.,.F.,.F.,(3,3),(0.,1.),.UNSPECIFIED.);
#13058=DIRECTION('',(-0.,-1.,0.));
#13059=VECTOR('',#13058,1.);
#13060=SURFACE_OF_LINEAR_EXTRUSION('',#13057,#13059);
#13061=ORIENTED_EDGE('',*,*,#13043,.T.);
#13062=ORIENTED_EDGE('',*,*,#11442,.T.);
#13063=CARTESIAN_POINT('',(53.98164274,118.129587024,46.030203479));
#13064=VERTEX_POINT('',#13063);
#13065=CARTESIAN_POINT('',(53.98164274,118.129587024,46.030203479));
#13066=DIRECTION('',(0.,1.,-0.));
#13067=VECTOR('',#13066,0.1);
#13068=LINE('',#13065,#13067);
#13069=EDGE_CURVE('',#13064,#11427,#13068,.T.);
#13070=ORIENTED_EDGE('',*,*,#13069,.F.);
#13071=CARTESIAN_POINT('',(53.998882655,118.129587024,45.871579275));
#13072=CARTESIAN_POINT('',(53.998882655,118.129587024,45.939282035));
#13073=CARTESIAN_POINT('',(53.993136017,118.129587024,45.992156769));
#13074=CARTESIAN_POINT('',(53.98164274,118.129587024,46.030203479));
#13075=B_SPLINE_CURVE_WITH_KNOTS('',3,(#13071,#13072,#13073,#13074),.UNSPECIFIED.,.F.,.F.,(4,4),(0.,1.),.UNSPECIFIED.);
#13076=EDGE_CURVE('',#13038,#13064,#13075,.T.);
#13077=ORIENTED_EDGE('',*,*,#13076,.F.);
#13078=EDGE_LOOP('',(#13061,#13062,#13070,#13077));
#13079=FACE_BOUND('',#13078,.T.);
#13080=ADVANCED_FACE('',(#13079),#13060,.T.);
#13081=CARTESIAN_POINT('',(53.98164274,118.129587024,46.030203479));
#13082=CARTESIAN_POINT('',(53.964360362,118.129587024,46.087324498));
#13083=CARTESIAN_POINT('',(53.926398579,118.129587024,46.116980549));
#13084=B_SPLINE_CURVE_WITH_KNOTS('',2,(#13081,#13082,#13083),.UNSPECIFIED.,.F.,.F.,(3,3),(0.,1.),.UNSPECIFIED.);
#13085=DIRECTION('',(-0.,-1.,0.));
#13086=VECTOR('',#13085,1.);
#13087=SURFACE_OF_LINEAR_EXTRUSION('',#13084,#13086);
#13088=ORIENTED_EDGE('',*,*,#13069,.T.);
#13089=ORIENTED_EDGE('',*,*,#11433,.T.);
#13090=CARTESIAN_POINT('',(53.926398579,118.129587024,46.116980549));
#13091=VERTEX_POINT('',#13090);
#13092=CARTESIAN_POINT('',(53.926398579,118.129587024,46.116980549));
#13093=DIRECTION('',(0.,1.,-0.));
#13094=VECTOR('',#13093,0.1);
#13095=LINE('',#13092,#13094);
#13096=EDGE_CURVE('',#13091,#11418,#13095,.T.);
#13097=ORIENTED_EDGE('',*,*,#13096,.F.);
#13098=CARTESIAN_POINT('',(53.98164274,118.129587024,46.030203479));
#13099=CARTESIAN_POINT('',(53.970121155,118.129587024,46.068284158));
#13100=CARTESIAN_POINT('',(53.951706434,118.129587024,46.097209848));
#13101=CARTESIAN_POINT('',(53.926398579,118.129587024,46.116980549));
#13102=B_SPLINE_CURVE_WITH_KNOTS('',3,(#13098,#13099,#13100,#13101),.UNSPECIFIED.,.F.,.F.,(4,4),(0.,1.),.UNSPECIFIED.);
#13103=EDGE_CURVE('',#13064,#13091,#13102,.T.);
#13104=ORIENTED_EDGE('',*,*,#13103,.F.);
#13105=EDGE_LOOP('',(#13088,#13089,#13097,#13104));
#13106=FACE_BOUND('',#13105,.T.);
#13107=ADVANCED_FACE('',(#13106),#13087,.T.);
#13108=CARTESIAN_POINT('',(53.926398579,118.129587024,46.116980549));
#13109=CARTESIAN_POINT('',(53.888436795,118.129587024,46.146687555));
#13110=CARTESIAN_POINT('',(53.843850808,118.129587024,46.146687555));
#13111=B_SPLINE_CURVE_WITH_KNOTS('',2,(#13108,#13109,#13110),.UNSPECIFIED.,.F.,.F.,(3,3),(0.,1.),.UNSPECIFIED.);
#13112=DIRECTION('',(-0.,-1.,0.));
#13113=VECTOR('',#13112,1.);
#13114=SURFACE_OF_LINEAR_EXTRUSION('',#13111,#13113);
#13115=ORIENTED_EDGE('',*,*,#13096,.T.);
#13116=ORIENTED_EDGE('',*,*,#11424,.T.);
#13117=CARTESIAN_POINT('',(53.843850808,118.129587024,46.146687555));
#13118=VERTEX_POINT('',#13117);
#13119=CARTESIAN_POINT('',(53.843850808,118.129587024,46.146687555));
#13120=DIRECTION('',(0.,1.,-0.));
#13121=VECTOR('',#13120,0.1);
#13122=LINE('',#13119,#13121);
#13123=EDGE_CURVE('',#13118,#11409,#13122,.T.);
#13124=ORIENTED_EDGE('',*,*,#13123,.F.);
#13125=CARTESIAN_POINT('',(53.926398579,118.129587024,46.116980549));
#13126=CARTESIAN_POINT('',(53.901090723,118.129587024,46.13678522));
#13127=CARTESIAN_POINT('',(53.873574799,118.129587024,46.146687555));
#13128=CARTESIAN_POINT('',(53.843850808,118.129587024,46.146687555));
#13129=B_SPLINE_CURVE_WITH_KNOTS('',3,(#13125,#13126,#13127,#13128),.UNSPECIFIED.,.F.,.F.,(4,4),(0.,1.),.UNSPECIFIED.);
#13130=EDGE_CURVE('',#13091,#13118,#13129,.T.);
#13131=ORIENTED_EDGE('',*,*,#13130,.F.);
#13132=EDGE_LOOP('',(#13115,#13116,#13124,#13131));
#13133=FACE_BOUND('',#13132,.T.);
#13134=ADVANCED_FACE('',(#13133),#13114,.T.);
#13135=CARTESIAN_POINT('',(53.843850808,118.129587024,46.146687555));
#13136=CARTESIAN_POINT('',(53.778585415,118.129587024,46.146687555));
#13137=CARTESIAN_POINT('',(53.736547199,118.129587024,46.089158893));
#13138=B_SPLINE_CURVE_WITH_KNOTS('',2,(#13135,#13136,#13137),.UNSPECIFIED.,.F.,.F.,(3,3),(0.,1.),.UNSPECIFIED.);
#13139=DIRECTION('',(-0.,-1.,0.));
#13140=VECTOR('',#13139,1.);
#13141=SURFACE_OF_LINEAR_EXTRUSION('',#13138,#13140);
#13142=ORIENTED_EDGE('',*,*,#13123,.T.);
#13143=ORIENTED_EDGE('',*,*,#11415,.T.);
#13144=CARTESIAN_POINT('',(53.736547199,118.129587024,46.089158893));
#13145=VERTEX_POINT('',#13144);
#13146=CARTESIAN_POINT('',(53.736547198,118.129587024,46.089158891));
#13147=DIRECTION('',(0.,1.,-0.));
#13148=VECTOR('',#13147,0.1);
#13149=LINE('',#13146,#13148);
#13150=EDGE_CURVE('',#13145,#11400,#13149,.T.);
#13151=ORIENTED_EDGE('',*,*,#13150,.F.);
#13152=CARTESIAN_POINT('',(53.843850808,118.129587024,46.146687555));
#13153=CARTESIAN_POINT('',(53.800340546,118.129587024,46.146687555));
#13154=CARTESIAN_POINT('',(53.764572676,118.129587024,46.127511334));
#13155=CARTESIAN_POINT('',(53.736547199,118.129587024,46.089158893));
#13156=B_SPLINE_CURVE_WITH_KNOTS('',3,(#13152,#13153,#13154,#13155),.UNSPECIFIED.,.F.,.F.,(4,4),(0.,1.),.UNSPECIFIED.);
#13157=EDGE_CURVE('',#13118,#13145,#13156,.T.);
#13158=ORIENTED_EDGE('',*,*,#13157,.F.);
#13159=EDGE_LOOP('',(#13142,#13143,#13151,#13158));
#13160=FACE_BOUND('',#13159,.T.);
#13161=ADVANCED_FACE('',(#13160),#13141,.T.);
#13162=CARTESIAN_POINT('',(53.736547199,118.129587024,46.089158893));
#13163=CARTESIAN_POINT('',(53.694508982,118.129587024,46.03163023));
#13164=CARTESIAN_POINT('',(53.694508982,118.129587024,45.907451886));
#13165=B_SPLINE_CURVE_WITH_KNOTS('',2,(#13162,#13163,#13164),.UNSPECIFIED.,.F.,.F.,(3,3),(0.,1.),.UNSPECIFIED.);
#13166=DIRECTION('',(-0.,-1.,0.));
#13167=VECTOR('',#13166,1.);
#13168=SURFACE_OF_LINEAR_EXTRUSION('',#13165,#13167);
#13169=ORIENTED_EDGE('',*,*,#13150,.T.);
#13170=ORIENTED_EDGE('',*,*,#11406,.T.);
#13171=CARTESIAN_POINT('',(53.694508982,118.129587024,45.907451886));
#13172=VERTEX_POINT('',#13171);
#13173=CARTESIAN_POINT('',(53.694508982,118.129587024,45.907451886));
#13174=DIRECTION('',(0.,1.,-0.));
#13175=VECTOR('',#13174,0.1);
#13176=LINE('',#13173,#13175);
#13177=EDGE_CURVE('',#13172,#11392,#13176,.T.);
#13178=ORIENTED_EDGE('',*,*,#13177,.F.);
#13179=CARTESIAN_POINT('',(53.736547199,118.129587024,46.089158893));
#13180=CARTESIAN_POINT('',(53.708521721,118.129587024,46.050806451));
#13181=CARTESIAN_POINT('',(53.694508982,118.129587024,45.990237449));
#13182=CARTESIAN_POINT('',(53.694508982,118.129587024,45.907451886));
#13183=B_SPLINE_CURVE_WITH_KNOTS('',3,(#13179,#13180,#13181,#13182),.UNSPECIFIED.,.F.,.F.,(4,4),(0.,1.),.UNSPECIFIED.);
#13184=EDGE_CURVE('',#13145,#13172,#13183,.T.);
#13185=ORIENTED_EDGE('',*,*,#13184,.F.);
#13186=EDGE_LOOP('',(#13169,#13170,#13178,#13185));
#13187=FACE_BOUND('',#13186,.T.);
#13188=ADVANCED_FACE('',(#13187),#13168,.T.);
#13189=CARTESIAN_POINT('',(53.694508982,118.129587024,45.907451886));
#13190=CARTESIAN_POINT('',(53.694508982,118.129587024,45.553158893));
#13191=B_SPLINE_CURVE_WITH_KNOTS('',1,(#13189,#13190),.UNSPECIFIED.,.F.,.F.,(2,2),(0.,0.295244161),.UNSPECIFIED.);
#13192=DIRECTION('',(-0.,-1.,0.));
#13193=VECTOR('',#13192,1.);
#13194=SURFACE_OF_LINEAR_EXTRUSION('',#13191,#13193);
#13195=ORIENTED_EDGE('',*,*,#13177,.T.);
#13196=ORIENTED_EDGE('',*,*,#11397,.T.);
#13197=CARTESIAN_POINT('',(53.694508982,118.129587024,45.553158893));
#13198=VERTEX_POINT('',#13197);
#13199=CARTESIAN_POINT('',(53.694508982,118.129587024,45.553158893));
#13200=DIRECTION('',(0.,1.,-0.));
#13201=VECTOR('',#13200,0.1);
#13202=LINE('',#13199,#13201);
#13203=EDGE_CURVE('',#13198,#11382,#13202,.T.);
#13204=ORIENTED_EDGE('',*,*,#13203,.F.);
#13205=CARTESIAN_POINT('',(53.694508982,118.129587024,45.907451886));
#13206=DIRECTION('',(-0.,-0.,-1.));
#13207=VECTOR('',#13206,0.354292993);
#13208=LINE('',#13205,#13207);
#13209=EDGE_CURVE('',#13172,#13198,#13208,.T.);
#13210=ORIENTED_EDGE('',*,*,#13209,.F.);
#13211=EDGE_LOOP('',(#13195,#13196,#13204,#13210));
#13212=FACE_BOUND('',#13211,.T.);
#13213=ADVANCED_FACE('',(#13212),#13194,.T.);
#13214=CARTESIAN_POINT('',(53.694508982,118.129587024,45.553158893));
#13215=CARTESIAN_POINT('',(53.998882655,118.129587024,45.553158893));
#13216=B_SPLINE_CURVE_WITH_KNOTS('',1,(#13214,#13215),.UNSPECIFIED.,.F.,.F.,(2,2),(0.,0.304373673),.UNSPECIFIED.);
#13217=DIRECTION('',(-0.,-1.,0.));
#13218=VECTOR('',#13217,1.);
#13219=SURFACE_OF_LINEAR_EXTRUSION('',#13216,#13218);
#13220=ORIENTED_EDGE('',*,*,#13203,.T.);
#13221=ORIENTED_EDGE('',*,*,#11389,.T.);
#13222=ORIENTED_EDGE('',*,*,#13034,.F.);
#13223=CARTESIAN_POINT('',(53.694508982,118.129587024,45.553158893));
#13224=DIRECTION('',(1.,-0.,-0.));
#13225=VECTOR('',#13224,0.304373673);
#13226=LINE('',#13223,#13225);
#13227=EDGE_CURVE('',#13198,#13029,#13226,.T.);
#13228=ORIENTED_EDGE('',*,*,#13227,.F.);
#13229=EDGE_LOOP('',(#13220,#13221,#13222,#13228));
#13230=FACE_BOUND('',#13229,.T.);
#13231=ADVANCED_FACE('',(#13230),#13219,.T.);
#13232=CARTESIAN_POINT('',(54.268139555,118.129587024,47.052725772));
#13233=CARTESIAN_POINT('',(54.298075861,118.129587024,47.180114307));
#13234=CARTESIAN_POINT('',(54.35731153,118.129587024,47.262763988));
#13235=B_SPLINE_CURVE_WITH_KNOTS('',2,(#13232,#13233,#13234),.UNSPECIFIED.,.F.,.F.,(3,3),(0.,1.),.UNSPECIFIED.);
#13236=DIRECTION('',(-0.,-1.,0.));
#13237=VECTOR('',#13236,1.);
#13238=SURFACE_OF_LINEAR_EXTRUSION('',#13235,#13237);
#13239=CARTESIAN_POINT('',(54.268139555,118.129587024,47.052725772));
#13240=VERTEX_POINT('',#13239);
#13241=CARTESIAN_POINT('',(54.268139555,118.129587024,47.052725772));
#13242=DIRECTION('',(0.,1.,-0.));
#13243=VECTOR('',#13242,0.1);
#13244=LINE('',#13241,#13243);
#13245=EDGE_CURVE('',#13240,#11478,#13244,.T.);
#13246=ORIENTED_EDGE('',*,*,#13245,.T.);
#13247=ORIENTED_EDGE('',*,*,#11580,.T.);
#13248=CARTESIAN_POINT('',(54.357311379,118.129587024,47.262763777));
#13249=VERTEX_POINT('',#13248);
#13250=CARTESIAN_POINT('',(54.357311553,118.129587024,47.262763958));
#13251=DIRECTION('',(0.,1.,-0.));
#13252=VECTOR('',#13251,0.1);
#13253=LINE('',#13250,#13252);
#13254=EDGE_CURVE('',#13249,#11567,#13253,.T.);
#13255=ORIENTED_EDGE('',*,*,#13254,.F.);
#13256=CARTESIAN_POINT('',(54.268139555,118.129587024,47.052725772));
#13257=CARTESIAN_POINT('',(54.288097092,118.129587024,47.137651462));
#13258=CARTESIAN_POINT('',(54.317821084,118.129587024,47.2076642));
#13259=CARTESIAN_POINT('',(54.35731153,118.129587024,47.262763988));
#13260=B_SPLINE_CURVE_WITH_KNOTS('',3,(#13256,#13257,#13258,#13259),.UNSPECIFIED.,.F.,.F.,(4,4),(0.,1.),.UNSPECIFIED.);
#13261=EDGE_CURVE('',#13240,#13249,#13260,.T.);
#13262=ORIENTED_EDGE('',*,*,#13261,.F.);
#13263=EDGE_LOOP('',(#13246,#13247,#13255,#13262));
#13264=FACE_BOUND('',#13263,.T.);
#13265=ADVANCED_FACE('',(#13264),#13238,.T.);
#13266=CARTESIAN_POINT('',(54.359302188,118.129587024,47.260170358));
#13267=CARTESIAN_POINT('',(54.358306859,118.129587024,47.261467173));
#13268=CARTESIAN_POINT('',(54.35731153,118.129587024,47.262763988));
#13269=CARTESIAN_POINT('',(54.257778621,118.129587024,47.392445517));
#13270=CARTESIAN_POINT('',(54.058033398,118.129587024,47.392445517));
#13271=B_SPLINE_CURVE_WITH_KNOTS('',2,(#13266,#13267,#13268,#13269,#13270),.UNSPECIFIED.,.F.,.F.,(3,2,3),(-0.01,0.,1.),.UNSPECIFIED.);
#13272=DIRECTION('',(-0.,-1.,0.));
#13273=VECTOR('',#13272,1.);
#13274=SURFACE_OF_LINEAR_EXTRUSION('',#13271,#13273);
#13275=ORIENTED_EDGE('',*,*,#13254,.T.);
#13276=ORIENTED_EDGE('',*,*,#11573,.T.);
#13277=CARTESIAN_POINT('',(54.058033398,118.129587024,47.392445517));
#13278=VERTEX_POINT('',#13277);
#13279=CARTESIAN_POINT('',(54.058033398,118.129587024,47.392445517));
#13280=DIRECTION('',(0.,1.,-0.));
#13281=VECTOR('',#13280,0.1);
#13282=LINE('',#13279,#13281);
#13283=EDGE_CURVE('',#13278,#11558,#13282,.T.);
#13284=ORIENTED_EDGE('',*,*,#13283,.F.);
#13285=CARTESIAN_POINT('',(54.35731153,118.129587024,47.262763988));
#13286=CARTESIAN_POINT('',(54.290956257,118.129587024,47.349218341));
#13287=CARTESIAN_POINT('',(54.19119688,118.129587024,47.392445517));
#13288=CARTESIAN_POINT('',(54.058033398,118.129587024,47.392445517));
#13289=B_SPLINE_CURVE_WITH_KNOTS('',3,(#13285,#13286,#13287,#13288),.UNSPECIFIED.,.F.,.F.,(4,4),(0.,1.),.UNSPECIFIED.);
#13290=EDGE_CURVE('',#13249,#13278,#13289,.T.);
#13291=ORIENTED_EDGE('',*,*,#13290,.F.);
#13292=EDGE_LOOP('',(#13275,#13276,#13284,#13291));
#13293=FACE_BOUND('',#13292,.T.);
#13294=ADVANCED_FACE('',(#13293),#13274,.T.);
#13295=CARTESIAN_POINT('',(54.058033398,118.129587024,47.392445517));
#13296=CARTESIAN_POINT('',(53.944445288,118.129587024,47.392445517));
#13297=CARTESIAN_POINT('',(53.859604523,118.129587024,47.346534689));
#13298=B_SPLINE_CURVE_WITH_KNOTS('',2,(#13295,#13296,#13297),.UNSPECIFIED.,.F.,.F.,(3,3),(0.,1.),.UNSPECIFIED.);
#13299=DIRECTION('',(-0.,-1.,0.));
#13300=VECTOR('',#13299,1.);
#13301=SURFACE_OF_LINEAR_EXTRUSION('',#13298,#13300);
#13302=ORIENTED_EDGE('',*,*,#13283,.T.);
#13303=ORIENTED_EDGE('',*,*,#11564,.T.);
#13304=CARTESIAN_POINT('',(53.859604523,118.129587024,47.346534689));
#13305=VERTEX_POINT('',#13304);
#13306=CARTESIAN_POINT('',(53.859604523,118.129587024,47.346534689));
#13307=DIRECTION('',(0.,1.,-0.));
#13308=VECTOR('',#13307,0.1);
#13309=LINE('',#13306,#13308);
#13310=EDGE_CURVE('',#13305,#11549,#13309,.T.);
#13311=ORIENTED_EDGE('',*,*,#13310,.F.);
#13312=CARTESIAN_POINT('',(54.058033398,118.129587024,47.392445517));
#13313=CARTESIAN_POINT('',(53.982307991,118.129587024,47.392445517));
#13314=CARTESIAN_POINT('',(53.916165033,118.129587024,47.377141907));
#13315=CARTESIAN_POINT('',(53.859604523,118.129587024,47.346534689));
#13316=B_SPLINE_CURVE_WITH_KNOTS('',3,(#13312,#13313,#13314,#13315),.UNSPECIFIED.,.F.,.F.,(4,4),(0.,1.),.UNSPECIFIED.);
#13317=EDGE_CURVE('',#13278,#13305,#13316,.T.);
#13318=ORIENTED_EDGE('',*,*,#13317,.F.);
#13319=EDGE_LOOP('',(#13302,#13303,#13311,#13318));
#13320=FACE_BOUND('',#13319,.T.);
#13321=ADVANCED_FACE('',(#13320),#13301,.T.);
#13322=CARTESIAN_POINT('',(53.859604523,118.129587024,47.346534689));
#13323=CARTESIAN_POINT('',(53.774721296,118.129587024,47.300674816));
#13324=CARTESIAN_POINT('',(53.727842315,118.129587024,47.212318128));
#13325=B_SPLINE_CURVE_WITH_KNOTS('',2,(#13322,#13323,#13324),.UNSPECIFIED.,.F.,.F.,(3,3),(0.,1.),.UNSPECIFIED.);
#13326=DIRECTION('',(-0.,-1.,0.));
#13327=VECTOR('',#13326,1.);
#13328=SURFACE_OF_LINEAR_EXTRUSION('',#13325,#13327);
#13329=ORIENTED_EDGE('',*,*,#13310,.T.);
#13330=ORIENTED_EDGE('',*,*,#11555,.T.);
#13331=CARTESIAN_POINT('',(53.727842315,118.129587024,47.212318128));
#13332=VERTEX_POINT('',#13331);
#13333=CARTESIAN_POINT('',(53.727842315,118.129587024,47.212318128));
#13334=DIRECTION('',(0.,1.,-0.));
#13335=VECTOR('',#13334,0.1);
#13336=LINE('',#13333,#13335);
#13337=EDGE_CURVE('',#13332,#11540,#13336,.T.);
#13338=ORIENTED_EDGE('',*,*,#13337,.F.);
#13339=CARTESIAN_POINT('',(53.859604523,118.129587024,47.346534689));
#13340=CARTESIAN_POINT('',(53.803015705,118.129587024,47.31596144));
#13341=CARTESIAN_POINT('',(53.759094969,118.129587024,47.271222587));
#13342=CARTESIAN_POINT('',(53.727842315,118.129587024,47.212318128));
#13343=B_SPLINE_CURVE_WITH_KNOTS('',3,(#13339,#13340,#13341,#13342),.UNSPECIFIED.,.F.,.F.,(4,4),(0.,1.),.UNSPECIFIED.);
#13344=EDGE_CURVE('',#13305,#13332,#13343,.T.);
#13345=ORIENTED_EDGE('',*,*,#13344,.F.);
#13346=EDGE_LOOP('',(#13329,#13330,#13338,#13345));
#13347=FACE_BOUND('',#13346,.T.);
#13348=ADVANCED_FACE('',(#13347),#13328,.T.);
#13349=CARTESIAN_POINT('',(53.727842315,118.129587024,47.212318128));
#13350=CARTESIAN_POINT('',(53.680920872,118.129587024,47.124012396));
#13351=CARTESIAN_POINT('',(53.680920872,118.129587024,47.014050612));
#13352=B_SPLINE_CURVE_WITH_KNOTS('',2,(#13349,#13350,#13351),.UNSPECIFIED.,.F.,.F.,(3,3),(0.,1.),.UNSPECIFIED.);
#13353=DIRECTION('',(-0.,-1.,0.));
#13354=VECTOR('',#13353,1.);
#13355=SURFACE_OF_LINEAR_EXTRUSION('',#13352,#13354);
#13356=ORIENTED_EDGE('',*,*,#13337,.T.);
#13357=ORIENTED_EDGE('',*,*,#11546,.T.);
#13358=CARTESIAN_POINT('',(53.680920872,118.129587024,47.014050612));
#13359=VERTEX_POINT('',#13358);
#13360=CARTESIAN_POINT('',(53.680920872,118.129587024,47.014050612));
#13361=DIRECTION('',(0.,1.,-0.));
#13362=VECTOR('',#13361,0.1);
#13363=LINE('',#13360,#13362);
#13364=EDGE_CURVE('',#13359,#11531,#13363,.T.);
#13365=ORIENTED_EDGE('',*,*,#13364,.F.);
#13366=CARTESIAN_POINT('',(53.727842315,118.129587024,47.212318128));
#13367=CARTESIAN_POINT('',(53.696561353,118.129587024,47.15344764));
#13368=CARTESIAN_POINT('',(53.680920872,118.129587024,47.087358468));
#13369=CARTESIAN_POINT('',(53.680920872,118.129587024,47.014050612));
#13370=B_SPLINE_CURVE_WITH_KNOTS('',3,(#13366,#13367,#13368,#13369),.UNSPECIFIED.,.F.,.F.,(4,4),(0.,1.),.UNSPECIFIED.);
#13371=EDGE_CURVE('',#13332,#13359,#13370,.T.);
#13372=ORIENTED_EDGE('',*,*,#13371,.F.);
#13373=EDGE_LOOP('',(#13356,#13357,#13365,#13372));
#13374=FACE_BOUND('',#13373,.T.);
#13375=ADVANCED_FACE('',(#13374),#13355,.T.);
#13376=CARTESIAN_POINT('',(53.680920872,118.129587024,47.014050612));
#13377=CARTESIAN_POINT('',(53.680920872,118.129587024,46.849464625));
#13378=CARTESIAN_POINT('',(53.775697942,118.129587024,46.741031504));
#13379=B_SPLINE_CURVE_WITH_KNOTS('',2,(#13376,#13377,#13378),.UNSPECIFIED.,.F.,.F.,(3,3),(0.,1.),.UNSPECIFIED.);
#13380=DIRECTION('',(-0.,-1.,0.));
#13381=VECTOR('',#13380,1.);
#13382=SURFACE_OF_LINEAR_EXTRUSION('',#13379,#13381);
#13383=ORIENTED_EDGE('',*,*,#13364,.T.);
#13384=ORIENTED_EDGE('',*,*,#11537,.T.);
#13385=CARTESIAN_POINT('',(53.775697942,118.129587024,46.741031504));
#13386=VERTEX_POINT('',#13385);
#13387=CARTESIAN_POINT('',(53.775697942,118.129587024,46.741031504));
#13388=DIRECTION('',(0.,1.,-0.));
#13389=VECTOR('',#13388,0.1);
#13390=LINE('',#13387,#13389);
#13391=EDGE_CURVE('',#13386,#11522,#13390,.T.);
#13392=ORIENTED_EDGE('',*,*,#13391,.F.);
#13393=CARTESIAN_POINT('',(53.680920872,118.129587024,47.014050612));
#13394=CARTESIAN_POINT('',(53.680920872,118.129587024,46.904326621));
#13395=CARTESIAN_POINT('',(53.712513228,118.129587024,46.813320251));
#13396=CARTESIAN_POINT('',(53.775697942,118.129587024,46.741031504));
#13397=B_SPLINE_CURVE_WITH_KNOTS('',3,(#13393,#13394,#13395,#13396),.UNSPECIFIED.,.F.,.F.,(4,4),(0.,1.),.UNSPECIFIED.);
#13398=EDGE_CURVE('',#13359,#13386,#13397,.T.);
#13399=ORIENTED_EDGE('',*,*,#13398,.F.);
#13400=EDGE_LOOP('',(#13383,#13384,#13392,#13399));
#13401=FACE_BOUND('',#13400,.T.);
#13402=ADVANCED_FACE('',(#13401),#13382,.T.);
#13403=CARTESIAN_POINT('',(53.775697942,118.129587024,46.741031504));
#13404=CARTESIAN_POINT('',(53.870432549,118.129587024,46.632598383));
#13405=CARTESIAN_POINT('',(54.058670341,118.129587024,46.632598383));
#13406=B_SPLINE_CURVE_WITH_KNOTS('',2,(#13403,#13404,#13405),.UNSPECIFIED.,.F.,.F.,(3,3),(0.,1.),.UNSPECIFIED.);
#13407=DIRECTION('',(-0.,-1.,0.));
#13408=VECTOR('',#13407,1.);
#13409=SURFACE_OF_LINEAR_EXTRUSION('',#13406,#13408);
#13410=ORIENTED_EDGE('',*,*,#13391,.T.);
#13411=ORIENTED_EDGE('',*,*,#11528,.T.);
#13412=CARTESIAN_POINT('',(54.058670341,118.129587024,46.632598383));
#13413=VERTEX_POINT('',#13412);
#13414=CARTESIAN_POINT('',(54.058670341,118.129587024,46.632598383));
#13415=DIRECTION('',(0.,1.,-0.));
#13416=VECTOR('',#13415,0.1);
#13417=LINE('',#13414,#13416);
#13418=EDGE_CURVE('',#13413,#11513,#13417,.T.);
#13419=ORIENTED_EDGE('',*,*,#13418,.F.);
#13420=CARTESIAN_POINT('',(53.775697942,118.129587024,46.741031504));
#13421=CARTESIAN_POINT('',(53.838854346,118.129587024,46.668742757));
#13422=CARTESIAN_POINT('',(53.933178479,118.129587024,46.632598383));
#13423=CARTESIAN_POINT('',(54.058670341,118.129587024,46.632598383));
#13424=B_SPLINE_CURVE_WITH_KNOTS('',3,(#13420,#13421,#13422,#13423),.UNSPECIFIED.,.F.,.F.,(4,4),(0.,1.),.UNSPECIFIED.);
#13425=EDGE_CURVE('',#13386,#13413,#13424,.T.);
#13426=ORIENTED_EDGE('',*,*,#13425,.F.);
#13427=EDGE_LOOP('',(#13410,#13411,#13419,#13426));
#13428=FACE_BOUND('',#13427,.T.);
#13429=ADVANCED_FACE('',(#13428),#13409,.T.);
#13430=CARTESIAN_POINT('',(54.058670341,118.129587024,46.632598383));
#13431=CARTESIAN_POINT('',(54.241175649,118.129587024,46.632598383));
#13432=CARTESIAN_POINT('',(54.338797729,118.129587024,46.739910485));
#13433=B_SPLINE_CURVE_WITH_KNOTS('',2,(#13430,#13431,#13432),.UNSPECIFIED.,.F.,.F.,(3,3),(0.,1.),.UNSPECIFIED.);
#13434=DIRECTION('',(-0.,-1.,0.));
#13435=VECTOR('',#13434,1.);
#13436=SURFACE_OF_LINEAR_EXTRUSION('',#13433,#13435);
#13437=ORIENTED_EDGE('',*,*,#13418,.T.);
#13438=ORIENTED_EDGE('',*,*,#11519,.T.);
#13439=CARTESIAN_POINT('',(54.338797729,118.129587024,46.739910485));
#13440=VERTEX_POINT('',#13439);
#13441=CARTESIAN_POINT('',(54.338797729,118.129587024,46.739910485));
#13442=DIRECTION('',(0.,1.,-0.));
#13443=VECTOR('',#13442,0.1);
#13444=LINE('',#13441,#13443);
#13445=EDGE_CURVE('',#13440,#11504,#13444,.T.);
#13446=ORIENTED_EDGE('',*,*,#13445,.F.);
#13447=CARTESIAN_POINT('',(54.058670341,118.129587024,46.632598383));
#13448=CARTESIAN_POINT('',(54.180340546,118.129587024,46.632598383));
#13449=CARTESIAN_POINT('',(54.273716342,118.129587024,46.668369084));
#13450=CARTESIAN_POINT('',(54.338797729,118.129587024,46.739910485));
#13451=B_SPLINE_CURVE_WITH_KNOTS('',3,(#13447,#13448,#13449,#13450),.UNSPECIFIED.,.F.,.F.,(4,4),(0.,1.),.UNSPECIFIED.);
#13452=EDGE_CURVE('',#13413,#13440,#13451,.T.);
#13453=ORIENTED_EDGE('',*,*,#13452,.F.);
#13454=EDGE_LOOP('',(#13437,#13438,#13446,#13453));
#13455=FACE_BOUND('',#13454,.T.);
#13456=ADVANCED_FACE('',(#13455),#13436,.T.);
#13457=CARTESIAN_POINT('',(54.338797729,118.129587024,46.739910485));
#13458=CARTESIAN_POINT('',(54.43641981,118.129587024,46.847222587));
#13459=CARTESIAN_POINT('',(54.43641981,118.129587024,47.014050612));
#13460=B_SPLINE_CURVE_WITH_KNOTS('',2,(#13457,#13458,#13459),.UNSPECIFIED.,.F.,.F.,(3,3),(0.,1.),.UNSPECIFIED.);
#13461=DIRECTION('',(-0.,-1.,0.));
#13462=VECTOR('',#13461,1.);
#13463=SURFACE_OF_LINEAR_EXTRUSION('',#13460,#13462);
#13464=ORIENTED_EDGE('',*,*,#13445,.T.);
#13465=ORIENTED_EDGE('',*,*,#11510,.T.);
#13466=CARTESIAN_POINT('',(54.43641981,118.129587024,47.014050612));
#13467=VERTEX_POINT('',#13466);
#13468=CARTESIAN_POINT('',(54.43641981,118.129587024,47.014050612));
#13469=DIRECTION('',(0.,1.,-0.));
#13470=VECTOR('',#13469,0.1);
#13471=LINE('',#13468,#13470);
#13472=EDGE_CURVE('',#13467,#11495,#13471,.T.);
#13473=ORIENTED_EDGE('',*,*,#13472,.F.);
#13474=CARTESIAN_POINT('',(54.338797729,118.129587024,46.739910485));
#13475=CARTESIAN_POINT('',(54.403879116,118.129587024,46.811451886));
#13476=CARTESIAN_POINT('',(54.43641981,118.129587024,46.902831929));
#13477=CARTESIAN_POINT('',(54.43641981,118.129587024,47.014050612));
#13478=B_SPLINE_CURVE_WITH_KNOTS('',3,(#13474,#13475,#13476,#13477),.UNSPECIFIED.,.F.,.F.,(4,4),(0.,1.),.UNSPECIFIED.);
#13479=EDGE_CURVE('',#13440,#13467,#13478,.T.);
#13480=ORIENTED_EDGE('',*,*,#13479,.F.);
#13481=EDGE_LOOP('',(#13464,#13465,#13473,#13480));
#13482=FACE_BOUND('',#13481,.T.);
#13483=ADVANCED_FACE('',(#13482),#13463,.T.);
#13484=CARTESIAN_POINT('',(54.43641981,118.129587024,47.014050612));
#13485=CARTESIAN_POINT('',(54.43641981,118.129587024,47.092929593));
#13486=CARTESIAN_POINT('',(54.411536583,118.129587024,47.162687555));
#13487=B_SPLINE_CURVE_WITH_KNOTS('',2,(#13484,#13485,#13486),.UNSPECIFIED.,.F.,.F.,(3,3),(0.,1.),.UNSPECIFIED.);
#13488=DIRECTION('',(-0.,-1.,0.));
#13489=VECTOR('',#13488,1.);
#13490=SURFACE_OF_LINEAR_EXTRUSION('',#13487,#13489);
#13491=ORIENTED_EDGE('',*,*,#13472,.T.);
#13492=ORIENTED_EDGE('',*,*,#11501,.T.);
#13493=CARTESIAN_POINT('',(54.411536696,118.129587024,47.162687239));
#13494=VERTEX_POINT('',#13493);
#13495=CARTESIAN_POINT('',(54.411536583,118.129587024,47.162687555));
#13496=DIRECTION('',(0.,1.,-0.));
#13497=VECTOR('',#13496,0.1);
#13498=LINE('',#13495,#13497);
#13499=EDGE_CURVE('',#13494,#11486,#13498,.T.);
#13500=ORIENTED_EDGE('',*,*,#13499,.F.);
#13501=CARTESIAN_POINT('',(54.43641981,118.129587024,47.014050612));
#13502=CARTESIAN_POINT('',(54.43641981,118.129587024,47.0666366));
#13503=CARTESIAN_POINT('',(54.428125401,118.129587024,47.116182247));
#13504=CARTESIAN_POINT('',(54.411536583,118.129587024,47.162687555));
#13505=B_SPLINE_CURVE_WITH_KNOTS('',3,(#13501,#13502,#13503,#13504),.UNSPECIFIED.,.F.,.F.,(4,4),(0.,1.),.UNSPECIFIED.);
#13506=EDGE_CURVE('',#13467,#13494,#13505,.T.);
#13507=ORIENTED_EDGE('',*,*,#13506,.F.);
#13508=EDGE_LOOP('',(#13491,#13492,#13500,#13507));
#13509=FACE_BOUND('',#13508,.T.);
#13510=ADVANCED_FACE('',(#13509),#13490,.T.);
#13511=CARTESIAN_POINT('',(54.411536583,118.129587024,47.162687555));
#13512=CARTESIAN_POINT('',(54.373914502,118.129587024,47.093642969));
#13513=CARTESIAN_POINT('',(54.357948472,118.129587024,47.017056982));
#13514=B_SPLINE_CURVE_WITH_KNOTS('',2,(#13511,#13512,#13513),.UNSPECIFIED.,.F.,.F.,(3,3),(0.,1.),.UNSPECIFIED.);
#13515=DIRECTION('',(-0.,-1.,0.));
#13516=VECTOR('',#13515,1.);
#13517=SURFACE_OF_LINEAR_EXTRUSION('',#13514,#13516);
#13518=ORIENTED_EDGE('',*,*,#13499,.T.);
#13519=ORIENTED_EDGE('',*,*,#11492,.T.);
#13520=CARTESIAN_POINT('',(54.357948472,118.129587024,47.017056982));
#13521=VERTEX_POINT('',#13520);
#13522=CARTESIAN_POINT('',(54.357948472,118.129587024,47.017056982));
#13523=DIRECTION('',(0.,1.,-0.));
#13524=VECTOR('',#13523,0.1);
#13525=LINE('',#13522,#13524);
#13526=EDGE_CURVE('',#13521,#11476,#13525,.T.);
#13527=ORIENTED_EDGE('',*,*,#13526,.F.);
#13528=CARTESIAN_POINT('',(54.411536583,118.129587024,47.162687555));
#13529=CARTESIAN_POINT('',(54.386455196,118.129587024,47.116657831));
#13530=CARTESIAN_POINT('',(54.368592492,118.129587024,47.068114307));
#13531=CARTESIAN_POINT('',(54.357948472,118.129587024,47.017056982));
#13532=B_SPLINE_CURVE_WITH_KNOTS('',3,(#13528,#13529,#13530,#13531),.UNSPECIFIED.,.F.,.F.,(4,4),(0.,1.),.UNSPECIFIED.);
#13533=EDGE_CURVE('',#13494,#13521,#13532,.T.);
#13534=ORIENTED_EDGE('',*,*,#13533,.F.);
#13535=EDGE_LOOP('',(#13518,#13519,#13527,#13534));
#13536=FACE_BOUND('',#13535,.T.);
#13537=ADVANCED_FACE('',(#13536),#13517,.T.);
#13538=CARTESIAN_POINT('',(54.357948472,118.129587024,47.017056982));
#13539=CARTESIAN_POINT('',(54.268139555,118.129587024,47.052725772));
#13540=B_SPLINE_CURVE_WITH_KNOTS('',1,(#13538,#13539),.UNSPECIFIED.,.F.,.F.,(2,2),(0.,0.094599986),.UNSPECIFIED.);
#13541=DIRECTION('',(-0.,-1.,0.));
#13542=VECTOR('',#13541,1.);
#13543=SURFACE_OF_LINEAR_EXTRUSION('',#13540,#13542);
#13544=ORIENTED_EDGE('',*,*,#13526,.T.);
#13545=ORIENTED_EDGE('',*,*,#11483,.T.);
#13546=ORIENTED_EDGE('',*,*,#13245,.F.);
#13547=CARTESIAN_POINT('',(54.357948472,118.129587024,47.017056982));
#13548=DIRECTION('',(-0.929383062,0.,0.36911668));
#13549=VECTOR('',#13548,0.096632832);
#13550=LINE('',#13547,#13549);
#13551=EDGE_CURVE('',#13521,#13240,#13550,.T.);
#13552=ORIENTED_EDGE('',*,*,#13551,.F.);
#13553=EDGE_LOOP('',(#13544,#13545,#13546,#13552));
#13554=FACE_BOUND('',#13553,.T.);
#13555=ADVANCED_FACE('',(#13554),#13543,.T.);
#13556=CARTESIAN_POINT('',(50.626101339,118.129587024,43.517693924));
#13557=DIRECTION('',(-0.,-1.,0.));
#13558=DIRECTION('',(0.,0.,1.));
#13559=AXIS2_PLACEMENT_3D('',#13556,#13557,#13558);
#13560=PLANE('',#13559);
#13561=ORIENTED_EDGE('',*,*,#11841,.T.);
#13562=ORIENTED_EDGE('',*,*,#11659,.T.);
#13563=ORIENTED_EDGE('',*,*,#11686,.T.);
#13564=ORIENTED_EDGE('',*,*,#11713,.T.);
#13565=ORIENTED_EDGE('',*,*,#11740,.T.);
#13566=ORIENTED_EDGE('',*,*,#11767,.T.);
#13567=ORIENTED_EDGE('',*,*,#11794,.T.);
#13568=ORIENTED_EDGE('',*,*,#11821,.T.);
#13569=EDGE_LOOP('',(#13561,#13562,#13563,#13564,#13565,#13566,#13567,#13568));
#13570=FACE_BOUND('',#13569,.T.);
#13571=ADVANCED_FACE('',(#13570),#13560,.T.);
#13572=OVER_RIDING_STYLED_ITEM('',(#143),#13571,#26);
#13573=CARTESIAN_POINT('',(50.626101339,118.129587024,43.517693924));
#13574=DIRECTION('',(-0.,-1.,0.));
#13575=DIRECTION('',(0.,0.,1.));
#13576=AXIS2_PLACEMENT_3D('',#13573,#13574,#13575);
#13577=PLANE('',#13576);
#13578=ORIENTED_EDGE('',*,*,#12057,.T.);
#13579=ORIENTED_EDGE('',*,*,#11875,.T.);
#13580=ORIENTED_EDGE('',*,*,#11902,.T.);
#13581=ORIENTED_EDGE('',*,*,#11929,.T.);
#13582=ORIENTED_EDGE('',*,*,#11956,.T.);
#13583=ORIENTED_EDGE('',*,*,#11983,.T.);
#13584=ORIENTED_EDGE('',*,*,#12010,.T.);
#13585=ORIENTED_EDGE('',*,*,#12037,.T.);
#13586=EDGE_LOOP('',(#13578,#13579,#13580,#13581,#13582,#13583,#13584,#13585));
#13587=FACE_BOUND('',#13586,.T.);
#13588=ADVANCED_FACE('',(#13587),#13577,.T.);
#13589=OVER_RIDING_STYLED_ITEM('',(#143),#13588,#26);
#13590=CARTESIAN_POINT('',(50.626101339,118.129587024,43.517693924));
#13591=DIRECTION('',(-0.,-1.,0.));
#13592=DIRECTION('',(0.,0.,1.));
#13593=AXIS2_PLACEMENT_3D('',#13590,#13591,#13592);
#13594=PLANE('',#13593);
#13595=ORIENTED_EDGE('',*,*,#12300,.T.);
#13596=ORIENTED_EDGE('',*,*,#12091,.T.);
#13597=ORIENTED_EDGE('',*,*,#12118,.T.);
#13598=ORIENTED_EDGE('',*,*,#12145,.T.);
#13599=ORIENTED_EDGE('',*,*,#12172,.T.);
#13600=ORIENTED_EDGE('',*,*,#12199,.T.);
#13601=ORIENTED_EDGE('',*,*,#12226,.T.);
#13602=ORIENTED_EDGE('',*,*,#12253,.T.);
#13603=ORIENTED_EDGE('',*,*,#12280,.T.);
#13604=EDGE_LOOP('',(#13595,#13596,#13597,#13598,#13599,#13600,#13601,#13602,#13603));
#13605=FACE_BOUND('',#13604,.T.);
#13606=ADVANCED_FACE('',(#13605),#13594,.T.);
#13607=OVER_RIDING_STYLED_ITEM('',(#143),#13606,#26);
#13608=CARTESIAN_POINT('',(50.626101339,118.129587024,43.517693924));
#13609=DIRECTION('',(-0.,-1.,0.));
#13610=DIRECTION('',(0.,0.,1.));
#13611=AXIS2_PLACEMENT_3D('',#13608,#13609,#13610);
#13612=PLANE('',#13611);
#13613=ORIENTED_EDGE('',*,*,#12510,.T.);
#13614=ORIENTED_EDGE('',*,*,#12332,.T.);
#13615=ORIENTED_EDGE('',*,*,#12359,.T.);
#13616=ORIENTED_EDGE('',*,*,#12386,.T.);
#13617=ORIENTED_EDGE('',*,*,#12413,.T.);
#13618=ORIENTED_EDGE('',*,*,#12440,.T.);
#13619=ORIENTED_EDGE('',*,*,#12467,.T.);
#13620=ORIENTED_EDGE('',*,*,#12492,.T.);
#13621=EDGE_LOOP('',(#13613,#13614,#13615,#13616,#13617,#13618,#13619,#13620));
#13622=FACE_BOUND('',#13621,.T.);
#13623=ADVANCED_FACE('',(#13622),#13612,.T.);
#13624=OVER_RIDING_STYLED_ITEM('',(#143),#13623,#26);
#13625=CARTESIAN_POINT('',(50.626101339,118.129587024,43.517693924));
#13626=DIRECTION('',(-0.,-1.,0.));
#13627=DIRECTION('',(0.,0.,1.));
#13628=AXIS2_PLACEMENT_3D('',#13625,#13626,#13627);
#13629=PLANE('',#13628);
#13630=ORIENTED_EDGE('',*,*,#12774,.T.);
#13631=ORIENTED_EDGE('',*,*,#12542,.T.);
#13632=ORIENTED_EDGE('',*,*,#12569,.T.);
#13633=ORIENTED_EDGE('',*,*,#12596,.T.);
#13634=ORIENTED_EDGE('',*,*,#12623,.T.);
#13635=ORIENTED_EDGE('',*,*,#12650,.T.);
#13636=ORIENTED_EDGE('',*,*,#12677,.T.);
#13637=ORIENTED_EDGE('',*,*,#12704,.T.);
#13638=ORIENTED_EDGE('',*,*,#12731,.T.);
#13639=ORIENTED_EDGE('',*,*,#12756,.T.);
#13640=EDGE_LOOP('',(#13630,#13631,#13632,#13633,#13634,#13635,#13636,#13637,#13638,#13639));
#13641=FACE_BOUND('',#13640,.T.);
#13642=ADVANCED_FACE('',(#13641),#13629,.T.);
#13643=OVER_RIDING_STYLED_ITEM('',(#183),#13642,#26);
#13644=CARTESIAN_POINT('',(50.626101339,118.129587024,43.517693924));
#13645=DIRECTION('',(-0.,-1.,0.));
#13646=DIRECTION('',(0.,0.,1.));
#13647=AXIS2_PLACEMENT_3D('',#13644,#13645,#13646);
#13648=PLANE('',#13647);
#13649=ORIENTED_EDGE('',*,*,#13017,.T.);
#13650=ORIENTED_EDGE('',*,*,#12808,.T.);
#13651=ORIENTED_EDGE('',*,*,#12835,.T.);
#13652=ORIENTED_EDGE('',*,*,#12862,.T.);
#13653=ORIENTED_EDGE('',*,*,#12889,.T.);
#13654=ORIENTED_EDGE('',*,*,#12916,.T.);
#13655=ORIENTED_EDGE('',*,*,#12943,.T.);
#13656=ORIENTED_EDGE('',*,*,#12970,.T.);
#13657=ORIENTED_EDGE('',*,*,#12997,.T.);
#13658=EDGE_LOOP('',(#13649,#13650,#13651,#13652,#13653,#13654,#13655,#13656,#13657));
#13659=FACE_BOUND('',#13658,.T.);
#13660=ADVANCED_FACE('',(#13659),#13648,.T.);
#13661=OVER_RIDING_STYLED_ITEM('',(#183),#13660,#26);
#13662=CARTESIAN_POINT('',(50.626101339,118.129587024,43.517693924));
#13663=DIRECTION('',(-0.,-1.,0.));
#13664=DIRECTION('',(0.,0.,1.));
#13665=AXIS2_PLACEMENT_3D('',#13662,#13663,#13664);
#13666=PLANE('',#13665);
#13667=ORIENTED_EDGE('',*,*,#13227,.T.);
#13668=ORIENTED_EDGE('',*,*,#13049,.T.);
#13669=ORIENTED_EDGE('',*,*,#13076,.T.);
#13670=ORIENTED_EDGE('',*,*,#13103,.T.);
#13671=ORIENTED_EDGE('',*,*,#13130,.T.);
#13672=ORIENTED_EDGE('',*,*,#13157,.T.);
#13673=ORIENTED_EDGE('',*,*,#13184,.T.);
#13674=ORIENTED_EDGE('',*,*,#13209,.T.);
#13675=EDGE_LOOP('',(#13667,#13668,#13669,#13670,#13671,#13672,#13673,#13674));
#13676=FACE_BOUND('',#13675,.T.);
#13677=ADVANCED_FACE('',(#13676),#13666,.T.);
#13678=OVER_RIDING_STYLED_ITEM('',(#183),#13677,#26);
#13679=CARTESIAN_POINT('',(50.626101339,118.129587024,43.517693924));
#13680=DIRECTION('',(-0.,-1.,0.));
#13681=DIRECTION('',(0.,0.,1.));
#13682=AXIS2_PLACEMENT_3D('',#13679,#13680,#13681);
#13683=PLANE('',#13682);
#13684=ORIENTED_EDGE('',*,*,#13551,.T.);
#13685=ORIENTED_EDGE('',*,*,#13261,.T.);
#13686=ORIENTED_EDGE('',*,*,#13290,.T.);
#13687=ORIENTED_EDGE('',*,*,#13317,.T.);
#13688=ORIENTED_EDGE('',*,*,#13344,.T.);
#13689=ORIENTED_EDGE('',*,*,#13371,.T.);
#13690=ORIENTED_EDGE('',*,*,#13398,.T.);
#13691=ORIENTED_EDGE('',*,*,#13425,.T.);
#13692=ORIENTED_EDGE('',*,*,#13452,.T.);
#13693=ORIENTED_EDGE('',*,*,#13479,.T.);
#13694=ORIENTED_EDGE('',*,*,#13506,.T.);
#13695=ORIENTED_EDGE('',*,*,#13533,.T.);
#13696=EDGE_LOOP('',(#13684,#13685,#13686,#13687,#13688,#13689,#13690,#13691,#13692,#13693,#13694,#13695));
#13697=FACE_BOUND('',#13696,.T.);
#13698=ADVANCED_FACE('',(#13697),#13683,.T.);
#13699=OVER_RIDING_STYLED_ITEM('',(#183),#13698,#26);
#13700=CARTESIAN_POINT('',(63.475202637,150.129587024,33.268592626));
#13701=DIRECTION('',(1.,-0.,-0.));
#13702=DIRECTION('',(0.,0.,1.));
#13703=AXIS2_PLACEMENT_3D('',#13700,#13701,#13702);
#13704=PLANE('',#13703);
#13705=CARTESIAN_POINT('',(63.475202632,150.129587141,33.268592625));
#13706=VERTEX_POINT('',#13705);
#13707=CARTESIAN_POINT('',(63.475202637,155.129587024,33.268592626));
#13708=VERTEX_POINT('',#13707);
#13709=CARTESIAN_POINT('',(63.475202637,150.129587141,33.268592626));
#13710=DIRECTION('',(0.,1.,-0.));
#13711=VECTOR('',#13710,4.999999884);
#13712=LINE('',#13709,#13711);
#13713=EDGE_CURVE('',#13706,#13708,#13712,.T.);
#13714=ORIENTED_EDGE('',*,*,#13713,.T.);
#13715=CARTESIAN_POINT('',(63.475202637,155.129587024,53.766795223));
#13716=VERTEX_POINT('',#13715);
#13717=CARTESIAN_POINT('',(63.475202637,155.129587024,33.268592626));
#13718=DIRECTION('',(0.,0.,1.));
#13719=VECTOR('',#13718,20.498202597);
#13720=LINE('',#13717,#13719);
#13721=EDGE_CURVE('',#13708,#13716,#13720,.T.);
#13722=ORIENTED_EDGE('',*,*,#13721,.T.);
#13723=CARTESIAN_POINT('',(63.475202639,150.129587155,53.766795217));
#13724=VERTEX_POINT('',#13723);
#13725=CARTESIAN_POINT('',(63.475202637,150.129587155,53.766795223));
#13726=DIRECTION('',(0.,1.,-0.));
#13727=VECTOR('',#13726,4.999999869);
#13728=LINE('',#13725,#13727);
#13729=EDGE_CURVE('',#13724,#13716,#13728,.T.);
#13730=ORIENTED_EDGE('',*,*,#13729,.F.);
#13731=CARTESIAN_POINT('',(63.475202637,150.129587024,53.766795217));
#13732=DIRECTION('',(-0.,-0.,-1.));
#13733=VECTOR('',#13732,20.498202592);
#13734=LINE('',#13731,#13733);
#13735=EDGE_CURVE('',#13724,#13706,#13734,.T.);
#13736=ORIENTED_EDGE('',*,*,#13735,.T.);
#13737=EDGE_LOOP('',(#13714,#13722,#13730,#13736));
#13738=FACE_BOUND('',#13737,.T.);
#13739=ADVANCED_FACE('',(#13738),#13704,.T.);
#13740=OVER_RIDING_STYLED_ITEM('',(#143),#13739,#26);
#13741=CARTESIAN_POINT('',(22.77700004,150.129587024,33.268592626));
#13742=DIRECTION('',(-0.,0.,-1.));
#13743=DIRECTION('',(1.,-0.,-0.));
#13744=AXIS2_PLACEMENT_3D('',#13741,#13742,#13743);
#13745=PLANE('',#13744);
#13746=CARTESIAN_POINT('',(22.777000039,150.129587141,33.268592631));
#13747=VERTEX_POINT('',#13746);
#13748=CARTESIAN_POINT('',(22.77700004,155.129587024,33.268592626));
#13749=VERTEX_POINT('',#13748);
#13750=CARTESIAN_POINT('',(22.77700004,150.129587141,33.268592626));
#13751=DIRECTION('',(0.,1.,-0.));
#13752=VECTOR('',#13751,4.999999884);
#13753=LINE('',#13750,#13752);
#13754=EDGE_CURVE('',#13747,#13749,#13753,.T.);
#13755=ORIENTED_EDGE('',*,*,#13754,.T.);
#13756=CARTESIAN_POINT('',(22.77700004,155.129587024,33.268592626));
#13757=DIRECTION('',(1.,-0.,-0.));
#13758=VECTOR('',#13757,40.698202597);
#13759=LINE('',#13756,#13758);
#13760=EDGE_CURVE('',#13749,#13708,#13759,.T.);
#13761=ORIENTED_EDGE('',*,*,#13760,.T.);
#13762=ORIENTED_EDGE('',*,*,#13713,.F.);
#13763=CARTESIAN_POINT('',(63.475202632,150.129587024,33.268592626));
#13764=DIRECTION('',(-1.,0.,0.));
#13765=VECTOR('',#13764,40.698202593);
#13766=LINE('',#13763,#13765);
#13767=EDGE_CURVE('',#13706,#13747,#13766,.T.);
#13768=ORIENTED_EDGE('',*,*,#13767,.T.);
#13769=EDGE_LOOP('',(#13755,#13761,#13762,#13768));
#13770=FACE_BOUND('',#13769,.T.);
#13771=ADVANCED_FACE('',(#13770),#13745,.T.);
#13772=OVER_RIDING_STYLED_ITEM('',(#143),#13771,#26);
#13773=CARTESIAN_POINT('',(62.475202637,156.129587024,33.268592626));
#13774=DIRECTION('',(-0.707106781,-0.707106781,0.));
#13775=DIRECTION('',(0.,0.,1.));
#13776=AXIS2_PLACEMENT_3D('',#13773,#13774,#13775);
#13777=PLANE('',#13776);
#13778=CARTESIAN_POINT('',(62.475202637,156.129587024,34.268592626));
#13779=VERTEX_POINT('',#13778);
#13780=CARTESIAN_POINT('',(62.475202637,156.129587024,37.000643433));
#13781=VERTEX_POINT('',#13780);
#13782=CARTESIAN_POINT('',(62.475202637,156.129587024,34.268592626));
#13783=DIRECTION('',(0.,0.,1.));
#13784=VECTOR('',#13783,2.732050807);
#13785=LINE('',#13782,#13784);
#13786=EDGE_CURVE('',#13779,#13781,#13785,.T.);
#13787=ORIENTED_EDGE('',*,*,#13786,.T.);
#13788=CARTESIAN_POINT('',(61.475202637,157.129587024,37.268592626));
#13789=VERTEX_POINT('',#13788);
#13790=CARTESIAN_POINT('',(62.475202637,156.129587024,37.000643433));
#13791=CARTESIAN_POINT('',(62.011101022,156.593688639,37.268592626));
#13792=CARTESIAN_POINT('',(61.475202637,157.129587024,37.268592626));
#13793=(BOUNDED_CURVE()
B_SPLINE_CURVE(2,(#13790,#13791,#13792),.UNSPECIFIED.,.F.,.F.)
B_SPLINE_CURVE_WITH_KNOTS((3,3),(60.,90.),.UNSPECIFIED.)
CURVE()
GEOMETRIC_REPRESENTATION_ITEM()
RATIONAL_B_SPLINE_CURVE((1.,0.965925826,1.))
REPRESENTATION_ITEM(''));
#13794=EDGE_CURVE('',#13781,#13789,#13793,.T.);
#13795=ORIENTED_EDGE('',*,*,#13794,.T.);
#13796=CARTESIAN_POINT('',(61.475202637,157.129587024,49.766795223));
#13797=VERTEX_POINT('',#13796);
#13798=CARTESIAN_POINT('',(61.475202637,157.129587024,37.268592626));
#13799=DIRECTION('',(0.,0.,1.));
#13800=VECTOR('',#13799,12.498202597);
#13801=LINE('',#13798,#13800);
#13802=EDGE_CURVE('',#13789,#13797,#13801,.T.);
#13803=ORIENTED_EDGE('',*,*,#13802,.T.);
#13804=CARTESIAN_POINT('',(62.475202637,156.129587024,50.034744415));
#13805=VERTEX_POINT('',#13804);
#13806=CARTESIAN_POINT('',(61.475202637,157.129587024,49.766795223));
#13807=CARTESIAN_POINT('',(62.011101022,156.593688639,49.766795223));
#13808=CARTESIAN_POINT('',(62.475202637,156.129587024,50.034744415));
#13809=(BOUNDED_CURVE()
B_SPLINE_CURVE(2,(#13806,#13807,#13808),.UNSPECIFIED.,.F.,.F.)
B_SPLINE_CURVE_WITH_KNOTS((3,3),(270.,300.),.UNSPECIFIED.)
CURVE()
GEOMETRIC_REPRESENTATION_ITEM()
RATIONAL_B_SPLINE_CURVE((1.,0.965925826,1.))
REPRESENTATION_ITEM(''));
#13810=EDGE_CURVE('',#13797,#13805,#13809,.T.);
#13811=ORIENTED_EDGE('',*,*,#13810,.T.);
#13812=CARTESIAN_POINT('',(62.475202637,156.129587024,52.766795223));
#13813=VERTEX_POINT('',#13812);
#13814=CARTESIAN_POINT('',(62.475202637,156.129587024,50.034744415));
#13815=DIRECTION('',(0.,0.,1.));
#13816=VECTOR('',#13815,2.732050808);
#13817=LINE('',#13814,#13816);
#13818=EDGE_CURVE('',#13805,#13813,#13817,.T.);
#13819=ORIENTED_EDGE('',*,*,#13818,.T.);
#13820=CARTESIAN_POINT('',(63.475202637,155.129587024,53.766795223));
#13821=DIRECTION('',(-0.577350269,0.577350269,-0.577350269));
#13822=VECTOR('',#13821,1.732050808);
#13823=LINE('',#13820,#13822);
#13824=EDGE_CURVE('',#13716,#13813,#13823,.T.);
#13825=ORIENTED_EDGE('',*,*,#13824,.F.);
#13826=ORIENTED_EDGE('',*,*,#13721,.F.);
#13827=CARTESIAN_POINT('',(63.475202637,155.129587024,33.268592626));
#13828=DIRECTION('',(-0.577350269,0.577350269,0.577350269));
#13829=VECTOR('',#13828,1.732050808);
#13830=LINE('',#13827,#13829);
#13831=EDGE_CURVE('',#13708,#13779,#13830,.T.);
#13832=ORIENTED_EDGE('',*,*,#13831,.T.);
#13833=EDGE_LOOP('',(#13787,#13795,#13803,#13811,#13819,#13825,#13826,#13832));
#13834=FACE_BOUND('',#13833,.T.);
#13835=ADVANCED_FACE('',(#13834),#13777,.F.);
#13836=OVER_RIDING_STYLED_ITEM('',(#143),#13835,#26);
#13837=CARTESIAN_POINT('',(63.126101339,130.129587024,53.417693924));
#13838=DIRECTION('',(0.999847695,-0.017452406,-0.));
#13839=DIRECTION('',(-0.,0.,-1.));
#13840=AXIS2_PLACEMENT_3D('',#13837,#13838,#13839);
#13841=PLANE('',#13840);
#13842=CARTESIAN_POINT('',(63.126101339,130.129587024,53.417693924));
#13843=VERTEX_POINT('',#13842);
#13844=CARTESIAN_POINT('',(63.126101339,130.129587024,33.617693924));
#13845=VERTEX_POINT('',#13844);
#13846=CARTESIAN_POINT('',(63.126101339,130.129587024,53.417693924));
#13847=DIRECTION('',(-0.,0.,-1.));
#13848=VECTOR('',#13847,19.8);
#13849=LINE('',#13846,#13848);
#13850=EDGE_CURVE('',#13843,#13845,#13849,.T.);
#13851=ORIENTED_EDGE('',*,*,#13850,.T.);
#13852=CARTESIAN_POINT('',(63.126101339,130.129587024,33.617693924));
#13853=DIRECTION('',(0.017449749,0.99969546,-0.017449749));
#13854=VECTOR('',#13853,20.006092774);
#13855=LINE('',#13852,#13854);
#13856=EDGE_CURVE('',#13845,#13706,#13855,.T.);
#13857=ORIENTED_EDGE('',*,*,#13856,.T.);
#13858=ORIENTED_EDGE('',*,*,#13735,.F.);
#13859=CARTESIAN_POINT('',(63.126101339,130.129587024,53.417693924));
#13860=DIRECTION('',(0.017449749,0.99969546,0.017449749));
#13861=VECTOR('',#13860,20.006092788);
#13862=LINE('',#13859,#13861);
#13863=EDGE_CURVE('',#13843,#13724,#13862,.T.);
#13864=ORIENTED_EDGE('',*,*,#13863,.F.);
#13865=EDGE_LOOP('',(#13851,#13857,#13858,#13864));
#13866=FACE_BOUND('',#13865,.T.);
#13867=ADVANCED_FACE('',(#13866),#13841,.T.);
#13868=OVER_RIDING_STYLED_ITEM('',(#143),#13867,#26);
#13869=CARTESIAN_POINT('',(63.475202637,150.129587024,53.766795223));
#13870=DIRECTION('',(0.,0.,1.));
#13871=DIRECTION('',(-1.,0.,0.));
#13872=AXIS2_PLACEMENT_3D('',#13869,#13870,#13871);
#13873=PLANE('',#13872);
#13874=ORIENTED_EDGE('',*,*,#13729,.T.);
#13875=CARTESIAN_POINT('',(22.77700004,155.129587024,53.766795223));
#13876=VERTEX_POINT('',#13875);
#13877=CARTESIAN_POINT('',(63.475202637,155.129587024,53.766795223));
#13878=DIRECTION('',(-1.,0.,0.));
#13879=VECTOR('',#13878,40.698202597);
#13880=LINE('',#13877,#13879);
#13881=EDGE_CURVE('',#13716,#13876,#13880,.T.);
#13882=ORIENTED_EDGE('',*,*,#13881,.T.);
#13883=CARTESIAN_POINT('',(22.777000046,150.129587155,53.766795224));
#13884=VERTEX_POINT('',#13883);
#13885=CARTESIAN_POINT('',(22.77700004,150.129587155,53.766795223));
#13886=DIRECTION('',(0.,1.,-0.));
#13887=VECTOR('',#13886,4.999999869);
#13888=LINE('',#13885,#13887);
#13889=EDGE_CURVE('',#13884,#13876,#13888,.T.);
#13890=ORIENTED_EDGE('',*,*,#13889,.F.);
#13891=CARTESIAN_POINT('',(22.777000046,150.129587024,53.766795223));
#13892=DIRECTION('',(1.,-0.,-0.));
#13893=VECTOR('',#13892,40.698202592);
#13894=LINE('',#13891,#13893);
#13895=EDGE_CURVE('',#13884,#13724,#13894,.T.);
#13896=ORIENTED_EDGE('',*,*,#13895,.T.);
#13897=EDGE_LOOP('',(#13874,#13882,#13890,#13896));
#13898=FACE_BOUND('',#13897,.T.);
#13899=ADVANCED_FACE('',(#13898),#13873,.T.);
#13900=OVER_RIDING_STYLED_ITEM('',(#143),#13899,#26);
#13901=CARTESIAN_POINT('',(22.77700004,150.129587024,53.766795223));
#13902=DIRECTION('',(-1.,0.,0.));
#13903=DIRECTION('',(-0.,0.,-1.));
#13904=AXIS2_PLACEMENT_3D('',#13901,#13902,#13903);
#13905=PLANE('',#13904);
#13906=ORIENTED_EDGE('',*,*,#13889,.T.);
#13907=CARTESIAN_POINT('',(22.77700004,155.129587024,53.766795223));
#13908=DIRECTION('',(-0.,0.,-1.));
#13909=VECTOR('',#13908,20.498202597);
#13910=LINE('',#13907,#13909);
#13911=EDGE_CURVE('',#13876,#13749,#13910,.T.);
#13912=ORIENTED_EDGE('',*,*,#13911,.T.);
#13913=ORIENTED_EDGE('',*,*,#13754,.F.);
#13914=CARTESIAN_POINT('',(22.77700004,150.129587024,33.268592631));
#13915=DIRECTION('',(0.,-0.,1.));
#13916=VECTOR('',#13915,20.498202593);
#13917=LINE('',#13914,#13916);
#13918=EDGE_CURVE('',#13747,#13884,#13917,.T.);
#13919=ORIENTED_EDGE('',*,*,#13918,.T.);
#13920=EDGE_LOOP('',(#13906,#13912,#13913,#13919));
#13921=FACE_BOUND('',#13920,.T.);
#13922=ADVANCED_FACE('',(#13921),#13905,.T.);
#13923=OVER_RIDING_STYLED_ITEM('',(#143),#13922,#26);
#13924=CARTESIAN_POINT('',(22.77700004,156.129587024,34.268592626));
#13925=DIRECTION('',(0.,-0.707106781,0.707106781));
#13926=DIRECTION('',(1.,-0.,-0.));
#13927=AXIS2_PLACEMENT_3D('',#13924,#13925,#13926);
#13928=PLANE('',#13927);
#13929=CARTESIAN_POINT('',(26.509050848,156.129587024,34.268592626));
#13930=VERTEX_POINT('',#13929);
#13931=CARTESIAN_POINT('',(26.77700004,157.129587024,35.268592626));
#13932=VERTEX_POINT('',#13931);
#13933=CARTESIAN_POINT('',(26.509050848,156.129587024,34.268592626));
#13934=CARTESIAN_POINT('',(26.77700004,156.593688639,34.732694241));
#13935=CARTESIAN_POINT('',(26.77700004,157.129587024,35.268592626));
#13936=(BOUNDED_CURVE()
B_SPLINE_CURVE(2,(#13933,#13934,#13935),.UNSPECIFIED.,.F.,.F.)
B_SPLINE_CURVE_WITH_KNOTS((3,3),(60.,90.),.UNSPECIFIED.)
CURVE()
GEOMETRIC_REPRESENTATION_ITEM()
RATIONAL_B_SPLINE_CURVE((1.,0.965925826,1.))
REPRESENTATION_ITEM(''));
#13937=EDGE_CURVE('',#13930,#13932,#13936,.T.);
#13938=ORIENTED_EDGE('',*,*,#13937,.T.);
#13939=CARTESIAN_POINT('',(59.475202637,157.129587024,35.268592626));
#13940=VERTEX_POINT('',#13939);
#13941=CARTESIAN_POINT('',(26.77700004,157.129587024,35.268592626));
#13942=DIRECTION('',(1.,-0.,-0.));
#13943=VECTOR('',#13942,32.698202597);
#13944=LINE('',#13941,#13943);
#13945=EDGE_CURVE('',#13932,#13940,#13944,.T.);
#13946=ORIENTED_EDGE('',*,*,#13945,.T.);
#13947=CARTESIAN_POINT('',(59.74315183,156.129587024,34.268592626));
#13948=VERTEX_POINT('',#13947);
#13949=CARTESIAN_POINT('',(59.475202637,157.129587024,35.268592626));
#13950=CARTESIAN_POINT('',(59.475202637,156.593688639,34.732694241));
#13951=CARTESIAN_POINT('',(59.74315183,156.129587024,34.268592626));
#13952=(BOUNDED_CURVE()
B_SPLINE_CURVE(2,(#13949,#13950,#13951),.UNSPECIFIED.,.F.,.F.)
B_SPLINE_CURVE_WITH_KNOTS((3,3),(270.,300.),.UNSPECIFIED.)
CURVE()
GEOMETRIC_REPRESENTATION_ITEM()
RATIONAL_B_SPLINE_CURVE((1.,0.965925826,1.))
REPRESENTATION_ITEM(''));
#13953=EDGE_CURVE('',#13940,#13948,#13952,.T.);
#13954=ORIENTED_EDGE('',*,*,#13953,.T.);
#13955=CARTESIAN_POINT('',(59.74315183,156.129587024,34.268592626));
#13956=DIRECTION('',(1.,-0.,-0.));
#13957=VECTOR('',#13956,2.732050807);
#13958=LINE('',#13955,#13957);
#13959=EDGE_CURVE('',#13948,#13779,#13958,.T.);
#13960=ORIENTED_EDGE('',*,*,#13959,.T.);
#13961=ORIENTED_EDGE('',*,*,#13831,.F.);
#13962=ORIENTED_EDGE('',*,*,#13760,.F.);
#13963=CARTESIAN_POINT('',(23.77700004,156.129587024,34.268592626));
#13964=VERTEX_POINT('',#13963);
#13965=CARTESIAN_POINT('',(23.77700004,156.129587024,34.268592626));
#13966=DIRECTION('',(-0.577350269,-0.577350269,-0.577350269));
#13967=VECTOR('',#13966,1.732050808);
#13968=LINE('',#13965,#13967);
#13969=EDGE_CURVE('',#13964,#13749,#13968,.T.);
#13970=ORIENTED_EDGE('',*,*,#13969,.F.);
#13971=CARTESIAN_POINT('',(23.77700004,156.129587024,34.268592626));
#13972=DIRECTION('',(1.,-0.,-0.));
#13973=VECTOR('',#13972,2.732050808);
#13974=LINE('',#13971,#13973);
#13975=EDGE_CURVE('',#13964,#13930,#13974,.T.);
#13976=ORIENTED_EDGE('',*,*,#13975,.T.);
#13977=EDGE_LOOP('',(#13938,#13946,#13954,#13960,#13961,#13962,#13970,#13976));
#13978=FACE_BOUND('',#13977,.T.);
#13979=ADVANCED_FACE('',(#13978),#13928,.F.);
#13980=OVER_RIDING_STYLED_ITEM('',(#143),#13979,#26);
#13981=CARTESIAN_POINT('',(63.126101339,130.129587024,33.617693924));
#13982=DIRECTION('',(-0.,-0.017452406,-0.999847695));
#13983=DIRECTION('',(-1.,0.,0.));
#13984=AXIS2_PLACEMENT_3D('',#13981,#13982,#13983);
#13985=PLANE('',#13984);
#13986=CARTESIAN_POINT('',(23.126101339,130.129587024,33.617693924));
#13987=VERTEX_POINT('',#13986);
#13988=CARTESIAN_POINT('',(63.126101339,130.129587024,33.617693924));
#13989=DIRECTION('',(-1.,0.,0.));
#13990=VECTOR('',#13989,40.);
#13991=LINE('',#13988,#13990);
#13992=EDGE_CURVE('',#13845,#13987,#13991,.T.);
#13993=ORIENTED_EDGE('',*,*,#13992,.T.);
#13994=CARTESIAN_POINT('',(23.126101339,130.129587024,33.617693924));
#13995=DIRECTION('',(-0.017449749,0.99969546,-0.017449749));
#13996=VECTOR('',#13995,20.006092774);
#13997=LINE('',#13994,#13996);
#13998=EDGE_CURVE('',#13987,#13747,#13997,.T.);
#13999=ORIENTED_EDGE('',*,*,#13998,.T.);
#14000=ORIENTED_EDGE('',*,*,#13767,.F.);
#14001=ORIENTED_EDGE('',*,*,#13856,.F.);
#14002=EDGE_LOOP('',(#13993,#13999,#14000,#14001));
#14003=FACE_BOUND('',#14002,.T.);
#14004=ADVANCED_FACE('',(#14003),#13985,.T.);
#14005=OVER_RIDING_STYLED_ITEM('',(#143),#14004,#26);
#14006=CARTESIAN_POINT('',(43.126101339,156.129587024,43.517693924));
#14007=DIRECTION('',(-0.,-1.,0.));
#14008=DIRECTION('',(-1.,0.,0.));
#14009=AXIS2_PLACEMENT_3D('',#14006,#14007,#14008);
#14010=PLANE('',#14009);
#14011=ORIENTED_EDGE('',*,*,#13786,.F.);
#14012=ORIENTED_EDGE('',*,*,#13959,.F.);
#14013=CARTESIAN_POINT('',(59.475202637,156.129587024,35.268592626));
#14014=VERTEX_POINT('',#14013);
#14015=CARTESIAN_POINT('',(61.475202637,156.129587024,35.268592626));
#14016=DIRECTION('',(-0.,-1.,0.));
#14017=DIRECTION('',(-0.,0.,-1.));
#14018=AXIS2_PLACEMENT_3D('',#14015,#14016,#14017);
#14019=CIRCLE('',#14018,2.);
#14020=EDGE_CURVE('',#14014,#13948,#14019,.T.);
#14021=ORIENTED_EDGE('',*,*,#14020,.F.);
#14022=CARTESIAN_POINT('',(61.475202637,156.129587024,35.268592626));
#14023=DIRECTION('',(-0.,-1.,0.));
#14024=DIRECTION('',(-0.,0.,-1.));
#14025=AXIS2_PLACEMENT_3D('',#14022,#14023,#14024);
#14026=CIRCLE('',#14025,2.);
#14027=EDGE_CURVE('',#13781,#14014,#14026,.T.);
#14028=ORIENTED_EDGE('',*,*,#14027,.F.);
#14029=EDGE_LOOP('',(#14011,#14012,#14021,#14028));
#14030=FACE_BOUND('',#14029,.T.);
#14031=CARTESIAN_POINT('',(61.475202637,156.129587024,36.068592626));
#14032=VERTEX_POINT('',#14031);
#14033=CARTESIAN_POINT('',(60.675202637,156.129587024,35.268592626));
#14034=VERTEX_POINT('',#14033);
#14035=CARTESIAN_POINT('',(61.475202637,156.129587024,35.268592626));
#14036=DIRECTION('',(-0.,-1.,0.));
#14037=DIRECTION('',(0.,0.,1.));
#14038=AXIS2_PLACEMENT_3D('',#14035,#14036,#14037);
#14039=CIRCLE('',#14038,0.8);
#14040=EDGE_CURVE('',#14032,#14034,#14039,.T.);
#14041=ORIENTED_EDGE('',*,*,#14040,.T.);
#14042=CARTESIAN_POINT('',(61.475202637,156.129587024,35.268592626));
#14043=DIRECTION('',(-0.,-1.,0.));
#14044=DIRECTION('',(0.,0.,1.));
#14045=AXIS2_PLACEMENT_3D('',#14042,#14043,#14044);
#14046=CIRCLE('',#14045,0.8);
#14047=EDGE_CURVE('',#14034,#14032,#14046,.T.);
#14048=ORIENTED_EDGE('',*,*,#14047,.T.);
#14049=EDGE_LOOP('',(#14041,#14048));
#14050=FACE_BOUND('',#14049,.T.);
#14051=ADVANCED_FACE('',(#14030,#14050),#14010,.F.);
#14052=OVER_RIDING_STYLED_ITEM('',(#143),#14051,#26);
#14053=CARTESIAN_POINT('',(61.475202637,156.129587024,35.268592626));
#14054=DIRECTION('',(-0.,-1.,0.));
#14055=DIRECTION('',(-1.,0.,0.));
#14056=AXIS2_PLACEMENT_3D('',#14053,#14054,#14055);
#14057=CYLINDRICAL_SURFACE('',#14056,2.);
#14058=CARTESIAN_POINT('',(59.475202637,156.129587024,35.268592626));
#14059=DIRECTION('',(0.,1.,-0.));
#14060=VECTOR('',#14059,1.);
#14061=LINE('',#14058,#14060);
#14062=EDGE_CURVE('',#14014,#13940,#14061,.T.);
#14063=ORIENTED_EDGE('',*,*,#14062,.F.);
#14064=ORIENTED_EDGE('',*,*,#14020,.T.);
#14065=ORIENTED_EDGE('',*,*,#13953,.F.);
#14066=EDGE_LOOP('',(#14063,#14064,#14065));
#14067=FACE_BOUND('',#14066,.T.);
#14068=ADVANCED_FACE('',(#14067),#14057,.F.);
#14069=OVER_RIDING_STYLED_ITEM('',(#143),#14068,#26);
#14070=CARTESIAN_POINT('',(43.126101339,157.129587024,43.517693924));
#14071=DIRECTION('',(-0.,-1.,0.));
#14072=DIRECTION('',(-1.,0.,0.));
#14073=AXIS2_PLACEMENT_3D('',#14070,#14071,#14072);
#14074=PLANE('',#14073);
#14075=ORIENTED_EDGE('',*,*,#13802,.F.);
#14076=CARTESIAN_POINT('',(61.475202637,157.129587024,35.268592626));
#14077=DIRECTION('',(-0.,-1.,0.));
#14078=DIRECTION('',(-0.,0.,-1.));
#14079=AXIS2_PLACEMENT_3D('',#14076,#14077,#14078);
#14080=CIRCLE('',#14079,2.);
#14081=EDGE_CURVE('',#13789,#13940,#14080,.T.);
#14082=ORIENTED_EDGE('',*,*,#14081,.T.);
#14083=ORIENTED_EDGE('',*,*,#13945,.F.);
#14084=CARTESIAN_POINT('',(24.77700004,157.129587024,37.268592626));
#14085=VERTEX_POINT('',#14084);
#14086=CARTESIAN_POINT('',(24.77700004,157.129587024,35.268592626));
#14087=DIRECTION('',(-0.,-1.,0.));
#14088=DIRECTION('',(-0.,0.,-1.));
#14089=AXIS2_PLACEMENT_3D('',#14086,#14087,#14088);
#14090=CIRCLE('',#14089,2.);
#14091=EDGE_CURVE('',#13932,#14085,#14090,.T.);
#14092=ORIENTED_EDGE('',*,*,#14091,.T.);
#14093=CARTESIAN_POINT('',(24.77700004,157.129587024,49.766795223));
#14094=VERTEX_POINT('',#14093);
#14095=CARTESIAN_POINT('',(24.77700004,157.129587024,49.766795223));
#14096=DIRECTION('',(-0.,-0.,-1.));
#14097=VECTOR('',#14096,12.498202597);
#14098=LINE('',#14095,#14097);
#14099=EDGE_CURVE('',#14094,#14085,#14098,.T.);
#14100=ORIENTED_EDGE('',*,*,#14099,.F.);
#14101=CARTESIAN_POINT('',(26.77700004,157.129587024,51.766795223));
#14102=VERTEX_POINT('',#14101);
#14103=CARTESIAN_POINT('',(24.77700004,157.129587024,51.766795223));
#14104=DIRECTION('',(-0.,-1.,0.));
#14105=DIRECTION('',(-0.,0.,-1.));
#14106=AXIS2_PLACEMENT_3D('',#14103,#14104,#14105);
#14107=CIRCLE('',#14106,2.);
#14108=EDGE_CURVE('',#14094,#14102,#14107,.T.);
#14109=ORIENTED_EDGE('',*,*,#14108,.T.);
#14110=CARTESIAN_POINT('',(59.475202637,157.129587024,51.766795223));
#14111=VERTEX_POINT('',#14110);
#14112=CARTESIAN_POINT('',(59.475202637,157.129587024,51.766795223));
#14113=DIRECTION('',(-1.,0.,0.));
#14114=VECTOR('',#14113,32.698202597);
#14115=LINE('',#14112,#14114);
#14116=EDGE_CURVE('',#14111,#14102,#14115,.T.);
#14117=ORIENTED_EDGE('',*,*,#14116,.F.);
#14118=CARTESIAN_POINT('',(61.475202637,157.129587024,51.766795223));
#14119=DIRECTION('',(-0.,-1.,0.));
#14120=DIRECTION('',(-0.,0.,-1.));
#14121=AXIS2_PLACEMENT_3D('',#14118,#14119,#14120);
#14122=CIRCLE('',#14121,2.);
#14123=EDGE_CURVE('',#14111,#13797,#14122,.T.);
#14124=ORIENTED_EDGE('',*,*,#14123,.T.);
#14125=EDGE_LOOP('',(#14075,#14082,#14083,#14092,#14100,#14109,#14117,#14124));
#14126=FACE_BOUND('',#14125,.T.);
#14127=ADVANCED_FACE('',(#14126),#14074,.F.);
#14128=OVER_RIDING_STYLED_ITEM('',(#143),#14127,#26);
#14129=CARTESIAN_POINT('',(61.475202637,156.129587024,51.766795223));
#14130=DIRECTION('',(-0.,-1.,0.));
#14131=DIRECTION('',(-1.,0.,0.));
#14132=AXIS2_PLACEMENT_3D('',#14129,#14130,#14131);
#14133=CYLINDRICAL_SURFACE('',#14132,2.);
#14134=CARTESIAN_POINT('',(59.475202637,156.129587024,51.766795223));
#14135=VERTEX_POINT('',#14134);
#14136=CARTESIAN_POINT('',(59.475202637,156.129587024,51.766795223));
#14137=DIRECTION('',(0.,1.,-0.));
#14138=VECTOR('',#14137,1.);
#14139=LINE('',#14136,#14138);
#14140=EDGE_CURVE('',#14135,#14111,#14139,.T.);
#14141=ORIENTED_EDGE('',*,*,#14140,.F.);
#14142=CARTESIAN_POINT('',(61.475202637,156.129587024,51.766795223));
#14143=DIRECTION('',(-0.,-1.,0.));
#14144=DIRECTION('',(-0.,0.,-1.));
#14145=AXIS2_PLACEMENT_3D('',#14142,#14143,#14144);
#14146=CIRCLE('',#14145,2.);
#14147=EDGE_CURVE('',#14135,#13805,#14146,.T.);
#14148=ORIENTED_EDGE('',*,*,#14147,.T.);
#14149=ORIENTED_EDGE('',*,*,#13810,.F.);
#14150=ORIENTED_EDGE('',*,*,#14123,.F.);
#14151=EDGE_LOOP('',(#14141,#14148,#14149,#14150));
#14152=FACE_BOUND('',#14151,.T.);
#14153=ADVANCED_FACE('',(#14152),#14133,.F.);
#14154=OVER_RIDING_STYLED_ITEM('',(#143),#14153,#26);
#14155=CARTESIAN_POINT('',(43.126101339,156.129587024,43.517693924));
#14156=DIRECTION('',(-0.,-1.,0.));
#14157=DIRECTION('',(-1.,0.,0.));
#14158=AXIS2_PLACEMENT_3D('',#14155,#14156,#14157);
#14159=PLANE('',#14158);
#14160=CARTESIAN_POINT('',(59.74315183,156.129587024,52.766795223));
#14161=VERTEX_POINT('',#14160);
#14162=CARTESIAN_POINT('',(62.475202637,156.129587024,52.766795223));
#14163=DIRECTION('',(-1.,0.,0.));
#14164=VECTOR('',#14163,2.732050807);
#14165=LINE('',#14162,#14164);
#14166=EDGE_CURVE('',#13813,#14161,#14165,.T.);
#14167=ORIENTED_EDGE('',*,*,#14166,.F.);
#14168=ORIENTED_EDGE('',*,*,#13818,.F.);
#14169=ORIENTED_EDGE('',*,*,#14147,.F.);
#14170=CARTESIAN_POINT('',(61.475202637,156.129587024,51.766795223));
#14171=DIRECTION('',(-0.,-1.,0.));
#14172=DIRECTION('',(-0.,0.,-1.));
#14173=AXIS2_PLACEMENT_3D('',#14170,#14171,#14172);
#14174=CIRCLE('',#14173,2.);
#14175=EDGE_CURVE('',#14161,#14135,#14174,.T.);
#14176=ORIENTED_EDGE('',*,*,#14175,.F.);
#14177=EDGE_LOOP('',(#14167,#14168,#14169,#14176));
#14178=FACE_BOUND('',#14177,.T.);
#14179=CARTESIAN_POINT('',(61.475202637,156.129587024,52.566795223));
#14180=VERTEX_POINT('',#14179);
#14181=CARTESIAN_POINT('',(60.675202637,156.129587024,51.766795223));
#14182=VERTEX_POINT('',#14181);
#14183=CARTESIAN_POINT('',(61.475202637,156.129587024,51.766795223));
#14184=DIRECTION('',(-0.,-1.,0.));
#14185=DIRECTION('',(0.,0.,1.));
#14186=AXIS2_PLACEMENT_3D('',#14183,#14184,#14185);
#14187=CIRCLE('',#14186,0.8);
#14188=EDGE_CURVE('',#14180,#14182,#14187,.T.);
#14189=ORIENTED_EDGE('',*,*,#14188,.T.);
#14190=CARTESIAN_POINT('',(61.475202637,156.129587024,51.766795223));
#14191=DIRECTION('',(-0.,-1.,0.));
#14192=DIRECTION('',(0.,0.,1.));
#14193=AXIS2_PLACEMENT_3D('',#14190,#14191,#14192);
#14194=CIRCLE('',#14193,0.8);
#14195=EDGE_CURVE('',#14182,#14180,#14194,.T.);
#14196=ORIENTED_EDGE('',*,*,#14195,.T.);
#14197=EDGE_LOOP('',(#14189,#14196));
#14198=FACE_BOUND('',#14197,.T.);
#14199=ADVANCED_FACE('',(#14178,#14198),#14159,.F.);
#14200=OVER_RIDING_STYLED_ITEM('',(#143),#14199,#26);
#14201=CARTESIAN_POINT('',(63.475202637,156.129587024,52.766795223));
#14202=DIRECTION('',(-0.,-0.707106781,-0.707106781));
#14203=DIRECTION('',(-1.,0.,0.));
#14204=AXIS2_PLACEMENT_3D('',#14201,#14202,#14203);
#14205=PLANE('',#14204);
#14206=ORIENTED_EDGE('',*,*,#14166,.T.);
#14207=CARTESIAN_POINT('',(59.74315183,156.129587024,52.766795223));
#14208=CARTESIAN_POINT('',(59.475202637,156.593688639,52.302693608));
#14209=CARTESIAN_POINT('',(59.475202637,157.129587024,51.766795223));
#14210=(BOUNDED_CURVE()
B_SPLINE_CURVE(2,(#14207,#14208,#14209),.UNSPECIFIED.,.F.,.F.)
B_SPLINE_CURVE_WITH_KNOTS((3,3),(60.,90.),.UNSPECIFIED.)
CURVE()
GEOMETRIC_REPRESENTATION_ITEM()
RATIONAL_B_SPLINE_CURVE((1.,0.965925826,1.))
REPRESENTATION_ITEM(''));
#14211=EDGE_CURVE('',#14161,#14111,#14210,.T.);
#14212=ORIENTED_EDGE('',*,*,#14211,.T.);
#14213=ORIENTED_EDGE('',*,*,#14116,.T.);
#14214=CARTESIAN_POINT('',(26.509050848,156.129587024,52.766795223));
#14215=VERTEX_POINT('',#14214);
#14216=CARTESIAN_POINT('',(26.77700004,157.129587024,51.766795223));
#14217=CARTESIAN_POINT('',(26.77700004,156.593688639,52.302693608));
#14218=CARTESIAN_POINT('',(26.509050848,156.129587024,52.766795223));
#14219=(BOUNDED_CURVE()
B_SPLINE_CURVE(2,(#14216,#14217,#14218),.UNSPECIFIED.,.F.,.F.)
B_SPLINE_CURVE_WITH_KNOTS((3,3),(270.,300.),.UNSPECIFIED.)
CURVE()
GEOMETRIC_REPRESENTATION_ITEM()
RATIONAL_B_SPLINE_CURVE((1.,0.965925826,1.))
REPRESENTATION_ITEM(''));
#14220=EDGE_CURVE('',#14102,#14215,#14219,.T.);
#14221=ORIENTED_EDGE('',*,*,#14220,.T.);
#14222=CARTESIAN_POINT('',(23.77700004,156.129587024,52.766795223));
#14223=VERTEX_POINT('',#14222);
#14224=CARTESIAN_POINT('',(26.509050848,156.129587024,52.766795223));
#14225=DIRECTION('',(-1.,0.,0.));
#14226=VECTOR('',#14225,2.732050808);
#14227=LINE('',#14224,#14226);
#14228=EDGE_CURVE('',#14215,#14223,#14227,.T.);
#14229=ORIENTED_EDGE('',*,*,#14228,.T.);
#14230=CARTESIAN_POINT('',(22.77700004,155.129587024,53.766795223));
#14231=DIRECTION('',(0.577350269,0.577350269,-0.577350269));
#14232=VECTOR('',#14231,1.732050808);
#14233=LINE('',#14230,#14232);
#14234=EDGE_CURVE('',#13876,#14223,#14233,.T.);
#14235=ORIENTED_EDGE('',*,*,#14234,.F.);
#14236=ORIENTED_EDGE('',*,*,#13881,.F.);
#14237=ORIENTED_EDGE('',*,*,#13824,.T.);
#14238=EDGE_LOOP('',(#14206,#14212,#14213,#14221,#14229,#14235,#14236,#14237));
#14239=FACE_BOUND('',#14238,.T.);
#14240=ADVANCED_FACE('',(#14239),#14205,.F.);
#14241=OVER_RIDING_STYLED_ITEM('',(#143),#14240,#26);
#14242=CARTESIAN_POINT('',(63.126101339,130.129587024,33.517693924));
#14243=DIRECTION('',(-1.,0.,0.));
#14244=DIRECTION('',(0.,0.,1.));
#14245=AXIS2_PLACEMENT_3D('',#14242,#14243,#14244);
#14246=PLANE('',#14245);
#14247=CARTESIAN_POINT('',(63.126101339,130.129587024,33.517693924));
#14248=VERTEX_POINT('',#14247);
#14249=CARTESIAN_POINT('',(63.126101339,130.129587024,33.517693924));
#14250=DIRECTION('',(0.,0.,1.));
#14251=VECTOR('',#14250,0.1);
#14252=LINE('',#14249,#14251);
#14253=EDGE_CURVE('',#14248,#13845,#14252,.T.);
#14254=ORIENTED_EDGE('',*,*,#14253,.T.);
#14255=ORIENTED_EDGE('',*,*,#13850,.F.);
#14256=CARTESIAN_POINT('',(63.126101339,130.129587024,53.517693924));
#14257=VERTEX_POINT('',#14256);
#14258=CARTESIAN_POINT('',(63.126101339,130.129587024,53.417693924));
#14259=DIRECTION('',(0.,0.,1.));
#14260=VECTOR('',#14259,0.1);
#14261=LINE('',#14258,#14260);
#14262=EDGE_CURVE('',#13843,#14257,#14261,.T.);
#14263=ORIENTED_EDGE('',*,*,#14262,.T.);
#14264=CARTESIAN_POINT('',(63.126101339,121.629587024,53.517693924));
#14265=VERTEX_POINT('',#14264);
#14266=CARTESIAN_POINT('',(63.126101339,130.129587024,53.517693924));
#14267=DIRECTION('',(-0.,-1.,0.));
#14268=VECTOR('',#14267,8.5);
#14269=LINE('',#14266,#14268);
#14270=EDGE_CURVE('',#14257,#14265,#14269,.T.);
#14271=ORIENTED_EDGE('',*,*,#14270,.T.);
#14272=CARTESIAN_POINT('',(63.126101339,121.629587024,33.517693924));
#14273=VERTEX_POINT('',#14272);
#14274=CARTESIAN_POINT('',(63.126101339,121.629587024,33.517693924));
#14275=DIRECTION('',(0.,-0.,1.));
#14276=VECTOR('',#14275,20.);
#14277=LINE('',#14274,#14276);
#14278=EDGE_CURVE('',#14273,#14265,#14277,.T.);
#14279=ORIENTED_EDGE('',*,*,#14278,.F.);
#14280=CARTESIAN_POINT('',(63.126101339,130.129587024,33.517693924));
#14281=DIRECTION('',(-0.,-1.,0.));
#14282=VECTOR('',#14281,8.5);
#14283=LINE('',#14280,#14282);
#14284=EDGE_CURVE('',#14248,#14273,#14283,.T.);
#14285=ORIENTED_EDGE('',*,*,#14284,.F.);
#14286=EDGE_LOOP('',(#14254,#14255,#14263,#14271,#14279,#14285));
#14287=FACE_BOUND('',#14286,.T.);
#14288=CARTESIAN_POINT('',(63.126101339,126.729587024,34.017693924));
#14289=VERTEX_POINT('',#14288);
#14290=CARTESIAN_POINT('',(63.126101339,126.729587024,43.017693924));
#14291=VERTEX_POINT('',#14290);
#14292=CARTESIAN_POINT('',(63.126101339,126.729587024,34.017693924));
#14293=DIRECTION('',(0.,0.,1.));
#14294=VECTOR('',#14293,9.);
#14295=LINE('',#14292,#14294);
#14296=EDGE_CURVE('',#14289,#14291,#14295,.T.);
#14297=ORIENTED_EDGE('',*,*,#14296,.T.);
#14298=CARTESIAN_POINT('',(63.126101339,125.529587024,43.017693924));
#14299=VERTEX_POINT('',#14298);
#14300=CARTESIAN_POINT('',(63.126101339,125.529587024,43.017693924));
#14301=DIRECTION('',(0.,1.,-0.));
#14302=VECTOR('',#14301,1.2);
#14303=LINE('',#14300,#14302);
#14304=EDGE_CURVE('',#14299,#14291,#14303,.T.);
#14305=ORIENTED_EDGE('',*,*,#14304,.F.);
#14306=CARTESIAN_POINT('',(63.126101339,125.529587024,44.017693924));
#14307=VERTEX_POINT('',#14306);
#14308=CARTESIAN_POINT('',(63.126101339,125.529587024,43.017693924));
#14309=DIRECTION('',(0.,0.,1.));
#14310=VECTOR('',#14309,1.);
#14311=LINE('',#14308,#14310);
#14312=EDGE_CURVE('',#14299,#14307,#14311,.T.);
#14313=ORIENTED_EDGE('',*,*,#14312,.T.);
#14314=CARTESIAN_POINT('',(63.126101339,126.729587024,44.017693924));
#14315=VERTEX_POINT('',#14314);
#14316=CARTESIAN_POINT('',(63.126101339,125.529587024,44.017693924));
#14317=DIRECTION('',(0.,1.,-0.));
#14318=VECTOR('',#14317,1.2);
#14319=LINE('',#14316,#14318);
#14320=EDGE_CURVE('',#14307,#14315,#14319,.T.);
#14321=ORIENTED_EDGE('',*,*,#14320,.T.);
#14322=CARTESIAN_POINT('',(63.126101339,126.729587024,53.017693924));
#14323=VERTEX_POINT('',#14322);
#14324=CARTESIAN_POINT('',(63.126101339,126.729587024,44.017693924));
#14325=DIRECTION('',(0.,0.,1.));
#14326=VECTOR('',#14325,9.);
#14327=LINE('',#14324,#14326);
#14328=EDGE_CURVE('',#14315,#14323,#14327,.T.);
#14329=ORIENTED_EDGE('',*,*,#14328,.T.);
#14330=CARTESIAN_POINT('',(63.126101339,129.129587024,53.017693924));
#14331=VERTEX_POINT('',#14330);
#14332=CARTESIAN_POINT('',(63.126101339,129.129587024,53.017693924));
#14333=DIRECTION('',(-0.,-1.,0.));
#14334=VECTOR('',#14333,2.4);
#14335=LINE('',#14332,#14334);
#14336=EDGE_CURVE('',#14331,#14323,#14335,.T.);
#14337=ORIENTED_EDGE('',*,*,#14336,.F.);
#14338=CARTESIAN_POINT('',(63.126101339,129.129587024,34.017693924));
#14339=VERTEX_POINT('',#14338);
#14340=CARTESIAN_POINT('',(63.126101339,129.129587024,34.017693924));
#14341=DIRECTION('',(0.,-0.,1.));
#14342=VECTOR('',#14341,19.);
#14343=LINE('',#14340,#14342);
#14344=EDGE_CURVE('',#14339,#14331,#14343,.T.);
#14345=ORIENTED_EDGE('',*,*,#14344,.F.);
#14346=CARTESIAN_POINT('',(63.126101339,129.129587024,34.017693924));
#14347=DIRECTION('',(-0.,-1.,0.));
#14348=VECTOR('',#14347,2.4);
#14349=LINE('',#14346,#14348);
#14350=EDGE_CURVE('',#14339,#14289,#14349,.T.);
#14351=ORIENTED_EDGE('',*,*,#14350,.T.);
#14352=EDGE_LOOP('',(#14297,#14305,#14313,#14321,#14329,#14337,#14345,#14351));
#14353=FACE_BOUND('',#14352,.T.);
#14354=ADVANCED_FACE('',(#14287,#14353),#14246,.F.);
#14355=OVER_RIDING_STYLED_ITEM('',(#143),#14354,#26);
#14356=CARTESIAN_POINT('',(23.126101339,130.129587024,53.417693924));
#14357=DIRECTION('',(0.,-0.017452406,0.999847695));
#14358=DIRECTION('',(1.,-0.,-0.));
#14359=AXIS2_PLACEMENT_3D('',#14356,#14357,#14358);
#14360=PLANE('',#14359);
#14361=CARTESIAN_POINT('',(23.126101339,130.129587024,53.417693924));
#14362=VERTEX_POINT('',#14361);
#14363=CARTESIAN_POINT('',(23.126101339,130.129587024,53.417693924));
#14364=DIRECTION('',(1.,-0.,-0.));
#14365=VECTOR('',#14364,40.);
#14366=LINE('',#14363,#14365);
#14367=EDGE_CURVE('',#14362,#13843,#14366,.T.);
#14368=ORIENTED_EDGE('',*,*,#14367,.T.);
#14369=ORIENTED_EDGE('',*,*,#13863,.T.);
#14370=ORIENTED_EDGE('',*,*,#13895,.F.);
#14371=CARTESIAN_POINT('',(23.126101339,130.129587024,53.417693924));
#14372=DIRECTION('',(-0.017449749,0.99969546,0.017449749));
#14373=VECTOR('',#14372,20.006092788);
#14374=LINE('',#14371,#14373);
#14375=EDGE_CURVE('',#14362,#13884,#14374,.T.);
#14376=ORIENTED_EDGE('',*,*,#14375,.F.);
#14377=EDGE_LOOP('',(#14368,#14369,#14370,#14376));
#14378=FACE_BOUND('',#14377,.T.);
#14379=ADVANCED_FACE('',(#14378),#14360,.T.);
#14380=OVER_RIDING_STYLED_ITEM('',(#143),#14379,#26);
#14381=CARTESIAN_POINT('',(23.77700004,156.129587024,53.766795223));
#14382=DIRECTION('',(0.707106781,-0.707106781,-0.));
#14383=DIRECTION('',(0.,0.,1.));
#14384=AXIS2_PLACEMENT_3D('',#14381,#14382,#14383);
#14385=PLANE('',#14384);
#14386=ORIENTED_EDGE('',*,*,#13911,.F.);
#14387=ORIENTED_EDGE('',*,*,#14234,.T.);
#14388=CARTESIAN_POINT('',(23.77700004,156.129587024,50.034744415));
#14389=VERTEX_POINT('',#14388);
#14390=CARTESIAN_POINT('',(23.77700004,156.129587024,50.034744415));
#14391=DIRECTION('',(0.,-0.,1.));
#14392=VECTOR('',#14391,2.732050808);
#14393=LINE('',#14390,#14392);
#14394=EDGE_CURVE('',#14389,#14223,#14393,.T.);
#14395=ORIENTED_EDGE('',*,*,#14394,.F.);
#14396=CARTESIAN_POINT('',(23.77700004,156.129587024,50.034744415));
#14397=CARTESIAN_POINT('',(24.241101655,156.593688639,49.766795223));
#14398=CARTESIAN_POINT('',(24.77700004,157.129587024,49.766795223));
#14399=(BOUNDED_CURVE()
B_SPLINE_CURVE(2,(#14396,#14397,#14398),.UNSPECIFIED.,.F.,.F.)
B_SPLINE_CURVE_WITH_KNOTS((3,3),(60.,90.),.UNSPECIFIED.)
CURVE()
GEOMETRIC_REPRESENTATION_ITEM()
RATIONAL_B_SPLINE_CURVE((1.,0.965925826,1.))
REPRESENTATION_ITEM(''));
#14400=EDGE_CURVE('',#14389,#14094,#14399,.T.);
#14401=ORIENTED_EDGE('',*,*,#14400,.T.);
#14402=ORIENTED_EDGE('',*,*,#14099,.T.);
#14403=CARTESIAN_POINT('',(23.77700004,156.129587024,37.000643433));
#14404=VERTEX_POINT('',#14403);
#14405=CARTESIAN_POINT('',(24.77700004,157.129587024,37.268592626));
#14406=CARTESIAN_POINT('',(24.241101655,156.593688639,37.268592626));
#14407=CARTESIAN_POINT('',(23.77700004,156.129587024,37.000643433));
#14408=(BOUNDED_CURVE()
B_SPLINE_CURVE(2,(#14405,#14406,#14407),.UNSPECIFIED.,.F.,.F.)
B_SPLINE_CURVE_WITH_KNOTS((3,3),(270.,300.),.UNSPECIFIED.)
CURVE()
GEOMETRIC_REPRESENTATION_ITEM()
RATIONAL_B_SPLINE_CURVE((1.,0.965925826,1.))
REPRESENTATION_ITEM(''));
#14409=EDGE_CURVE('',#14085,#14404,#14408,.T.);
#14410=ORIENTED_EDGE('',*,*,#14409,.T.);
#14411=CARTESIAN_POINT('',(23.77700004,156.129587024,34.268592626));
#14412=DIRECTION('',(0.,-0.,1.));
#14413=VECTOR('',#14412,2.732050807);
#14414=LINE('',#14411,#14413);
#14415=EDGE_CURVE('',#13964,#14404,#14414,.T.);
#14416=ORIENTED_EDGE('',*,*,#14415,.F.);
#14417=ORIENTED_EDGE('',*,*,#13969,.T.);
#14418=EDGE_LOOP('',(#14386,#14387,#14395,#14401,#14402,#14410,#14416,#14417));
#14419=FACE_BOUND('',#14418,.T.);
#14420=ADVANCED_FACE('',(#14419),#14385,.F.);
#14421=OVER_RIDING_STYLED_ITEM('',(#143),#14420,#26);
#14422=CARTESIAN_POINT('',(23.126101339,130.129587024,33.617693924));
#14423=DIRECTION('',(-0.999847695,-0.017452406,0.));
#14424=DIRECTION('',(0.,0.,1.));
#14425=AXIS2_PLACEMENT_3D('',#14422,#14423,#14424);
#14426=PLANE('',#14425);
#14427=CARTESIAN_POINT('',(23.126101339,130.129587024,33.617693924));
#14428=DIRECTION('',(0.,0.,1.));
#14429=VECTOR('',#14428,19.8);
#14430=LINE('',#14427,#14429);
#14431=EDGE_CURVE('',#13987,#14362,#14430,.T.);
#14432=ORIENTED_EDGE('',*,*,#14431,.T.);
#14433=ORIENTED_EDGE('',*,*,#14375,.T.);
#14434=ORIENTED_EDGE('',*,*,#13918,.F.);
#14435=ORIENTED_EDGE('',*,*,#13998,.F.);
#14436=EDGE_LOOP('',(#14432,#14433,#14434,#14435));
#14437=FACE_BOUND('',#14436,.T.);
#14438=ADVANCED_FACE('',(#14437),#14426,.T.);
#14439=OVER_RIDING_STYLED_ITEM('',(#143),#14438,#26);
#14440=CARTESIAN_POINT('',(43.126101339,156.129587024,43.517693924));
#14441=DIRECTION('',(-0.,-1.,0.));
#14442=DIRECTION('',(-1.,0.,0.));
#14443=AXIS2_PLACEMENT_3D('',#14440,#14441,#14442);
#14444=PLANE('',#14443);
#14445=ORIENTED_EDGE('',*,*,#14415,.T.);
#14446=CARTESIAN_POINT('',(24.77700004,156.129587024,35.268592626));
#14447=DIRECTION('',(-0.,-1.,0.));
#14448=DIRECTION('',(-0.,0.,-1.));
#14449=AXIS2_PLACEMENT_3D('',#14446,#14447,#14448);
#14450=CIRCLE('',#14449,2.);
#14451=EDGE_CURVE('',#13930,#14404,#14450,.T.);
#14452=ORIENTED_EDGE('',*,*,#14451,.F.);
#14453=ORIENTED_EDGE('',*,*,#13975,.F.);
#14454=EDGE_LOOP('',(#14445,#14452,#14453));
#14455=FACE_BOUND('',#14454,.T.);
#14456=CARTESIAN_POINT('',(24.77700004,156.129587024,36.068592626));
#14457=VERTEX_POINT('',#14456);
#14458=CARTESIAN_POINT('',(23.97700004,156.129587024,35.268592626));
#14459=VERTEX_POINT('',#14458);
#14460=CARTESIAN_POINT('',(24.77700004,156.129587024,35.268592626));
#14461=DIRECTION('',(-0.,-1.,0.));
#14462=DIRECTION('',(0.,0.,1.));
#14463=AXIS2_PLACEMENT_3D('',#14460,#14461,#14462);
#14464=CIRCLE('',#14463,0.8);
#14465=EDGE_CURVE('',#14457,#14459,#14464,.T.);
#14466=ORIENTED_EDGE('',*,*,#14465,.T.);
#14467=CARTESIAN_POINT('',(24.77700004,156.129587024,35.268592626));
#14468=DIRECTION('',(-0.,-1.,0.));
#14469=DIRECTION('',(0.,0.,1.));
#14470=AXIS2_PLACEMENT_3D('',#14467,#14468,#14469);
#14471=CIRCLE('',#14470,0.8);
#14472=EDGE_CURVE('',#14459,#14457,#14471,.T.);
#14473=ORIENTED_EDGE('',*,*,#14472,.T.);
#14474=EDGE_LOOP('',(#14466,#14473));
#14475=FACE_BOUND('',#14474,.T.);
#14476=ADVANCED_FACE('',(#14455,#14475),#14444,.F.);
#14477=OVER_RIDING_STYLED_ITEM('',(#143),#14476,#26);
#14478=CARTESIAN_POINT('',(24.77700004,156.129587024,35.268592626));
#14479=DIRECTION('',(-0.,-1.,0.));
#14480=DIRECTION('',(-1.,0.,0.));
#14481=AXIS2_PLACEMENT_3D('',#14478,#14479,#14480);
#14482=CYLINDRICAL_SURFACE('',#14481,2.);
#14483=ORIENTED_EDGE('',*,*,#14409,.F.);
#14484=ORIENTED_EDGE('',*,*,#14091,.F.);
#14485=ORIENTED_EDGE('',*,*,#13937,.F.);
#14486=ORIENTED_EDGE('',*,*,#14451,.T.);
#14487=EDGE_LOOP('',(#14483,#14484,#14485,#14486));
#14488=FACE_BOUND('',#14487,.T.);
#14489=ADVANCED_FACE('',(#14488),#14482,.F.);
#14490=OVER_RIDING_STYLED_ITEM('',(#143),#14489,#26);
#14491=CARTESIAN_POINT('',(43.126101339,130.129587024,43.517693924));
#14492=DIRECTION('',(-0.,-1.,0.));
#14493=DIRECTION('',(-1.,0.,0.));
#14494=AXIS2_PLACEMENT_3D('',#14491,#14492,#14493);
#14495=PLANE('',#14494);
#14496=CARTESIAN_POINT('',(23.126101339,130.129587024,33.517693924));
#14497=VERTEX_POINT('',#14496);
#14498=CARTESIAN_POINT('',(23.126101339,130.129587024,33.617693924));
#14499=DIRECTION('',(-0.,0.,-1.));
#14500=VECTOR('',#14499,0.1);
#14501=LINE('',#14498,#14500);
#14502=EDGE_CURVE('',#13987,#14497,#14501,.T.);
#14503=ORIENTED_EDGE('',*,*,#14502,.F.);
#14504=ORIENTED_EDGE('',*,*,#13992,.F.);
#14505=ORIENTED_EDGE('',*,*,#14253,.F.);
#14506=CARTESIAN_POINT('',(23.126101339,130.129587024,33.517693924));
#14507=DIRECTION('',(1.,-0.,-0.));
#14508=VECTOR('',#14507,40.);
#14509=LINE('',#14506,#14508);
#14510=EDGE_CURVE('',#14497,#14248,#14509,.T.);
#14511=ORIENTED_EDGE('',*,*,#14510,.F.);
#14512=EDGE_LOOP('',(#14503,#14504,#14505,#14511));
#14513=FACE_BOUND('',#14512,.T.);
#14514=ADVANCED_FACE('',(#14513),#14495,.F.);
#14515=OVER_RIDING_STYLED_ITEM('',(#143),#14514,#26);
#14516=CARTESIAN_POINT('',(61.475202637,156.129587024,35.268592626));
#14517=DIRECTION('',(0.,1.,-0.));
#14518=DIRECTION('',(-1.,0.,0.));
#14519=AXIS2_PLACEMENT_3D('',#14516,#14517,#14518);
#14520=CYLINDRICAL_SURFACE('',#14519,0.8);
#14521=CARTESIAN_POINT('',(60.675202637,149.129587024,35.268592626));
#14522=VERTEX_POINT('',#14521);
#14523=CARTESIAN_POINT('',(60.675202637,156.129587024,35.268592626));
#14524=DIRECTION('',(-0.,-1.,0.));
#14525=VECTOR('',#14524,7.);
#14526=LINE('',#14523,#14525);
#14527=EDGE_CURVE('',#14034,#14522,#14526,.T.);
#14528=ORIENTED_EDGE('',*,*,#14527,.F.);
#14529=ORIENTED_EDGE('',*,*,#14040,.F.);
#14530=ORIENTED_EDGE('',*,*,#14047,.F.);
#14531=ORIENTED_EDGE('',*,*,#14527,.T.);
#14532=CARTESIAN_POINT('',(61.475202637,149.129587024,36.068592626));
#14533=VERTEX_POINT('',#14532);
#14534=CARTESIAN_POINT('',(61.475202637,149.129587024,35.268592626));
#14535=DIRECTION('',(-0.,-1.,0.));
#14536=DIRECTION('',(0.,0.,1.));
#14537=AXIS2_PLACEMENT_3D('',#14534,#14535,#14536);
#14538=CIRCLE('',#14537,0.8);
#14539=EDGE_CURVE('',#14522,#14533,#14538,.T.);
#14540=ORIENTED_EDGE('',*,*,#14539,.T.);
#14541=CARTESIAN_POINT('',(61.475202637,149.129587024,35.268592626));
#14542=DIRECTION('',(-0.,-1.,0.));
#14543=DIRECTION('',(0.,0.,1.));
#14544=AXIS2_PLACEMENT_3D('',#14541,#14542,#14543);
#14545=CIRCLE('',#14544,0.8);
#14546=EDGE_CURVE('',#14533,#14522,#14545,.T.);
#14547=ORIENTED_EDGE('',*,*,#14546,.T.);
#14548=EDGE_LOOP('',(#14528,#14529,#14530,#14531,#14540,#14547));
#14549=FACE_BOUND('',#14548,.T.);
#14550=ADVANCED_FACE('',(#14549),#14520,.F.);
#14551=OVER_RIDING_STYLED_ITEM('',(#143),#14550,#26);
#14552=CARTESIAN_POINT('',(24.77700004,156.129587024,51.766795223));
#14553=DIRECTION('',(-0.,-1.,0.));
#14554=DIRECTION('',(-1.,0.,0.));
#14555=AXIS2_PLACEMENT_3D('',#14552,#14553,#14554);
#14556=CYLINDRICAL_SURFACE('',#14555,2.);
#14557=ORIENTED_EDGE('',*,*,#14220,.F.);
#14558=ORIENTED_EDGE('',*,*,#14108,.F.);
#14559=ORIENTED_EDGE('',*,*,#14400,.F.);
#14560=CARTESIAN_POINT('',(24.77700004,156.129587024,51.766795223));
#14561=DIRECTION('',(-0.,-1.,0.));
#14562=DIRECTION('',(-0.,0.,-1.));
#14563=AXIS2_PLACEMENT_3D('',#14560,#14561,#14562);
#14564=CIRCLE('',#14563,2.);
#14565=EDGE_CURVE('',#14389,#14215,#14564,.T.);
#14566=ORIENTED_EDGE('',*,*,#14565,.T.);
#14567=EDGE_LOOP('',(#14557,#14558,#14559,#14566));
#14568=FACE_BOUND('',#14567,.T.);
#14569=ADVANCED_FACE('',(#14568),#14556,.F.);
#14570=OVER_RIDING_STYLED_ITEM('',(#143),#14569,#26);
#14571=CARTESIAN_POINT('',(61.475202637,156.129587024,51.766795223));
#14572=DIRECTION('',(0.,1.,-0.));
#14573=DIRECTION('',(-1.,0.,0.));
#14574=AXIS2_PLACEMENT_3D('',#14571,#14572,#14573);
#14575=CYLINDRICAL_SURFACE('',#14574,0.8);
#14576=CARTESIAN_POINT('',(60.675202637,149.129587024,51.766795223));
#14577=VERTEX_POINT('',#14576);
#14578=CARTESIAN_POINT('',(60.675202637,156.129587024,51.766795223));
#14579=DIRECTION('',(-0.,-1.,0.));
#14580=VECTOR('',#14579,7.);
#14581=LINE('',#14578,#14580);
#14582=EDGE_CURVE('',#14182,#14577,#14581,.T.);
#14583=ORIENTED_EDGE('',*,*,#14582,.F.);
#14584=ORIENTED_EDGE('',*,*,#14188,.F.);
#14585=ORIENTED_EDGE('',*,*,#14195,.F.);
#14586=ORIENTED_EDGE('',*,*,#14582,.T.);
#14587=CARTESIAN_POINT('',(61.475202637,149.129587024,52.566795223));
#14588=VERTEX_POINT('',#14587);
#14589=CARTESIAN_POINT('',(61.475202637,149.129587024,51.766795223));
#14590=DIRECTION('',(-0.,-1.,0.));
#14591=DIRECTION('',(0.,0.,1.));
#14592=AXIS2_PLACEMENT_3D('',#14589,#14590,#14591);
#14593=CIRCLE('',#14592,0.8);
#14594=EDGE_CURVE('',#14577,#14588,#14593,.T.);
#14595=ORIENTED_EDGE('',*,*,#14594,.T.);
#14596=CARTESIAN_POINT('',(61.475202637,149.129587024,51.766795223));
#14597=DIRECTION('',(-0.,-1.,0.));
#14598=DIRECTION('',(0.,0.,1.));
#14599=AXIS2_PLACEMENT_3D('',#14596,#14597,#14598);
#14600=CIRCLE('',#14599,0.8);
#14601=EDGE_CURVE('',#14588,#14577,#14600,.T.);
#14602=ORIENTED_EDGE('',*,*,#14601,.T.);
#14603=EDGE_LOOP('',(#14583,#14584,#14585,#14586,#14595,#14602));
#14604=FACE_BOUND('',#14603,.T.);
#14605=ADVANCED_FACE('',(#14604),#14575,.F.);
#14606=OVER_RIDING_STYLED_ITEM('',(#143),#14605,#26);
#14607=CARTESIAN_POINT('',(43.126101339,156.129587024,43.517693924));
#14608=DIRECTION('',(-0.,-1.,0.));
#14609=DIRECTION('',(-1.,0.,0.));
#14610=AXIS2_PLACEMENT_3D('',#14607,#14608,#14609);
#14611=PLANE('',#14610);
#14612=ORIENTED_EDGE('',*,*,#14228,.F.);
#14613=ORIENTED_EDGE('',*,*,#14565,.F.);
#14614=ORIENTED_EDGE('',*,*,#14394,.T.);
#14615=EDGE_LOOP('',(#14612,#14613,#14614));
#14616=FACE_BOUND('',#14615,.T.);
#14617=CARTESIAN_POINT('',(24.77700004,156.129587024,52.566795223));
#14618=VERTEX_POINT('',#14617);
#14619=CARTESIAN_POINT('',(23.97700004,156.129587024,51.766795223));
#14620=VERTEX_POINT('',#14619);
#14621=CARTESIAN_POINT('',(24.77700004,156.129587024,51.766795223));
#14622=DIRECTION('',(-0.,-1.,0.));
#14623=DIRECTION('',(0.,0.,1.));
#14624=AXIS2_PLACEMENT_3D('',#14621,#14622,#14623);
#14625=CIRCLE('',#14624,0.8);
#14626=EDGE_CURVE('',#14618,#14620,#14625,.T.);
#14627=ORIENTED_EDGE('',*,*,#14626,.T.);
#14628=CARTESIAN_POINT('',(24.77700004,156.129587024,51.766795223));
#14629=DIRECTION('',(-0.,-1.,0.));
#14630=DIRECTION('',(0.,0.,1.));
#14631=AXIS2_PLACEMENT_3D('',#14628,#14629,#14630);
#14632=CIRCLE('',#14631,0.8);
#14633=EDGE_CURVE('',#14620,#14618,#14632,.T.);
#14634=ORIENTED_EDGE('',*,*,#14633,.T.);
#14635=EDGE_LOOP('',(#14627,#14634));
#14636=FACE_BOUND('',#14635,.T.);
#14637=ADVANCED_FACE('',(#14616,#14636),#14611,.F.);
#14638=OVER_RIDING_STYLED_ITEM('',(#143),#14637,#26);
#14639=CARTESIAN_POINT('',(23.126101339,130.129587024,33.517693924));
#14640=DIRECTION('',(0.,0.,1.));
#14641=DIRECTION('',(1.,-0.,-0.));
#14642=AXIS2_PLACEMENT_3D('',#14639,#14640,#14641);
#14643=PLANE('',#14642);
#14644=ORIENTED_EDGE('',*,*,#14510,.T.);
#14645=ORIENTED_EDGE('',*,*,#14284,.T.);
#14646=CARTESIAN_POINT('',(33.126101339,121.629587024,33.517693924));
#14647=VERTEX_POINT('',#14646);
#14648=CARTESIAN_POINT('',(33.126101339,121.629587024,33.517693924));
#14649=DIRECTION('',(1.,-0.,-0.));
#14650=VECTOR('',#14649,30.);
#14651=LINE('',#14648,#14650);
#14652=EDGE_CURVE('',#14647,#14273,#14651,.T.);
#14653=ORIENTED_EDGE('',*,*,#14652,.F.);
#14654=CARTESIAN_POINT('',(23.126101339,121.629587024,33.517693924));
#14655=VERTEX_POINT('',#14654);
#14656=CARTESIAN_POINT('',(23.126101339,121.629587024,33.517693924));
#14657=DIRECTION('',(1.,-0.,-0.));
#14658=VECTOR('',#14657,10.);
#14659=LINE('',#14656,#14658);
#14660=EDGE_CURVE('',#14655,#14647,#14659,.T.);
#14661=ORIENTED_EDGE('',*,*,#14660,.F.);
#14662=CARTESIAN_POINT('',(23.126101339,130.129587024,33.517693924));
#14663=DIRECTION('',(-0.,-1.,0.));
#14664=VECTOR('',#14663,8.5);
#14665=LINE('',#14662,#14664);
#14666=EDGE_CURVE('',#14497,#14655,#14665,.T.);
#14667=ORIENTED_EDGE('',*,*,#14666,.F.);
#14668=EDGE_LOOP('',(#14644,#14645,#14653,#14661,#14667));
#14669=FACE_BOUND('',#14668,.T.);
#14670=ADVANCED_FACE('',(#14669),#14643,.F.);
#14671=OVER_RIDING_STYLED_ITEM('',(#143),#14670,#26);
#14672=CARTESIAN_POINT('',(43.126101339,130.129587024,43.517693924));
#14673=DIRECTION('',(-0.,-1.,0.));
#14674=DIRECTION('',(-1.,0.,0.));
#14675=AXIS2_PLACEMENT_3D('',#14672,#14673,#14674);
#14676=PLANE('',#14675);
#14677=CARTESIAN_POINT('',(23.126101339,130.129587024,53.517693924));
#14678=VERTEX_POINT('',#14677);
#14679=CARTESIAN_POINT('',(23.126101339,130.129587024,53.517693924));
#14680=DIRECTION('',(-0.,0.,-1.));
#14681=VECTOR('',#14680,0.1);
#14682=LINE('',#14679,#14681);
#14683=EDGE_CURVE('',#14678,#14362,#14682,.T.);
#14684=ORIENTED_EDGE('',*,*,#14683,.F.);
#14685=CARTESIAN_POINT('',(63.126101339,130.129587024,53.517693924));
#14686=DIRECTION('',(-1.,0.,0.));
#14687=VECTOR('',#14686,40.);
#14688=LINE('',#14685,#14687);
#14689=EDGE_CURVE('',#14257,#14678,#14688,.T.);
#14690=ORIENTED_EDGE('',*,*,#14689,.F.);
#14691=ORIENTED_EDGE('',*,*,#14262,.F.);
#14692=ORIENTED_EDGE('',*,*,#14367,.F.);
#14693=EDGE_LOOP('',(#14684,#14690,#14691,#14692));
#14694=FACE_BOUND('',#14693,.T.);
#14695=ADVANCED_FACE('',(#14694),#14676,.F.);
#14696=OVER_RIDING_STYLED_ITEM('',(#143),#14695,#26);
#14697=CARTESIAN_POINT('',(43.126101339,121.629587024,43.517693924));
#14698=DIRECTION('',(-0.,-1.,0.));
#14699=DIRECTION('',(-1.,0.,0.));
#14700=AXIS2_PLACEMENT_3D('',#14697,#14698,#14699);
#14701=PLANE('',#14700);
#14702=ORIENTED_EDGE('',*,*,#14652,.T.);
#14703=ORIENTED_EDGE('',*,*,#14278,.T.);
#14704=CARTESIAN_POINT('',(33.12610135,121.629587024,53.517693924));
#14705=VERTEX_POINT('',#14704);
#14706=CARTESIAN_POINT('',(63.126101339,121.629587024,53.517693924));
#14707=DIRECTION('',(-1.,0.,0.));
#14708=VECTOR('',#14707,29.999999989);
#14709=LINE('',#14706,#14708);
#14710=EDGE_CURVE('',#14265,#14705,#14709,.T.);
#14711=ORIENTED_EDGE('',*,*,#14710,.T.);
#14712=CARTESIAN_POINT('',(36.248600338,121.629587024,53.017693924));
#14713=VERTEX_POINT('',#14712);
#14714=CARTESIAN_POINT('',(33.126101339,121.629587024,43.517693924));
#14715=DIRECTION('',(-0.,-1.,0.));
#14716=DIRECTION('',(0.,0.,1.));
#14717=AXIS2_PLACEMENT_3D('',#14714,#14715,#14716);
#14718=CIRCLE('',#14717,10.);
#14719=EDGE_CURVE('',#14713,#14705,#14718,.T.);
#14720=ORIENTED_EDGE('',*,*,#14719,.F.);
#14721=CARTESIAN_POINT('',(62.626101339,121.629587024,53.017693924));
#14722=VERTEX_POINT('',#14721);
#14723=CARTESIAN_POINT('',(62.626101339,121.629587024,53.017693924));
#14724=DIRECTION('',(-1.,0.,0.));
#14725=VECTOR('',#14724,26.377501001);
#14726=LINE('',#14723,#14725);
#14727=EDGE_CURVE('',#14722,#14713,#14726,.T.);
#14728=ORIENTED_EDGE('',*,*,#14727,.F.);
#14729=CARTESIAN_POINT('',(62.626101339,121.629587024,34.017693924));
#14730=VERTEX_POINT('',#14729);
#14731=CARTESIAN_POINT('',(62.626101339,121.629587024,34.017693924));
#14732=DIRECTION('',(0.,0.,1.));
#14733=VECTOR('',#14732,19.);
#14734=LINE('',#14731,#14733);
#14735=EDGE_CURVE('',#14730,#14722,#14734,.T.);
#14736=ORIENTED_EDGE('',*,*,#14735,.F.);
#14737=CARTESIAN_POINT('',(36.248600338,121.629587024,34.017693924));
#14738=VERTEX_POINT('',#14737);
#14739=CARTESIAN_POINT('',(36.248600338,121.629587024,34.017693924));
#14740=DIRECTION('',(1.,-0.,-0.));
#14741=VECTOR('',#14740,26.377501001);
#14742=LINE('',#14739,#14741);
#14743=EDGE_CURVE('',#14738,#14730,#14742,.T.);
#14744=ORIENTED_EDGE('',*,*,#14743,.F.);
#14745=CARTESIAN_POINT('',(33.126101339,121.629587024,43.517693924));
#14746=DIRECTION('',(-0.,-1.,0.));
#14747=DIRECTION('',(0.,0.,1.));
#14748=AXIS2_PLACEMENT_3D('',#14745,#14746,#14747);
#14749=CIRCLE('',#14748,10.);
#14750=EDGE_CURVE('',#14647,#14738,#14749,.T.);
#14751=ORIENTED_EDGE('',*,*,#14750,.F.);
#14752=EDGE_LOOP('',(#14702,#14703,#14711,#14720,#14728,#14736,#14744,#14751));
#14753=FACE_BOUND('',#14752,.T.);
#14754=ADVANCED_FACE('',(#14753),#14701,.T.);
#14755=OVER_RIDING_STYLED_ITEM('',(#143),#14754,#26);
#14756=CARTESIAN_POINT('',(63.126101339,130.129587024,53.517693924));
#14757=DIRECTION('',(-0.,0.,-1.));
#14758=DIRECTION('',(-1.,0.,0.));
#14759=AXIS2_PLACEMENT_3D('',#14756,#14757,#14758);
#14760=PLANE('',#14759);
#14761=ORIENTED_EDGE('',*,*,#14689,.T.);
#14762=CARTESIAN_POINT('',(23.126101339,121.629587024,53.517693924));
#14763=VERTEX_POINT('',#14762);
#14764=CARTESIAN_POINT('',(23.126101339,130.129587024,53.517693924));
#14765=DIRECTION('',(-0.,-1.,0.));
#14766=VECTOR('',#14765,8.5);
#14767=LINE('',#14764,#14766);
#14768=EDGE_CURVE('',#14678,#14763,#14767,.T.);
#14769=ORIENTED_EDGE('',*,*,#14768,.T.);
#14770=CARTESIAN_POINT('',(33.12610135,121.629587024,53.517693924));
#14771=DIRECTION('',(-1.,0.,0.));
#14772=VECTOR('',#14771,10.00000001);
#14773=LINE('',#14770,#14772);
#14774=EDGE_CURVE('',#14705,#14763,#14773,.T.);
#14775=ORIENTED_EDGE('',*,*,#14774,.F.);
#14776=ORIENTED_EDGE('',*,*,#14710,.F.);
#14777=ORIENTED_EDGE('',*,*,#14270,.F.);
#14778=EDGE_LOOP('',(#14761,#14769,#14775,#14776,#14777));
#14779=FACE_BOUND('',#14778,.T.);
#14780=ADVANCED_FACE('',(#14779),#14760,.F.);
#14781=OVER_RIDING_STYLED_ITEM('',(#143),#14780,#26);
#14782=CARTESIAN_POINT('',(63.126101339,129.129587024,34.017693924));
#14783=DIRECTION('',(-0.,0.,-1.));
#14784=DIRECTION('',(-1.,0.,0.));
#14785=AXIS2_PLACEMENT_3D('',#14782,#14783,#14784);
#14786=PLANE('',#14785);
#14787=CARTESIAN_POINT('',(69.626101339,129.129587024,34.017693924));
#14788=VERTEX_POINT('',#14787);
#14789=CARTESIAN_POINT('',(63.126101339,129.129587024,34.017693924));
#14790=DIRECTION('',(1.,-0.,-0.));
#14791=VECTOR('',#14790,6.5);
#14792=LINE('',#14789,#14791);
#14793=EDGE_CURVE('',#14339,#14788,#14792,.T.);
#14794=ORIENTED_EDGE('',*,*,#14793,.T.);
#14795=CARTESIAN_POINT('',(69.626101339,126.729587024,34.017693924));
#14796=VERTEX_POINT('',#14795);
#14797=CARTESIAN_POINT('',(69.626101339,129.129587024,34.017693924));
#14798=DIRECTION('',(-0.,-1.,0.));
#14799=VECTOR('',#14798,2.4);
#14800=LINE('',#14797,#14799);
#14801=EDGE_CURVE('',#14788,#14796,#14800,.T.);
#14802=ORIENTED_EDGE('',*,*,#14801,.T.);
#14803=CARTESIAN_POINT('',(63.126101339,126.729587024,34.017693924));
#14804=DIRECTION('',(1.,-0.,-0.));
#14805=VECTOR('',#14804,6.5);
#14806=LINE('',#14803,#14805);
#14807=EDGE_CURVE('',#14289,#14796,#14806,.T.);
#14808=ORIENTED_EDGE('',*,*,#14807,.F.);
#14809=ORIENTED_EDGE('',*,*,#14350,.F.);
#14810=EDGE_LOOP('',(#14794,#14802,#14808,#14809));
#14811=FACE_BOUND('',#14810,.T.);
#14812=ADVANCED_FACE('',(#14811),#14786,.T.);
#14813=OVER_RIDING_STYLED_ITEM('',(#143),#14812,#26);
#14814=CARTESIAN_POINT('',(66.681764498,126.729587024,43.517693924));
#14815=DIRECTION('',(-0.,-1.,0.));
#14816=DIRECTION('',(-1.,0.,0.));
#14817=AXIS2_PLACEMENT_3D('',#14814,#14815,#14816);
#14818=PLANE('',#14817);
#14819=CARTESIAN_POINT('',(70.126101339,126.729587024,34.517693924));
#14820=VERTEX_POINT('',#14819);
#14821=CARTESIAN_POINT('',(69.626101339,126.729587024,34.517693924));
#14822=DIRECTION('',(0.,1.,-0.));
#14823=DIRECTION('',(0.,0.,1.));
#14824=AXIS2_PLACEMENT_3D('',#14821,#14822,#14823);
#14825=CIRCLE('',#14824,0.5);
#14826=EDGE_CURVE('',#14820,#14796,#14825,.T.);
#14827=ORIENTED_EDGE('',*,*,#14826,.F.);
#14828=CARTESIAN_POINT('',(70.126101339,126.729587024,37.017693924));
#14829=VERTEX_POINT('',#14828);
#14830=CARTESIAN_POINT('',(70.126101339,126.729587024,34.517693924));
#14831=DIRECTION('',(0.,-0.,1.));
#14832=VECTOR('',#14831,2.5);
#14833=LINE('',#14830,#14832);
#14834=EDGE_CURVE('',#14820,#14829,#14833,.T.);
#14835=ORIENTED_EDGE('',*,*,#14834,.T.);
#14836=CARTESIAN_POINT('',(69.226101339,126.729587024,37.317693924));
#14837=VERTEX_POINT('',#14836);
#14838=CARTESIAN_POINT('',(69.626101339,126.729587024,37.017693924));
#14839=DIRECTION('',(0.,1.,-0.));
#14840=DIRECTION('',(0.,0.,1.));
#14841=AXIS2_PLACEMENT_3D('',#14838,#14839,#14840);
#14842=CIRCLE('',#14841,0.5);
#14843=EDGE_CURVE('',#14837,#14829,#14842,.T.);
#14844=ORIENTED_EDGE('',*,*,#14843,.F.);
#14845=CARTESIAN_POINT('',(69.226101339,126.729587024,39.717693924));
#14846=VERTEX_POINT('',#14845);
#14847=CARTESIAN_POINT('',(67.626101339,126.729587024,38.517693924));
#14848=DIRECTION('',(0.,1.,-0.));
#14849=DIRECTION('',(0.,0.,1.));
#14850=AXIS2_PLACEMENT_3D('',#14847,#14848,#14849);
#14851=CIRCLE('',#14850,2.);
#14852=EDGE_CURVE('',#14837,#14846,#14851,.T.);
#14853=ORIENTED_EDGE('',*,*,#14852,.T.);
#14854=CARTESIAN_POINT('',(70.126101339,126.729587024,40.017693924));
#14855=VERTEX_POINT('',#14854);
#14856=CARTESIAN_POINT('',(69.626101339,126.729587024,40.017693924));
#14857=DIRECTION('',(0.,1.,-0.));
#14858=DIRECTION('',(0.,0.,1.));
#14859=AXIS2_PLACEMENT_3D('',#14856,#14857,#14858);
#14860=CIRCLE('',#14859,0.5);
#14861=EDGE_CURVE('',#14855,#14846,#14860,.T.);
#14862=ORIENTED_EDGE('',*,*,#14861,.F.);
#14863=CARTESIAN_POINT('',(70.126101342,126.729587024,43.017693924));
#14864=VERTEX_POINT('',#14863);
#14865=CARTESIAN_POINT('',(70.126101339,126.729587024,40.017693924));
#14866=DIRECTION('',(0.,-0.,1.));
#14867=VECTOR('',#14866,3.);
#14868=LINE('',#14865,#14867);
#14869=EDGE_CURVE('',#14855,#14864,#14868,.T.);
#14870=ORIENTED_EDGE('',*,*,#14869,.T.);
#14871=CARTESIAN_POINT('',(70.126101342,126.729587024,43.017693924));
#14872=DIRECTION('',(-1.,0.,0.));
#14873=VECTOR('',#14872,7.000000003);
#14874=LINE('',#14871,#14873);
#14875=EDGE_CURVE('',#14864,#14291,#14874,.T.);
#14876=ORIENTED_EDGE('',*,*,#14875,.T.);
#14877=ORIENTED_EDGE('',*,*,#14296,.F.);
#14878=ORIENTED_EDGE('',*,*,#14807,.T.);
#14879=EDGE_LOOP('',(#14827,#14835,#14844,#14853,#14862,#14870,#14876,#14877,#14878));
#14880=FACE_BOUND('',#14879,.T.);
#14881=ADVANCED_FACE('',(#14880),#14818,.T.);
#14882=OVER_RIDING_STYLED_ITEM('',(#143),#14881,#26);
#14883=CARTESIAN_POINT('',(66.351629429,126.404058934,43.017693924));
#14884=DIRECTION('',(-0.,0.,-1.));
#14885=DIRECTION('',(0.,1.,-0.));
#14886=AXIS2_PLACEMENT_3D('',#14883,#14884,#14885);
#14887=PLANE('',#14886);
#14888=CARTESIAN_POINT('',(63.126101339,125.529587024,43.017693924));
#14889=DIRECTION('',(0.985622255,0.168963815,-0.));
#14890=VECTOR('',#14889,7.102112365);
#14891=LINE('',#14888,#14890);
#14892=EDGE_CURVE('',#14299,#14864,#14891,.T.);
#14893=ORIENTED_EDGE('',*,*,#14892,.F.);
#14894=ORIENTED_EDGE('',*,*,#14304,.T.);
#14895=ORIENTED_EDGE('',*,*,#14875,.F.);
#14896=EDGE_LOOP('',(#14893,#14894,#14895));
#14897=FACE_BOUND('',#14896,.T.);
#14898=ADVANCED_FACE('',(#14897),#14887,.T.);
#14899=OVER_RIDING_STYLED_ITEM('',(#143),#14898,#26);
#14900=CARTESIAN_POINT('',(63.126101339,125.529587024,43.017693924));
#14901=DIRECTION('',(0.168963815,-0.985622255,-0.));
#14902=DIRECTION('',(-0.985622255,-0.168963815,0.));
#14903=AXIS2_PLACEMENT_3D('',#14900,#14901,#14902);
#14904=PLANE('',#14903);
#14905=ORIENTED_EDGE('',*,*,#14892,.T.);
#14906=CARTESIAN_POINT('',(70.126101339,126.729587024,44.017693924));
#14907=VERTEX_POINT('',#14906);
#14908=CARTESIAN_POINT('',(70.12610134,126.729587023,43.017693924));
#14909=DIRECTION('',(0.,-0.,1.));
#14910=VECTOR('',#14909,1.);
#14911=LINE('',#14908,#14910);
#14912=EDGE_CURVE('',#14864,#14907,#14911,.T.);
#14913=ORIENTED_EDGE('',*,*,#14912,.T.);
#14914=CARTESIAN_POINT('',(63.126101339,125.529587024,44.017693924));
#14915=DIRECTION('',(0.985622255,0.168963815,-0.));
#14916=VECTOR('',#14915,7.102112362);
#14917=LINE('',#14914,#14916);
#14918=EDGE_CURVE('',#14307,#14907,#14917,.T.);
#14919=ORIENTED_EDGE('',*,*,#14918,.F.);
#14920=ORIENTED_EDGE('',*,*,#14312,.F.);
#14921=EDGE_LOOP('',(#14905,#14913,#14919,#14920));
#14922=FACE_BOUND('',#14921,.T.);
#14923=ADVANCED_FACE('',(#14922),#14904,.T.);
#14924=OVER_RIDING_STYLED_ITEM('',(#143),#14923,#26);
#14925=CARTESIAN_POINT('',(66.351629429,126.404058934,44.017693924));
#14926=DIRECTION('',(-0.,0.,-1.));
#14927=DIRECTION('',(0.,1.,-0.));
#14928=AXIS2_PLACEMENT_3D('',#14925,#14926,#14927);
#14929=PLANE('',#14928);
#14930=CARTESIAN_POINT('',(70.126101339,126.729587024,44.017693924));
#14931=DIRECTION('',(-1.,0.,0.));
#14932=VECTOR('',#14931,7.);
#14933=LINE('',#14930,#14932);
#14934=EDGE_CURVE('',#14907,#14315,#14933,.T.);
#14935=ORIENTED_EDGE('',*,*,#14934,.T.);
#14936=ORIENTED_EDGE('',*,*,#14320,.F.);
#14937=ORIENTED_EDGE('',*,*,#14918,.T.);
#14938=EDGE_LOOP('',(#14935,#14936,#14937));
#14939=FACE_BOUND('',#14938,.T.);
#14940=ADVANCED_FACE('',(#14939),#14929,.F.);
#14941=OVER_RIDING_STYLED_ITEM('',(#143),#14940,#26);
#14942=CARTESIAN_POINT('',(66.681764498,126.729587024,43.517693924));
#14943=DIRECTION('',(-0.,-1.,0.));
#14944=DIRECTION('',(-1.,0.,0.));
#14945=AXIS2_PLACEMENT_3D('',#14942,#14943,#14944);
#14946=PLANE('',#14945);
#14947=CARTESIAN_POINT('',(70.126101339,126.729587024,47.017693924));
#14948=VERTEX_POINT('',#14947);
#14949=CARTESIAN_POINT('',(70.126101339,126.729587024,44.017693924));
#14950=DIRECTION('',(0.,-0.,1.));
#14951=VECTOR('',#14950,3.);
#14952=LINE('',#14949,#14951);
#14953=EDGE_CURVE('',#14907,#14948,#14952,.T.);
#14954=ORIENTED_EDGE('',*,*,#14953,.T.);
#14955=CARTESIAN_POINT('',(69.226101339,126.729587024,47.317693924));
#14956=VERTEX_POINT('',#14955);
#14957=CARTESIAN_POINT('',(69.626101339,126.729587024,47.017693924));
#14958=DIRECTION('',(0.,1.,-0.));
#14959=DIRECTION('',(0.,0.,1.));
#14960=AXIS2_PLACEMENT_3D('',#14957,#14958,#14959);
#14961=CIRCLE('',#14960,0.5);
#14962=EDGE_CURVE('',#14956,#14948,#14961,.T.);
#14963=ORIENTED_EDGE('',*,*,#14962,.F.);
#14964=CARTESIAN_POINT('',(69.226101339,126.729587024,49.717693924));
#14965=VERTEX_POINT('',#14964);
#14966=CARTESIAN_POINT('',(67.626101339,126.729587024,48.517693924));
#14967=DIRECTION('',(0.,1.,-0.));
#14968=DIRECTION('',(0.,0.,1.));
#14969=AXIS2_PLACEMENT_3D('',#14966,#14967,#14968);
#14970=CIRCLE('',#14969,2.);
#14971=EDGE_CURVE('',#14956,#14965,#14970,.T.);
#14972=ORIENTED_EDGE('',*,*,#14971,.T.);
#14973=CARTESIAN_POINT('',(70.126101339,126.729587024,50.017693924));
#14974=VERTEX_POINT('',#14973);
#14975=CARTESIAN_POINT('',(69.626101339,126.729587024,50.017693924));
#14976=DIRECTION('',(0.,1.,-0.));
#14977=DIRECTION('',(0.,0.,1.));
#14978=AXIS2_PLACEMENT_3D('',#14975,#14976,#14977);
#14979=CIRCLE('',#14978,0.5);
#14980=EDGE_CURVE('',#14974,#14965,#14979,.T.);
#14981=ORIENTED_EDGE('',*,*,#14980,.F.);
#14982=CARTESIAN_POINT('',(70.126101339,126.729587024,52.517693924));
#14983=VERTEX_POINT('',#14982);
#14984=CARTESIAN_POINT('',(70.126101339,126.729587024,52.517693924));
#14985=DIRECTION('',(-0.,-0.,-1.));
#14986=VECTOR('',#14985,2.5);
#14987=LINE('',#14984,#14986);
#14988=EDGE_CURVE('',#14983,#14974,#14987,.T.);
#14989=ORIENTED_EDGE('',*,*,#14988,.F.);
#14990=CARTESIAN_POINT('',(69.626101339,126.729587024,53.017693924));
#14991=VERTEX_POINT('',#14990);
#14992=CARTESIAN_POINT('',(69.626101339,126.729587024,52.517693924));
#14993=DIRECTION('',(0.,1.,-0.));
#14994=DIRECTION('',(0.,0.,1.));
#14995=AXIS2_PLACEMENT_3D('',#14992,#14993,#14994);
#14996=CIRCLE('',#14995,0.5);
#14997=EDGE_CURVE('',#14991,#14983,#14996,.T.);
#14998=ORIENTED_EDGE('',*,*,#14997,.F.);
#14999=CARTESIAN_POINT('',(63.126101339,126.729587024,53.017693924));
#15000=DIRECTION('',(1.,-0.,-0.));
#15001=VECTOR('',#15000,6.5);
#15002=LINE('',#14999,#15001);
#15003=EDGE_CURVE('',#14323,#14991,#15002,.T.);
#15004=ORIENTED_EDGE('',*,*,#15003,.F.);
#15005=ORIENTED_EDGE('',*,*,#14328,.F.);
#15006=ORIENTED_EDGE('',*,*,#14934,.F.);
#15007=EDGE_LOOP('',(#14954,#14963,#14972,#14981,#14989,#14998,#15004,#15005,#15006));
#15008=FACE_BOUND('',#15007,.T.);
#15009=ADVANCED_FACE('',(#15008),#14946,.T.);
#15010=OVER_RIDING_STYLED_ITEM('',(#143),#15009,#26);
#15011=CARTESIAN_POINT('',(63.126101339,129.129587024,53.017693924));
#15012=DIRECTION('',(-0.,0.,-1.));
#15013=DIRECTION('',(-1.,0.,0.));
#15014=AXIS2_PLACEMENT_3D('',#15011,#15012,#15013);
#15015=PLANE('',#15014);
#15016=ORIENTED_EDGE('',*,*,#14336,.T.);
#15017=ORIENTED_EDGE('',*,*,#15003,.T.);
#15018=CARTESIAN_POINT('',(69.626101339,129.129587024,53.017693924));
#15019=VERTEX_POINT('',#15018);
#15020=CARTESIAN_POINT('',(69.626101339,129.129587024,53.017693924));
#15021=DIRECTION('',(-0.,-1.,0.));
#15022=VECTOR('',#15021,2.4);
#15023=LINE('',#15020,#15022);
#15024=EDGE_CURVE('',#15019,#14991,#15023,.T.);
#15025=ORIENTED_EDGE('',*,*,#15024,.F.);
#15026=CARTESIAN_POINT('',(63.126101339,129.129587024,53.017693924));
#15027=DIRECTION('',(1.,-0.,-0.));
#15028=VECTOR('',#15027,6.5);
#15029=LINE('',#15026,#15028);
#15030=EDGE_CURVE('',#14331,#15019,#15029,.T.);
#15031=ORIENTED_EDGE('',*,*,#15030,.F.);
#15032=EDGE_LOOP('',(#15016,#15017,#15025,#15031));
#15033=FACE_BOUND('',#15032,.T.);
#15034=ADVANCED_FACE('',(#15033),#15015,.F.);
#15035=OVER_RIDING_STYLED_ITEM('',(#143),#15034,#26);
#15036=CARTESIAN_POINT('',(66.681764498,129.129587024,43.517693924));
#15037=DIRECTION('',(-0.,-1.,0.));
#15038=DIRECTION('',(-1.,0.,0.));
#15039=AXIS2_PLACEMENT_3D('',#15036,#15037,#15038);
#15040=PLANE('',#15039);
#15041=ORIENTED_EDGE('',*,*,#14344,.T.);
#15042=ORIENTED_EDGE('',*,*,#15030,.T.);
#15043=CARTESIAN_POINT('',(70.126101339,129.129587024,52.517693924));
#15044=VERTEX_POINT('',#15043);
#15045=CARTESIAN_POINT('',(69.626101339,129.129587024,52.517693924));
#15046=DIRECTION('',(0.,1.,-0.));
#15047=DIRECTION('',(0.,0.,1.));
#15048=AXIS2_PLACEMENT_3D('',#15045,#15046,#15047);
#15049=CIRCLE('',#15048,0.5);
#15050=EDGE_CURVE('',#15019,#15044,#15049,.T.);
#15051=ORIENTED_EDGE('',*,*,#15050,.T.);
#15052=CARTESIAN_POINT('',(70.126101339,129.129587024,50.017693924));
#15053=VERTEX_POINT('',#15052);
#15054=CARTESIAN_POINT('',(70.126101339,129.129587024,52.517693924));
#15055=DIRECTION('',(-0.,0.,-1.));
#15056=VECTOR('',#15055,2.5);
#15057=LINE('',#15054,#15056);
#15058=EDGE_CURVE('',#15044,#15053,#15057,.T.);
#15059=ORIENTED_EDGE('',*,*,#15058,.T.);
#15060=CARTESIAN_POINT('',(69.226101339,129.129587024,49.717693924));
#15061=VERTEX_POINT('',#15060);
#15062=CARTESIAN_POINT('',(69.626101339,129.129587024,50.017693924));
#15063=DIRECTION('',(0.,1.,-0.));
#15064=DIRECTION('',(0.,0.,1.));
#15065=AXIS2_PLACEMENT_3D('',#15062,#15063,#15064);
#15066=CIRCLE('',#15065,0.5);
#15067=EDGE_CURVE('',#15053,#15061,#15066,.T.);
#15068=ORIENTED_EDGE('',*,*,#15067,.T.);
#15069=CARTESIAN_POINT('',(69.226101339,129.129587024,47.317693924));
#15070=VERTEX_POINT('',#15069);
#15071=CARTESIAN_POINT('',(67.626101339,129.129587024,48.517693924));
#15072=DIRECTION('',(0.,1.,-0.));
#15073=DIRECTION('',(0.,0.,1.));
#15074=AXIS2_PLACEMENT_3D('',#15071,#15072,#15073);
#15075=CIRCLE('',#15074,2.);
#15076=EDGE_CURVE('',#15070,#15061,#15075,.T.);
#15077=ORIENTED_EDGE('',*,*,#15076,.F.);
#15078=CARTESIAN_POINT('',(70.126101339,129.129587024,47.017693924));
#15079=VERTEX_POINT('',#15078);
#15080=CARTESIAN_POINT('',(69.626101339,129.129587024,47.017693924));
#15081=DIRECTION('',(0.,1.,-0.));
#15082=DIRECTION('',(0.,0.,1.));
#15083=AXIS2_PLACEMENT_3D('',#15080,#15081,#15082);
#15084=CIRCLE('',#15083,0.5);
#15085=EDGE_CURVE('',#15070,#15079,#15084,.T.);
#15086=ORIENTED_EDGE('',*,*,#15085,.T.);
#15087=CARTESIAN_POINT('',(70.126101339,129.129587024,40.017693924));
#15088=VERTEX_POINT('',#15087);
#15089=CARTESIAN_POINT('',(70.126101339,129.129587024,40.017693924));
#15090=DIRECTION('',(0.,-0.,1.));
#15091=VECTOR('',#15090,7.);
#15092=LINE('',#15089,#15091);
#15093=EDGE_CURVE('',#15088,#15079,#15092,.T.);
#15094=ORIENTED_EDGE('',*,*,#15093,.F.);
#15095=CARTESIAN_POINT('',(69.226101339,129.129587024,39.717693924));
#15096=VERTEX_POINT('',#15095);
#15097=CARTESIAN_POINT('',(69.626101339,129.129587024,40.017693924));
#15098=DIRECTION('',(0.,1.,-0.));
#15099=DIRECTION('',(0.,0.,1.));
#15100=AXIS2_PLACEMENT_3D('',#15097,#15098,#15099);
#15101=CIRCLE('',#15100,0.5);
#15102=EDGE_CURVE('',#15088,#15096,#15101,.T.);
#15103=ORIENTED_EDGE('',*,*,#15102,.T.);
#15104=CARTESIAN_POINT('',(69.226101339,129.129587024,37.317693924));
#15105=VERTEX_POINT('',#15104);
#15106=CARTESIAN_POINT('',(67.626101339,129.129587024,38.517693924));
#15107=DIRECTION('',(0.,1.,-0.));
#15108=DIRECTION('',(0.,0.,1.));
#15109=AXIS2_PLACEMENT_3D('',#15106,#15107,#15108);
#15110=CIRCLE('',#15109,2.);
#15111=EDGE_CURVE('',#15105,#15096,#15110,.T.);
#15112=ORIENTED_EDGE('',*,*,#15111,.F.);
#15113=CARTESIAN_POINT('',(70.126101339,129.129587024,37.017693924));
#15114=VERTEX_POINT('',#15113);
#15115=CARTESIAN_POINT('',(69.626101339,129.129587024,37.017693924));
#15116=DIRECTION('',(0.,1.,-0.));
#15117=DIRECTION('',(0.,0.,1.));
#15118=AXIS2_PLACEMENT_3D('',#15115,#15116,#15117);
#15119=CIRCLE('',#15118,0.5);
#15120=EDGE_CURVE('',#15105,#15114,#15119,.T.);
#15121=ORIENTED_EDGE('',*,*,#15120,.T.);
#15122=CARTESIAN_POINT('',(70.126101339,129.129587024,34.517693924));
#15123=VERTEX_POINT('',#15122);
#15124=CARTESIAN_POINT('',(70.126101339,129.129587024,34.517693924));
#15125=DIRECTION('',(0.,-0.,1.));
#15126=VECTOR('',#15125,2.5);
#15127=LINE('',#15124,#15126);
#15128=EDGE_CURVE('',#15123,#15114,#15127,.T.);
#15129=ORIENTED_EDGE('',*,*,#15128,.F.);
#15130=CARTESIAN_POINT('',(69.626101339,129.129587024,34.517693924));
#15131=DIRECTION('',(0.,1.,-0.));
#15132=DIRECTION('',(0.,0.,1.));
#15133=AXIS2_PLACEMENT_3D('',#15130,#15131,#15132);
#15134=CIRCLE('',#15133,0.5);
#15135=EDGE_CURVE('',#15123,#14788,#15134,.T.);
#15136=ORIENTED_EDGE('',*,*,#15135,.T.);
#15137=ORIENTED_EDGE('',*,*,#14793,.F.);
#15138=EDGE_LOOP('',(#15041,#15042,#15051,#15059,#15068,#15077,#15086,#15094,#15103,#15112,#15121,#15129,#15136,#15137));
#15139=FACE_BOUND('',#15138,.T.);
#15140=ADVANCED_FACE('',(#15139),#15040,.F.);
#15141=OVER_RIDING_STYLED_ITEM('',(#143),#15140,#26);
#15142=CARTESIAN_POINT('',(23.126101339,130.129587024,53.517693924));
#15143=DIRECTION('',(1.,-0.,-0.));
#15144=DIRECTION('',(-0.,0.,-1.));
#15145=AXIS2_PLACEMENT_3D('',#15142,#15143,#15144);
#15146=PLANE('',#15145);
#15147=ORIENTED_EDGE('',*,*,#14683,.T.);
#15148=ORIENTED_EDGE('',*,*,#14431,.F.);
#15149=ORIENTED_EDGE('',*,*,#14502,.T.);
#15150=ORIENTED_EDGE('',*,*,#14666,.T.);
#15151=CARTESIAN_POINT('',(23.126101339,121.629587024,43.517693923));
#15152=VERTEX_POINT('',#15151);
#15153=CARTESIAN_POINT('',(23.126101339,121.629587024,43.517693923));
#15154=DIRECTION('',(-0.,0.,-1.));
#15155=VECTOR('',#15154,9.999999999);
#15156=LINE('',#15153,#15155);
#15157=EDGE_CURVE('',#15152,#14655,#15156,.T.);
#15158=ORIENTED_EDGE('',*,*,#15157,.F.);
#15159=CARTESIAN_POINT('',(23.126101339,121.629587024,53.517693924));
#15160=DIRECTION('',(-0.,0.,-1.));
#15161=VECTOR('',#15160,10.000000001);
#15162=LINE('',#15159,#15161);
#15163=EDGE_CURVE('',#14763,#15152,#15162,.T.);
#15164=ORIENTED_EDGE('',*,*,#15163,.F.);
#15165=ORIENTED_EDGE('',*,*,#14768,.F.);
#15166=EDGE_LOOP('',(#15147,#15148,#15149,#15150,#15158,#15164,#15165));
#15167=FACE_BOUND('',#15166,.T.);
#15168=CARTESIAN_POINT('',(23.126101339,129.129587024,53.017693924));
#15169=VERTEX_POINT('',#15168);
#15170=CARTESIAN_POINT('',(23.126101339,126.729587024,53.017693924));
#15171=VERTEX_POINT('',#15170);
#15172=CARTESIAN_POINT('',(23.126101339,129.129587024,53.017693924));
#15173=DIRECTION('',(-0.,-1.,0.));
#15174=VECTOR('',#15173,2.4);
#15175=LINE('',#15172,#15174);
#15176=EDGE_CURVE('',#15169,#15171,#15175,.T.);
#15177=ORIENTED_EDGE('',*,*,#15176,.T.);
#15178=CARTESIAN_POINT('',(23.126101339,126.729587024,44.017693924));
#15179=VERTEX_POINT('',#15178);
#15180=CARTESIAN_POINT('',(23.126101339,126.729587024,44.017693924));
#15181=DIRECTION('',(0.,-0.,1.));
#15182=VECTOR('',#15181,9.);
#15183=LINE('',#15180,#15182);
#15184=EDGE_CURVE('',#15179,#15171,#15183,.T.);
#15185=ORIENTED_EDGE('',*,*,#15184,.F.);
#15186=CARTESIAN_POINT('',(23.126101339,125.529587024,44.017693924));
#15187=VERTEX_POINT('',#15186);
#15188=CARTESIAN_POINT('',(23.126101339,125.529587024,44.017693924));
#15189=DIRECTION('',(0.,1.,-0.));
#15190=VECTOR('',#15189,1.2);
#15191=LINE('',#15188,#15190);
#15192=EDGE_CURVE('',#15187,#15179,#15191,.T.);
#15193=ORIENTED_EDGE('',*,*,#15192,.F.);
#15194=CARTESIAN_POINT('',(23.126101339,125.529587024,43.017693924));
#15195=VERTEX_POINT('',#15194);
#15196=CARTESIAN_POINT('',(23.126101339,125.529587024,43.017693924));
#15197=DIRECTION('',(0.,-0.,1.));
#15198=VECTOR('',#15197,1.);
#15199=LINE('',#15196,#15198);
#15200=EDGE_CURVE('',#15195,#15187,#15199,.T.);
#15201=ORIENTED_EDGE('',*,*,#15200,.F.);
#15202=CARTESIAN_POINT('',(23.126101339,126.729587024,43.017693924));
#15203=VERTEX_POINT('',#15202);
#15204=CARTESIAN_POINT('',(23.126101339,125.529587024,43.017693924));
#15205=DIRECTION('',(0.,1.,-0.));
#15206=VECTOR('',#15205,1.2);
#15207=LINE('',#15204,#15206);
#15208=EDGE_CURVE('',#15195,#15203,#15207,.T.);
#15209=ORIENTED_EDGE('',*,*,#15208,.T.);
#15210=CARTESIAN_POINT('',(23.126101339,126.729587024,34.017693924));
#15211=VERTEX_POINT('',#15210);
#15212=CARTESIAN_POINT('',(23.126101339,126.729587024,34.017693924));
#15213=DIRECTION('',(0.,-0.,1.));
#15214=VECTOR('',#15213,9.);
#15215=LINE('',#15212,#15214);
#15216=EDGE_CURVE('',#15211,#15203,#15215,.T.);
#15217=ORIENTED_EDGE('',*,*,#15216,.F.);
#15218=CARTESIAN_POINT('',(23.126101339,129.129587024,34.017693924));
#15219=VERTEX_POINT('',#15218);
#15220=CARTESIAN_POINT('',(23.126101339,129.129587024,34.017693924));
#15221=DIRECTION('',(-0.,-1.,0.));
#15222=VECTOR('',#15221,2.4);
#15223=LINE('',#15220,#15222);
#15224=EDGE_CURVE('',#15219,#15211,#15223,.T.);
#15225=ORIENTED_EDGE('',*,*,#15224,.F.);
#15226=CARTESIAN_POINT('',(23.126101339,129.129587024,34.017693924));
#15227=DIRECTION('',(0.,-0.,1.));
#15228=VECTOR('',#15227,19.);
#15229=LINE('',#15226,#15228);
#15230=EDGE_CURVE('',#15219,#15169,#15229,.T.);
#15231=ORIENTED_EDGE('',*,*,#15230,.T.);
#15232=EDGE_LOOP('',(#15177,#15185,#15193,#15201,#15209,#15217,#15225,#15231));
#15233=FACE_BOUND('',#15232,.T.);
#15234=ADVANCED_FACE('',(#15167,#15233),#15146,.F.);
#15235=OVER_RIDING_STYLED_ITEM('',(#143),#15234,#26);
#15236=CARTESIAN_POINT('',(24.77700004,156.129587024,35.268592626));
#15237=DIRECTION('',(0.,1.,-0.));
#15238=DIRECTION('',(-1.,0.,0.));
#15239=AXIS2_PLACEMENT_3D('',#15236,#15237,#15238);
#15240=CYLINDRICAL_SURFACE('',#15239,0.8);
#15241=CARTESIAN_POINT('',(23.97700004,149.129587024,35.268592626));
#15242=VERTEX_POINT('',#15241);
#15243=CARTESIAN_POINT('',(23.97700004,156.129587024,35.268592626));
#15244=DIRECTION('',(-0.,-1.,0.));
#15245=VECTOR('',#15244,7.);
#15246=LINE('',#15243,#15245);
#15247=EDGE_CURVE('',#14459,#15242,#15246,.T.);
#15248=ORIENTED_EDGE('',*,*,#15247,.F.);
#15249=ORIENTED_EDGE('',*,*,#14465,.F.);
#15250=ORIENTED_EDGE('',*,*,#14472,.F.);
#15251=ORIENTED_EDGE('',*,*,#15247,.T.);
#15252=CARTESIAN_POINT('',(24.77700004,149.129587024,36.068592626));
#15253=VERTEX_POINT('',#15252);
#15254=CARTESIAN_POINT('',(24.77700004,149.129587024,35.268592626));
#15255=DIRECTION('',(-0.,-1.,0.));
#15256=DIRECTION('',(0.,0.,1.));
#15257=AXIS2_PLACEMENT_3D('',#15254,#15255,#15256);
#15258=CIRCLE('',#15257,0.8);
#15259=EDGE_CURVE('',#15242,#15253,#15258,.T.);
#15260=ORIENTED_EDGE('',*,*,#15259,.T.);
#15261=CARTESIAN_POINT('',(24.77700004,149.129587024,35.268592626));
#15262=DIRECTION('',(-0.,-1.,0.));
#15263=DIRECTION('',(0.,0.,1.));
#15264=AXIS2_PLACEMENT_3D('',#15261,#15262,#15263);
#15265=CIRCLE('',#15264,0.8);
#15266=EDGE_CURVE('',#15253,#15242,#15265,.T.);
#15267=ORIENTED_EDGE('',*,*,#15266,.T.);
#15268=EDGE_LOOP('',(#15248,#15249,#15250,#15251,#15260,#15267));
#15269=FACE_BOUND('',#15268,.T.);
#15270=ADVANCED_FACE('',(#15269),#15240,.F.);
#15271=OVER_RIDING_STYLED_ITEM('',(#143),#15270,#26);
#15272=CARTESIAN_POINT('',(43.126101339,149.129587024,43.517693924));
#15273=DIRECTION('',(-0.,-1.,0.));
#15274=DIRECTION('',(-1.,0.,0.));
#15275=AXIS2_PLACEMENT_3D('',#15272,#15273,#15274);
#15276=PLANE('',#15275);
#15277=ORIENTED_EDGE('',*,*,#14539,.F.);
#15278=ORIENTED_EDGE('',*,*,#14546,.F.);
#15279=EDGE_LOOP('',(#15277,#15278));
#15280=FACE_BOUND('',#15279,.T.);
#15281=ADVANCED_FACE('',(#15280),#15276,.F.);
#15282=OVER_RIDING_STYLED_ITEM('',(#143),#15281,#26);
#15283=CARTESIAN_POINT('',(43.126101339,149.129587024,43.517693924));
#15284=DIRECTION('',(-0.,-1.,0.));
#15285=DIRECTION('',(-1.,0.,0.));
#15286=AXIS2_PLACEMENT_3D('',#15283,#15284,#15285);
#15287=PLANE('',#15286);
#15288=ORIENTED_EDGE('',*,*,#14594,.F.);
#15289=ORIENTED_EDGE('',*,*,#14601,.F.);
#15290=EDGE_LOOP('',(#15288,#15289));
#15291=FACE_BOUND('',#15290,.T.);
#15292=ADVANCED_FACE('',(#15291),#15287,.F.);
#15293=OVER_RIDING_STYLED_ITEM('',(#143),#15292,#26);
#15294=CARTESIAN_POINT('',(24.77700004,156.129587024,51.766795223));
#15295=DIRECTION('',(0.,1.,-0.));
#15296=DIRECTION('',(-1.,0.,0.));
#15297=AXIS2_PLACEMENT_3D('',#15294,#15295,#15296);
#15298=CYLINDRICAL_SURFACE('',#15297,0.8);
#15299=CARTESIAN_POINT('',(23.97700004,149.129587024,51.766795223));
#15300=VERTEX_POINT('',#15299);
#15301=CARTESIAN_POINT('',(23.97700004,156.129587024,51.766795223));
#15302=DIRECTION('',(-0.,-1.,0.));
#15303=VECTOR('',#15302,7.);
#15304=LINE('',#15301,#15303);
#15305=EDGE_CURVE('',#14620,#15300,#15304,.T.);
#15306=ORIENTED_EDGE('',*,*,#15305,.F.);
#15307=ORIENTED_EDGE('',*,*,#14626,.F.);
#15308=ORIENTED_EDGE('',*,*,#14633,.F.);
#15309=ORIENTED_EDGE('',*,*,#15305,.T.);
#15310=CARTESIAN_POINT('',(24.77700004,149.129587024,52.566795223));
#15311=VERTEX_POINT('',#15310);
#15312=CARTESIAN_POINT('',(24.77700004,149.129587024,51.766795223));
#15313=DIRECTION('',(-0.,-1.,0.));
#15314=DIRECTION('',(0.,0.,1.));
#15315=AXIS2_PLACEMENT_3D('',#15312,#15313,#15314);
#15316=CIRCLE('',#15315,0.8);
#15317=EDGE_CURVE('',#15300,#15311,#15316,.T.);
#15318=ORIENTED_EDGE('',*,*,#15317,.T.);
#15319=CARTESIAN_POINT('',(24.77700004,149.129587024,51.766795223));
#15320=DIRECTION('',(-0.,-1.,0.));
#15321=DIRECTION('',(0.,0.,1.));
#15322=AXIS2_PLACEMENT_3D('',#15319,#15320,#15321);
#15323=CIRCLE('',#15322,0.8);
#15324=EDGE_CURVE('',#15311,#15300,#15323,.T.);
#15325=ORIENTED_EDGE('',*,*,#15324,.T.);
#15326=EDGE_LOOP('',(#15306,#15307,#15308,#15309,#15318,#15325));
#15327=FACE_BOUND('',#15326,.T.);
#15328=ADVANCED_FACE('',(#15327),#15298,.F.);
#15329=OVER_RIDING_STYLED_ITEM('',(#143),#15328,#26);
#15330=CARTESIAN_POINT('',(43.126101339,121.629587024,43.517693924));
#15331=DIRECTION('',(-0.,-1.,0.));
#15332=DIRECTION('',(-1.,0.,0.));
#15333=AXIS2_PLACEMENT_3D('',#15330,#15331,#15332);
#15334=PLANE('',#15333);
#15335=ORIENTED_EDGE('',*,*,#14660,.T.);
#15336=CARTESIAN_POINT('',(30.00360234,121.629587024,34.017693924));
#15337=VERTEX_POINT('',#15336);
#15338=CARTESIAN_POINT('',(33.126101339,121.629587024,43.517693924));
#15339=DIRECTION('',(-0.,-1.,0.));
#15340=DIRECTION('',(0.,0.,1.));
#15341=AXIS2_PLACEMENT_3D('',#15338,#15339,#15340);
#15342=CIRCLE('',#15341,10.);
#15343=EDGE_CURVE('',#15337,#14647,#15342,.T.);
#15344=ORIENTED_EDGE('',*,*,#15343,.F.);
#15345=CARTESIAN_POINT('',(23.626101339,121.629587024,34.017693924));
#15346=VERTEX_POINT('',#15345);
#15347=CARTESIAN_POINT('',(23.626101339,121.629587024,34.017693924));
#15348=DIRECTION('',(1.,-0.,-0.));
#15349=VECTOR('',#15348,6.377501);
#15350=LINE('',#15347,#15349);
#15351=EDGE_CURVE('',#15346,#15337,#15350,.T.);
#15352=ORIENTED_EDGE('',*,*,#15351,.F.);
#15353=CARTESIAN_POINT('',(23.626101339,121.629587024,40.395194925));
#15354=VERTEX_POINT('',#15353);
#15355=CARTESIAN_POINT('',(23.626101339,121.629587024,40.395194925));
#15356=DIRECTION('',(-0.,0.,-1.));
#15357=VECTOR('',#15356,6.377501001);
#15358=LINE('',#15355,#15357);
#15359=EDGE_CURVE('',#15354,#15346,#15358,.T.);
#15360=ORIENTED_EDGE('',*,*,#15359,.F.);
#15361=CARTESIAN_POINT('',(33.126101339,121.629587024,43.517693924));
#15362=DIRECTION('',(-0.,-1.,0.));
#15363=DIRECTION('',(0.,0.,1.));
#15364=AXIS2_PLACEMENT_3D('',#15361,#15362,#15363);
#15365=CIRCLE('',#15364,10.);
#15366=EDGE_CURVE('',#15152,#15354,#15365,.T.);
#15367=ORIENTED_EDGE('',*,*,#15366,.F.);
#15368=ORIENTED_EDGE('',*,*,#15157,.T.);
#15369=EDGE_LOOP('',(#15335,#15344,#15352,#15360,#15367,#15368));
#15370=FACE_BOUND('',#15369,.T.);
#15371=ADVANCED_FACE('',(#15370),#15334,.T.);
#15372=OVER_RIDING_STYLED_ITEM('',(#143),#15371,#26);
#15373=CARTESIAN_POINT('',(33.126101339,121.629587024,43.517693924));
#15374=DIRECTION('',(0.,1.,-0.));
#15375=DIRECTION('',(-1.,0.,0.));
#15376=AXIS2_PLACEMENT_3D('',#15373,#15374,#15375);
#15377=CYLINDRICAL_SURFACE('',#15376,10.);
#15378=CARTESIAN_POINT('',(23.126101339,119.129587024,43.517693924));
#15379=VERTEX_POINT('',#15378);
#15380=CARTESIAN_POINT('',(23.126101339,121.629587024,43.517693924));
#15381=DIRECTION('',(-0.,-1.,0.));
#15382=VECTOR('',#15381,2.5);
#15383=LINE('',#15380,#15382);
#15384=EDGE_CURVE('',#15152,#15379,#15383,.T.);
#15385=ORIENTED_EDGE('',*,*,#15384,.T.);
#15386=CARTESIAN_POINT('',(37.485000283,119.129587024,52.517693924));
#15387=VERTEX_POINT('',#15386);
#15388=CARTESIAN_POINT('',(33.126101339,119.129587024,43.517693924));
#15389=DIRECTION('',(-0.,-1.,0.));
#15390=DIRECTION('',(0.,0.,1.));
#15391=AXIS2_PLACEMENT_3D('',#15388,#15389,#15390);
#15392=CIRCLE('',#15391,10.);
#15393=EDGE_CURVE('',#15387,#15379,#15392,.T.);
#15394=ORIENTED_EDGE('',*,*,#15393,.F.);
#15395=CARTESIAN_POINT('',(37.485000283,121.129587024,52.517693924));
#15396=VERTEX_POINT('',#15395);
#15397=CARTESIAN_POINT('',(37.485000282,121.129587024,52.517693924));
#15398=DIRECTION('',(-0.,-1.,0.));
#15399=VECTOR('',#15398,2.);
#15400=LINE('',#15397,#15399);
#15401=EDGE_CURVE('',#15396,#15387,#15400,.T.);
#15402=ORIENTED_EDGE('',*,*,#15401,.F.);
#15403=CARTESIAN_POINT('',(36.248600338,121.129587024,53.017693924));
#15404=VERTEX_POINT('',#15403);
#15405=CARTESIAN_POINT('',(33.126101339,121.129587024,43.517693924));
#15406=DIRECTION('',(0.,1.,-0.));
#15407=DIRECTION('',(0.,0.,1.));
#15408=AXIS2_PLACEMENT_3D('',#15405,#15406,#15407);
#15409=CIRCLE('',#15408,10.);
#15410=EDGE_CURVE('',#15404,#15396,#15409,.T.);
#15411=ORIENTED_EDGE('',*,*,#15410,.F.);
#15412=CARTESIAN_POINT('',(36.248600338,121.129587024,53.017693924));
#15413=DIRECTION('',(0.,1.,-0.));
#15414=VECTOR('',#15413,0.5);
#15415=LINE('',#15412,#15414);
#15416=EDGE_CURVE('',#15404,#14713,#15415,.T.);
#15417=ORIENTED_EDGE('',*,*,#15416,.T.);
#15418=ORIENTED_EDGE('',*,*,#14719,.T.);
#15419=CARTESIAN_POINT('',(30.00360234,121.629587024,53.017693924));
#15420=VERTEX_POINT('',#15419);
#15421=CARTESIAN_POINT('',(33.126101339,121.629587024,43.517693924));
#15422=DIRECTION('',(-0.,-1.,0.));
#15423=DIRECTION('',(0.,0.,1.));
#15424=AXIS2_PLACEMENT_3D('',#15421,#15422,#15423);
#15425=CIRCLE('',#15424,10.);
#15426=EDGE_CURVE('',#14705,#15420,#15425,.T.);
#15427=ORIENTED_EDGE('',*,*,#15426,.T.);
#15428=CARTESIAN_POINT('',(30.00360234,121.129587024,53.017693924));
#15429=VERTEX_POINT('',#15428);
#15430=CARTESIAN_POINT('',(30.003602339,121.129587024,53.017693924));
#15431=DIRECTION('',(0.,1.,-0.));
#15432=VECTOR('',#15431,0.5);
#15433=LINE('',#15430,#15432);
#15434=EDGE_CURVE('',#15429,#15420,#15433,.T.);
#15435=ORIENTED_EDGE('',*,*,#15434,.F.);
#15436=CARTESIAN_POINT('',(23.626101339,121.129587024,46.640192923));
#15437=VERTEX_POINT('',#15436);
#15438=CARTESIAN_POINT('',(33.126101339,121.129587024,43.517693924));
#15439=DIRECTION('',(0.,1.,-0.));
#15440=DIRECTION('',(0.,0.,1.));
#15441=AXIS2_PLACEMENT_3D('',#15438,#15439,#15440);
#15442=CIRCLE('',#15441,10.);
#15443=EDGE_CURVE('',#15437,#15429,#15442,.T.);
#15444=ORIENTED_EDGE('',*,*,#15443,.F.);
#15445=CARTESIAN_POINT('',(23.626101339,121.629587024,46.640192923));
#15446=VERTEX_POINT('',#15445);
#15447=CARTESIAN_POINT('',(23.62610134,121.129587024,46.640192924));
#15448=DIRECTION('',(0.,1.,-0.));
#15449=VECTOR('',#15448,0.5);
#15450=LINE('',#15447,#15449);
#15451=EDGE_CURVE('',#15437,#15446,#15450,.T.);
#15452=ORIENTED_EDGE('',*,*,#15451,.T.);
#15453=CARTESIAN_POINT('',(33.126101339,121.629587024,43.517693924));
#15454=DIRECTION('',(-0.,-1.,0.));
#15455=DIRECTION('',(0.,0.,1.));
#15456=AXIS2_PLACEMENT_3D('',#15453,#15454,#15455);
#15457=CIRCLE('',#15456,10.);
#15458=EDGE_CURVE('',#15446,#15152,#15457,.T.);
#15459=ORIENTED_EDGE('',*,*,#15458,.T.);
#15460=EDGE_LOOP('',(#15385,#15394,#15402,#15411,#15417,#15418,#15427,#15435,#15444,#15452,#15459));
#15461=FACE_BOUND('',#15460,.T.);
#15462=ADVANCED_FACE('',(#15461),#15377,.T.);
#15463=OVER_RIDING_STYLED_ITEM('',(#143),#15462,#26);
#15464=CARTESIAN_POINT('',(23.626101339,121.629587024,34.017693924));
#15465=DIRECTION('',(0.,0.,1.));
#15466=DIRECTION('',(1.,-0.,-0.));
#15467=AXIS2_PLACEMENT_3D('',#15464,#15465,#15466);
#15468=PLANE('',#15467);
#15469=CARTESIAN_POINT('',(62.626101339,121.129587024,34.017693924));
#15470=VERTEX_POINT('',#15469);
#15471=CARTESIAN_POINT('',(62.626101339,121.629587024,34.017693924));
#15472=DIRECTION('',(-0.,-1.,0.));
#15473=VECTOR('',#15472,0.5);
#15474=LINE('',#15471,#15473);
#15475=EDGE_CURVE('',#14730,#15470,#15474,.T.);
#15476=ORIENTED_EDGE('',*,*,#15475,.T.);
#15477=CARTESIAN_POINT('',(36.248600338,121.129587024,34.017693924));
#15478=VERTEX_POINT('',#15477);
#15479=CARTESIAN_POINT('',(36.248600338,121.129587024,34.017693924));
#15480=DIRECTION('',(1.,-0.,-0.));
#15481=VECTOR('',#15480,26.377501001);
#15482=LINE('',#15479,#15481);
#15483=EDGE_CURVE('',#15478,#15470,#15482,.T.);
#15484=ORIENTED_EDGE('',*,*,#15483,.F.);
#15485=CARTESIAN_POINT('',(36.248600338,121.129587024,34.017693924));
#15486=DIRECTION('',(0.,1.,-0.));
#15487=VECTOR('',#15486,0.5);
#15488=LINE('',#15485,#15487);
#15489=EDGE_CURVE('',#15478,#14738,#15488,.T.);
#15490=ORIENTED_EDGE('',*,*,#15489,.T.);
#15491=ORIENTED_EDGE('',*,*,#14743,.T.);
#15492=EDGE_LOOP('',(#15476,#15484,#15490,#15491));
#15493=FACE_BOUND('',#15492,.T.);
#15494=ADVANCED_FACE('',(#15493),#15468,.F.);
#15495=OVER_RIDING_STYLED_ITEM('',(#143),#15494,#26);
#15496=CARTESIAN_POINT('',(62.626101339,121.629587024,34.017693924));
#15497=DIRECTION('',(-1.,0.,0.));
#15498=DIRECTION('',(0.,0.,1.));
#15499=AXIS2_PLACEMENT_3D('',#15496,#15497,#15498);
#15500=PLANE('',#15499);
#15501=ORIENTED_EDGE('',*,*,#14735,.T.);
#15502=CARTESIAN_POINT('',(62.626101339,121.129587024,53.017693924));
#15503=VERTEX_POINT('',#15502);
#15504=CARTESIAN_POINT('',(62.626101339,121.629587024,53.017693924));
#15505=DIRECTION('',(-0.,-1.,0.));
#15506=VECTOR('',#15505,0.5);
#15507=LINE('',#15504,#15506);
#15508=EDGE_CURVE('',#14722,#15503,#15507,.T.);
#15509=ORIENTED_EDGE('',*,*,#15508,.T.);
#15510=CARTESIAN_POINT('',(62.626101339,121.129587024,34.017693924));
#15511=DIRECTION('',(0.,-0.,1.));
#15512=VECTOR('',#15511,19.);
#15513=LINE('',#15510,#15512);
#15514=EDGE_CURVE('',#15470,#15503,#15513,.T.);
#15515=ORIENTED_EDGE('',*,*,#15514,.F.);
#15516=ORIENTED_EDGE('',*,*,#15475,.F.);
#15517=EDGE_LOOP('',(#15501,#15509,#15515,#15516));
#15518=FACE_BOUND('',#15517,.T.);
#15519=ADVANCED_FACE('',(#15518),#15500,.F.);
#15520=OVER_RIDING_STYLED_ITEM('',(#143),#15519,#26);
#15521=CARTESIAN_POINT('',(62.626101339,121.629587024,53.017693924));
#15522=DIRECTION('',(-0.,0.,-1.));
#15523=DIRECTION('',(-1.,0.,0.));
#15524=AXIS2_PLACEMENT_3D('',#15521,#15522,#15523);
#15525=PLANE('',#15524);
#15526=ORIENTED_EDGE('',*,*,#15416,.F.);
#15527=CARTESIAN_POINT('',(62.626101339,121.129587024,53.017693924));
#15528=DIRECTION('',(-1.,0.,0.));
#15529=VECTOR('',#15528,26.377501001);
#15530=LINE('',#15527,#15529);
#15531=EDGE_CURVE('',#15503,#15404,#15530,.T.);
#15532=ORIENTED_EDGE('',*,*,#15531,.F.);
#15533=ORIENTED_EDGE('',*,*,#15508,.F.);
#15534=ORIENTED_EDGE('',*,*,#14727,.T.);
#15535=EDGE_LOOP('',(#15526,#15532,#15533,#15534));
#15536=FACE_BOUND('',#15535,.T.);
#15537=ADVANCED_FACE('',(#15536),#15525,.F.);
#15538=OVER_RIDING_STYLED_ITEM('',(#143),#15537,#26);
#15539=CARTESIAN_POINT('',(43.126101339,121.629587024,43.517693924));
#15540=DIRECTION('',(-0.,-1.,0.));
#15541=DIRECTION('',(-1.,0.,0.));
#15542=AXIS2_PLACEMENT_3D('',#15539,#15540,#15541);
#15543=PLANE('',#15542);
#15544=ORIENTED_EDGE('',*,*,#15426,.F.);
#15545=ORIENTED_EDGE('',*,*,#14774,.T.);
#15546=ORIENTED_EDGE('',*,*,#15163,.T.);
#15547=ORIENTED_EDGE('',*,*,#15458,.F.);
#15548=CARTESIAN_POINT('',(23.626101339,121.629587024,53.017693924));
#15549=VERTEX_POINT('',#15548);
#15550=CARTESIAN_POINT('',(23.626101339,121.629587024,53.017693924));
#15551=DIRECTION('',(-0.,0.,-1.));
#15552=VECTOR('',#15551,6.377501);
#15553=LINE('',#15550,#15552);
#15554=EDGE_CURVE('',#15549,#15446,#15553,.T.);
#15555=ORIENTED_EDGE('',*,*,#15554,.F.);
#15556=CARTESIAN_POINT('',(30.00360234,121.629587024,53.017693924));
#15557=DIRECTION('',(-1.,0.,0.));
#15558=VECTOR('',#15557,6.377501);
#15559=LINE('',#15556,#15558);
#15560=EDGE_CURVE('',#15420,#15549,#15559,.T.);
#15561=ORIENTED_EDGE('',*,*,#15560,.F.);
#15562=EDGE_LOOP('',(#15544,#15545,#15546,#15547,#15555,#15561));
#15563=FACE_BOUND('',#15562,.T.);
#15564=ADVANCED_FACE('',(#15563),#15543,.T.);
#15565=OVER_RIDING_STYLED_ITEM('',(#143),#15564,#26);
#15566=CARTESIAN_POINT('',(69.626101339,129.129587024,34.517693924));
#15567=DIRECTION('',(0.,1.,-0.));
#15568=DIRECTION('',(1.,-0.,-0.));
#15569=AXIS2_PLACEMENT_3D('',#15566,#15567,#15568);
#15570=CYLINDRICAL_SURFACE('',#15569,0.5);
#15571=CARTESIAN_POINT('',(70.126101339,129.129587024,34.517693924));
#15572=DIRECTION('',(-0.,-1.,0.));
#15573=VECTOR('',#15572,2.4);
#15574=LINE('',#15571,#15573);
#15575=EDGE_CURVE('',#15123,#14820,#15574,.T.);
#15576=ORIENTED_EDGE('',*,*,#15575,.T.);
#15577=ORIENTED_EDGE('',*,*,#14826,.T.);
#15578=ORIENTED_EDGE('',*,*,#14801,.F.);
#15579=ORIENTED_EDGE('',*,*,#15135,.F.);
#15580=EDGE_LOOP('',(#15576,#15577,#15578,#15579));
#15581=FACE_BOUND('',#15580,.T.);
#15582=ADVANCED_FACE('',(#15581),#15570,.T.);
#15583=OVER_RIDING_STYLED_ITEM('',(#143),#15582,#26);
#15584=CARTESIAN_POINT('',(70.126101339,129.129587024,34.517693924));
#15585=DIRECTION('',(1.,-0.,-0.));
#15586=DIRECTION('',(-0.,0.,-1.));
#15587=AXIS2_PLACEMENT_3D('',#15584,#15585,#15586);
#15588=PLANE('',#15587);
#15589=ORIENTED_EDGE('',*,*,#15128,.T.);
#15590=CARTESIAN_POINT('',(70.126101339,129.129587024,37.017693924));
#15591=DIRECTION('',(-0.,-1.,0.));
#15592=VECTOR('',#15591,2.4);
#15593=LINE('',#15590,#15592);
#15594=EDGE_CURVE('',#15114,#14829,#15593,.T.);
#15595=ORIENTED_EDGE('',*,*,#15594,.T.);
#15596=ORIENTED_EDGE('',*,*,#14834,.F.);
#15597=ORIENTED_EDGE('',*,*,#15575,.F.);
#15598=EDGE_LOOP('',(#15589,#15595,#15596,#15597));
#15599=FACE_BOUND('',#15598,.T.);
#15600=ADVANCED_FACE('',(#15599),#15588,.T.);
#15601=OVER_RIDING_STYLED_ITEM('',(#143),#15600,#26);
#15602=CARTESIAN_POINT('',(69.626101339,129.129587024,37.017693924));
#15603=DIRECTION('',(0.,1.,-0.));
#15604=DIRECTION('',(1.,-0.,-0.));
#15605=AXIS2_PLACEMENT_3D('',#15602,#15603,#15604);
#15606=CYLINDRICAL_SURFACE('',#15605,0.5);
#15607=CARTESIAN_POINT('',(69.226101339,129.129587024,37.317693924));
#15608=DIRECTION('',(-0.,-1.,0.));
#15609=VECTOR('',#15608,2.4);
#15610=LINE('',#15607,#15609);
#15611=EDGE_CURVE('',#15105,#14837,#15610,.T.);
#15612=ORIENTED_EDGE('',*,*,#15611,.T.);
#15613=ORIENTED_EDGE('',*,*,#14843,.T.);
#15614=ORIENTED_EDGE('',*,*,#15594,.F.);
#15615=ORIENTED_EDGE('',*,*,#15120,.F.);
#15616=EDGE_LOOP('',(#15612,#15613,#15614,#15615));
#15617=FACE_BOUND('',#15616,.T.);
#15618=ADVANCED_FACE('',(#15617),#15606,.T.);
#15619=OVER_RIDING_STYLED_ITEM('',(#143),#15618,#26);
#15620=CARTESIAN_POINT('',(67.626101339,129.129587024,38.517693924));
#15621=DIRECTION('',(0.,1.,-0.));
#15622=DIRECTION('',(1.,-0.,-0.));
#15623=AXIS2_PLACEMENT_3D('',#15620,#15621,#15622);
#15624=CYLINDRICAL_SURFACE('',#15623,2.);
#15625=ORIENTED_EDGE('',*,*,#15111,.T.);
#15626=CARTESIAN_POINT('',(69.226101339,129.129587024,39.717693924));
#15627=DIRECTION('',(-0.,-1.,0.));
#15628=VECTOR('',#15627,2.4);
#15629=LINE('',#15626,#15628);
#15630=EDGE_CURVE('',#15096,#14846,#15629,.T.);
#15631=ORIENTED_EDGE('',*,*,#15630,.T.);
#15632=ORIENTED_EDGE('',*,*,#14852,.F.);
#15633=ORIENTED_EDGE('',*,*,#15611,.F.);
#15634=EDGE_LOOP('',(#15625,#15631,#15632,#15633));
#15635=FACE_BOUND('',#15634,.T.);
#15636=ADVANCED_FACE('',(#15635),#15624,.F.);
#15637=OVER_RIDING_STYLED_ITEM('',(#143),#15636,#26);
#15638=CARTESIAN_POINT('',(69.626101339,129.129587024,40.017693924));
#15639=DIRECTION('',(0.,1.,-0.));
#15640=DIRECTION('',(1.,-0.,-0.));
#15641=AXIS2_PLACEMENT_3D('',#15638,#15639,#15640);
#15642=CYLINDRICAL_SURFACE('',#15641,0.5);
#15643=CARTESIAN_POINT('',(70.126101339,129.129587024,40.017693924));
#15644=DIRECTION('',(-0.,-1.,0.));
#15645=VECTOR('',#15644,2.4);
#15646=LINE('',#15643,#15645);
#15647=EDGE_CURVE('',#15088,#14855,#15646,.T.);
#15648=ORIENTED_EDGE('',*,*,#15647,.T.);
#15649=ORIENTED_EDGE('',*,*,#14861,.T.);
#15650=ORIENTED_EDGE('',*,*,#15630,.F.);
#15651=ORIENTED_EDGE('',*,*,#15102,.F.);
#15652=EDGE_LOOP('',(#15648,#15649,#15650,#15651));
#15653=FACE_BOUND('',#15652,.T.);
#15654=ADVANCED_FACE('',(#15653),#15642,.T.);
#15655=OVER_RIDING_STYLED_ITEM('',(#143),#15654,#26);
#15656=CARTESIAN_POINT('',(70.126101339,129.129587024,40.017693924));
#15657=DIRECTION('',(1.,-0.,-0.));
#15658=DIRECTION('',(-0.,0.,-1.));
#15659=AXIS2_PLACEMENT_3D('',#15656,#15657,#15658);
#15660=PLANE('',#15659);
#15661=ORIENTED_EDGE('',*,*,#15093,.T.);
#15662=CARTESIAN_POINT('',(70.126101339,129.129587024,47.017693924));
#15663=DIRECTION('',(-0.,-1.,0.));
#15664=VECTOR('',#15663,2.4);
#15665=LINE('',#15662,#15664);
#15666=EDGE_CURVE('',#15079,#14948,#15665,.T.);
#15667=ORIENTED_EDGE('',*,*,#15666,.T.);
#15668=ORIENTED_EDGE('',*,*,#14953,.F.);
#15669=ORIENTED_EDGE('',*,*,#14912,.F.);
#15670=ORIENTED_EDGE('',*,*,#14869,.F.);
#15671=ORIENTED_EDGE('',*,*,#15647,.F.);
#15672=EDGE_LOOP('',(#15661,#15667,#15668,#15669,#15670,#15671));
#15673=FACE_BOUND('',#15672,.T.);
#15674=ADVANCED_FACE('',(#15673),#15660,.T.);
#15675=OVER_RIDING_STYLED_ITEM('',(#143),#15674,#26);
#15676=CARTESIAN_POINT('',(69.626101339,129.129587024,47.017693924));
#15677=DIRECTION('',(0.,1.,-0.));
#15678=DIRECTION('',(1.,-0.,-0.));
#15679=AXIS2_PLACEMENT_3D('',#15676,#15677,#15678);
#15680=CYLINDRICAL_SURFACE('',#15679,0.5);
#15681=CARTESIAN_POINT('',(69.226101339,129.129587024,47.317693924));
#15682=DIRECTION('',(-0.,-1.,0.));
#15683=VECTOR('',#15682,2.4);
#15684=LINE('',#15681,#15683);
#15685=EDGE_CURVE('',#15070,#14956,#15684,.T.);
#15686=ORIENTED_EDGE('',*,*,#15685,.T.);
#15687=ORIENTED_EDGE('',*,*,#14962,.T.);
#15688=ORIENTED_EDGE('',*,*,#15666,.F.);
#15689=ORIENTED_EDGE('',*,*,#15085,.F.);
#15690=EDGE_LOOP('',(#15686,#15687,#15688,#15689));
#15691=FACE_BOUND('',#15690,.T.);
#15692=ADVANCED_FACE('',(#15691),#15680,.T.);
#15693=OVER_RIDING_STYLED_ITEM('',(#143),#15692,#26);
#15694=CARTESIAN_POINT('',(67.626101339,129.129587024,48.517693924));
#15695=DIRECTION('',(0.,1.,-0.));
#15696=DIRECTION('',(1.,-0.,-0.));
#15697=AXIS2_PLACEMENT_3D('',#15694,#15695,#15696);
#15698=CYLINDRICAL_SURFACE('',#15697,2.);
#15699=ORIENTED_EDGE('',*,*,#15076,.T.);
#15700=CARTESIAN_POINT('',(69.226101339,129.129587024,49.717693924));
#15701=DIRECTION('',(-0.,-1.,0.));
#15702=VECTOR('',#15701,2.4);
#15703=LINE('',#15700,#15702);
#15704=EDGE_CURVE('',#15061,#14965,#15703,.T.);
#15705=ORIENTED_EDGE('',*,*,#15704,.T.);
#15706=ORIENTED_EDGE('',*,*,#14971,.F.);
#15707=ORIENTED_EDGE('',*,*,#15685,.F.);
#15708=EDGE_LOOP('',(#15699,#15705,#15706,#15707));
#15709=FACE_BOUND('',#15708,.T.);
#15710=ADVANCED_FACE('',(#15709),#15698,.F.);
#15711=OVER_RIDING_STYLED_ITEM('',(#143),#15710,#26);
#15712=CARTESIAN_POINT('',(69.626101339,129.129587024,50.017693924));
#15713=DIRECTION('',(0.,1.,-0.));
#15714=DIRECTION('',(1.,-0.,-0.));
#15715=AXIS2_PLACEMENT_3D('',#15712,#15713,#15714);
#15716=CYLINDRICAL_SURFACE('',#15715,0.5);
#15717=CARTESIAN_POINT('',(70.126101339,129.129587024,50.017693924));
#15718=DIRECTION('',(-0.,-1.,0.));
#15719=VECTOR('',#15718,2.4);
#15720=LINE('',#15717,#15719);
#15721=EDGE_CURVE('',#15053,#14974,#15720,.T.);
#15722=ORIENTED_EDGE('',*,*,#15721,.T.);
#15723=ORIENTED_EDGE('',*,*,#14980,.T.);
#15724=ORIENTED_EDGE('',*,*,#15704,.F.);
#15725=ORIENTED_EDGE('',*,*,#15067,.F.);
#15726=EDGE_LOOP('',(#15722,#15723,#15724,#15725));
#15727=FACE_BOUND('',#15726,.T.);
#15728=ADVANCED_FACE('',(#15727),#15716,.T.);
#15729=OVER_RIDING_STYLED_ITEM('',(#143),#15728,#26);
#15730=CARTESIAN_POINT('',(70.126101339,129.129587024,52.517693924));
#15731=DIRECTION('',(-1.,0.,0.));
#15732=DIRECTION('',(0.,0.,1.));
#15733=AXIS2_PLACEMENT_3D('',#15730,#15731,#15732);
#15734=PLANE('',#15733);
#15735=CARTESIAN_POINT('',(70.126101339,129.129587024,52.517693924));
#15736=DIRECTION('',(-0.,-1.,0.));
#15737=VECTOR('',#15736,2.4);
#15738=LINE('',#15735,#15737);
#15739=EDGE_CURVE('',#15044,#14983,#15738,.T.);
#15740=ORIENTED_EDGE('',*,*,#15739,.T.);
#15741=ORIENTED_EDGE('',*,*,#14988,.T.);
#15742=ORIENTED_EDGE('',*,*,#15721,.F.);
#15743=ORIENTED_EDGE('',*,*,#15058,.F.);
#15744=EDGE_LOOP('',(#15740,#15741,#15742,#15743));
#15745=FACE_BOUND('',#15744,.T.);
#15746=ADVANCED_FACE('',(#15745),#15734,.F.);
#15747=OVER_RIDING_STYLED_ITEM('',(#143),#15746,#26);
#15748=CARTESIAN_POINT('',(69.626101339,129.129587024,52.517693924));
#15749=DIRECTION('',(0.,1.,-0.));
#15750=DIRECTION('',(1.,-0.,-0.));
#15751=AXIS2_PLACEMENT_3D('',#15748,#15749,#15750);
#15752=CYLINDRICAL_SURFACE('',#15751,0.5);
#15753=ORIENTED_EDGE('',*,*,#15024,.T.);
#15754=ORIENTED_EDGE('',*,*,#14997,.T.);
#15755=ORIENTED_EDGE('',*,*,#15739,.F.);
#15756=ORIENTED_EDGE('',*,*,#15050,.F.);
#15757=EDGE_LOOP('',(#15753,#15754,#15755,#15756));
#15758=FACE_BOUND('',#15757,.T.);
#15759=ADVANCED_FACE('',(#15758),#15752,.T.);
#15760=OVER_RIDING_STYLED_ITEM('',(#143),#15759,#26);
#15761=CARTESIAN_POINT('',(19.570438179,129.129587024,43.517693924));
#15762=DIRECTION('',(-0.,-1.,0.));
#15763=DIRECTION('',(-1.,0.,0.));
#15764=AXIS2_PLACEMENT_3D('',#15761,#15762,#15763);
#15765=PLANE('',#15764);
#15766=CARTESIAN_POINT('',(16.626101339,129.129587024,34.017693924));
#15767=VERTEX_POINT('',#15766);
#15768=CARTESIAN_POINT('',(23.126101339,129.129587024,34.017693924));
#15769=DIRECTION('',(-1.,0.,0.));
#15770=VECTOR('',#15769,6.5);
#15771=LINE('',#15768,#15770);
#15772=EDGE_CURVE('',#15219,#15767,#15771,.T.);
#15773=ORIENTED_EDGE('',*,*,#15772,.T.);
#15774=CARTESIAN_POINT('',(16.126101339,129.129587024,34.517693924));
#15775=VERTEX_POINT('',#15774);
#15776=CARTESIAN_POINT('',(16.626101339,129.129587024,34.517693924));
#15777=DIRECTION('',(-0.,-1.,0.));
#15778=DIRECTION('',(0.,0.,1.));
#15779=AXIS2_PLACEMENT_3D('',#15776,#15777,#15778);
#15780=CIRCLE('',#15779,0.5);
#15781=EDGE_CURVE('',#15775,#15767,#15780,.T.);
#15782=ORIENTED_EDGE('',*,*,#15781,.F.);
#15783=CARTESIAN_POINT('',(16.126101339,129.129587024,37.017693924));
#15784=VERTEX_POINT('',#15783);
#15785=CARTESIAN_POINT('',(16.126101339,129.129587024,34.517693924));
#15786=DIRECTION('',(0.,-0.,1.));
#15787=VECTOR('',#15786,2.5);
#15788=LINE('',#15785,#15787);
#15789=EDGE_CURVE('',#15775,#15784,#15788,.T.);
#15790=ORIENTED_EDGE('',*,*,#15789,.T.);
#15791=CARTESIAN_POINT('',(17.026101339,129.129587024,37.317693924));
#15792=VERTEX_POINT('',#15791);
#15793=CARTESIAN_POINT('',(16.626101339,129.129587024,37.017693924));
#15794=DIRECTION('',(-0.,-1.,0.));
#15795=DIRECTION('',(0.,0.,1.));
#15796=AXIS2_PLACEMENT_3D('',#15793,#15794,#15795);
#15797=CIRCLE('',#15796,0.5);
#15798=EDGE_CURVE('',#15792,#15784,#15797,.T.);
#15799=ORIENTED_EDGE('',*,*,#15798,.F.);
#15800=CARTESIAN_POINT('',(17.026101339,129.129587024,39.717693924));
#15801=VERTEX_POINT('',#15800);
#15802=CARTESIAN_POINT('',(18.626101339,129.129587024,38.517693924));
#15803=DIRECTION('',(-0.,-1.,0.));
#15804=DIRECTION('',(0.,0.,1.));
#15805=AXIS2_PLACEMENT_3D('',#15802,#15803,#15804);
#15806=CIRCLE('',#15805,2.);
#15807=EDGE_CURVE('',#15792,#15801,#15806,.T.);
#15808=ORIENTED_EDGE('',*,*,#15807,.T.);
#15809=CARTESIAN_POINT('',(16.126101339,129.129587024,40.017693924));
#15810=VERTEX_POINT('',#15809);
#15811=CARTESIAN_POINT('',(16.626101339,129.129587024,40.017693924));
#15812=DIRECTION('',(-0.,-1.,0.));
#15813=DIRECTION('',(0.,0.,1.));
#15814=AXIS2_PLACEMENT_3D('',#15811,#15812,#15813);
#15815=CIRCLE('',#15814,0.5);
#15816=EDGE_CURVE('',#15810,#15801,#15815,.T.);
#15817=ORIENTED_EDGE('',*,*,#15816,.F.);
#15818=CARTESIAN_POINT('',(16.126101339,129.129587024,47.017693924));
#15819=VERTEX_POINT('',#15818);
#15820=CARTESIAN_POINT('',(16.126101339,129.129587024,40.017693924));
#15821=DIRECTION('',(0.,-0.,1.));
#15822=VECTOR('',#15821,7.);
#15823=LINE('',#15820,#15822);
#15824=EDGE_CURVE('',#15810,#15819,#15823,.T.);
#15825=ORIENTED_EDGE('',*,*,#15824,.T.);
#15826=CARTESIAN_POINT('',(17.026101339,129.129587024,47.317693924));
#15827=VERTEX_POINT('',#15826);
#15828=CARTESIAN_POINT('',(16.626101339,129.129587024,47.017693924));
#15829=DIRECTION('',(-0.,-1.,0.));
#15830=DIRECTION('',(0.,0.,1.));
#15831=AXIS2_PLACEMENT_3D('',#15828,#15829,#15830);
#15832=CIRCLE('',#15831,0.5);
#15833=EDGE_CURVE('',#15827,#15819,#15832,.T.);
#15834=ORIENTED_EDGE('',*,*,#15833,.F.);
#15835=CARTESIAN_POINT('',(17.026101339,129.129587024,49.717693924));
#15836=VERTEX_POINT('',#15835);
#15837=CARTESIAN_POINT('',(18.626101339,129.129587024,48.517693924));
#15838=DIRECTION('',(-0.,-1.,0.));
#15839=DIRECTION('',(0.,0.,1.));
#15840=AXIS2_PLACEMENT_3D('',#15837,#15838,#15839);
#15841=CIRCLE('',#15840,2.);
#15842=EDGE_CURVE('',#15827,#15836,#15841,.T.);
#15843=ORIENTED_EDGE('',*,*,#15842,.T.);
#15844=CARTESIAN_POINT('',(16.126101339,129.129587024,50.017693924));
#15845=VERTEX_POINT('',#15844);
#15846=CARTESIAN_POINT('',(16.626101339,129.129587024,50.017693924));
#15847=DIRECTION('',(-0.,-1.,0.));
#15848=DIRECTION('',(0.,0.,1.));
#15849=AXIS2_PLACEMENT_3D('',#15846,#15847,#15848);
#15850=CIRCLE('',#15849,0.5);
#15851=EDGE_CURVE('',#15845,#15836,#15850,.T.);
#15852=ORIENTED_EDGE('',*,*,#15851,.F.);
#15853=CARTESIAN_POINT('',(16.126101339,129.129587024,52.517693924));
#15854=VERTEX_POINT('',#15853);
#15855=CARTESIAN_POINT('',(16.126101339,129.129587024,52.517693924));
#15856=DIRECTION('',(-0.,0.,-1.));
#15857=VECTOR('',#15856,2.5);
#15858=LINE('',#15855,#15857);
#15859=EDGE_CURVE('',#15854,#15845,#15858,.T.);
#15860=ORIENTED_EDGE('',*,*,#15859,.F.);
#15861=CARTESIAN_POINT('',(16.626101339,129.129587024,53.017693924));
#15862=VERTEX_POINT('',#15861);
#15863=CARTESIAN_POINT('',(16.626101339,129.129587024,52.517693924));
#15864=DIRECTION('',(-0.,-1.,0.));
#15865=DIRECTION('',(0.,0.,1.));
#15866=AXIS2_PLACEMENT_3D('',#15863,#15864,#15865);
#15867=CIRCLE('',#15866,0.5);
#15868=EDGE_CURVE('',#15862,#15854,#15867,.T.);
#15869=ORIENTED_EDGE('',*,*,#15868,.F.);
#15870=CARTESIAN_POINT('',(23.126101339,129.129587024,53.017693924));
#15871=DIRECTION('',(-1.,0.,0.));
#15872=VECTOR('',#15871,6.5);
#15873=LINE('',#15870,#15872);
#15874=EDGE_CURVE('',#15169,#15862,#15873,.T.);
#15875=ORIENTED_EDGE('',*,*,#15874,.F.);
#15876=ORIENTED_EDGE('',*,*,#15230,.F.);
#15877=EDGE_LOOP('',(#15773,#15782,#15790,#15799,#15808,#15817,#15825,#15834,#15843,#15852,#15860,#15869,#15875,#15876));
#15878=FACE_BOUND('',#15877,.T.);
#15879=ADVANCED_FACE('',(#15878),#15765,.F.);
#15880=OVER_RIDING_STYLED_ITEM('',(#143),#15879,#26);
#15881=CARTESIAN_POINT('',(23.126101339,129.129587024,53.017693924));
#15882=DIRECTION('',(-0.,0.,-1.));
#15883=DIRECTION('',(-1.,0.,0.));
#15884=AXIS2_PLACEMENT_3D('',#15881,#15882,#15883);
#15885=PLANE('',#15884);
#15886=ORIENTED_EDGE('',*,*,#15874,.T.);
#15887=CARTESIAN_POINT('',(16.626101339,126.729587024,53.017693924));
#15888=VERTEX_POINT('',#15887);
#15889=CARTESIAN_POINT('',(16.626101339,129.129587024,53.017693924));
#15890=DIRECTION('',(-0.,-1.,0.));
#15891=VECTOR('',#15890,2.4);
#15892=LINE('',#15889,#15891);
#15893=EDGE_CURVE('',#15862,#15888,#15892,.T.);
#15894=ORIENTED_EDGE('',*,*,#15893,.T.);
#15895=CARTESIAN_POINT('',(23.126101339,126.729587024,53.017693924));
#15896=DIRECTION('',(-1.,0.,0.));
#15897=VECTOR('',#15896,6.5);
#15898=LINE('',#15895,#15897);
#15899=EDGE_CURVE('',#15171,#15888,#15898,.T.);
#15900=ORIENTED_EDGE('',*,*,#15899,.F.);
#15901=ORIENTED_EDGE('',*,*,#15176,.F.);
#15902=EDGE_LOOP('',(#15886,#15894,#15900,#15901));
#15903=FACE_BOUND('',#15902,.T.);
#15904=ADVANCED_FACE('',(#15903),#15885,.F.);
#15905=OVER_RIDING_STYLED_ITEM('',(#143),#15904,#26);
#15906=CARTESIAN_POINT('',(19.570438179,126.729587024,43.517693924));
#15907=DIRECTION('',(-0.,-1.,0.));
#15908=DIRECTION('',(-1.,0.,0.));
#15909=AXIS2_PLACEMENT_3D('',#15906,#15907,#15908);
#15910=PLANE('',#15909);
#15911=CARTESIAN_POINT('',(16.126101336,126.729587024,44.017693924));
#15912=VERTEX_POINT('',#15911);
#15913=CARTESIAN_POINT('',(16.126101336,126.729587024,44.017693924));
#15914=DIRECTION('',(1.,-0.,-0.));
#15915=VECTOR('',#15914,7.000000003);
#15916=LINE('',#15913,#15915);
#15917=EDGE_CURVE('',#15912,#15179,#15916,.T.);
#15918=ORIENTED_EDGE('',*,*,#15917,.T.);
#15919=ORIENTED_EDGE('',*,*,#15184,.T.);
#15920=ORIENTED_EDGE('',*,*,#15899,.T.);
#15921=CARTESIAN_POINT('',(16.126101339,126.729587024,52.517693924));
#15922=VERTEX_POINT('',#15921);
#15923=CARTESIAN_POINT('',(16.626101339,126.729587024,52.517693924));
#15924=DIRECTION('',(-0.,-1.,0.));
#15925=DIRECTION('',(0.,0.,1.));
#15926=AXIS2_PLACEMENT_3D('',#15923,#15924,#15925);
#15927=CIRCLE('',#15926,0.5);
#15928=EDGE_CURVE('',#15888,#15922,#15927,.T.);
#15929=ORIENTED_EDGE('',*,*,#15928,.T.);
#15930=CARTESIAN_POINT('',(16.126101339,126.729587024,50.017693924));
#15931=VERTEX_POINT('',#15930);
#15932=CARTESIAN_POINT('',(16.126101339,126.729587024,52.517693924));
#15933=DIRECTION('',(-0.,0.,-1.));
#15934=VECTOR('',#15933,2.5);
#15935=LINE('',#15932,#15934);
#15936=EDGE_CURVE('',#15922,#15931,#15935,.T.);
#15937=ORIENTED_EDGE('',*,*,#15936,.T.);
#15938=CARTESIAN_POINT('',(17.026101339,126.729587024,49.717693924));
#15939=VERTEX_POINT('',#15938);
#15940=CARTESIAN_POINT('',(16.626101339,126.729587024,50.017693924));
#15941=DIRECTION('',(-0.,-1.,0.));
#15942=DIRECTION('',(0.,0.,1.));
#15943=AXIS2_PLACEMENT_3D('',#15940,#15941,#15942);
#15944=CIRCLE('',#15943,0.5);
#15945=EDGE_CURVE('',#15931,#15939,#15944,.T.);
#15946=ORIENTED_EDGE('',*,*,#15945,.T.);
#15947=CARTESIAN_POINT('',(17.026101339,126.729587024,47.317693924));
#15948=VERTEX_POINT('',#15947);
#15949=CARTESIAN_POINT('',(18.626101339,126.729587024,48.517693924));
#15950=DIRECTION('',(-0.,-1.,0.));
#15951=DIRECTION('',(0.,0.,1.));
#15952=AXIS2_PLACEMENT_3D('',#15949,#15950,#15951);
#15953=CIRCLE('',#15952,2.);
#15954=EDGE_CURVE('',#15948,#15939,#15953,.T.);
#15955=ORIENTED_EDGE('',*,*,#15954,.F.);
#15956=CARTESIAN_POINT('',(16.126101339,126.729587024,47.017693924));
#15957=VERTEX_POINT('',#15956);
#15958=CARTESIAN_POINT('',(16.626101339,126.729587024,47.017693924));
#15959=DIRECTION('',(-0.,-1.,0.));
#15960=DIRECTION('',(0.,0.,1.));
#15961=AXIS2_PLACEMENT_3D('',#15958,#15959,#15960);
#15962=CIRCLE('',#15961,0.5);
#15963=EDGE_CURVE('',#15948,#15957,#15962,.T.);
#15964=ORIENTED_EDGE('',*,*,#15963,.T.);
#15965=CARTESIAN_POINT('',(16.126101339,126.729587024,44.017693924));
#15966=DIRECTION('',(0.,0.,1.));
#15967=VECTOR('',#15966,3.);
#15968=LINE('',#15965,#15967);
#15969=EDGE_CURVE('',#15912,#15957,#15968,.T.);
#15970=ORIENTED_EDGE('',*,*,#15969,.F.);
#15971=EDGE_LOOP('',(#15918,#15919,#15920,#15929,#15937,#15946,#15955,#15964,#15970));
#15972=FACE_BOUND('',#15971,.T.);
#15973=ADVANCED_FACE('',(#15972),#15910,.T.);
#15974=OVER_RIDING_STYLED_ITEM('',(#143),#15973,#26);
#15975=CARTESIAN_POINT('',(19.900573248,126.404058934,44.017693924));
#15976=DIRECTION('',(-0.,0.,-1.));
#15977=DIRECTION('',(-0.,-1.,0.));
#15978=AXIS2_PLACEMENT_3D('',#15975,#15976,#15977);
#15979=PLANE('',#15978);
#15980=CARTESIAN_POINT('',(23.126101339,125.529587024,44.017693924));
#15981=DIRECTION('',(-0.985622255,0.168963815,0.));
#15982=VECTOR('',#15981,7.102112365);
#15983=LINE('',#15980,#15982);
#15984=EDGE_CURVE('',#15187,#15912,#15983,.T.);
#15985=ORIENTED_EDGE('',*,*,#15984,.F.);
#15986=ORIENTED_EDGE('',*,*,#15192,.T.);
#15987=ORIENTED_EDGE('',*,*,#15917,.F.);
#15988=EDGE_LOOP('',(#15985,#15986,#15987));
#15989=FACE_BOUND('',#15988,.T.);
#15990=ADVANCED_FACE('',(#15989),#15979,.F.);
#15991=OVER_RIDING_STYLED_ITEM('',(#143),#15990,#26);
#15992=CARTESIAN_POINT('',(23.126101339,125.529587024,43.017693924));
#15993=DIRECTION('',(-0.168963815,-0.985622255,0.));
#15994=DIRECTION('',(-0.985622255,0.168963815,0.));
#15995=AXIS2_PLACEMENT_3D('',#15992,#15993,#15994);
#15996=PLANE('',#15995);
#15997=ORIENTED_EDGE('',*,*,#15200,.T.);
#15998=ORIENTED_EDGE('',*,*,#15984,.T.);
#15999=CARTESIAN_POINT('',(16.126101339,126.729587024,43.017693924));
#16000=VERTEX_POINT('',#15999);
#16001=CARTESIAN_POINT('',(16.126101339,126.729587024,43.017693924));
#16002=DIRECTION('',(0.,0.,1.));
#16003=VECTOR('',#16002,1.);
#16004=LINE('',#16001,#16003);
#16005=EDGE_CURVE('',#16000,#15912,#16004,.T.);
#16006=ORIENTED_EDGE('',*,*,#16005,.F.);
#16007=CARTESIAN_POINT('',(23.126101339,125.529587024,43.017693924));
#16008=DIRECTION('',(-0.985622255,0.168963815,0.));
#16009=VECTOR('',#16008,7.102112362);
#16010=LINE('',#16007,#16009);
#16011=EDGE_CURVE('',#15195,#16000,#16010,.T.);
#16012=ORIENTED_EDGE('',*,*,#16011,.F.);
#16013=EDGE_LOOP('',(#15997,#15998,#16006,#16012));
#16014=FACE_BOUND('',#16013,.T.);
#16015=ADVANCED_FACE('',(#16014),#15996,.T.);
#16016=OVER_RIDING_STYLED_ITEM('',(#143),#16015,#26);
#16017=CARTESIAN_POINT('',(19.900573248,126.404058934,43.017693924));
#16018=DIRECTION('',(-0.,0.,-1.));
#16019=DIRECTION('',(-0.,-1.,0.));
#16020=AXIS2_PLACEMENT_3D('',#16017,#16018,#16019);
#16021=PLANE('',#16020);
#16022=CARTESIAN_POINT('',(16.126101339,126.729587024,43.017693924));
#16023=DIRECTION('',(1.,-0.,-0.));
#16024=VECTOR('',#16023,7.);
#16025=LINE('',#16022,#16024);
#16026=EDGE_CURVE('',#16000,#15203,#16025,.T.);
#16027=ORIENTED_EDGE('',*,*,#16026,.T.);
#16028=ORIENTED_EDGE('',*,*,#15208,.F.);
#16029=ORIENTED_EDGE('',*,*,#16011,.T.);
#16030=EDGE_LOOP('',(#16027,#16028,#16029));
#16031=FACE_BOUND('',#16030,.T.);
#16032=ADVANCED_FACE('',(#16031),#16021,.T.);
#16033=OVER_RIDING_STYLED_ITEM('',(#143),#16032,#26);
#16034=CARTESIAN_POINT('',(19.570438179,126.729587024,43.517693924));
#16035=DIRECTION('',(-0.,-1.,0.));
#16036=DIRECTION('',(-1.,0.,0.));
#16037=AXIS2_PLACEMENT_3D('',#16034,#16035,#16036);
#16038=PLANE('',#16037);
#16039=CARTESIAN_POINT('',(16.626101339,126.729587024,34.017693924));
#16040=VERTEX_POINT('',#16039);
#16041=CARTESIAN_POINT('',(23.126101339,126.729587024,34.017693924));
#16042=DIRECTION('',(-1.,0.,0.));
#16043=VECTOR('',#16042,6.5);
#16044=LINE('',#16041,#16043);
#16045=EDGE_CURVE('',#15211,#16040,#16044,.T.);
#16046=ORIENTED_EDGE('',*,*,#16045,.F.);
#16047=ORIENTED_EDGE('',*,*,#15216,.T.);
#16048=ORIENTED_EDGE('',*,*,#16026,.F.);
#16049=CARTESIAN_POINT('',(16.126101339,126.729587024,40.017693924));
#16050=VERTEX_POINT('',#16049);
#16051=CARTESIAN_POINT('',(16.126101339,126.729587024,40.017693924));
#16052=DIRECTION('',(0.,0.,1.));
#16053=VECTOR('',#16052,3.);
#16054=LINE('',#16051,#16053);
#16055=EDGE_CURVE('',#16050,#16000,#16054,.T.);
#16056=ORIENTED_EDGE('',*,*,#16055,.F.);
#16057=CARTESIAN_POINT('',(17.026101339,126.729587024,39.717693924));
#16058=VERTEX_POINT('',#16057);
#16059=CARTESIAN_POINT('',(16.626101339,126.729587024,40.017693924));
#16060=DIRECTION('',(-0.,-1.,0.));
#16061=DIRECTION('',(0.,0.,1.));
#16062=AXIS2_PLACEMENT_3D('',#16059,#16060,#16061);
#16063=CIRCLE('',#16062,0.5);
#16064=EDGE_CURVE('',#16050,#16058,#16063,.T.);
#16065=ORIENTED_EDGE('',*,*,#16064,.T.);
#16066=CARTESIAN_POINT('',(17.026101339,126.729587024,37.317693924));
#16067=VERTEX_POINT('',#16066);
#16068=CARTESIAN_POINT('',(18.626101339,126.729587024,38.517693924));
#16069=DIRECTION('',(-0.,-1.,0.));
#16070=DIRECTION('',(0.,0.,1.));
#16071=AXIS2_PLACEMENT_3D('',#16068,#16069,#16070);
#16072=CIRCLE('',#16071,2.);
#16073=EDGE_CURVE('',#16067,#16058,#16072,.T.);
#16074=ORIENTED_EDGE('',*,*,#16073,.F.);
#16075=CARTESIAN_POINT('',(16.126101339,126.729587024,37.017693924));
#16076=VERTEX_POINT('',#16075);
#16077=CARTESIAN_POINT('',(16.626101339,126.729587024,37.017693924));
#16078=DIRECTION('',(-0.,-1.,0.));
#16079=DIRECTION('',(0.,0.,1.));
#16080=AXIS2_PLACEMENT_3D('',#16077,#16078,#16079);
#16081=CIRCLE('',#16080,0.5);
#16082=EDGE_CURVE('',#16067,#16076,#16081,.T.);
#16083=ORIENTED_EDGE('',*,*,#16082,.T.);
#16084=CARTESIAN_POINT('',(16.126101339,126.729587024,34.517693924));
#16085=VERTEX_POINT('',#16084);
#16086=CARTESIAN_POINT('',(16.126101339,126.729587024,34.517693924));
#16087=DIRECTION('',(0.,0.,1.));
#16088=VECTOR('',#16087,2.5);
#16089=LINE('',#16086,#16088);
#16090=EDGE_CURVE('',#16085,#16076,#16089,.T.);
#16091=ORIENTED_EDGE('',*,*,#16090,.F.);
#16092=CARTESIAN_POINT('',(16.626101339,126.729587024,34.517693924));
#16093=DIRECTION('',(-0.,-1.,0.));
#16094=DIRECTION('',(0.,0.,1.));
#16095=AXIS2_PLACEMENT_3D('',#16092,#16093,#16094);
#16096=CIRCLE('',#16095,0.5);
#16097=EDGE_CURVE('',#16085,#16040,#16096,.T.);
#16098=ORIENTED_EDGE('',*,*,#16097,.T.);
#16099=EDGE_LOOP('',(#16046,#16047,#16048,#16056,#16065,#16074,#16083,#16091,#16098));
#16100=FACE_BOUND('',#16099,.T.);
#16101=ADVANCED_FACE('',(#16100),#16038,.T.);
#16102=OVER_RIDING_STYLED_ITEM('',(#143),#16101,#26);
#16103=CARTESIAN_POINT('',(23.126101339,129.129587024,34.017693924));
#16104=DIRECTION('',(-0.,0.,-1.));
#16105=DIRECTION('',(-1.,0.,0.));
#16106=AXIS2_PLACEMENT_3D('',#16103,#16104,#16105);
#16107=PLANE('',#16106);
#16108=ORIENTED_EDGE('',*,*,#15224,.T.);
#16109=ORIENTED_EDGE('',*,*,#16045,.T.);
#16110=CARTESIAN_POINT('',(16.626101339,129.129587024,34.017693924));
#16111=DIRECTION('',(-0.,-1.,0.));
#16112=VECTOR('',#16111,2.4);
#16113=LINE('',#16110,#16112);
#16114=EDGE_CURVE('',#15767,#16040,#16113,.T.);
#16115=ORIENTED_EDGE('',*,*,#16114,.F.);
#16116=ORIENTED_EDGE('',*,*,#15772,.F.);
#16117=EDGE_LOOP('',(#16108,#16109,#16115,#16116));
#16118=FACE_BOUND('',#16117,.T.);
#16119=ADVANCED_FACE('',(#16118),#16107,.T.);
#16120=OVER_RIDING_STYLED_ITEM('',(#143),#16119,#26);
#16121=CARTESIAN_POINT('',(43.126101339,149.129587024,43.517693924));
#16122=DIRECTION('',(-0.,-1.,0.));
#16123=DIRECTION('',(-1.,0.,0.));
#16124=AXIS2_PLACEMENT_3D('',#16121,#16122,#16123);
#16125=PLANE('',#16124);
#16126=ORIENTED_EDGE('',*,*,#15259,.F.);
#16127=ORIENTED_EDGE('',*,*,#15266,.F.);
#16128=EDGE_LOOP('',(#16126,#16127));
#16129=FACE_BOUND('',#16128,.T.);
#16130=ADVANCED_FACE('',(#16129),#16125,.F.);
#16131=OVER_RIDING_STYLED_ITEM('',(#143),#16130,#26);
#16132=CARTESIAN_POINT('',(43.126101339,149.129587024,43.517693924));
#16133=DIRECTION('',(-0.,-1.,0.));
#16134=DIRECTION('',(-1.,0.,0.));
#16135=AXIS2_PLACEMENT_3D('',#16132,#16133,#16134);
#16136=PLANE('',#16135);
#16137=ORIENTED_EDGE('',*,*,#15317,.F.);
#16138=ORIENTED_EDGE('',*,*,#15324,.F.);
#16139=EDGE_LOOP('',(#16137,#16138));
#16140=FACE_BOUND('',#16139,.T.);
#16141=ADVANCED_FACE('',(#16140),#16136,.F.);
#16142=OVER_RIDING_STYLED_ITEM('',(#143),#16141,#26);
#16143=CARTESIAN_POINT('',(23.626101339,121.629587024,53.017693924));
#16144=DIRECTION('',(1.,-0.,-0.));
#16145=DIRECTION('',(-0.,0.,-1.));
#16146=AXIS2_PLACEMENT_3D('',#16143,#16144,#16145);
#16147=PLANE('',#16146);
#16148=CARTESIAN_POINT('',(23.626101339,121.129587024,34.017693924));
#16149=VERTEX_POINT('',#16148);
#16150=CARTESIAN_POINT('',(23.626101339,121.629587024,34.017693924));
#16151=DIRECTION('',(-0.,-1.,0.));
#16152=VECTOR('',#16151,0.5);
#16153=LINE('',#16150,#16152);
#16154=EDGE_CURVE('',#15346,#16149,#16153,.T.);
#16155=ORIENTED_EDGE('',*,*,#16154,.T.);
#16156=CARTESIAN_POINT('',(23.626101339,121.129587024,40.395194925));
#16157=VERTEX_POINT('',#16156);
#16158=CARTESIAN_POINT('',(23.626101339,121.129587024,40.395194925));
#16159=DIRECTION('',(-0.,0.,-1.));
#16160=VECTOR('',#16159,6.377501001);
#16161=LINE('',#16158,#16160);
#16162=EDGE_CURVE('',#16157,#16149,#16161,.T.);
#16163=ORIENTED_EDGE('',*,*,#16162,.F.);
#16164=CARTESIAN_POINT('',(23.626101339,121.129587024,40.395194925));
#16165=DIRECTION('',(0.,1.,-0.));
#16166=VECTOR('',#16165,0.5);
#16167=LINE('',#16164,#16166);
#16168=EDGE_CURVE('',#16157,#15354,#16167,.T.);
#16169=ORIENTED_EDGE('',*,*,#16168,.T.);
#16170=ORIENTED_EDGE('',*,*,#15359,.T.);
#16171=EDGE_LOOP('',(#16155,#16163,#16169,#16170));
#16172=FACE_BOUND('',#16171,.T.);
#16173=ADVANCED_FACE('',(#16172),#16147,.F.);
#16174=OVER_RIDING_STYLED_ITEM('',(#143),#16173,#26);
#16175=CARTESIAN_POINT('',(23.626101339,121.629587024,34.017693924));
#16176=DIRECTION('',(0.,0.,1.));
#16177=DIRECTION('',(1.,-0.,-0.));
#16178=AXIS2_PLACEMENT_3D('',#16175,#16176,#16177);
#16179=PLANE('',#16178);
#16180=CARTESIAN_POINT('',(30.00360234,121.129587024,34.017693924));
#16181=VERTEX_POINT('',#16180);
#16182=CARTESIAN_POINT('',(30.003602339,121.129587024,34.017693924));
#16183=DIRECTION('',(0.,1.,-0.));
#16184=VECTOR('',#16183,0.5);
#16185=LINE('',#16182,#16184);
#16186=EDGE_CURVE('',#16181,#15337,#16185,.T.);
#16187=ORIENTED_EDGE('',*,*,#16186,.F.);
#16188=CARTESIAN_POINT('',(23.626101339,121.129587024,34.017693924));
#16189=DIRECTION('',(1.,-0.,-0.));
#16190=VECTOR('',#16189,6.377501);
#16191=LINE('',#16188,#16190);
#16192=EDGE_CURVE('',#16149,#16181,#16191,.T.);
#16193=ORIENTED_EDGE('',*,*,#16192,.F.);
#16194=ORIENTED_EDGE('',*,*,#16154,.F.);
#16195=ORIENTED_EDGE('',*,*,#15351,.T.);
#16196=EDGE_LOOP('',(#16187,#16193,#16194,#16195));
#16197=FACE_BOUND('',#16196,.T.);
#16198=ADVANCED_FACE('',(#16197),#16179,.F.);
#16199=OVER_RIDING_STYLED_ITEM('',(#143),#16198,#26);
#16200=CARTESIAN_POINT('',(43.126101339,121.129587024,43.517693924));
#16201=DIRECTION('',(-0.,-1.,0.));
#16202=DIRECTION('',(-1.,0.,0.));
#16203=AXIS2_PLACEMENT_3D('',#16200,#16201,#16202);
#16204=PLANE('',#16203);
#16205=ORIENTED_EDGE('',*,*,#15483,.T.);
#16206=ORIENTED_EDGE('',*,*,#15514,.T.);
#16207=ORIENTED_EDGE('',*,*,#15531,.T.);
#16208=ORIENTED_EDGE('',*,*,#15410,.T.);
#16209=CARTESIAN_POINT('',(57.126101339,121.129587024,52.517693924));
#16210=VERTEX_POINT('',#16209);
#16211=CARTESIAN_POINT('',(37.485000283,121.129587024,52.517693924));
#16212=DIRECTION('',(1.,-0.,-0.));
#16213=VECTOR('',#16212,19.641101057);
#16214=LINE('',#16211,#16213);
#16215=EDGE_CURVE('',#15396,#16210,#16214,.T.);
#16216=ORIENTED_EDGE('',*,*,#16215,.T.);
#16217=CARTESIAN_POINT('',(57.126101339,121.129587024,48.391091096));
#16218=VERTEX_POINT('',#16217);
#16219=CARTESIAN_POINT('',(57.126101339,121.129587024,52.517693924));
#16220=DIRECTION('',(-0.,0.,-1.));
#16221=VECTOR('',#16220,4.126602828);
#16222=LINE('',#16219,#16221);
#16223=EDGE_CURVE('',#16210,#16218,#16222,.T.);
#16224=ORIENTED_EDGE('',*,*,#16223,.T.);
#16225=CARTESIAN_POINT('',(57.126101339,121.129587024,38.644296752));
#16226=VERTEX_POINT('',#16225);
#16227=CARTESIAN_POINT('',(53.626101339,121.129587024,43.517693924));
#16228=DIRECTION('',(0.,1.,-0.));
#16229=DIRECTION('',(0.,0.,1.));
#16230=AXIS2_PLACEMENT_3D('',#16227,#16228,#16229);
#16231=CIRCLE('',#16230,6.);
#16232=EDGE_CURVE('',#16218,#16226,#16231,.T.);
#16233=ORIENTED_EDGE('',*,*,#16232,.T.);
#16234=CARTESIAN_POINT('',(57.126101339,121.129587024,34.517693924));
#16235=VERTEX_POINT('',#16234);
#16236=CARTESIAN_POINT('',(57.126101339,121.129587024,38.644296752));
#16237=DIRECTION('',(-0.,0.,-1.));
#16238=VECTOR('',#16237,4.126602828);
#16239=LINE('',#16236,#16238);
#16240=EDGE_CURVE('',#16226,#16235,#16239,.T.);
#16241=ORIENTED_EDGE('',*,*,#16240,.T.);
#16242=CARTESIAN_POINT('',(37.485000283,121.129587024,34.517693924));
#16243=VERTEX_POINT('',#16242);
#16244=CARTESIAN_POINT('',(57.126101339,121.129587024,34.517693924));
#16245=DIRECTION('',(-1.,0.,0.));
#16246=VECTOR('',#16245,19.641101057);
#16247=LINE('',#16244,#16246);
#16248=EDGE_CURVE('',#16235,#16243,#16247,.T.);
#16249=ORIENTED_EDGE('',*,*,#16248,.T.);
#16250=CARTESIAN_POINT('',(33.126101339,121.129587024,43.517693924));
#16251=DIRECTION('',(0.,1.,-0.));
#16252=DIRECTION('',(0.,0.,1.));
#16253=AXIS2_PLACEMENT_3D('',#16250,#16251,#16252);
#16254=CIRCLE('',#16253,10.);
#16255=EDGE_CURVE('',#16243,#15478,#16254,.T.);
#16256=ORIENTED_EDGE('',*,*,#16255,.T.);
#16257=EDGE_LOOP('',(#16205,#16206,#16207,#16208,#16216,#16224,#16233,#16241,#16249,#16256));
#16258=FACE_BOUND('',#16257,.T.);
#16259=ADVANCED_FACE('',(#16258),#16204,.T.);
#16260=OVER_RIDING_STYLED_ITEM('',(#143),#16259,#26);
#16261=CARTESIAN_POINT('',(62.626101339,121.629587024,53.017693924));
#16262=DIRECTION('',(-0.,0.,-1.));
#16263=DIRECTION('',(-1.,0.,0.));
#16264=AXIS2_PLACEMENT_3D('',#16261,#16262,#16263);
#16265=PLANE('',#16264);
#16266=CARTESIAN_POINT('',(23.626101339,121.129587024,53.017693924));
#16267=VERTEX_POINT('',#16266);
#16268=CARTESIAN_POINT('',(23.626101339,121.629587024,53.017693924));
#16269=DIRECTION('',(-0.,-1.,0.));
#16270=VECTOR('',#16269,0.5);
#16271=LINE('',#16268,#16270);
#16272=EDGE_CURVE('',#15549,#16267,#16271,.T.);
#16273=ORIENTED_EDGE('',*,*,#16272,.T.);
#16274=CARTESIAN_POINT('',(30.00360234,121.129587024,53.017693924));
#16275=DIRECTION('',(-1.,0.,0.));
#16276=VECTOR('',#16275,6.377501);
#16277=LINE('',#16274,#16276);
#16278=EDGE_CURVE('',#15429,#16267,#16277,.T.);
#16279=ORIENTED_EDGE('',*,*,#16278,.F.);
#16280=ORIENTED_EDGE('',*,*,#15434,.T.);
#16281=ORIENTED_EDGE('',*,*,#15560,.T.);
#16282=EDGE_LOOP('',(#16273,#16279,#16280,#16281));
#16283=FACE_BOUND('',#16282,.T.);
#16284=ADVANCED_FACE('',(#16283),#16265,.F.);
#16285=OVER_RIDING_STYLED_ITEM('',(#143),#16284,#26);
#16286=CARTESIAN_POINT('',(43.126101339,121.129587024,43.517693924));
#16287=DIRECTION('',(-0.,-1.,0.));
#16288=DIRECTION('',(-1.,0.,0.));
#16289=AXIS2_PLACEMENT_3D('',#16286,#16287,#16288);
#16290=PLANE('',#16289);
#16291=ORIENTED_EDGE('',*,*,#15443,.T.);
#16292=ORIENTED_EDGE('',*,*,#16278,.T.);
#16293=CARTESIAN_POINT('',(23.626101339,121.129587024,53.017693924));
#16294=DIRECTION('',(-0.,0.,-1.));
#16295=VECTOR('',#16294,6.377501);
#16296=LINE('',#16293,#16295);
#16297=EDGE_CURVE('',#16267,#15437,#16296,.T.);
#16298=ORIENTED_EDGE('',*,*,#16297,.T.);
#16299=EDGE_LOOP('',(#16291,#16292,#16298));
#16300=FACE_BOUND('',#16299,.T.);
#16301=ADVANCED_FACE('',(#16300),#16290,.T.);
#16302=OVER_RIDING_STYLED_ITEM('',(#143),#16301,#26);
#16303=CARTESIAN_POINT('',(23.626101339,121.629587024,53.017693924));
#16304=DIRECTION('',(1.,-0.,-0.));
#16305=DIRECTION('',(-0.,0.,-1.));
#16306=AXIS2_PLACEMENT_3D('',#16303,#16304,#16305);
#16307=PLANE('',#16306);
#16308=ORIENTED_EDGE('',*,*,#15451,.F.);
#16309=ORIENTED_EDGE('',*,*,#16297,.F.);
#16310=ORIENTED_EDGE('',*,*,#16272,.F.);
#16311=ORIENTED_EDGE('',*,*,#15554,.T.);
#16312=EDGE_LOOP('',(#16308,#16309,#16310,#16311));
#16313=FACE_BOUND('',#16312,.T.);
#16314=ADVANCED_FACE('',(#16313),#16307,.F.);
#16315=OVER_RIDING_STYLED_ITEM('',(#143),#16314,#26);
#16316=CARTESIAN_POINT('',(43.126101339,121.129587024,43.517693924));
#16317=DIRECTION('',(-0.,-1.,0.));
#16318=DIRECTION('',(-1.,0.,0.));
#16319=AXIS2_PLACEMENT_3D('',#16316,#16317,#16318);
#16320=PLANE('',#16319);
#16321=ORIENTED_EDGE('',*,*,#16192,.T.);
#16322=CARTESIAN_POINT('',(33.126101339,121.129587024,43.517693924));
#16323=DIRECTION('',(0.,1.,-0.));
#16324=DIRECTION('',(0.,0.,1.));
#16325=AXIS2_PLACEMENT_3D('',#16322,#16323,#16324);
#16326=CIRCLE('',#16325,10.);
#16327=EDGE_CURVE('',#16181,#16157,#16326,.T.);
#16328=ORIENTED_EDGE('',*,*,#16327,.T.);
#16329=ORIENTED_EDGE('',*,*,#16162,.T.);
#16330=EDGE_LOOP('',(#16321,#16328,#16329));
#16331=FACE_BOUND('',#16330,.T.);
#16332=ADVANCED_FACE('',(#16331),#16320,.T.);
#16333=OVER_RIDING_STYLED_ITEM('',(#143),#16332,#26);
#16334=CARTESIAN_POINT('',(47.452211104,119.776247318,34.517693924));
#16335=DIRECTION('',(-0.,0.,-1.));
#16336=DIRECTION('',(-0.,-1.,0.));
#16337=AXIS2_PLACEMENT_3D('',#16334,#16335,#16336);
#16338=PLANE('',#16337);
#16339=ORIENTED_EDGE('',*,*,#16248,.F.);
#16340=CARTESIAN_POINT('',(57.126101339,121.129587024,34.517693924));
#16341=DIRECTION('',(-0.,-1.,0.));
#16342=VECTOR('',#16341,3.);
#16343=LINE('',#16340,#16342);
#16344=EDGE_CURVE('',#16235,#103,#16343,.T.);
#16345=ORIENTED_EDGE('',*,*,#16344,.T.);
#16346=ORIENTED_EDGE('',*,*,#110,.T.);
#16347=CARTESIAN_POINT('',(44.126101339,119.129587024,34.517693924));
#16348=VERTEX_POINT('',#16347);
#16349=CARTESIAN_POINT('',(44.126101339,119.129587024,34.517693924));
#16350=DIRECTION('',(-0.,-1.,0.));
#16351=VECTOR('',#16350,1.);
#16352=LINE('',#16349,#16351);
#16353=EDGE_CURVE('',#16348,#105,#16352,.T.);
#16354=ORIENTED_EDGE('',*,*,#16353,.F.);
#16355=CARTESIAN_POINT('',(37.485000283,119.129587024,34.517693924));
#16356=VERTEX_POINT('',#16355);
#16357=CARTESIAN_POINT('',(37.485000283,119.129587024,34.517693924));
#16358=DIRECTION('',(1.,-0.,-0.));
#16359=VECTOR('',#16358,6.641101057);
#16360=LINE('',#16357,#16359);
#16361=EDGE_CURVE('',#16356,#16348,#16360,.T.);
#16362=ORIENTED_EDGE('',*,*,#16361,.F.);
#16363=CARTESIAN_POINT('',(37.485000282,121.129587024,34.517693923));
#16364=DIRECTION('',(-0.,-1.,0.));
#16365=VECTOR('',#16364,2.);
#16366=LINE('',#16363,#16365);
#16367=EDGE_CURVE('',#16243,#16356,#16366,.T.);
#16368=ORIENTED_EDGE('',*,*,#16367,.F.);
#16369=EDGE_LOOP('',(#16339,#16345,#16346,#16354,#16362,#16368));
#16370=FACE_BOUND('',#16369,.T.);
#16371=ADVANCED_FACE('',(#16370),#16338,.T.);
#16372=OVER_RIDING_STYLED_ITEM('',(#143),#16371,#26);
#16373=CARTESIAN_POINT('',(42.478124856,119.129587024,43.517693924));
#16374=DIRECTION('',(-0.,-1.,0.));
#16375=DIRECTION('',(-1.,0.,0.));
#16376=AXIS2_PLACEMENT_3D('',#16373,#16374,#16375);
#16377=PLANE('',#16376);
#16378=CARTESIAN_POINT('',(44.126101339,119.129587024,45.477285718));
#16379=VERTEX_POINT('',#16378);
#16380=CARTESIAN_POINT('',(44.126101339,119.129587024,52.517693924));
#16381=VERTEX_POINT('',#16380);
#16382=CARTESIAN_POINT('',(44.126101339,119.129587024,45.477285718));
#16383=DIRECTION('',(0.,-0.,1.));
#16384=VECTOR('',#16383,7.040408205);
#16385=LINE('',#16382,#16384);
#16386=EDGE_CURVE('',#16379,#16381,#16385,.T.);
#16387=ORIENTED_EDGE('',*,*,#16386,.T.);
#16388=CARTESIAN_POINT('',(44.126101339,119.129587024,52.517693924));
#16389=DIRECTION('',(-1.,0.,0.));
#16390=VECTOR('',#16389,6.641101057);
#16391=LINE('',#16388,#16390);
#16392=EDGE_CURVE('',#16381,#15387,#16391,.T.);
#16393=ORIENTED_EDGE('',*,*,#16392,.T.);
#16394=ORIENTED_EDGE('',*,*,#15393,.T.);
#16395=CARTESIAN_POINT('',(33.126101339,119.129587024,43.517693924));
#16396=DIRECTION('',(-0.,-1.,0.));
#16397=DIRECTION('',(0.,0.,1.));
#16398=AXIS2_PLACEMENT_3D('',#16395,#16396,#16397);
#16399=CIRCLE('',#16398,10.);
#16400=EDGE_CURVE('',#15379,#16356,#16399,.T.);
#16401=ORIENTED_EDGE('',*,*,#16400,.T.);
#16402=ORIENTED_EDGE('',*,*,#16361,.T.);
#16403=CARTESIAN_POINT('',(44.126101339,119.129587024,41.558102129));
#16404=VERTEX_POINT('',#16403);
#16405=CARTESIAN_POINT('',(44.126101339,119.129587024,34.517693924));
#16406=DIRECTION('',(0.,-0.,1.));
#16407=VECTOR('',#16406,7.040408206);
#16408=LINE('',#16405,#16407);
#16409=EDGE_CURVE('',#16348,#16404,#16408,.T.);
#16410=ORIENTED_EDGE('',*,*,#16409,.T.);
#16411=CARTESIAN_POINT('',(41.726101339,119.129587024,43.517693924));
#16412=VERTEX_POINT('',#16411);
#16413=CARTESIAN_POINT('',(43.726101339,119.129587024,43.517693924));
#16414=DIRECTION('',(-0.,-1.,0.));
#16415=DIRECTION('',(0.,0.,1.));
#16416=AXIS2_PLACEMENT_3D('',#16413,#16414,#16415);
#16417=CIRCLE('',#16416,2.);
#16418=EDGE_CURVE('',#16412,#16404,#16417,.T.);
#16419=ORIENTED_EDGE('',*,*,#16418,.F.);
#16420=CARTESIAN_POINT('',(43.726101339,119.129587024,43.517693924));
#16421=DIRECTION('',(-0.,-1.,0.));
#16422=DIRECTION('',(0.,0.,1.));
#16423=AXIS2_PLACEMENT_3D('',#16420,#16421,#16422);
#16424=CIRCLE('',#16423,2.);
#16425=EDGE_CURVE('',#16379,#16412,#16424,.T.);
#16426=ORIENTED_EDGE('',*,*,#16425,.F.);
#16427=EDGE_LOOP('',(#16387,#16393,#16394,#16401,#16402,#16410,#16419,#16426));
#16428=FACE_BOUND('',#16427,.T.);
#16429=CARTESIAN_POINT('',(26.526101339,119.129587024,43.517693924));
#16430=VERTEX_POINT('',#16429);
#16431=CARTESIAN_POINT('',(33.126101339,119.129587024,50.117693924));
#16432=VERTEX_POINT('',#16431);
#16433=CARTESIAN_POINT('',(33.126101339,119.129587024,43.517693924));
#16434=DIRECTION('',(-0.,-1.,0.));
#16435=DIRECTION('',(0.,0.,1.));
#16436=AXIS2_PLACEMENT_3D('',#16433,#16434,#16435);
#16437=CIRCLE('',#16436,6.6);
#16438=EDGE_CURVE('',#16430,#16432,#16437,.T.);
#16439=ORIENTED_EDGE('',*,*,#16438,.F.);
#16440=CARTESIAN_POINT('',(33.126101339,119.129587024,43.517693924));
#16441=DIRECTION('',(-0.,-1.,0.));
#16442=DIRECTION('',(0.,0.,1.));
#16443=AXIS2_PLACEMENT_3D('',#16440,#16441,#16442);
#16444=CIRCLE('',#16443,6.6);
#16445=EDGE_CURVE('',#16432,#16430,#16444,.T.);
#16446=ORIENTED_EDGE('',*,*,#16445,.F.);
#16447=EDGE_LOOP('',(#16439,#16446));
#16448=FACE_BOUND('',#16447,.T.);
#16449=ADVANCED_FACE('',(#16428,#16448),#16377,.T.);
#16450=OVER_RIDING_STYLED_ITEM('',(#143),#16449,#26);
#16451=CARTESIAN_POINT('',(47.452211104,119.776247318,52.517693924));
#16452=DIRECTION('',(0.,0.,1.));
#16453=DIRECTION('',(0.,1.,-0.));
#16454=AXIS2_PLACEMENT_3D('',#16451,#16452,#16453);
#16455=PLANE('',#16454);
#16456=ORIENTED_EDGE('',*,*,#16215,.F.);
#16457=ORIENTED_EDGE('',*,*,#15401,.T.);
#16458=ORIENTED_EDGE('',*,*,#16392,.F.);
#16459=CARTESIAN_POINT('',(44.126101339,119.129587024,52.517693924));
#16460=DIRECTION('',(-0.,-1.,0.));
#16461=VECTOR('',#16460,1.);
#16462=LINE('',#16459,#16461);
#16463=EDGE_CURVE('',#16381,#121,#16462,.T.);
#16464=ORIENTED_EDGE('',*,*,#16463,.T.);
#16465=ORIENTED_EDGE('',*,*,#126,.T.);
#16466=CARTESIAN_POINT('',(57.126101339,121.129587024,52.517693924));
#16467=DIRECTION('',(-0.,-1.,0.));
#16468=VECTOR('',#16467,3.);
#16469=LINE('',#16466,#16468);
#16470=EDGE_CURVE('',#16210,#113,#16469,.T.);
#16471=ORIENTED_EDGE('',*,*,#16470,.F.);
#16472=EDGE_LOOP('',(#16456,#16457,#16458,#16464,#16465,#16471));
#16473=FACE_BOUND('',#16472,.T.);
#16474=ADVANCED_FACE('',(#16473),#16455,.T.);
#16475=OVER_RIDING_STYLED_ITEM('',(#143),#16474,#26);
#16476=CARTESIAN_POINT('',(16.626101339,129.129587024,34.517693924));
#16477=DIRECTION('',(0.,1.,-0.));
#16478=DIRECTION('',(-1.,0.,0.));
#16479=AXIS2_PLACEMENT_3D('',#16476,#16477,#16478);
#16480=CYLINDRICAL_SURFACE('',#16479,0.5);
#16481=ORIENTED_EDGE('',*,*,#15781,.T.);
#16482=ORIENTED_EDGE('',*,*,#16114,.T.);
#16483=ORIENTED_EDGE('',*,*,#16097,.F.);
#16484=CARTESIAN_POINT('',(16.126101339,129.129587024,34.517693924));
#16485=DIRECTION('',(-0.,-1.,0.));
#16486=VECTOR('',#16485,2.4);
#16487=LINE('',#16484,#16486);
#16488=EDGE_CURVE('',#15775,#16085,#16487,.T.);
#16489=ORIENTED_EDGE('',*,*,#16488,.F.);
#16490=EDGE_LOOP('',(#16481,#16482,#16483,#16489));
#16491=FACE_BOUND('',#16490,.T.);
#16492=ADVANCED_FACE('',(#16491),#16480,.T.);
#16493=OVER_RIDING_STYLED_ITEM('',(#143),#16492,#26);
#16494=CARTESIAN_POINT('',(16.126101339,129.129587024,34.517693924));
#16495=DIRECTION('',(-1.,0.,0.));
#16496=DIRECTION('',(0.,0.,1.));
#16497=AXIS2_PLACEMENT_3D('',#16494,#16495,#16496);
#16498=PLANE('',#16497);
#16499=ORIENTED_EDGE('',*,*,#16488,.T.);
#16500=ORIENTED_EDGE('',*,*,#16090,.T.);
#16501=CARTESIAN_POINT('',(16.126101339,129.129587024,37.017693924));
#16502=DIRECTION('',(-0.,-1.,0.));
#16503=VECTOR('',#16502,2.4);
#16504=LINE('',#16501,#16503);
#16505=EDGE_CURVE('',#15784,#16076,#16504,.T.);
#16506=ORIENTED_EDGE('',*,*,#16505,.F.);
#16507=ORIENTED_EDGE('',*,*,#15789,.F.);
#16508=EDGE_LOOP('',(#16499,#16500,#16506,#16507));
#16509=FACE_BOUND('',#16508,.T.);
#16510=ADVANCED_FACE('',(#16509),#16498,.T.);
#16511=OVER_RIDING_STYLED_ITEM('',(#143),#16510,#26);
#16512=CARTESIAN_POINT('',(16.626101339,129.129587024,37.017693924));
#16513=DIRECTION('',(0.,1.,-0.));
#16514=DIRECTION('',(-1.,0.,0.));
#16515=AXIS2_PLACEMENT_3D('',#16512,#16513,#16514);
#16516=CYLINDRICAL_SURFACE('',#16515,0.5);
#16517=ORIENTED_EDGE('',*,*,#15798,.T.);
#16518=ORIENTED_EDGE('',*,*,#16505,.T.);
#16519=ORIENTED_EDGE('',*,*,#16082,.F.);
#16520=CARTESIAN_POINT('',(17.026101339,129.129587024,37.317693924));
#16521=DIRECTION('',(-0.,-1.,0.));
#16522=VECTOR('',#16521,2.4);
#16523=LINE('',#16520,#16522);
#16524=EDGE_CURVE('',#15792,#16067,#16523,.T.);
#16525=ORIENTED_EDGE('',*,*,#16524,.F.);
#16526=EDGE_LOOP('',(#16517,#16518,#16519,#16525));
#16527=FACE_BOUND('',#16526,.T.);
#16528=ADVANCED_FACE('',(#16527),#16516,.T.);
#16529=OVER_RIDING_STYLED_ITEM('',(#143),#16528,#26);
#16530=CARTESIAN_POINT('',(18.626101339,129.129587024,38.517693924));
#16531=DIRECTION('',(0.,1.,-0.));
#16532=DIRECTION('',(-1.,0.,0.));
#16533=AXIS2_PLACEMENT_3D('',#16530,#16531,#16532);
#16534=CYLINDRICAL_SURFACE('',#16533,2.);
#16535=ORIENTED_EDGE('',*,*,#16524,.T.);
#16536=ORIENTED_EDGE('',*,*,#16073,.T.);
#16537=CARTESIAN_POINT('',(17.026101339,129.129587024,39.717693924));
#16538=DIRECTION('',(-0.,-1.,0.));
#16539=VECTOR('',#16538,2.4);
#16540=LINE('',#16537,#16539);
#16541=EDGE_CURVE('',#15801,#16058,#16540,.T.);
#16542=ORIENTED_EDGE('',*,*,#16541,.F.);
#16543=ORIENTED_EDGE('',*,*,#15807,.F.);
#16544=EDGE_LOOP('',(#16535,#16536,#16542,#16543));
#16545=FACE_BOUND('',#16544,.T.);
#16546=ADVANCED_FACE('',(#16545),#16534,.F.);
#16547=OVER_RIDING_STYLED_ITEM('',(#143),#16546,#26);
#16548=CARTESIAN_POINT('',(16.626101339,129.129587024,40.017693924));
#16549=DIRECTION('',(0.,1.,-0.));
#16550=DIRECTION('',(-1.,0.,0.));
#16551=AXIS2_PLACEMENT_3D('',#16548,#16549,#16550);
#16552=CYLINDRICAL_SURFACE('',#16551,0.5);
#16553=ORIENTED_EDGE('',*,*,#15816,.T.);
#16554=ORIENTED_EDGE('',*,*,#16541,.T.);
#16555=ORIENTED_EDGE('',*,*,#16064,.F.);
#16556=CARTESIAN_POINT('',(16.126101339,129.129587024,40.017693924));
#16557=DIRECTION('',(-0.,-1.,0.));
#16558=VECTOR('',#16557,2.4);
#16559=LINE('',#16556,#16558);
#16560=EDGE_CURVE('',#15810,#16050,#16559,.T.);
#16561=ORIENTED_EDGE('',*,*,#16560,.F.);
#16562=EDGE_LOOP('',(#16553,#16554,#16555,#16561));
#16563=FACE_BOUND('',#16562,.T.);
#16564=ADVANCED_FACE('',(#16563),#16552,.T.);
#16565=OVER_RIDING_STYLED_ITEM('',(#143),#16564,#26);
#16566=CARTESIAN_POINT('',(16.126101339,129.129587024,40.017693924));
#16567=DIRECTION('',(-1.,0.,0.));
#16568=DIRECTION('',(0.,0.,1.));
#16569=AXIS2_PLACEMENT_3D('',#16566,#16567,#16568);
#16570=PLANE('',#16569);
#16571=ORIENTED_EDGE('',*,*,#16560,.T.);
#16572=ORIENTED_EDGE('',*,*,#16055,.T.);
#16573=ORIENTED_EDGE('',*,*,#16005,.T.);
#16574=ORIENTED_EDGE('',*,*,#15969,.T.);
#16575=CARTESIAN_POINT('',(16.126101339,129.129587024,47.017693924));
#16576=DIRECTION('',(-0.,-1.,0.));
#16577=VECTOR('',#16576,2.4);
#16578=LINE('',#16575,#16577);
#16579=EDGE_CURVE('',#15819,#15957,#16578,.T.);
#16580=ORIENTED_EDGE('',*,*,#16579,.F.);
#16581=ORIENTED_EDGE('',*,*,#15824,.F.);
#16582=EDGE_LOOP('',(#16571,#16572,#16573,#16574,#16580,#16581));
#16583=FACE_BOUND('',#16582,.T.);
#16584=ADVANCED_FACE('',(#16583),#16570,.T.);
#16585=OVER_RIDING_STYLED_ITEM('',(#143),#16584,#26);
#16586=CARTESIAN_POINT('',(16.626101339,129.129587024,47.017693924));
#16587=DIRECTION('',(0.,1.,-0.));
#16588=DIRECTION('',(-1.,0.,0.));
#16589=AXIS2_PLACEMENT_3D('',#16586,#16587,#16588);
#16590=CYLINDRICAL_SURFACE('',#16589,0.5);
#16591=ORIENTED_EDGE('',*,*,#15833,.T.);
#16592=ORIENTED_EDGE('',*,*,#16579,.T.);
#16593=ORIENTED_EDGE('',*,*,#15963,.F.);
#16594=CARTESIAN_POINT('',(17.026101339,129.129587024,47.317693924));
#16595=DIRECTION('',(-0.,-1.,0.));
#16596=VECTOR('',#16595,2.4);
#16597=LINE('',#16594,#16596);
#16598=EDGE_CURVE('',#15827,#15948,#16597,.T.);
#16599=ORIENTED_EDGE('',*,*,#16598,.F.);
#16600=EDGE_LOOP('',(#16591,#16592,#16593,#16599));
#16601=FACE_BOUND('',#16600,.T.);
#16602=ADVANCED_FACE('',(#16601),#16590,.T.);
#16603=OVER_RIDING_STYLED_ITEM('',(#143),#16602,#26);
#16604=CARTESIAN_POINT('',(18.626101339,129.129587024,48.517693924));
#16605=DIRECTION('',(0.,1.,-0.));
#16606=DIRECTION('',(-1.,0.,0.));
#16607=AXIS2_PLACEMENT_3D('',#16604,#16605,#16606);
#16608=CYLINDRICAL_SURFACE('',#16607,2.);
#16609=ORIENTED_EDGE('',*,*,#16598,.T.);
#16610=ORIENTED_EDGE('',*,*,#15954,.T.);
#16611=CARTESIAN_POINT('',(17.026101339,129.129587024,49.717693924));
#16612=DIRECTION('',(-0.,-1.,0.));
#16613=VECTOR('',#16612,2.4);
#16614=LINE('',#16611,#16613);
#16615=EDGE_CURVE('',#15836,#15939,#16614,.T.);
#16616=ORIENTED_EDGE('',*,*,#16615,.F.);
#16617=ORIENTED_EDGE('',*,*,#15842,.F.);
#16618=EDGE_LOOP('',(#16609,#16610,#16616,#16617));
#16619=FACE_BOUND('',#16618,.T.);
#16620=ADVANCED_FACE('',(#16619),#16608,.F.);
#16621=OVER_RIDING_STYLED_ITEM('',(#143),#16620,#26);
#16622=CARTESIAN_POINT('',(16.626101339,129.129587024,50.017693924));
#16623=DIRECTION('',(0.,1.,-0.));
#16624=DIRECTION('',(-1.,0.,0.));
#16625=AXIS2_PLACEMENT_3D('',#16622,#16623,#16624);
#16626=CYLINDRICAL_SURFACE('',#16625,0.5);
#16627=ORIENTED_EDGE('',*,*,#15851,.T.);
#16628=ORIENTED_EDGE('',*,*,#16615,.T.);
#16629=ORIENTED_EDGE('',*,*,#15945,.F.);
#16630=CARTESIAN_POINT('',(16.126101339,129.129587024,50.017693924));
#16631=DIRECTION('',(-0.,-1.,0.));
#16632=VECTOR('',#16631,2.4);
#16633=LINE('',#16630,#16632);
#16634=EDGE_CURVE('',#15845,#15931,#16633,.T.);
#16635=ORIENTED_EDGE('',*,*,#16634,.F.);
#16636=EDGE_LOOP('',(#16627,#16628,#16629,#16635));
#16637=FACE_BOUND('',#16636,.T.);
#16638=ADVANCED_FACE('',(#16637),#16626,.T.);
#16639=OVER_RIDING_STYLED_ITEM('',(#143),#16638,#26);
#16640=CARTESIAN_POINT('',(16.126101339,129.129587024,52.517693924));
#16641=DIRECTION('',(1.,-0.,-0.));
#16642=DIRECTION('',(-0.,0.,-1.));
#16643=AXIS2_PLACEMENT_3D('',#16640,#16641,#16642);
#16644=PLANE('',#16643);
#16645=ORIENTED_EDGE('',*,*,#15859,.T.);
#16646=ORIENTED_EDGE('',*,*,#16634,.T.);
#16647=ORIENTED_EDGE('',*,*,#15936,.F.);
#16648=CARTESIAN_POINT('',(16.126101339,129.129587024,52.517693924));
#16649=DIRECTION('',(-0.,-1.,0.));
#16650=VECTOR('',#16649,2.4);
#16651=LINE('',#16648,#16650);
#16652=EDGE_CURVE('',#15854,#15922,#16651,.T.);
#16653=ORIENTED_EDGE('',*,*,#16652,.F.);
#16654=EDGE_LOOP('',(#16645,#16646,#16647,#16653));
#16655=FACE_BOUND('',#16654,.T.);
#16656=ADVANCED_FACE('',(#16655),#16644,.F.);
#16657=OVER_RIDING_STYLED_ITEM('',(#143),#16656,#26);
#16658=CARTESIAN_POINT('',(16.626101339,129.129587024,52.517693924));
#16659=DIRECTION('',(0.,1.,-0.));
#16660=DIRECTION('',(-1.,0.,0.));
#16661=AXIS2_PLACEMENT_3D('',#16658,#16659,#16660);
#16662=CYLINDRICAL_SURFACE('',#16661,0.5);
#16663=ORIENTED_EDGE('',*,*,#15868,.T.);
#16664=ORIENTED_EDGE('',*,*,#16652,.T.);
#16665=ORIENTED_EDGE('',*,*,#15928,.F.);
#16666=ORIENTED_EDGE('',*,*,#15893,.F.);
#16667=EDGE_LOOP('',(#16663,#16664,#16665,#16666));
#16668=FACE_BOUND('',#16667,.T.);
#16669=ADVANCED_FACE('',(#16668),#16662,.T.);
#16670=OVER_RIDING_STYLED_ITEM('',(#143),#16669,#26);
#16671=CARTESIAN_POINT('',(57.126101339,119.249291618,43.517693924));
#16672=DIRECTION('',(1.,-0.,-0.));
#16673=DIRECTION('',(0.,1.,-0.));
#16674=AXIS2_PLACEMENT_3D('',#16671,#16672,#16673);
#16675=PLANE('',#16674);
#16676=ORIENTED_EDGE('',*,*,#16240,.F.);
#16677=CARTESIAN_POINT('',(57.126101339,119.129587024,38.644296751));
#16678=VERTEX_POINT('',#16677);
#16679=CARTESIAN_POINT('',(57.126101339,121.129587024,38.644296752));
#16680=DIRECTION('',(-0.,-1.,0.));
#16681=VECTOR('',#16680,2.);
#16682=LINE('',#16679,#16681);
#16683=EDGE_CURVE('',#16226,#16678,#16682,.T.);
#16684=ORIENTED_EDGE('',*,*,#16683,.T.);
#16685=CARTESIAN_POINT('',(57.126101339,119.129587024,48.391091096));
#16686=VERTEX_POINT('',#16685);
#16687=CARTESIAN_POINT('',(57.126101339,119.129587024,48.391091096));
#16688=DIRECTION('',(-0.,0.,-1.));
#16689=VECTOR('',#16688,9.746794345);
#16690=LINE('',#16687,#16689);
#16691=EDGE_CURVE('',#16686,#16678,#16690,.T.);
#16692=ORIENTED_EDGE('',*,*,#16691,.F.);
#16693=CARTESIAN_POINT('',(57.126101339,121.129587024,48.391091096));
#16694=DIRECTION('',(-0.,-1.,0.));
#16695=VECTOR('',#16694,2.);
#16696=LINE('',#16693,#16695);
#16697=EDGE_CURVE('',#16218,#16686,#16696,.T.);
#16698=ORIENTED_EDGE('',*,*,#16697,.F.);
#16699=ORIENTED_EDGE('',*,*,#16223,.F.);
#16700=ORIENTED_EDGE('',*,*,#16470,.T.);
#16701=ORIENTED_EDGE('',*,*,#118,.T.);
#16702=ORIENTED_EDGE('',*,*,#16344,.F.);
#16703=EDGE_LOOP('',(#16676,#16684,#16692,#16698,#16699,#16700,#16701,#16702));
#16704=FACE_BOUND('',#16703,.T.);
#16705=ADVANCED_FACE('',(#16704),#16675,.T.);
#16706=OVER_RIDING_STYLED_ITEM('',(#143),#16705,#26);
#16707=CARTESIAN_POINT('',(53.626101339,121.629587024,43.517693924));
#16708=DIRECTION('',(0.,1.,-0.));
#16709=DIRECTION('',(-1.,0.,0.));
#16710=AXIS2_PLACEMENT_3D('',#16707,#16708,#16709);
#16711=CYLINDRICAL_SURFACE('',#16710,6.);
#16712=ORIENTED_EDGE('',*,*,#16697,.T.);
#16713=CARTESIAN_POINT('',(53.626101339,119.129587024,43.517693924));
#16714=DIRECTION('',(-0.,-1.,0.));
#16715=DIRECTION('',(0.,0.,1.));
#16716=AXIS2_PLACEMENT_3D('',#16713,#16714,#16715);
#16717=CIRCLE('',#16716,6.);
#16718=EDGE_CURVE('',#16678,#16686,#16717,.T.);
#16719=ORIENTED_EDGE('',*,*,#16718,.F.);
#16720=ORIENTED_EDGE('',*,*,#16683,.F.);
#16721=ORIENTED_EDGE('',*,*,#16232,.F.);
#16722=EDGE_LOOP('',(#16712,#16719,#16720,#16721));
#16723=FACE_BOUND('',#16722,.T.);
#16724=ADVANCED_FACE('',(#16723),#16711,.T.);
#16725=OVER_RIDING_STYLED_ITEM('',(#143),#16724,#26);
#16726=CARTESIAN_POINT('',(44.126101339,119.129587024,34.517693924));
#16727=DIRECTION('',(-1.,0.,0.));
#16728=DIRECTION('',(0.,0.,1.));
#16729=AXIS2_PLACEMENT_3D('',#16726,#16727,#16728);
#16730=PLANE('',#16729);
#16731=ORIENTED_EDGE('',*,*,#16409,.F.);
#16732=ORIENTED_EDGE('',*,*,#16353,.T.);
#16733=ORIENTED_EDGE('',*,*,#132,.T.);
#16734=ORIENTED_EDGE('',*,*,#16463,.F.);
#16735=ORIENTED_EDGE('',*,*,#16386,.F.);
#16736=CARTESIAN_POINT('',(44.126101339,118.329587024,45.477285718));
#16737=VERTEX_POINT('',#16736);
#16738=CARTESIAN_POINT('',(44.126101339,119.129587024,45.477285719));
#16739=DIRECTION('',(-0.,-1.,0.));
#16740=VECTOR('',#16739,0.8);
#16741=LINE('',#16738,#16740);
#16742=EDGE_CURVE('',#16379,#16737,#16741,.T.);
#16743=ORIENTED_EDGE('',*,*,#16742,.T.);
#16744=CARTESIAN_POINT('',(44.126101339,118.329587024,41.558102129));
#16745=VERTEX_POINT('',#16744);
#16746=CARTESIAN_POINT('',(44.126101339,118.329587024,41.558102129));
#16747=DIRECTION('',(0.,-0.,1.));
#16748=VECTOR('',#16747,3.919183589);
#16749=LINE('',#16746,#16748);
#16750=EDGE_CURVE('',#16745,#16737,#16749,.T.);
#16751=ORIENTED_EDGE('',*,*,#16750,.F.);
#16752=CARTESIAN_POINT('',(44.126101339,119.129587024,41.558102129));
#16753=DIRECTION('',(-0.,-1.,0.));
#16754=VECTOR('',#16753,0.8);
#16755=LINE('',#16752,#16754);
#16756=EDGE_CURVE('',#16404,#16745,#16755,.T.);
#16757=ORIENTED_EDGE('',*,*,#16756,.F.);
#16758=EDGE_LOOP('',(#16731,#16732,#16733,#16734,#16735,#16743,#16751,#16757));
#16759=FACE_BOUND('',#16758,.T.);
#16760=ADVANCED_FACE('',(#16759),#16730,.T.);
#16761=OVER_RIDING_STYLED_ITEM('',(#143),#16760,#26);
#16762=CARTESIAN_POINT('',(43.726101339,119.129587024,43.517693924));
#16763=DIRECTION('',(0.,1.,-0.));
#16764=DIRECTION('',(-1.,0.,0.));
#16765=AXIS2_PLACEMENT_3D('',#16762,#16763,#16764);
#16766=CYLINDRICAL_SURFACE('',#16765,2.);
#16767=CARTESIAN_POINT('',(41.726101339,118.329587024,43.517693924));
#16768=VERTEX_POINT('',#16767);
#16769=CARTESIAN_POINT('',(41.726101339,119.129587024,43.517693924));
#16770=DIRECTION('',(-0.,-1.,0.));
#16771=VECTOR('',#16770,0.8);
#16772=LINE('',#16769,#16771);
#16773=EDGE_CURVE('',#16412,#16768,#16772,.T.);
#16774=ORIENTED_EDGE('',*,*,#16773,.T.);
#16775=CARTESIAN_POINT('',(43.726101339,118.329587024,43.517693924));
#16776=DIRECTION('',(-0.,-1.,0.));
#16777=DIRECTION('',(0.,0.,1.));
#16778=AXIS2_PLACEMENT_3D('',#16775,#16776,#16777);
#16779=CIRCLE('',#16778,2.);
#16780=EDGE_CURVE('',#16737,#16768,#16779,.T.);
#16781=ORIENTED_EDGE('',*,*,#16780,.F.);
#16782=ORIENTED_EDGE('',*,*,#16742,.F.);
#16783=ORIENTED_EDGE('',*,*,#16425,.T.);
#16784=EDGE_LOOP('',(#16774,#16781,#16782,#16783));
#16785=FACE_BOUND('',#16784,.T.);
#16786=ADVANCED_FACE('',(#16785),#16766,.T.);
#16787=OVER_RIDING_STYLED_ITEM('',(#143),#16786,#26);
#16788=CARTESIAN_POINT('',(33.126101339,119.129587024,43.517693924));
#16789=DIRECTION('',(0.,1.,-0.));
#16790=DIRECTION('',(-1.,0.,0.));
#16791=AXIS2_PLACEMENT_3D('',#16788,#16789,#16790);
#16792=CYLINDRICAL_SURFACE('',#16791,6.6);
#16793=CARTESIAN_POINT('',(26.526101339,117.629587024,43.517693924));
#16794=VERTEX_POINT('',#16793);
#16795=CARTESIAN_POINT('',(26.526101339,119.129587024,43.517693924));
#16796=DIRECTION('',(-0.,-1.,0.));
#16797=VECTOR('',#16796,1.5);
#16798=LINE('',#16795,#16797);
#16799=EDGE_CURVE('',#16430,#16794,#16798,.T.);
#16800=ORIENTED_EDGE('',*,*,#16799,.T.);
#16801=CARTESIAN_POINT('',(33.126101339,117.629587024,50.117693924));
#16802=VERTEX_POINT('',#16801);
#16803=CARTESIAN_POINT('',(33.126101339,117.629587024,43.517693924));
#16804=DIRECTION('',(-0.,-1.,0.));
#16805=DIRECTION('',(0.,0.,1.));
#16806=AXIS2_PLACEMENT_3D('',#16803,#16804,#16805);
#16807=CIRCLE('',#16806,6.6);
#16808=EDGE_CURVE('',#16802,#16794,#16807,.T.);
#16809=ORIENTED_EDGE('',*,*,#16808,.F.);
#16810=CARTESIAN_POINT('',(33.126101339,117.629587024,43.517693924));
#16811=DIRECTION('',(-0.,-1.,0.));
#16812=DIRECTION('',(0.,0.,1.));
#16813=AXIS2_PLACEMENT_3D('',#16810,#16811,#16812);
#16814=CIRCLE('',#16813,6.6);
#16815=EDGE_CURVE('',#16794,#16802,#16814,.T.);
#16816=ORIENTED_EDGE('',*,*,#16815,.F.);
#16817=ORIENTED_EDGE('',*,*,#16799,.F.);
#16818=ORIENTED_EDGE('',*,*,#16438,.T.);
#16819=ORIENTED_EDGE('',*,*,#16445,.T.);
#16820=EDGE_LOOP('',(#16800,#16809,#16816,#16817,#16818,#16819));
#16821=FACE_BOUND('',#16820,.T.);
#16822=ADVANCED_FACE('',(#16821),#16792,.T.);
#16823=OVER_RIDING_STYLED_ITEM('',(#143),#16822,#26);
#16824=CARTESIAN_POINT('',(42.478124856,119.129587024,43.517693924));
#16825=DIRECTION('',(-0.,-1.,0.));
#16826=DIRECTION('',(-1.,0.,0.));
#16827=AXIS2_PLACEMENT_3D('',#16824,#16825,#16826);
#16828=PLANE('',#16827);
#16829=ORIENTED_EDGE('',*,*,#16718,.T.);
#16830=ORIENTED_EDGE('',*,*,#16691,.T.);
#16831=EDGE_LOOP('',(#16829,#16830));
#16832=FACE_BOUND('',#16831,.T.);
#16833=ADVANCED_FACE('',(#16832),#16828,.T.);
#16834=OVER_RIDING_STYLED_ITEM('',(#143),#16833,#26);
#16835=CARTESIAN_POINT('',(43.25995371,118.329587024,43.517693924));
#16836=DIRECTION('',(-0.,-1.,0.));
#16837=DIRECTION('',(-1.,0.,0.));
#16838=AXIS2_PLACEMENT_3D('',#16835,#16836,#16837);
#16839=PLANE('',#16838);
#16840=ORIENTED_EDGE('',*,*,#16780,.T.);
#16841=CARTESIAN_POINT('',(43.726101339,118.329587024,43.517693924));
#16842=DIRECTION('',(-0.,-1.,0.));
#16843=DIRECTION('',(0.,0.,1.));
#16844=AXIS2_PLACEMENT_3D('',#16841,#16842,#16843);
#16845=CIRCLE('',#16844,2.);
#16846=EDGE_CURVE('',#16768,#16745,#16845,.T.);
#16847=ORIENTED_EDGE('',*,*,#16846,.T.);
#16848=ORIENTED_EDGE('',*,*,#16750,.T.);
#16849=EDGE_LOOP('',(#16840,#16847,#16848));
#16850=FACE_BOUND('',#16849,.T.);
#16851=ADVANCED_FACE('',(#16850),#16839,.T.);
#16852=OVER_RIDING_STYLED_ITEM('',(#143),#16851,#26);
#16853=CARTESIAN_POINT('',(33.126101339,117.629587024,43.517693924));
#16854=DIRECTION('',(-0.,-1.,0.));
#16855=DIRECTION('',(-0.,0.,-1.));
#16856=AXIS2_PLACEMENT_3D('',#16853,#16854,#16855);
#16857=PLANE('',#16856);
#16858=ORIENTED_EDGE('',*,*,#16808,.T.);
#16859=ORIENTED_EDGE('',*,*,#16815,.T.);
#16860=EDGE_LOOP('',(#16858,#16859));
#16861=FACE_BOUND('',#16860,.T.);
#16862=CARTESIAN_POINT('',(27.726101339,117.629587024,43.517693924));
#16863=VERTEX_POINT('',#16862);
#16864=CARTESIAN_POINT('',(33.126101339,117.629587024,48.917693924));
#16865=VERTEX_POINT('',#16864);
#16866=CARTESIAN_POINT('',(33.126101339,117.629587024,43.517693924));
#16867=DIRECTION('',(-0.,-1.,0.));
#16868=DIRECTION('',(0.,0.,1.));
#16869=AXIS2_PLACEMENT_3D('',#16866,#16867,#16868);
#16870=CIRCLE('',#16869,5.4);
#16871=EDGE_CURVE('',#16863,#16865,#16870,.T.);
#16872=ORIENTED_EDGE('',*,*,#16871,.F.);
#16873=CARTESIAN_POINT('',(33.126101339,117.629587024,43.517693924));
#16874=DIRECTION('',(-0.,-1.,0.));
#16875=DIRECTION('',(0.,0.,1.));
#16876=AXIS2_PLACEMENT_3D('',#16873,#16874,#16875);
#16877=CIRCLE('',#16876,5.4);
#16878=EDGE_CURVE('',#16865,#16863,#16877,.T.);
#16879=ORIENTED_EDGE('',*,*,#16878,.F.);
#16880=EDGE_LOOP('',(#16872,#16879));
#16881=FACE_BOUND('',#16880,.T.);
#16882=ADVANCED_FACE('',(#16861,#16881),#16857,.T.);
#16883=OVER_RIDING_STYLED_ITEM('',(#143),#16882,#26);
#16884=CARTESIAN_POINT('',(33.126101339,117.629587024,43.517693924));
#16885=DIRECTION('',(0.,1.,-0.));
#16886=DIRECTION('',(-1.,0.,0.));
#16887=AXIS2_PLACEMENT_3D('',#16884,#16885,#16886);
#16888=CYLINDRICAL_SURFACE('',#16887,5.4);
#16889=CARTESIAN_POINT('',(27.726101339,117.129587024,43.517693924));
#16890=VERTEX_POINT('',#16889);
#16891=CARTESIAN_POINT('',(27.726101339,117.629587024,43.517693924));
#16892=DIRECTION('',(-0.,-1.,0.));
#16893=VECTOR('',#16892,0.5);
#16894=LINE('',#16891,#16893);
#16895=EDGE_CURVE('',#16863,#16890,#16894,.T.);
#16896=ORIENTED_EDGE('',*,*,#16895,.T.);
#16897=CARTESIAN_POINT('',(33.126101339,117.129587024,48.917693924));
#16898=VERTEX_POINT('',#16897);
#16899=CARTESIAN_POINT('',(33.126101339,117.129587024,43.517693924));
#16900=DIRECTION('',(-0.,-1.,0.));
#16901=DIRECTION('',(0.,0.,1.));
#16902=AXIS2_PLACEMENT_3D('',#16899,#16900,#16901);
#16903=CIRCLE('',#16902,5.4);
#16904=EDGE_CURVE('',#16898,#16890,#16903,.T.);
#16905=ORIENTED_EDGE('',*,*,#16904,.F.);
#16906=CARTESIAN_POINT('',(33.126101339,117.129587024,43.517693924));
#16907=DIRECTION('',(-0.,-1.,0.));
#16908=DIRECTION('',(0.,0.,1.));
#16909=AXIS2_PLACEMENT_3D('',#16906,#16907,#16908);
#16910=CIRCLE('',#16909,5.4);
#16911=EDGE_CURVE('',#16890,#16898,#16910,.T.);
#16912=ORIENTED_EDGE('',*,*,#16911,.F.);
#16913=ORIENTED_EDGE('',*,*,#16895,.F.);
#16914=ORIENTED_EDGE('',*,*,#16871,.T.);
#16915=ORIENTED_EDGE('',*,*,#16878,.T.);
#16916=EDGE_LOOP('',(#16896,#16905,#16912,#16913,#16914,#16915));
#16917=FACE_BOUND('',#16916,.T.);
#16918=ADVANCED_FACE('',(#16917),#16888,.T.);
#16919=OVER_RIDING_STYLED_ITEM('',(#143),#16918,#26);
#16920=CARTESIAN_POINT('',(33.126101339,117.129587024,43.517693924));
#16921=DIRECTION('',(-0.,-1.,0.));
#16922=DIRECTION('',(-1.,0.,0.));
#16923=AXIS2_PLACEMENT_3D('',#16920,#16921,#16922);
#16924=PLANE('',#16923);
#16925=ORIENTED_EDGE('',*,*,#16904,.T.);
#16926=ORIENTED_EDGE('',*,*,#16911,.T.);
#16927=EDGE_LOOP('',(#16925,#16926));
#16928=FACE_BOUND('',#16927,.T.);
#16929=CARTESIAN_POINT('',(33.126101339,117.129587024,46.517693924));
#16930=VERTEX_POINT('',#16929);
#16931=CARTESIAN_POINT('',(30.126101339,117.129587024,43.517693924));
#16932=VERTEX_POINT('',#16931);
#16933=CARTESIAN_POINT('',(33.126101339,117.129587024,43.517693924));
#16934=DIRECTION('',(0.,1.,-0.));
#16935=DIRECTION('',(0.,0.,1.));
#16936=AXIS2_PLACEMENT_3D('',#16933,#16934,#16935);
#16937=CIRCLE('',#16936,3.);
#16938=EDGE_CURVE('',#16930,#16932,#16937,.T.);
#16939=ORIENTED_EDGE('',*,*,#16938,.T.);
#16940=CARTESIAN_POINT('',(33.126101339,117.129587024,43.517693924));
#16941=DIRECTION('',(0.,1.,-0.));
#16942=DIRECTION('',(0.,0.,1.));
#16943=AXIS2_PLACEMENT_3D('',#16940,#16941,#16942);
#16944=CIRCLE('',#16943,3.);
#16945=EDGE_CURVE('',#16932,#16930,#16944,.T.);
#16946=ORIENTED_EDGE('',*,*,#16945,.T.);
#16947=EDGE_LOOP('',(#16939,#16946));
#16948=FACE_BOUND('',#16947,.T.);
#16949=ADVANCED_FACE('',(#16928,#16948),#16924,.T.);
#16950=OVER_RIDING_STYLED_ITEM('',(#143),#16949,#26);
#16951=CARTESIAN_POINT('',(33.126101339,129.129587024,43.517693924));
#16952=DIRECTION('',(0.,1.,-0.));
#16953=DIRECTION('',(-1.,0.,0.));
#16954=AXIS2_PLACEMENT_3D('',#16951,#16952,#16953);
#16955=CYLINDRICAL_SURFACE('',#16954,3.);
#16956=CARTESIAN_POINT('',(30.126101339,129.129587024,43.517693924));
#16957=VERTEX_POINT('',#16956);
#16958=CARTESIAN_POINT('',(30.126101339,129.129587024,43.517693924));
#16959=DIRECTION('',(-0.,-1.,0.));
#16960=VECTOR('',#16959,12.);
#16961=LINE('',#16958,#16960);
#16962=EDGE_CURVE('',#16957,#16932,#16961,.T.);
#16963=ORIENTED_EDGE('',*,*,#16962,.F.);
#16964=CARTESIAN_POINT('',(33.126101339,129.129587024,46.517693924));
#16965=VERTEX_POINT('',#16964);
#16966=CARTESIAN_POINT('',(33.126101339,129.129587024,43.517693924));
#16967=DIRECTION('',(-0.,-1.,0.));
#16968=DIRECTION('',(0.,0.,1.));
#16969=AXIS2_PLACEMENT_3D('',#16966,#16967,#16968);
#16970=CIRCLE('',#16969,3.);
#16971=EDGE_CURVE('',#16965,#16957,#16970,.T.);
#16972=ORIENTED_EDGE('',*,*,#16971,.F.);
#16973=CARTESIAN_POINT('',(33.126101339,129.129587024,43.517693924));
#16974=DIRECTION('',(-0.,-1.,0.));
#16975=DIRECTION('',(0.,0.,1.));
#16976=AXIS2_PLACEMENT_3D('',#16973,#16974,#16975);
#16977=CIRCLE('',#16976,3.);
#16978=EDGE_CURVE('',#16957,#16965,#16977,.T.);
#16979=ORIENTED_EDGE('',*,*,#16978,.F.);
#16980=ORIENTED_EDGE('',*,*,#16962,.T.);
#16981=ORIENTED_EDGE('',*,*,#16938,.F.);
#16982=ORIENTED_EDGE('',*,*,#16945,.F.);
#16983=EDGE_LOOP('',(#16963,#16972,#16979,#16980,#16981,#16982));
#16984=FACE_BOUND('',#16983,.T.);
#16985=ADVANCED_FACE('',(#16984),#16955,.F.);
#16986=OVER_RIDING_STYLED_ITEM('',(#143),#16985,#26);
#16987=CARTESIAN_POINT('',(33.126101339,129.129587024,43.517693924));
#16988=DIRECTION('',(-0.,-1.,0.));
#16989=DIRECTION('',(-1.,0.,0.));
#16990=AXIS2_PLACEMENT_3D('',#16987,#16988,#16989);
#16991=PLANE('',#16990);
#16992=ORIENTED_EDGE('',*,*,#16971,.T.);
#16993=ORIENTED_EDGE('',*,*,#16978,.T.);
#16994=EDGE_LOOP('',(#16992,#16993));
#16995=FACE_BOUND('',#16994,.T.);
#16996=ADVANCED_FACE('',(#16995),#16991,.T.);
#16997=OVER_RIDING_STYLED_ITEM('',(#143),#16996,#26);
#16998=CARTESIAN_POINT('',(61.475202637,156.129587024,35.268592626));
#16999=DIRECTION('',(-0.,-1.,0.));
#17000=DIRECTION('',(-1.,0.,0.));
#17001=AXIS2_PLACEMENT_3D('',#16998,#16999,#17000);
#17002=CYLINDRICAL_SURFACE('',#17001,2.);
#17003=ORIENTED_EDGE('',*,*,#14062,.T.);
#17004=ORIENTED_EDGE('',*,*,#14081,.F.);
#17005=ORIENTED_EDGE('',*,*,#13794,.F.);
#17006=ORIENTED_EDGE('',*,*,#14027,.T.);
#17007=EDGE_LOOP('',(#17003,#17004,#17005,#17006));
#17008=FACE_BOUND('',#17007,.T.);
#17009=ADVANCED_FACE('',(#17008),#17002,.F.);
#17010=OVER_RIDING_STYLED_ITEM('',(#143),#17009,#26);
#17011=CARTESIAN_POINT('',(61.475202637,156.129587024,51.766795223));
#17012=DIRECTION('',(-0.,-1.,0.));
#17013=DIRECTION('',(-1.,0.,0.));
#17014=AXIS2_PLACEMENT_3D('',#17011,#17012,#17013);
#17015=CYLINDRICAL_SURFACE('',#17014,2.);
#17016=ORIENTED_EDGE('',*,*,#14140,.T.);
#17017=ORIENTED_EDGE('',*,*,#14211,.F.);
#17018=ORIENTED_EDGE('',*,*,#14175,.T.);
#17019=EDGE_LOOP('',(#17016,#17017,#17018));
#17020=FACE_BOUND('',#17019,.T.);
#17021=ADVANCED_FACE('',(#17020),#17015,.F.);
#17022=OVER_RIDING_STYLED_ITEM('',(#143),#17021,#26);
#17023=CARTESIAN_POINT('',(33.126101339,121.629587024,43.517693924));
#17024=DIRECTION('',(0.,1.,-0.));
#17025=DIRECTION('',(-1.,0.,0.));
#17026=AXIS2_PLACEMENT_3D('',#17023,#17024,#17025);
#17027=CYLINDRICAL_SURFACE('',#17026,10.);
#17028=ORIENTED_EDGE('',*,*,#15384,.F.);
#17029=ORIENTED_EDGE('',*,*,#15366,.T.);
#17030=ORIENTED_EDGE('',*,*,#16168,.F.);
#17031=ORIENTED_EDGE('',*,*,#16327,.F.);
#17032=ORIENTED_EDGE('',*,*,#16186,.T.);
#17033=ORIENTED_EDGE('',*,*,#15343,.T.);
#17034=ORIENTED_EDGE('',*,*,#14750,.T.);
#17035=ORIENTED_EDGE('',*,*,#15489,.F.);
#17036=ORIENTED_EDGE('',*,*,#16255,.F.);
#17037=ORIENTED_EDGE('',*,*,#16367,.T.);
#17038=ORIENTED_EDGE('',*,*,#16400,.F.);
#17039=EDGE_LOOP('',(#17028,#17029,#17030,#17031,#17032,#17033,#17034,#17035,#17036,#17037,#17038));
#17040=FACE_BOUND('',#17039,.T.);
#17041=ADVANCED_FACE('',(#17040),#17027,.T.);
#17042=OVER_RIDING_STYLED_ITEM('',(#143),#17041,#26);
#17043=CARTESIAN_POINT('',(43.726101339,119.129587024,43.517693924));
#17044=DIRECTION('',(0.,1.,-0.));
#17045=DIRECTION('',(-1.,0.,0.));
#17046=AXIS2_PLACEMENT_3D('',#17043,#17044,#17045);
#17047=CYLINDRICAL_SURFACE('',#17046,2.);
#17048=ORIENTED_EDGE('',*,*,#16773,.F.);
#17049=ORIENTED_EDGE('',*,*,#16418,.T.);
#17050=ORIENTED_EDGE('',*,*,#16756,.T.);
#17051=ORIENTED_EDGE('',*,*,#16846,.F.);
#17052=EDGE_LOOP('',(#17048,#17049,#17050,#17051));
#17053=FACE_BOUND('',#17052,.T.);
#17054=ADVANCED_FACE('',(#17053),#17047,.T.);
#17055=OVER_RIDING_STYLED_ITEM('',(#143),#17054,#26);
#17056=CLOSED_SHELL('',(#136,#176,#208,#234,#259,#285,#310,#336,#354,#509,#540,#565,#590,#608,#640,#665,#690,#716,#741,#760,#792,#817,#842,#868,#893,#912,
#2041,#2056,#3350,#3385,#3412,#3439,#3466,#3493,#3520,#3549,#3576,#3603,#3630,#3657,#3684,#3711,#3738,#3765,#3794,#3821,#3850,#3877,#3904,#3933,#3951,
#3985,#4012,#4039,#4066,#4093,#4120,#4149,#4176,#4203,#4230,#4257,#4284,#4311,#4338,#4365,#4394,#4421,#4450,#4477,#4504,#4533,#4551,#4585,#4612,#4639,
#4666,#4693,#4720,#4747,#4774,#4801,#4828,#4855,#4882,#4909,#4936,#4965,#4992,#5019,#5046,#5064,#5096,#5121,#5146,#5171,#5196,#5221,#5246,#5271,#5296,
#5321,#5348,#5375,#5400,#5425,#5443,#5475,#5500,#5527,#5554,#5581,#5608,#5635,#5662,#5689,#5716,#5743,#5770,#5797,#5824,#5849,#5876,#5903,#5930,#5957,
#5984,#6011,#6038,#6065,#6092,#6119,#6146,#6171,#6196,#6214,#6246,#6271,#6296,#6323,#6352,#6379,#6406,#6431,#6456,#6481,#6508,#6535,#6562,#6589,#6616,
#6643,#6670,#6695,#6713,#6745,#6772,#6801,#6830,#6857,#6884,#6911,#6938,#6965,#6992,#7017,#7035,#7067,#7092,#7117,#7135,#7167,#7192,#7219,#7246,#7273,
#7300,#7327,#7354,#7381,#7408,#7435,#7462,#7489,#7516,#7541,#7568,#7595,#7622,#7649,#7676,#7703,#7730,#7757,#7784,#7811,#7838,#7863,#7888,#7906,#7938,
#7963,#7988,#8006,#8038,#8063,#8088,#8113,#8138,#8163,#8188,#8213,#8238,#8263,#8288,#8306,#8338,#8363,#8388,#8406,#8438,#8463,#8488,#8513,#8538,#8563,
#8588,#8606,#8640,#8667,#8694,#8721,#8748,#8775,#8802,#8829,#8856,#8883,#8903,#8935,#8960,#8985,#9012,#9041,#9068,#9095,#9120,#9145,#9170,#9197,#9226,
#9253,#9280,#9307,#9334,#9361,#9386,#9404,#9438,#9465,#9492,#9519,#9546,#9573,#9600,#9627,#9654,#9681,#9708,#9735,#9764,#9789,#9809,#9841,#9868,#9895,
#9922,#9951,#9978,#10003,#10028,#10053,#10080,#10107,#10134,#10161,#10188,#10215,#10240,#10258,#10290,#10315,#10340,#10365,#10390,#10415,#10440,#10465,#10490,#10515,#10540,
#10558,#10662,#10766,#10876,#10899,#10936,#11034,#11143,#11155,#11192,#11204,#11224,#11236,#11252,#11354,#11452,#11584,#11609,#11629,#11663,#11690,#11717,#11744,#11771,#11798,
#11825,#11845,#11879,#11906,#11933,#11960,#11987,#12014,#12041,#12061,#12095,#12122,#12149,#12176,#12203,#12230,#12257,#12284,#12304,#12336,#12363,#12390,#12417,#12444,#12471,
#12496,#12514,#12546,#12573,#12600,#12627,#12654,#12681,#12708,#12735,#12760,#12778,#12812,#12839,#12866,#12893,#12920,#12947,#12974,#13001,#13021,#13053,#13080,#13107,#13134,
#13161,#13188,#13213,#13231,#13265,#13294,#13321,#13348,#13375,#13402,#13429,#13456,#13483,#13510,#13537,#13555,#13571,#13588,#13606,#13623,#13642,#13660,#13677,#13698,#13739,
#13771,#13835,#13867,#13899,#13922,#13979,#14004,#14051,#14068,#14127,#14153,#14199,#14240,#14354,#14379,#14420,#14438,#14476,#14489,#14514,#14550,#14569,#14605,#14637,#14670,
#14695,#14754,#14780,#14812,#14881,#14898,#14923,#14940,#15009,#15034,#15140,#15234,#15270,#15281,#15292,#15328,#15371,#15462,#15494,#15519,#15537,#15564,#15582,#15600,#15618,
#15636,#15654,#15674,#15692,#15710,#15728,#15746,#15759,#15879,#15904,#15973,#15990,#16015,#16032,#16101,#16119,#16130,#16141,#16173,#16198,#16259,#16284,#16301,#16314,#16332,
#16371,#16449,#16474,#16492,#16510,#16528,#16546,#16564,#16584,#16602,#16620,#16638,#16656,#16669,#16705,#16724,#16760,#16786,#16822,#16833,#16851,#16882,#16918,#16949,#16985,
#16996,#17009,#17021,#17041,#17054));
#17057=CARTESIAN_POINT('',(50.626101339,118.329587024,43.517693924));
#17058=DIRECTION('',(-0.,-1.,0.));
#17059=DIRECTION('',(0.,0.,1.));
#17060=AXIS2_PLACEMENT_3D('',#17057,#17058,#17059);
#17061=PLANE('',#17060);
#17062=CARTESIAN_POINT('',(45.126101339,118.329587024,35.517693924));
#17063=VERTEX_POINT('',#17062);
#17064=CARTESIAN_POINT('',(45.126101339,118.329587024,51.517693924));
#17065=VERTEX_POINT('',#17064);
#17066=CARTESIAN_POINT('',(45.126101339,118.329587024,35.517693924));
#17067=DIRECTION('',(0.,0.,1.));
#17068=VECTOR('',#17067,16.);
#17069=LINE('',#17066,#17068);
#17070=EDGE_CURVE('',#17063,#17065,#17069,.T.);
#17071=ORIENTED_EDGE('',*,*,#17070,.T.);
#17072=CARTESIAN_POINT('',(56.126101339,118.329587024,51.517693924));
#17073=VERTEX_POINT('',#17072);
#17074=CARTESIAN_POINT('',(45.126101339,118.329587024,51.517693924));
#17075=DIRECTION('',(1.,-0.,-0.));
#17076=VECTOR('',#17075,11.);
#17077=LINE('',#17074,#17076);
#17078=EDGE_CURVE('',#17065,#17073,#17077,.T.);
#17079=ORIENTED_EDGE('',*,*,#17078,.T.);
#17080=CARTESIAN_POINT('',(56.126101339,118.329587024,35.517693924));
#17081=VERTEX_POINT('',#17080);
#17082=CARTESIAN_POINT('',(56.126101339,118.329587024,51.517693924));
#17083=DIRECTION('',(-0.,-0.,-1.));
#17084=VECTOR('',#17083,16.);
#17085=LINE('',#17082,#17084);
#17086=EDGE_CURVE('',#17073,#17081,#17085,.T.);
#17087=ORIENTED_EDGE('',*,*,#17086,.T.);
#17088=CARTESIAN_POINT('',(56.126101339,118.329587024,35.517693924));
#17089=DIRECTION('',(-1.,0.,0.));
#17090=VECTOR('',#17089,11.);
#17091=LINE('',#17088,#17090);
#17092=EDGE_CURVE('',#17081,#17063,#17091,.T.);
#17093=ORIENTED_EDGE('',*,*,#17092,.T.);
#17094=EDGE_LOOP('',(#17071,#17079,#17087,#17093));
#17095=FACE_BOUND('',#17094,.T.);
#17096=ADVANCED_FACE('',(#17095),#17061,.F.);
#17097=OVER_RIDING_STYLED_ITEM('',(#183),#17096,#26);
#17098=CARTESIAN_POINT('',(50.626101339,118.429587024,43.517693924));
#17099=DIRECTION('',(-0.,-1.,0.));
#17100=DIRECTION('',(-1.,0.,0.));
#17101=AXIS2_PLACEMENT_3D('',#17098,#17099,#17100);
#17102=PLANE('',#17101);
#17103=CARTESIAN_POINT('',(56.126101339,118.429587024,51.517693924));
#17104=VERTEX_POINT('',#17103);
#17105=CARTESIAN_POINT('',(56.126101339,118.429587024,35.517693924));
#17106=VERTEX_POINT('',#17105);
#17107=CARTESIAN_POINT('',(56.126101339,118.429587024,51.517693924));
#17108=DIRECTION('',(-0.,0.,-1.));
#17109=VECTOR('',#17108,16.);
#17110=LINE('',#17107,#17109);
#17111=EDGE_CURVE('',#17104,#17106,#17110,.T.);
#17112=ORIENTED_EDGE('',*,*,#17111,.F.);
#17113=CARTESIAN_POINT('',(45.126101339,118.429587024,51.517693924));
#17114=VERTEX_POINT('',#17113);
#17115=CARTESIAN_POINT('',(45.126101339,118.429587024,51.517693924));
#17116=DIRECTION('',(1.,-0.,-0.));
#17117=VECTOR('',#17116,11.);
#17118=LINE('',#17115,#17117);
#17119=EDGE_CURVE('',#17114,#17104,#17118,.T.);
#17120=ORIENTED_EDGE('',*,*,#17119,.F.);
#17121=CARTESIAN_POINT('',(45.126101339,118.429587024,35.517693924));
#17122=VERTEX_POINT('',#17121);
#17123=CARTESIAN_POINT('',(45.126101339,118.429587024,35.517693924));
#17124=DIRECTION('',(0.,0.,1.));
#17125=VECTOR('',#17124,16.);
#17126=LINE('',#17123,#17125);
#17127=EDGE_CURVE('',#17122,#17114,#17126,.T.);
#17128=ORIENTED_EDGE('',*,*,#17127,.F.);
#17129=CARTESIAN_POINT('',(56.126101339,118.429587024,35.517693924));
#17130=DIRECTION('',(-1.,0.,0.));
#17131=VECTOR('',#17130,11.);
#17132=LINE('',#17129,#17131);
#17133=EDGE_CURVE('',#17106,#17122,#17132,.T.);
#17134=ORIENTED_EDGE('',*,*,#17133,.F.);
#17135=EDGE_LOOP('',(#17112,#17120,#17128,#17134));
#17136=FACE_BOUND('',#17135,.T.);
#17137=ADVANCED_FACE('',(#17136),#17102,.T.);
#17138=OVER_RIDING_STYLED_ITEM('',(#143),#17137,#26);
#17139=CARTESIAN_POINT('',(56.126101339,118.129587024,51.517693924));
#17140=DIRECTION('',(-1.,0.,0.));
#17141=DIRECTION('',(-0.,0.,-1.));
#17142=AXIS2_PLACEMENT_3D('',#17139,#17140,#17141);
#17143=PLANE('',#17142);
#17144=ORIENTED_EDGE('',*,*,#17086,.F.);
#17145=CARTESIAN_POINT('',(56.126101339,118.329587024,51.517693924));
#17146=DIRECTION('',(0.,1.,-0.));
#17147=VECTOR('',#17146,0.1);
#17148=LINE('',#17145,#17147);
#17149=EDGE_CURVE('',#17073,#17104,#17148,.T.);
#17150=ORIENTED_EDGE('',*,*,#17149,.T.);
#17151=ORIENTED_EDGE('',*,*,#17111,.T.);
#17152=CARTESIAN_POINT('',(56.126101339,118.329587024,35.517693924));
#17153=DIRECTION('',(0.,1.,-0.));
#17154=VECTOR('',#17153,0.1);
#17155=LINE('',#17152,#17154);
#17156=EDGE_CURVE('',#17081,#17106,#17155,.T.);
#17157=ORIENTED_EDGE('',*,*,#17156,.F.);
#17158=EDGE_LOOP('',(#17144,#17150,#17151,#17157));
#17159=FACE_BOUND('',#17158,.T.);
#17160=ADVANCED_FACE('',(#17159),#17143,.T.);
#17161=OVER_RIDING_STYLED_ITEM('',(#143),#17160,#26);
#17162=CARTESIAN_POINT('',(45.126101339,118.129587024,51.517693924));
#17163=DIRECTION('',(-0.,0.,-1.));
#17164=DIRECTION('',(1.,-0.,-0.));
#17165=AXIS2_PLACEMENT_3D('',#17162,#17163,#17164);
#17166=PLANE('',#17165);
#17167=ORIENTED_EDGE('',*,*,#17078,.F.);
#17168=CARTESIAN_POINT('',(45.126101339,118.329587024,51.517693924));
#17169=DIRECTION('',(0.,1.,-0.));
#17170=VECTOR('',#17169,0.1);
#17171=LINE('',#17168,#17170);
#17172=EDGE_CURVE('',#17065,#17114,#17171,.T.);
#17173=ORIENTED_EDGE('',*,*,#17172,.T.);
#17174=ORIENTED_EDGE('',*,*,#17119,.T.);
#17175=ORIENTED_EDGE('',*,*,#17149,.F.);
#17176=EDGE_LOOP('',(#17167,#17173,#17174,#17175));
#17177=FACE_BOUND('',#17176,.T.);
#17178=ADVANCED_FACE('',(#17177),#17166,.T.);
#17179=OVER_RIDING_STYLED_ITEM('',(#143),#17178,#26);
#17180=CARTESIAN_POINT('',(56.126101339,118.129587024,35.517693924));
#17181=DIRECTION('',(0.,0.,1.));
#17182=DIRECTION('',(-1.,0.,0.));
#17183=AXIS2_PLACEMENT_3D('',#17180,#17181,#17182);
#17184=PLANE('',#17183);
#17185=ORIENTED_EDGE('',*,*,#17092,.F.);
#17186=ORIENTED_EDGE('',*,*,#17156,.T.);
#17187=ORIENTED_EDGE('',*,*,#17133,.T.);
#17188=CARTESIAN_POINT('',(45.126101339,118.329587024,35.517693924));
#17189=DIRECTION('',(0.,1.,-0.));
#17190=VECTOR('',#17189,0.1);
#17191=LINE('',#17188,#17190);
#17192=EDGE_CURVE('',#17063,#17122,#17191,.T.);
#17193=ORIENTED_EDGE('',*,*,#17192,.F.);
#17194=EDGE_LOOP('',(#17185,#17186,#17187,#17193));
#17195=FACE_BOUND('',#17194,.T.);
#17196=ADVANCED_FACE('',(#17195),#17184,.T.);
#17197=OVER_RIDING_STYLED_ITEM('',(#143),#17196,#26);
#17198=CARTESIAN_POINT('',(45.126101339,118.129587024,35.517693924));
#17199=DIRECTION('',(1.,-0.,-0.));
#17200=DIRECTION('',(0.,0.,1.));
#17201=AXIS2_PLACEMENT_3D('',#17198,#17199,#17200);
#17202=PLANE('',#17201);
#17203=ORIENTED_EDGE('',*,*,#17070,.F.);
#17204=ORIENTED_EDGE('',*,*,#17192,.T.);
#17205=ORIENTED_EDGE('',*,*,#17127,.T.);
#17206=ORIENTED_EDGE('',*,*,#17172,.F.);
#17207=EDGE_LOOP('',(#17203,#17204,#17205,#17206));
#17208=FACE_BOUND('',#17207,.T.);
#17209=ADVANCED_FACE('',(#17208),#17202,.T.);
#17210=OVER_RIDING_STYLED_ITEM('',(#143),#17209,#26);
#17211=CLOSED_SHELL('',(#17096,#17137,#17160,#17178,#17196,#17209));
#17212=ORIENTED_CLOSED_SHELL('',*,#17211,.T.);
#17213=BREP_WITH_VOIDS('MG996R',#17056,(#17212));
#17214=COLOUR_RGB('',0.800000012,0.800000012,0.800000012);
#17215=FILL_AREA_STYLE_COLOUR('',#17214);
#17216=FILL_AREA_STYLE('',(#17215));
#17217=SURFACE_STYLE_FILL_AREA(#17216);
#17218=SURFACE_SIDE_STYLE('',(#17217));
#17219=SURFACE_STYLE_USAGE(.BOTH.,#17218);
#17220=PRESENTATION_STYLE_ASSIGNMENT((#17219));
#26=STYLED_ITEM('',(#17220),#17213);
#16=SHAPE_REPRESENTATION('MG996R',(#15),#10);
#17=ADVANCED_BREP_SHAPE_REPRESENTATION('MG996R',(#17213),#10);
#17228=SHAPE_REPRESENTATION_RELATIONSHIP('','',#16,#17);
#17229=CARTESIAN_POINT('',(0.,0.,0.));
#17230=DIRECTION('',(0.,0.,1.));
#17231=DIRECTION('',(1.,0.,0.));
#17232=AXIS2_PLACEMENT_3D('',#17229,#17230,#17231);
#17234=MAPPED_ITEM('',#17233,#17232);
#17233=REPRESENTATION_MAP(#17232,#16);
#17235=APPLICATION_CONTEXT('Managed model based 3d engineering');
#17236=APPLICATION_PROTOCOL_DEFINITION('international standard','ap242_managed_model_based_3d_engineering',2014,#17235);
#17237=PRODUCT_CONTEXT('',#17235,'mechanical');
#17238=PRODUCT_DEFINITION_CONTEXT('part definition',#17235,'design');
#24=PRODUCT('MG996R','MG996R','',(#17237));
#17239=PRODUCT_RELATED_PRODUCT_CATEGORY('part','',(#24));
#17240=PRODUCT_DEFINITION_FORMATION_WITH_SPECIFIED_SOURCE('','',#24,.NOT_KNOWN.);
#25=PRODUCT_DEFINITION('design','',#17240,#17238);
#23=PRODUCT_DEFINITION_SHAPE('','',#25);
#17241=SHAPE_DEFINITION_REPRESENTATION(#23,#16);
#11=DRAUGHTING_MODEL('',(#17234),#10);
#17242=DESCRIPTIVE_REPRESENTATION_ITEM('KEY','/Users/quimgraellsolive/Library/Containers/com.shapr3d.shapr/Data/tmp/DD7DD510-BA1C-4EB8-BF8F-731FDAFAD2E0.tmp');
#17243=PROPERTY_DEFINITION('KEY','',#25);
#17244=REPRESENTATION('',(#17242),#10);
#17245=PROPERTY_DEFINITION_REPRESENTATION(#17243,#17244);
#17246=GENERAL_PROPERTY('','KEY','');
#17247=GENERAL_PROPERTY_ASSOCIATION('','',#17246,#17243);
#1=MECHANICAL_DESIGN_GEOMETRIC_PRESENTATION_REPRESENTATION('',(#144,#184,#209,#235,#260,#286,#311,#337,#355,#541,#566,#591,#609,#641,#666,#691,#717,#742,#761,#793,#818,#843,#869,#894,#913,#2042,
#2057,#3351,#13572,#13589,#13607,#13624,#13643,#13661,#13678,#13699,#13740,#13772,#13836,#13868,#13900,#13923,#13980,#14005,#14052,#14069,#14128,#14154,#14200,#14241,#14355,
#14380,#14421,#14439,#14477,#14490,#14515,#14551,#14570,#14606,#14638,#14671,#14696,#14755,#14781,#14813,#14882,#14899,#14924,#14941,#15010,#15035,#15141,#15235,#15271,#15282,
#15293,#15329,#15372,#15463,#15495,#15520,#15538,#15565,#15583,#15601,#15619,#15637,#15655,#15675,#15693,#15711,#15729,#15747,#15760,#15880,#15905,#15974,#15991,#16016,#16033,
#16102,#16120,#16131,#16142,#16174,#16199,#16260,#16285,#16302,#16315,#16333,#16372,#16450,#16475,#16493,#16511,#16529,#16547,#16565,#16585,#16603,#16621,#16639,#16657,#16670,
#16706,#16725,#16761,#16787,#16823,#16834,#16852,#16883,#16919,#16950,#16986,#16997,#17010,#17022,#17042,#17055,#17097,#17138,#17161,#17179,#17197,#17210,#26),#10);
ENDSEC;
END-ISO-10303-21;
