ISO-10303-21;
HEADER;

/* File generated by Shapr3D Version 5.831.0.8630 */

FILE_DESCRIPTION(('HOOPS Exchange Step'),'2;1');

FILE_NAME('/Users/quimgraellsolive/Library/Containers/com.shapr3d.shapr/Data/tmp/export/temp_export',
'2025-04-22T23:22:57+02:00',
('quimgraellsolive'),
('Shapr3D Limited'),
'HOOPS Exchange 2024.8',
'Shapr3D',
'Authorized');

FILE_SCHEMA( ('AP242_MANAGED_MODEL_BASED_3D_ENGINEERING_MIM_LF {1 0 10303 442 1 1 4}') );

ENDSEC;

DATA;
#3=(NAMED_UNIT(*)PLANE_ANGLE_UNIT()SI_UNIT($,.RADIAN.));
#4=PLANE_ANGLE_MEASURE_WITH_UNIT(PLANE_ANGLE_MEASURE(0.0174532925),#3);
#5=(CONVERSION_BASED_UNIT('DEGREE',#4)NAMED_UNIT(#6)PLANE_ANGLE_UNIT());
#6=DIMENSIONAL_EXPONENTS(0.,0.,0.,0.,0.,0.,0.);
#7=(NAMED_UNIT(*)SI_UNIT($,.STERADIAN.)SOLID_ANGLE_UNIT());
#8=(LENGTH_UNIT()NAMED_UNIT(*)SI_UNIT(.MILLI.,.METRE.));
#9=UNCERTAINTY_MEASURE_WITH_UNIT(LENGTH_MEASURE(1.000000E-05),#8,'DISTANCE_ACCURACY_VALUE','Maximum Tolerance applied to model');
#10=(GEOMETRIC_REPRESENTATION_CONTEXT(3)GLOBAL_UNCERTAINTY_ASSIGNED_CONTEXT((#9))GLOBAL_UNIT_ASSIGNED_CONTEXT((#8,#5,#7))REPRESENTATION_CONTEXT('','Soport_Servo_V4'));
#12=CARTESIAN_POINT('',(0.,0.,0.));
#13=DIRECTION('',(0.,0.,1.));
#14=DIRECTION('',(1.,0.,0.));
#15=AXIS2_PLACEMENT_3D('TS3D_PRODUCT_CSYS',#12,#13,#14);
#27=CARTESIAN_POINT('',(43.12610134,145.629587024,5.017693924));
#28=DIRECTION('',(0.,0.,1.));
#29=DIRECTION('',(1.,0.,0.));
#30=AXIS2_PLACEMENT_3D('',#27,#28,#29);
#31=PLANE('',#30);
#32=CARTESIAN_POINT('',(15.12610134,130.629587024,5.017693924));
#33=VERTEX_POINT('',#32);
#34=CARTESIAN_POINT('',(14.62610134,131.129587024,5.017693924));
#35=VERTEX_POINT('',#34);
#36=CARTESIAN_POINT('',(15.12610134,131.129587024,5.017693924));
#37=DIRECTION('',(-0.,-0.,-1.));
#38=DIRECTION('',(0.,-1.,0.));
#39=AXIS2_PLACEMENT_3D('',#36,#37,#38);
#40=CIRCLE('',#39,0.5);
#41=EDGE_CURVE('',#33,#35,#40,.T.);
#42=ORIENTED_EDGE('',*,*,#41,.T.);
#43=CARTESIAN_POINT('',(14.62610134,160.129587024,5.017693924));
#44=VERTEX_POINT('',#43);
#45=CARTESIAN_POINT('',(14.62610134,131.129587024,5.017693924));
#46=DIRECTION('',(0.,1.,-0.));
#47=VECTOR('',#46,29.);
#48=LINE('',#45,#47);
#49=EDGE_CURVE('',#35,#44,#48,.T.);
#50=ORIENTED_EDGE('',*,*,#49,.T.);
#51=CARTESIAN_POINT('',(71.62610134,160.129587024,5.017693924));
#52=VERTEX_POINT('',#51);
#53=CARTESIAN_POINT('',(14.62610134,160.129587024,5.017693924));
#54=DIRECTION('',(1.,0.,-0.));
#55=VECTOR('',#54,57.);
#56=LINE('',#53,#55);
#57=EDGE_CURVE('',#44,#52,#56,.T.);
#58=ORIENTED_EDGE('',*,*,#57,.T.);
#59=CARTESIAN_POINT('',(71.62610134,131.129587024,5.017693924));
#60=VERTEX_POINT('',#59);
#61=CARTESIAN_POINT('',(71.62610134,160.129587024,5.017693924));
#62=DIRECTION('',(0.,-1.,0.));
#63=VECTOR('',#62,29.);
#64=LINE('',#61,#63);
#65=EDGE_CURVE('',#52,#60,#64,.T.);
#66=ORIENTED_EDGE('',*,*,#65,.T.);
#67=CARTESIAN_POINT('',(71.12610134,130.629587024,5.017693924));
#68=VERTEX_POINT('',#67);
#69=CARTESIAN_POINT('',(71.12610134,131.129587024,5.017693924));
#70=DIRECTION('',(-0.,-0.,-1.));
#71=DIRECTION('',(0.,-1.,0.));
#72=AXIS2_PLACEMENT_3D('',#69,#70,#71);
#73=CIRCLE('',#72,0.5);
#74=EDGE_CURVE('',#60,#68,#73,.T.);
#75=ORIENTED_EDGE('',*,*,#74,.T.);
#76=CARTESIAN_POINT('',(71.12610134,130.629587024,5.017693924));
#77=DIRECTION('',(-1.,0.,0.));
#78=VECTOR('',#77,56.);
#79=LINE('',#76,#78);
#80=EDGE_CURVE('',#68,#33,#79,.T.);
#81=ORIENTED_EDGE('',*,*,#80,.T.);
#82=EDGE_LOOP('',(#42,#50,#58,#66,#75,#81));
#83=FACE_BOUND('',#82,.T.);
#84=CARTESIAN_POINT('',(58.12610134,131.779587024,5.017693924));
#85=VERTEX_POINT('',#84);
#86=CARTESIAN_POINT('',(59.72610134,133.379587024,5.017693924));
#87=VERTEX_POINT('',#86);
#88=CARTESIAN_POINT('',(58.12610134,133.379587024,5.017693924));
#89=DIRECTION('',(0.,0.,1.));
#90=DIRECTION('',(0.,-1.,0.));
#91=AXIS2_PLACEMENT_3D('',#88,#89,#90);
#92=CIRCLE('',#91,1.6);
#93=EDGE_CURVE('',#85,#87,#92,.T.);
#94=ORIENTED_EDGE('',*,*,#93,.T.);
#95=CARTESIAN_POINT('',(58.12610134,133.379587024,5.017693924));
#96=DIRECTION('',(0.,0.,1.));
#97=DIRECTION('',(0.,-1.,0.));
#98=AXIS2_PLACEMENT_3D('',#95,#96,#97);
#99=CIRCLE('',#98,1.6);
#100=EDGE_CURVE('',#87,#85,#99,.T.);
#101=ORIENTED_EDGE('',*,*,#100,.T.);
#102=EDGE_LOOP('',(#94,#101));
#103=FACE_BOUND('',#102,.T.);
#104=CARTESIAN_POINT('',(28.12610134,156.279587024,5.017693924));
#105=VERTEX_POINT('',#104);
#106=CARTESIAN_POINT('',(29.72610134,157.879587024,5.017693924));
#107=VERTEX_POINT('',#106);
#108=CARTESIAN_POINT('',(28.12610134,157.879587024,5.017693924));
#109=DIRECTION('',(0.,0.,1.));
#110=DIRECTION('',(0.,-1.,0.));
#111=AXIS2_PLACEMENT_3D('',#108,#109,#110);
#112=CIRCLE('',#111,1.6);
#113=EDGE_CURVE('',#105,#107,#112,.T.);
#114=ORIENTED_EDGE('',*,*,#113,.T.);
#115=CARTESIAN_POINT('',(28.12610134,157.879587024,5.017693924));
#116=DIRECTION('',(0.,0.,1.));
#117=DIRECTION('',(0.,-1.,0.));
#118=AXIS2_PLACEMENT_3D('',#115,#116,#117);
#119=CIRCLE('',#118,1.6);
#120=EDGE_CURVE('',#107,#105,#119,.T.);
#121=ORIENTED_EDGE('',*,*,#120,.T.);
#122=EDGE_LOOP('',(#114,#121));
#123=FACE_BOUND('',#122,.T.);
#124=CARTESIAN_POINT('',(58.12610134,156.279587024,5.017693924));
#125=VERTEX_POINT('',#124);
#126=CARTESIAN_POINT('',(59.72610134,157.879587024,5.017693924));
#127=VERTEX_POINT('',#126);
#128=CARTESIAN_POINT('',(58.12610134,157.879587024,5.017693924));
#129=DIRECTION('',(0.,0.,1.));
#130=DIRECTION('',(0.,-1.,0.));
#131=AXIS2_PLACEMENT_3D('',#128,#129,#130);
#132=CIRCLE('',#131,1.6);
#133=EDGE_CURVE('',#125,#127,#132,.T.);
#134=ORIENTED_EDGE('',*,*,#133,.T.);
#135=CARTESIAN_POINT('',(58.12610134,157.879587024,5.017693924));
#136=DIRECTION('',(0.,0.,1.));
#137=DIRECTION('',(0.,-1.,0.));
#138=AXIS2_PLACEMENT_3D('',#135,#136,#137);
#139=CIRCLE('',#138,1.6);
#140=EDGE_CURVE('',#127,#125,#139,.T.);
#141=ORIENTED_EDGE('',*,*,#140,.T.);
#142=EDGE_LOOP('',(#134,#141));
#143=FACE_BOUND('',#142,.T.);
#144=CARTESIAN_POINT('',(28.12610134,131.779587024,5.017693924));
#145=VERTEX_POINT('',#144);
#146=CARTESIAN_POINT('',(29.72610134,133.379587024,5.017693924));
#147=VERTEX_POINT('',#146);
#148=CARTESIAN_POINT('',(28.12610134,133.379587024,5.017693924));
#149=DIRECTION('',(0.,0.,1.));
#150=DIRECTION('',(0.,-1.,0.));
#151=AXIS2_PLACEMENT_3D('',#148,#149,#150);
#152=CIRCLE('',#151,1.6);
#153=EDGE_CURVE('',#145,#147,#152,.T.);
#154=ORIENTED_EDGE('',*,*,#153,.T.);
#155=CARTESIAN_POINT('',(28.12610134,133.379587024,5.017693924));
#156=DIRECTION('',(0.,0.,1.));
#157=DIRECTION('',(0.,-1.,0.));
#158=AXIS2_PLACEMENT_3D('',#155,#156,#157);
#159=CIRCLE('',#158,1.6);
#160=EDGE_CURVE('',#147,#145,#159,.T.);
#161=ORIENTED_EDGE('',*,*,#160,.T.);
#162=EDGE_LOOP('',(#154,#161));
#163=FACE_BOUND('',#162,.T.);
#164=ADVANCED_FACE('',(#83,#103,#123,#143,#163),#31,.F.);
#165=CARTESIAN_POINT('',(28.12610134,133.379587024,10.017693924));
#166=DIRECTION('',(-0.,0.,1.));
#167=DIRECTION('',(1.,0.,0.));
#168=AXIS2_PLACEMENT_3D('',#165,#166,#167);
#169=CYLINDRICAL_SURFACE('',#168,1.6);
#170=CARTESIAN_POINT('',(29.72610134,133.379587024,10.017693924));
#171=VERTEX_POINT('',#170);
#172=CARTESIAN_POINT('',(29.72610134,133.379587024,10.017693924));
#173=DIRECTION('',(-0.,-0.,-1.));
#174=VECTOR('',#173,5.);
#175=LINE('',#172,#174);
#176=EDGE_CURVE('',#171,#147,#175,.T.);
#177=ORIENTED_EDGE('',*,*,#176,.F.);
#178=CARTESIAN_POINT('',(28.12610134,131.779587024,10.017693924));
#179=VERTEX_POINT('',#178);
#180=CARTESIAN_POINT('',(28.12610134,133.379587024,10.017693924));
#181=DIRECTION('',(0.,0.,1.));
#182=DIRECTION('',(0.,-1.,0.));
#183=AXIS2_PLACEMENT_3D('',#180,#181,#182);
#184=CIRCLE('',#183,1.6);
#185=EDGE_CURVE('',#171,#179,#184,.T.);
#186=ORIENTED_EDGE('',*,*,#185,.T.);
#187=CARTESIAN_POINT('',(28.12610134,133.379587024,10.017693924));
#188=DIRECTION('',(0.,0.,1.));
#189=DIRECTION('',(0.,-1.,0.));
#190=AXIS2_PLACEMENT_3D('',#187,#188,#189);
#191=CIRCLE('',#190,1.6);
#192=EDGE_CURVE('',#179,#171,#191,.T.);
#193=ORIENTED_EDGE('',*,*,#192,.T.);
#194=ORIENTED_EDGE('',*,*,#176,.T.);
#195=ORIENTED_EDGE('',*,*,#153,.F.);
#196=ORIENTED_EDGE('',*,*,#160,.F.);
#197=EDGE_LOOP('',(#177,#186,#193,#194,#195,#196));
#198=FACE_BOUND('',#197,.T.);
#199=ADVANCED_FACE('',(#198),#169,.F.);
#200=CARTESIAN_POINT('',(43.12610134,145.629587024,10.017693924));
#201=DIRECTION('',(0.,0.,1.));
#202=DIRECTION('',(1.,0.,0.));
#203=AXIS2_PLACEMENT_3D('',#200,#201,#202);
#204=PLANE('',#203);
#205=CARTESIAN_POINT('',(54.12610134,157.879587024,10.017693924));
#206=VERTEX_POINT('',#205);
#207=CARTESIAN_POINT('',(62.12610134,157.879587025,10.017693924));
#208=VERTEX_POINT('',#207);
#209=CARTESIAN_POINT('',(58.12610134,157.879587024,10.017693924));
#210=DIRECTION('',(0.,0.,1.));
#211=DIRECTION('',(0.,-1.,0.));
#212=AXIS2_PLACEMENT_3D('',#209,#210,#211);
#213=CIRCLE('',#212,4.);
#214=EDGE_CURVE('',#206,#208,#213,.T.);
#215=ORIENTED_EDGE('',*,*,#214,.T.);
#216=CARTESIAN_POINT('',(62.12610134,160.129587024,10.017693924));
#217=VERTEX_POINT('',#216);
#218=CARTESIAN_POINT('',(62.12610134,157.879587025,10.017693924));
#219=DIRECTION('',(0.,1.,-0.));
#220=VECTOR('',#219,2.249999999);
#221=LINE('',#218,#220);
#222=EDGE_CURVE('',#208,#217,#221,.T.);
#223=ORIENTED_EDGE('',*,*,#222,.T.);
#224=CARTESIAN_POINT('',(64.12610134,162.129587024,10.017693924));
#225=VERTEX_POINT('',#224);
#226=CARTESIAN_POINT('',(64.12610134,160.129587024,10.017693924));
#227=DIRECTION('',(-0.,-0.,-1.));
#228=DIRECTION('',(0.,-1.,0.));
#229=AXIS2_PLACEMENT_3D('',#226,#227,#228);
#230=CIRCLE('',#229,2.);
#231=EDGE_CURVE('',#217,#225,#230,.T.);
#232=ORIENTED_EDGE('',*,*,#231,.T.);
#233=CARTESIAN_POINT('',(52.12610134,162.129587024,10.017693924));
#234=VERTEX_POINT('',#233);
#235=CARTESIAN_POINT('',(52.12610134,162.129587024,10.017693924));
#236=DIRECTION('',(1.,-0.,-0.));
#237=VECTOR('',#236,12.);
#238=LINE('',#235,#237);
#239=EDGE_CURVE('',#234,#225,#238,.T.);
#240=ORIENTED_EDGE('',*,*,#239,.F.);
#241=CARTESIAN_POINT('',(54.12610134,160.129587024,10.017693924));
#242=VERTEX_POINT('',#241);
#243=CARTESIAN_POINT('',(52.12610134,160.129587024,10.017693924));
#244=DIRECTION('',(0.,-0.,-1.));
#245=DIRECTION('',(0.,1.,-0.));
#246=AXIS2_PLACEMENT_3D('',#243,#244,#245);
#247=CIRCLE('',#246,2.);
#248=EDGE_CURVE('',#234,#242,#247,.T.);
#249=ORIENTED_EDGE('',*,*,#248,.T.);
#250=CARTESIAN_POINT('',(54.12610134,160.129587024,10.017693924));
#251=DIRECTION('',(-0.,-1.,0.));
#252=VECTOR('',#251,2.25);
#253=LINE('',#250,#252);
#254=EDGE_CURVE('',#242,#206,#253,.T.);
#255=ORIENTED_EDGE('',*,*,#254,.T.);
#256=EDGE_LOOP('',(#215,#223,#232,#240,#249,#255));
#257=FACE_BOUND('',#256,.T.);
#258=CARTESIAN_POINT('',(59.72610134,157.879587024,10.017693924));
#259=VERTEX_POINT('',#258);
#260=CARTESIAN_POINT('',(58.12610134,156.279587024,10.017693924));
#261=VERTEX_POINT('',#260);
#262=CARTESIAN_POINT('',(58.12610134,157.879587024,10.017693924));
#263=DIRECTION('',(0.,0.,1.));
#264=DIRECTION('',(0.,-1.,0.));
#265=AXIS2_PLACEMENT_3D('',#262,#263,#264);
#266=CIRCLE('',#265,1.6);
#267=EDGE_CURVE('',#259,#261,#266,.T.);
#268=ORIENTED_EDGE('',*,*,#267,.F.);
#269=CARTESIAN_POINT('',(58.12610134,157.879587024,10.017693924));
#270=DIRECTION('',(0.,0.,1.));
#271=DIRECTION('',(0.,-1.,0.));
#272=AXIS2_PLACEMENT_3D('',#269,#270,#271);
#273=CIRCLE('',#272,1.6);
#274=EDGE_CURVE('',#261,#259,#273,.T.);
#275=ORIENTED_EDGE('',*,*,#274,.F.);
#276=EDGE_LOOP('',(#268,#275));
#277=FACE_BOUND('',#276,.T.);
#278=ADVANCED_FACE('',(#257,#277),#204,.T.);
#279=CARTESIAN_POINT('',(43.12610134,145.629587024,10.017693924));
#280=DIRECTION('',(0.,0.,1.));
#281=DIRECTION('',(1.,0.,0.));
#282=AXIS2_PLACEMENT_3D('',#279,#280,#281);
#283=PLANE('',#282);
#284=CARTESIAN_POINT('',(22.12610134,162.129587024,10.017693924));
#285=VERTEX_POINT('',#284);
#286=CARTESIAN_POINT('',(24.12610134,160.129587024,10.017693924));
#287=VERTEX_POINT('',#286);
#288=CARTESIAN_POINT('',(22.12610134,160.129587024,10.017693924));
#289=DIRECTION('',(0.,-0.,-1.));
#290=DIRECTION('',(0.,1.,-0.));
#291=AXIS2_PLACEMENT_3D('',#288,#289,#290);
#292=CIRCLE('',#291,2.);
#293=EDGE_CURVE('',#285,#287,#292,.T.);
#294=ORIENTED_EDGE('',*,*,#293,.T.);
#295=CARTESIAN_POINT('',(24.12610134,157.879587024,10.017693924));
#296=VERTEX_POINT('',#295);
#297=CARTESIAN_POINT('',(24.12610134,160.129587024,10.017693924));
#298=DIRECTION('',(-0.,-1.,0.));
#299=VECTOR('',#298,2.25);
#300=LINE('',#297,#299);
#301=EDGE_CURVE('',#287,#296,#300,.T.);
#302=ORIENTED_EDGE('',*,*,#301,.T.);
#303=CARTESIAN_POINT('',(32.12610134,157.879587024,10.017693924));
#304=VERTEX_POINT('',#303);
#305=CARTESIAN_POINT('',(28.12610134,157.879587024,10.017693924));
#306=DIRECTION('',(0.,0.,1.));
#307=DIRECTION('',(0.,-1.,0.));
#308=AXIS2_PLACEMENT_3D('',#305,#306,#307);
#309=CIRCLE('',#308,4.);
#310=EDGE_CURVE('',#296,#304,#309,.T.);
#311=ORIENTED_EDGE('',*,*,#310,.T.);
#312=CARTESIAN_POINT('',(32.12610134,160.129587024,10.017693924));
#313=VERTEX_POINT('',#312);
#314=CARTESIAN_POINT('',(32.12610134,157.879587024,10.017693924));
#315=DIRECTION('',(0.,1.,-0.));
#316=VECTOR('',#315,2.25);
#317=LINE('',#314,#316);
#318=EDGE_CURVE('',#304,#313,#317,.T.);
#319=ORIENTED_EDGE('',*,*,#318,.T.);
#320=CARTESIAN_POINT('',(34.12610134,162.129587024,10.017693924));
#321=VERTEX_POINT('',#320);
#322=CARTESIAN_POINT('',(34.12610134,160.129587024,10.017693924));
#323=DIRECTION('',(-0.,-0.,-1.));
#324=DIRECTION('',(0.,-1.,0.));
#325=AXIS2_PLACEMENT_3D('',#322,#323,#324);
#326=CIRCLE('',#325,2.);
#327=EDGE_CURVE('',#313,#321,#326,.T.);
#328=ORIENTED_EDGE('',*,*,#327,.T.);
#329=CARTESIAN_POINT('',(22.12610134,162.129587024,10.017693924));
#330=DIRECTION('',(1.,-0.,-0.));
#331=VECTOR('',#330,12.);
#332=LINE('',#329,#331);
#333=EDGE_CURVE('',#285,#321,#332,.T.);
#334=ORIENTED_EDGE('',*,*,#333,.F.);
#335=EDGE_LOOP('',(#294,#302,#311,#319,#328,#334));
#336=FACE_BOUND('',#335,.T.);
#337=CARTESIAN_POINT('',(29.72610134,157.879587024,10.017693924));
#338=VERTEX_POINT('',#337);
#339=CARTESIAN_POINT('',(28.12610134,156.279587024,10.017693924));
#340=VERTEX_POINT('',#339);
#341=CARTESIAN_POINT('',(28.12610134,157.879587024,10.017693924));
#342=DIRECTION('',(0.,0.,1.));
#343=DIRECTION('',(0.,-1.,0.));
#344=AXIS2_PLACEMENT_3D('',#341,#342,#343);
#345=CIRCLE('',#344,1.6);
#346=EDGE_CURVE('',#338,#340,#345,.T.);
#347=ORIENTED_EDGE('',*,*,#346,.F.);
#348=CARTESIAN_POINT('',(28.12610134,157.879587024,10.017693924));
#349=DIRECTION('',(0.,0.,1.));
#350=DIRECTION('',(0.,-1.,0.));
#351=AXIS2_PLACEMENT_3D('',#348,#349,#350);
#352=CIRCLE('',#351,1.6);
#353=EDGE_CURVE('',#340,#338,#352,.T.);
#354=ORIENTED_EDGE('',*,*,#353,.F.);
#355=EDGE_LOOP('',(#347,#354));
#356=FACE_BOUND('',#355,.T.);
#357=ADVANCED_FACE('',(#336,#356),#283,.T.);
#358=CARTESIAN_POINT('',(43.12610134,145.629587024,10.017693924));
#359=DIRECTION('',(0.,0.,1.));
#360=DIRECTION('',(1.,0.,0.));
#361=AXIS2_PLACEMENT_3D('',#358,#359,#360);
#362=PLANE('',#361);
#363=CARTESIAN_POINT('',(62.12610134,133.379587024,10.017693924));
#364=VERTEX_POINT('',#363);
#365=CARTESIAN_POINT('',(54.12610134,133.379587024,10.017693924));
#366=VERTEX_POINT('',#365);
#367=CARTESIAN_POINT('',(58.12610134,133.379587024,10.017693924));
#368=DIRECTION('',(0.,0.,1.));
#369=DIRECTION('',(0.,-1.,0.));
#370=AXIS2_PLACEMENT_3D('',#367,#368,#369);
#371=CIRCLE('',#370,4.);
#372=EDGE_CURVE('',#364,#366,#371,.T.);
#373=ORIENTED_EDGE('',*,*,#372,.T.);
#374=CARTESIAN_POINT('',(54.12610134,131.129587024,10.017693924));
#375=VERTEX_POINT('',#374);
#376=CARTESIAN_POINT('',(54.12610134,133.379587024,10.017693924));
#377=DIRECTION('',(-0.,-1.,0.));
#378=VECTOR('',#377,2.25);
#379=LINE('',#376,#378);
#380=EDGE_CURVE('',#366,#375,#379,.T.);
#381=ORIENTED_EDGE('',*,*,#380,.T.);
#382=CARTESIAN_POINT('',(52.12610134,129.129587024,10.017693924));
#383=VERTEX_POINT('',#382);
#384=CARTESIAN_POINT('',(52.12610134,131.129587024,10.017693924));
#385=DIRECTION('',(-0.,-0.,-1.));
#386=DIRECTION('',(0.,-1.,0.));
#387=AXIS2_PLACEMENT_3D('',#384,#385,#386);
#388=CIRCLE('',#387,2.);
#389=EDGE_CURVE('',#375,#383,#388,.T.);
#390=ORIENTED_EDGE('',*,*,#389,.T.);
#391=CARTESIAN_POINT('',(64.12610134,129.129587024,10.017693924));
#392=VERTEX_POINT('',#391);
#393=CARTESIAN_POINT('',(64.12610134,129.129587024,10.017693924));
#394=DIRECTION('',(-1.,-0.,0.));
#395=VECTOR('',#394,12.);
#396=LINE('',#393,#395);
#397=EDGE_CURVE('',#392,#383,#396,.T.);
#398=ORIENTED_EDGE('',*,*,#397,.F.);
#399=CARTESIAN_POINT('',(62.12610134,131.129587024,10.017693924));
#400=VERTEX_POINT('',#399);
#401=CARTESIAN_POINT('',(64.12610134,131.129587024,10.017693924));
#402=DIRECTION('',(0.,-0.,-1.));
#403=DIRECTION('',(0.,1.,-0.));
#404=AXIS2_PLACEMENT_3D('',#401,#402,#403);
#405=CIRCLE('',#404,2.);
#406=EDGE_CURVE('',#392,#400,#405,.T.);
#407=ORIENTED_EDGE('',*,*,#406,.T.);
#408=CARTESIAN_POINT('',(62.12610134,131.129587024,10.017693924));
#409=DIRECTION('',(0.,1.,-0.));
#410=VECTOR('',#409,2.25);
#411=LINE('',#408,#410);
#412=EDGE_CURVE('',#400,#364,#411,.T.);
#413=ORIENTED_EDGE('',*,*,#412,.T.);
#414=EDGE_LOOP('',(#373,#381,#390,#398,#407,#413));
#415=FACE_BOUND('',#414,.T.);
#416=CARTESIAN_POINT('',(59.72610134,133.379587024,10.017693924));
#417=VERTEX_POINT('',#416);
#418=CARTESIAN_POINT('',(58.12610134,131.779587024,10.017693924));
#419=VERTEX_POINT('',#418);
#420=CARTESIAN_POINT('',(58.12610134,133.379587024,10.017693924));
#421=DIRECTION('',(0.,0.,1.));
#422=DIRECTION('',(0.,-1.,0.));
#423=AXIS2_PLACEMENT_3D('',#420,#421,#422);
#424=CIRCLE('',#423,1.6);
#425=EDGE_CURVE('',#417,#419,#424,.T.);
#426=ORIENTED_EDGE('',*,*,#425,.F.);
#427=CARTESIAN_POINT('',(58.12610134,133.379587024,10.017693924));
#428=DIRECTION('',(0.,0.,1.));
#429=DIRECTION('',(0.,-1.,0.));
#430=AXIS2_PLACEMENT_3D('',#427,#428,#429);
#431=CIRCLE('',#430,1.6);
#432=EDGE_CURVE('',#419,#417,#431,.T.);
#433=ORIENTED_EDGE('',*,*,#432,.F.);
#434=EDGE_LOOP('',(#426,#433));
#435=FACE_BOUND('',#434,.T.);
#436=ADVANCED_FACE('',(#415,#435),#362,.T.);
#437=CARTESIAN_POINT('',(43.12610134,145.629587024,10.017693924));
#438=DIRECTION('',(0.,0.,1.));
#439=DIRECTION('',(1.,0.,0.));
#440=AXIS2_PLACEMENT_3D('',#437,#438,#439);
#441=PLANE('',#440);
#442=CARTESIAN_POINT('',(32.12610134,133.379587024,10.017693924));
#443=VERTEX_POINT('',#442);
#444=CARTESIAN_POINT('',(24.12610134,133.379587024,10.017693924));
#445=VERTEX_POINT('',#444);
#446=CARTESIAN_POINT('',(28.12610134,133.379587024,10.017693924));
#447=DIRECTION('',(0.,0.,1.));
#448=DIRECTION('',(0.,-1.,0.));
#449=AXIS2_PLACEMENT_3D('',#446,#447,#448);
#450=CIRCLE('',#449,4.);
#451=EDGE_CURVE('',#443,#445,#450,.T.);
#452=ORIENTED_EDGE('',*,*,#451,.T.);
#453=CARTESIAN_POINT('',(24.12610134,131.129587024,10.017693924));
#454=VERTEX_POINT('',#453);
#455=CARTESIAN_POINT('',(24.12610134,133.379587024,10.017693924));
#456=DIRECTION('',(-0.,-1.,0.));
#457=VECTOR('',#456,2.25);
#458=LINE('',#455,#457);
#459=EDGE_CURVE('',#445,#454,#458,.T.);
#460=ORIENTED_EDGE('',*,*,#459,.T.);
#461=CARTESIAN_POINT('',(22.12610134,129.129587024,10.017693924));
#462=VERTEX_POINT('',#461);
#463=CARTESIAN_POINT('',(22.12610134,131.129587024,10.017693924));
#464=DIRECTION('',(-0.,-0.,-1.));
#465=DIRECTION('',(0.,-1.,0.));
#466=AXIS2_PLACEMENT_3D('',#463,#464,#465);
#467=CIRCLE('',#466,2.);
#468=EDGE_CURVE('',#454,#462,#467,.T.);
#469=ORIENTED_EDGE('',*,*,#468,.T.);
#470=CARTESIAN_POINT('',(34.12610134,129.129587024,10.017693924));
#471=VERTEX_POINT('',#470);
#472=CARTESIAN_POINT('',(34.12610134,129.129587024,10.017693924));
#473=DIRECTION('',(-1.,-0.,0.));
#474=VECTOR('',#473,12.);
#475=LINE('',#472,#474);
#476=EDGE_CURVE('',#471,#462,#475,.T.);
#477=ORIENTED_EDGE('',*,*,#476,.F.);
#478=CARTESIAN_POINT('',(32.12610134,131.129587024,10.017693924));
#479=VERTEX_POINT('',#478);
#480=CARTESIAN_POINT('',(34.12610134,131.129587024,10.017693924));
#481=DIRECTION('',(0.,-0.,-1.));
#482=DIRECTION('',(0.,1.,-0.));
#483=AXIS2_PLACEMENT_3D('',#480,#481,#482);
#484=CIRCLE('',#483,2.);
#485=EDGE_CURVE('',#471,#479,#484,.T.);
#486=ORIENTED_EDGE('',*,*,#485,.T.);
#487=CARTESIAN_POINT('',(32.12610134,131.129587024,10.017693924));
#488=DIRECTION('',(0.,1.,-0.));
#489=VECTOR('',#488,2.25);
#490=LINE('',#487,#489);
#491=EDGE_CURVE('',#479,#443,#490,.T.);
#492=ORIENTED_EDGE('',*,*,#491,.T.);
#493=EDGE_LOOP('',(#452,#460,#469,#477,#486,#492));
#494=FACE_BOUND('',#493,.T.);
#495=ORIENTED_EDGE('',*,*,#185,.F.);
#496=ORIENTED_EDGE('',*,*,#192,.F.);
#497=EDGE_LOOP('',(#495,#496));
#498=FACE_BOUND('',#497,.T.);
#499=ADVANCED_FACE('',(#494,#498),#441,.T.);
#500=CARTESIAN_POINT('',(58.12610134,133.379587024,10.017693924));
#501=DIRECTION('',(-0.,0.,1.));
#502=DIRECTION('',(1.,0.,0.));
#503=AXIS2_PLACEMENT_3D('',#500,#501,#502);
#504=CYLINDRICAL_SURFACE('',#503,1.6);
#505=CARTESIAN_POINT('',(59.72610134,133.379587024,10.017693924));
#506=DIRECTION('',(-0.,-0.,-1.));
#507=VECTOR('',#506,5.);
#508=LINE('',#505,#507);
#509=EDGE_CURVE('',#417,#87,#508,.T.);
#510=ORIENTED_EDGE('',*,*,#509,.F.);
#511=ORIENTED_EDGE('',*,*,#425,.T.);
#512=ORIENTED_EDGE('',*,*,#432,.T.);
#513=ORIENTED_EDGE('',*,*,#509,.T.);
#514=ORIENTED_EDGE('',*,*,#93,.F.);
#515=ORIENTED_EDGE('',*,*,#100,.F.);
#516=EDGE_LOOP('',(#510,#511,#512,#513,#514,#515));
#517=FACE_BOUND('',#516,.T.);
#518=ADVANCED_FACE('',(#517),#504,.F.);
#519=CARTESIAN_POINT('',(28.12610134,157.879587024,10.017693924));
#520=DIRECTION('',(-0.,0.,1.));
#521=DIRECTION('',(1.,0.,0.));
#522=AXIS2_PLACEMENT_3D('',#519,#520,#521);
#523=CYLINDRICAL_SURFACE('',#522,1.6);
#524=CARTESIAN_POINT('',(29.72610134,157.879587024,10.017693924));
#525=DIRECTION('',(-0.,-0.,-1.));
#526=VECTOR('',#525,5.);
#527=LINE('',#524,#526);
#528=EDGE_CURVE('',#338,#107,#527,.T.);
#529=ORIENTED_EDGE('',*,*,#528,.F.);
#530=ORIENTED_EDGE('',*,*,#346,.T.);
#531=ORIENTED_EDGE('',*,*,#353,.T.);
#532=ORIENTED_EDGE('',*,*,#528,.T.);
#533=ORIENTED_EDGE('',*,*,#113,.F.);
#534=ORIENTED_EDGE('',*,*,#120,.F.);
#535=EDGE_LOOP('',(#529,#530,#531,#532,#533,#534));
#536=FACE_BOUND('',#535,.T.);
#537=ADVANCED_FACE('',(#536),#523,.F.);
#538=CARTESIAN_POINT('',(58.12610134,157.879587024,10.017693924));
#539=DIRECTION('',(-0.,0.,1.));
#540=DIRECTION('',(1.,0.,0.));
#541=AXIS2_PLACEMENT_3D('',#538,#539,#540);
#542=CYLINDRICAL_SURFACE('',#541,1.6);
#543=CARTESIAN_POINT('',(59.72610134,157.879587024,10.017693924));
#544=DIRECTION('',(-0.,-0.,-1.));
#545=VECTOR('',#544,5.);
#546=LINE('',#543,#545);
#547=EDGE_CURVE('',#259,#127,#546,.T.);
#548=ORIENTED_EDGE('',*,*,#547,.F.);
#549=ORIENTED_EDGE('',*,*,#267,.T.);
#550=ORIENTED_EDGE('',*,*,#274,.T.);
#551=ORIENTED_EDGE('',*,*,#547,.T.);
#552=ORIENTED_EDGE('',*,*,#133,.F.);
#553=ORIENTED_EDGE('',*,*,#140,.F.);
#554=EDGE_LOOP('',(#548,#549,#550,#551,#552,#553));
#555=FACE_BOUND('',#554,.T.);
#556=ADVANCED_FACE('',(#555),#542,.F.);
#557=CARTESIAN_POINT('',(54.12610134,162.129587024,65.017693924));
#558=DIRECTION('',(-1.,0.,0.));
#559=DIRECTION('',(0.,-1.,0.));
#560=AXIS2_PLACEMENT_3D('',#557,#558,#559);
#561=PLANE('',#560);
#562=CARTESIAN_POINT('',(54.12610134,157.879587024,63.017693924));
#563=VERTEX_POINT('',#562);
#564=CARTESIAN_POINT('',(54.12610134,160.129587024,63.017693924));
#565=VERTEX_POINT('',#564);
#566=CARTESIAN_POINT('',(54.12610134,157.879587024,63.017693924));
#567=DIRECTION('',(0.,1.,-0.));
#568=VECTOR('',#567,2.25);
#569=LINE('',#566,#568);
#570=EDGE_CURVE('',#563,#565,#569,.T.);
#571=ORIENTED_EDGE('',*,*,#570,.F.);
#572=CARTESIAN_POINT('',(54.12610134,157.879587024,63.017693924));
#573=DIRECTION('',(-0.,-0.,-1.));
#574=VECTOR('',#573,53.);
#575=LINE('',#572,#574);
#576=EDGE_CURVE('',#563,#206,#575,.T.);
#577=ORIENTED_EDGE('',*,*,#576,.T.);
#578=ORIENTED_EDGE('',*,*,#254,.F.);
#579=CARTESIAN_POINT('',(54.12610134,160.129587024,63.017693924));
#580=DIRECTION('',(0.,-0.,-1.));
#581=VECTOR('',#580,53.);
#582=LINE('',#579,#581);
#583=EDGE_CURVE('',#565,#242,#582,.T.);
#584=ORIENTED_EDGE('',*,*,#583,.F.);
#585=EDGE_LOOP('',(#571,#577,#578,#584));
#586=FACE_BOUND('',#585,.T.);
#587=ADVANCED_FACE('',(#586),#561,.F.);
#588=CARTESIAN_POINT('',(52.12610134,160.129587024,143.233693924));
#589=DIRECTION('',(0.,-0.,-1.));
#590=DIRECTION('',(0.,1.,-0.));
#591=AXIS2_PLACEMENT_3D('',#588,#589,#590);
#592=CYLINDRICAL_SURFACE('',#591,2.);
#593=ORIENTED_EDGE('',*,*,#248,.F.);
#594=CARTESIAN_POINT('',(52.12610134,162.129587024,63.017693924));
#595=VERTEX_POINT('',#594);
#596=CARTESIAN_POINT('',(52.12610134,162.129587024,63.017693924));
#597=DIRECTION('',(-0.,-0.,-1.));
#598=VECTOR('',#597,53.);
#599=LINE('',#596,#598);
#600=EDGE_CURVE('',#595,#234,#599,.T.);
#601=ORIENTED_EDGE('',*,*,#600,.F.);
#602=CARTESIAN_POINT('',(52.12610134,160.129587024,63.017693924));
#603=DIRECTION('',(-0.,0.,1.));
#604=DIRECTION('',(0.,1.,-0.));
#605=AXIS2_PLACEMENT_3D('',#602,#603,#604);
#606=CIRCLE('',#605,2.);
#607=EDGE_CURVE('',#565,#595,#606,.T.);
#608=ORIENTED_EDGE('',*,*,#607,.F.);
#609=ORIENTED_EDGE('',*,*,#583,.T.);
#610=EDGE_LOOP('',(#593,#601,#608,#609));
#611=FACE_BOUND('',#610,.T.);
#612=ADVANCED_FACE('',(#611),#592,.T.);
#613=CARTESIAN_POINT('',(52.12610134,160.129587024,63.017693924));
#614=DIRECTION('',(0.707106781,-0.707106781,0.));
#615=DIRECTION('',(0.707106781,0.707106781,-0.));
#616=AXIS2_PLACEMENT_3D('',#613,#614,#615);
#617=SPHERICAL_SURFACE('',#616,2.);
#618=ORIENTED_EDGE('',*,*,#607,.T.);
#619=CARTESIAN_POINT('',(52.12610134,160.129587024,65.017693924));
#620=VERTEX_POINT('',#619);
#621=CARTESIAN_POINT('',(52.12610134,160.129587024,63.017693924));
#622=DIRECTION('',(1.,-0.,-0.));
#623=DIRECTION('',(0.,-1.,0.));
#624=AXIS2_PLACEMENT_3D('',#621,#622,#623);
#625=CIRCLE('',#624,2.);
#626=EDGE_CURVE('',#595,#620,#625,.T.);
#627=ORIENTED_EDGE('',*,*,#626,.T.);
#628=CARTESIAN_POINT('',(52.12610134,160.129587024,63.017693924));
#629=DIRECTION('',(0.,1.,-0.));
#630=DIRECTION('',(-1.,0.,0.));
#631=AXIS2_PLACEMENT_3D('',#628,#629,#630);
#632=CIRCLE('',#631,2.);
#633=EDGE_CURVE('',#620,#565,#632,.T.);
#634=ORIENTED_EDGE('',*,*,#633,.T.);
#635=EDGE_LOOP('',(#618,#627,#634));
#636=FACE_BOUND('',#635,.T.);
#637=ADVANCED_FACE('',(#636),#617,.T.);
#638=CARTESIAN_POINT('',(52.12610134,157.663204322,63.017693924));
#639=DIRECTION('',(0.,1.,-0.));
#640=DIRECTION('',(0.,0.,1.));
#641=AXIS2_PLACEMENT_3D('',#638,#639,#640);
#642=CYLINDRICAL_SURFACE('',#641,2.);
#643=ORIENTED_EDGE('',*,*,#633,.F.);
#644=CARTESIAN_POINT('',(52.12610134,157.879587024,65.017693924));
#645=VERTEX_POINT('',#644);
#646=CARTESIAN_POINT('',(52.12610134,157.879587024,65.017693924));
#647=DIRECTION('',(0.,1.,-0.));
#648=VECTOR('',#647,2.25);
#649=LINE('',#646,#648);
#650=EDGE_CURVE('',#645,#620,#649,.T.);
#651=ORIENTED_EDGE('',*,*,#650,.F.);
#652=CARTESIAN_POINT('',(52.12610134,157.879587024,63.017693924));
#653=DIRECTION('',(0.,1.,-0.));
#654=DIRECTION('',(-1.,0.,0.));
#655=AXIS2_PLACEMENT_3D('',#652,#653,#654);
#656=CIRCLE('',#655,2.);
#657=EDGE_CURVE('',#645,#563,#656,.T.);
#658=ORIENTED_EDGE('',*,*,#657,.T.);
#659=ORIENTED_EDGE('',*,*,#570,.T.);
#660=EDGE_LOOP('',(#643,#651,#658,#659));
#661=FACE_BOUND('',#660,.T.);
#662=ADVANCED_FACE('',(#661),#642,.T.);
#663=CARTESIAN_POINT('',(58.12610134,157.879587024,63.017693924));
#664=DIRECTION('',(-0.,0.,1.));
#665=DIRECTION('',(0.998537186,0.054069296,-0.));
#666=AXIS2_PLACEMENT_3D('',#663,#664,#665);
#667=TOROIDAL_SURFACE('',#666,6.,2.);
#668=CARTESIAN_POINT('',(64.12610134,157.879587024,65.017693924));
#669=VERTEX_POINT('',#668);
#670=CARTESIAN_POINT('',(62.12610134,157.879587025,63.017693924));
#671=VERTEX_POINT('',#670);
#672=CARTESIAN_POINT('',(64.12610134,157.879587024,63.017693924));
#673=DIRECTION('',(-0.,-1.,0.));
#674=DIRECTION('',(1.,-0.,0.));
#675=AXIS2_PLACEMENT_3D('',#672,#673,#674);
#676=CIRCLE('',#675,2.);
#677=EDGE_CURVE('',#669,#671,#676,.T.);
#678=ORIENTED_EDGE('',*,*,#677,.T.);
#679=CARTESIAN_POINT('',(58.12610134,157.879587024,63.017693924));
#680=DIRECTION('',(-0.,-0.,-1.));
#681=DIRECTION('',(0.,-1.,0.));
#682=AXIS2_PLACEMENT_3D('',#679,#680,#681);
#683=CIRCLE('',#682,4.);
#684=EDGE_CURVE('',#671,#563,#683,.T.);
#685=ORIENTED_EDGE('',*,*,#684,.T.);
#686=ORIENTED_EDGE('',*,*,#657,.F.);
#687=CARTESIAN_POINT('',(58.12610134,157.879587024,65.017693924));
#688=DIRECTION('',(-0.,-0.,-1.));
#689=DIRECTION('',(0.,-1.,0.));
#690=AXIS2_PLACEMENT_3D('',#687,#688,#689);
#691=CIRCLE('',#690,6.);
#692=EDGE_CURVE('',#669,#645,#691,.T.);
#693=ORIENTED_EDGE('',*,*,#692,.F.);
#694=EDGE_LOOP('',(#678,#685,#686,#693));
#695=FACE_BOUND('',#694,.T.);
#696=ADVANCED_FACE('',(#695),#667,.T.);
#697=CARTESIAN_POINT('',(43.12610134,145.629587024,65.017693924));
#698=DIRECTION('',(0.,0.,1.));
#699=DIRECTION('',(1.,0.,0.));
#700=AXIS2_PLACEMENT_3D('',#697,#698,#699);
#701=PLANE('',#700);
#702=CARTESIAN_POINT('',(15.12610134,160.129587024,65.017693924));
#703=VERTEX_POINT('',#702);
#704=CARTESIAN_POINT('',(15.12610134,131.129587024,65.017693924));
#705=VERTEX_POINT('',#704);
#706=CARTESIAN_POINT('',(15.12610134,160.129587024,65.017693924));
#707=DIRECTION('',(-0.,-1.,0.));
#708=VECTOR('',#707,29.);
#709=LINE('',#706,#708);
#710=EDGE_CURVE('',#703,#705,#709,.T.);
#711=ORIENTED_EDGE('',*,*,#710,.T.);
#712=CARTESIAN_POINT('',(22.12610134,131.129587024,65.017693924));
#713=VERTEX_POINT('',#712);
#714=CARTESIAN_POINT('',(15.12610134,131.129587024,65.017693924));
#715=DIRECTION('',(1.,0.,-0.));
#716=VECTOR('',#715,7.);
#717=LINE('',#714,#716);
#718=EDGE_CURVE('',#705,#713,#717,.T.);
#719=ORIENTED_EDGE('',*,*,#718,.T.);
#720=CARTESIAN_POINT('',(22.12610134,133.379587024,65.017693924));
#721=VERTEX_POINT('',#720);
#722=CARTESIAN_POINT('',(22.12610134,131.129587024,65.017693924));
#723=DIRECTION('',(0.,1.,-0.));
#724=VECTOR('',#723,2.25);
#725=LINE('',#722,#724);
#726=EDGE_CURVE('',#713,#721,#725,.T.);
#727=ORIENTED_EDGE('',*,*,#726,.T.);
#728=CARTESIAN_POINT('',(34.12610134,133.379587024,65.017693924));
#729=VERTEX_POINT('',#728);
#730=CARTESIAN_POINT('',(28.12610134,133.379587024,65.017693924));
#731=DIRECTION('',(-0.,-0.,-1.));
#732=DIRECTION('',(0.,-1.,0.));
#733=AXIS2_PLACEMENT_3D('',#730,#731,#732);
#734=CIRCLE('',#733,6.);
#735=EDGE_CURVE('',#721,#729,#734,.T.);
#736=ORIENTED_EDGE('',*,*,#735,.T.);
#737=CARTESIAN_POINT('',(34.12610134,131.129587024,65.017693924));
#738=VERTEX_POINT('',#737);
#739=CARTESIAN_POINT('',(34.12610134,133.379587024,65.017693924));
#740=DIRECTION('',(-0.,-1.,0.));
#741=VECTOR('',#740,2.25);
#742=LINE('',#739,#741);
#743=EDGE_CURVE('',#729,#738,#742,.T.);
#744=ORIENTED_EDGE('',*,*,#743,.T.);
#745=CARTESIAN_POINT('',(52.12610134,131.129587024,65.017693924));
#746=VERTEX_POINT('',#745);
#747=CARTESIAN_POINT('',(34.12610134,131.129587024,65.017693924));
#748=DIRECTION('',(1.,0.,-0.));
#749=VECTOR('',#748,18.);
#750=LINE('',#747,#749);
#751=EDGE_CURVE('',#738,#746,#750,.T.);
#752=ORIENTED_EDGE('',*,*,#751,.T.);
#753=CARTESIAN_POINT('',(52.12610134,133.379587024,65.017693924));
#754=VERTEX_POINT('',#753);
#755=CARTESIAN_POINT('',(52.12610134,131.129587024,65.017693924));
#756=DIRECTION('',(0.,1.,-0.));
#757=VECTOR('',#756,2.25);
#758=LINE('',#755,#757);
#759=EDGE_CURVE('',#746,#754,#758,.T.);
#760=ORIENTED_EDGE('',*,*,#759,.T.);
#761=CARTESIAN_POINT('',(64.12610134,133.379587024,65.017693924));
#762=VERTEX_POINT('',#761);
#763=CARTESIAN_POINT('',(58.12610134,133.379587024,65.017693924));
#764=DIRECTION('',(-0.,-0.,-1.));
#765=DIRECTION('',(0.,-1.,0.));
#766=AXIS2_PLACEMENT_3D('',#763,#764,#765);
#767=CIRCLE('',#766,6.);
#768=EDGE_CURVE('',#754,#762,#767,.T.);
#769=ORIENTED_EDGE('',*,*,#768,.T.);
#770=CARTESIAN_POINT('',(64.12610134,131.129587024,65.017693924));
#771=VERTEX_POINT('',#770);
#772=CARTESIAN_POINT('',(64.12610134,133.379587024,65.017693924));
#773=DIRECTION('',(-0.,-1.,0.));
#774=VECTOR('',#773,2.25);
#775=LINE('',#772,#774);
#776=EDGE_CURVE('',#762,#771,#775,.T.);
#777=ORIENTED_EDGE('',*,*,#776,.T.);
#778=CARTESIAN_POINT('',(71.12610134,131.129587024,65.017693924));
#779=VERTEX_POINT('',#778);
#780=CARTESIAN_POINT('',(64.12610134,131.129587024,65.017693924));
#781=DIRECTION('',(1.,0.,-0.));
#782=VECTOR('',#781,7.);
#783=LINE('',#780,#782);
#784=EDGE_CURVE('',#771,#779,#783,.T.);
#785=ORIENTED_EDGE('',*,*,#784,.T.);
#786=CARTESIAN_POINT('',(71.12610134,160.129587024,65.017693924));
#787=VERTEX_POINT('',#786);
#788=CARTESIAN_POINT('',(71.12610134,131.129587024,65.017693924));
#789=DIRECTION('',(0.,1.,-0.));
#790=VECTOR('',#789,29.);
#791=LINE('',#788,#790);
#792=EDGE_CURVE('',#779,#787,#791,.T.);
#793=ORIENTED_EDGE('',*,*,#792,.T.);
#794=CARTESIAN_POINT('',(64.12610134,160.129587024,65.017693924));
#795=VERTEX_POINT('',#794);
#796=CARTESIAN_POINT('',(71.12610134,160.129587024,65.017693924));
#797=DIRECTION('',(-1.,-0.,0.));
#798=VECTOR('',#797,7.);
#799=LINE('',#796,#798);
#800=EDGE_CURVE('',#787,#795,#799,.T.);
#801=ORIENTED_EDGE('',*,*,#800,.T.);
#802=CARTESIAN_POINT('',(64.12610134,160.129587024,65.017693924));
#803=DIRECTION('',(-0.,-1.,0.));
#804=VECTOR('',#803,2.25);
#805=LINE('',#802,#804);
#806=EDGE_CURVE('',#795,#669,#805,.T.);
#807=ORIENTED_EDGE('',*,*,#806,.T.);
#808=ORIENTED_EDGE('',*,*,#692,.T.);
#809=ORIENTED_EDGE('',*,*,#650,.T.);
#810=CARTESIAN_POINT('',(34.12610134,160.129587024,65.017693924));
#811=VERTEX_POINT('',#810);
#812=CARTESIAN_POINT('',(52.12610134,160.129587024,65.017693924));
#813=DIRECTION('',(-1.,-0.,0.));
#814=VECTOR('',#813,18.);
#815=LINE('',#812,#814);
#816=EDGE_CURVE('',#620,#811,#815,.T.);
#817=ORIENTED_EDGE('',*,*,#816,.T.);
#818=CARTESIAN_POINT('',(34.12610134,157.879587024,65.017693924));
#819=VERTEX_POINT('',#818);
#820=CARTESIAN_POINT('',(34.12610134,160.129587024,65.017693924));
#821=DIRECTION('',(-0.,-1.,0.));
#822=VECTOR('',#821,2.25);
#823=LINE('',#820,#822);
#824=EDGE_CURVE('',#811,#819,#823,.T.);
#825=ORIENTED_EDGE('',*,*,#824,.T.);
#826=CARTESIAN_POINT('',(22.12610134,157.879587024,65.017693924));
#827=VERTEX_POINT('',#826);
#828=CARTESIAN_POINT('',(28.12610134,157.879587024,65.017693924));
#829=DIRECTION('',(-0.,-0.,-1.));
#830=DIRECTION('',(0.,-1.,0.));
#831=AXIS2_PLACEMENT_3D('',#828,#829,#830);
#832=CIRCLE('',#831,6.);
#833=EDGE_CURVE('',#819,#827,#832,.T.);
#834=ORIENTED_EDGE('',*,*,#833,.T.);
#835=CARTESIAN_POINT('',(22.12610134,160.129587024,65.017693924));
#836=VERTEX_POINT('',#835);
#837=CARTESIAN_POINT('',(22.12610134,157.879587024,65.017693924));
#838=DIRECTION('',(0.,1.,-0.));
#839=VECTOR('',#838,2.25);
#840=LINE('',#837,#839);
#841=EDGE_CURVE('',#827,#836,#840,.T.);
#842=ORIENTED_EDGE('',*,*,#841,.T.);
#843=CARTESIAN_POINT('',(22.12610134,160.129587024,65.017693924));
#844=DIRECTION('',(-1.,-0.,0.));
#845=VECTOR('',#844,7.);
#846=LINE('',#843,#845);
#847=EDGE_CURVE('',#836,#703,#846,.T.);
#848=ORIENTED_EDGE('',*,*,#847,.T.);
#849=EDGE_LOOP('',(#711,#719,#727,#736,#744,#752,#760,#769,#777,#785,#793,#801,#807,#808,#809,#817,#825,#834,#842,#848));
#850=FACE_BOUND('',#849,.T.);
#851=ADVANCED_FACE('',(#850),#701,.T.);
#852=CARTESIAN_POINT('',(151.34210134,160.129587024,63.017693924));
#853=DIRECTION('',(-1.,0.,0.));
#854=DIRECTION('',(0.,0.,1.));
#855=AXIS2_PLACEMENT_3D('',#852,#853,#854);
#856=CYLINDRICAL_SURFACE('',#855,2.);
#857=CARTESIAN_POINT('',(15.12610134,162.129587024,63.017693924));
#858=VERTEX_POINT('',#857);
#859=CARTESIAN_POINT('',(15.12610134,160.129587024,63.017693924));
#860=DIRECTION('',(-1.,0.,0.));
#861=DIRECTION('',(0.,-1.,0.));
#862=AXIS2_PLACEMENT_3D('',#859,#860,#861);
#863=CIRCLE('',#862,2.);
#864=EDGE_CURVE('',#703,#858,#863,.T.);
#865=ORIENTED_EDGE('',*,*,#864,.F.);
#866=ORIENTED_EDGE('',*,*,#847,.F.);
#867=CARTESIAN_POINT('',(22.12610134,162.129587024,63.017693924));
#868=VERTEX_POINT('',#867);
#869=CARTESIAN_POINT('',(22.12610134,160.129587024,63.017693924));
#870=DIRECTION('',(1.,-0.,-0.));
#871=DIRECTION('',(0.,-1.,0.));
#872=AXIS2_PLACEMENT_3D('',#869,#870,#871);
#873=CIRCLE('',#872,2.);
#874=EDGE_CURVE('',#868,#836,#873,.T.);
#875=ORIENTED_EDGE('',*,*,#874,.F.);
#876=CARTESIAN_POINT('',(22.12610134,162.129587024,63.017693924));
#877=DIRECTION('',(-1.,0.,0.));
#878=VECTOR('',#877,7.);
#879=LINE('',#876,#878);
#880=EDGE_CURVE('',#868,#858,#879,.T.);
#881=ORIENTED_EDGE('',*,*,#880,.T.);
#882=EDGE_LOOP('',(#865,#866,#875,#881));
#883=FACE_BOUND('',#882,.T.);
#884=ADVANCED_FACE('',(#883),#856,.T.);
#885=CARTESIAN_POINT('',(73.12610134,162.129587024,5.017693924));
#886=DIRECTION('',(0.,1.,-0.));
#887=DIRECTION('',(-1.,0.,0.));
#888=AXIS2_PLACEMENT_3D('',#885,#886,#887);
#889=PLANE('',#888);
#890=CARTESIAN_POINT('',(22.12610134,162.129587024,63.017693924));
#891=DIRECTION('',(-0.,-0.,-1.));
#892=VECTOR('',#891,53.);
#893=LINE('',#890,#892);
#894=EDGE_CURVE('',#868,#285,#893,.T.);
#895=ORIENTED_EDGE('',*,*,#894,.T.);
#896=ORIENTED_EDGE('',*,*,#333,.T.);
#897=CARTESIAN_POINT('',(34.12610134,162.129587024,63.017693924));
#898=VERTEX_POINT('',#897);
#899=CARTESIAN_POINT('',(34.12610134,162.129587024,10.017693924));
#900=DIRECTION('',(0.,0.,1.));
#901=VECTOR('',#900,53.);
#902=LINE('',#899,#901);
#903=EDGE_CURVE('',#321,#898,#902,.T.);
#904=ORIENTED_EDGE('',*,*,#903,.T.);
#905=CARTESIAN_POINT('',(52.12610134,162.129587024,63.017693924));
#906=DIRECTION('',(-1.,0.,0.));
#907=VECTOR('',#906,18.);
#908=LINE('',#905,#907);
#909=EDGE_CURVE('',#595,#898,#908,.T.);
#910=ORIENTED_EDGE('',*,*,#909,.F.);
#911=ORIENTED_EDGE('',*,*,#600,.T.);
#912=ORIENTED_EDGE('',*,*,#239,.T.);
#913=CARTESIAN_POINT('',(64.12610134,162.129587024,63.017693924));
#914=VERTEX_POINT('',#913);
#915=CARTESIAN_POINT('',(64.12610134,162.129587024,10.017693924));
#916=DIRECTION('',(0.,0.,1.));
#917=VECTOR('',#916,53.);
#918=LINE('',#915,#917);
#919=EDGE_CURVE('',#225,#914,#918,.T.);
#920=ORIENTED_EDGE('',*,*,#919,.T.);
#921=CARTESIAN_POINT('',(71.12610134,162.129587024,63.017693924));
#922=VERTEX_POINT('',#921);
#923=CARTESIAN_POINT('',(71.12610134,162.129587024,63.017693924));
#924=DIRECTION('',(-1.,0.,0.));
#925=VECTOR('',#924,7.);
#926=LINE('',#923,#925);
#927=EDGE_CURVE('',#922,#914,#926,.T.);
#928=ORIENTED_EDGE('',*,*,#927,.F.);
#929=CARTESIAN_POINT('',(71.12610134,162.129587024,7.017693924));
#930=VERTEX_POINT('',#929);
#931=CARTESIAN_POINT('',(71.12610134,162.129587024,63.017693924));
#932=DIRECTION('',(-0.,-0.,-1.));
#933=VECTOR('',#932,56.);
#934=LINE('',#931,#933);
#935=EDGE_CURVE('',#922,#930,#934,.T.);
#936=ORIENTED_EDGE('',*,*,#935,.T.);
#937=CARTESIAN_POINT('',(15.12610134,162.129587024,7.017693924));
#938=VERTEX_POINT('',#937);
#939=CARTESIAN_POINT('',(15.12610134,162.129587024,7.017693924));
#940=DIRECTION('',(1.,0.,-0.));
#941=VECTOR('',#940,56.);
#942=LINE('',#939,#941);
#943=EDGE_CURVE('',#938,#930,#942,.T.);
#944=ORIENTED_EDGE('',*,*,#943,.F.);
#945=CARTESIAN_POINT('',(15.12610134,162.129587024,63.017693924));
#946=DIRECTION('',(0.,-0.,-1.));
#947=VECTOR('',#946,56.);
#948=LINE('',#945,#947);
#949=EDGE_CURVE('',#858,#938,#948,.T.);
#950=ORIENTED_EDGE('',*,*,#949,.F.);
#951=ORIENTED_EDGE('',*,*,#880,.F.);
#952=EDGE_LOOP('',(#895,#896,#904,#910,#911,#912,#920,#928,#936,#944,#950,#951));
#953=FACE_BOUND('',#952,.T.);
#954=ADVANCED_FACE('',(#953),#889,.T.);
#955=CARTESIAN_POINT('',(15.12610134,160.129587024,143.233693924));
#956=DIRECTION('',(-0.,-0.,-1.));
#957=DIRECTION('',(-1.,0.,0.));
#958=AXIS2_PLACEMENT_3D('',#955,#956,#957);
#959=CYLINDRICAL_SURFACE('',#958,2.);
#960=CARTESIAN_POINT('',(13.484160249,161.271528115,6.159635015));
#961=VERTEX_POINT('',#960);
#962=CARTESIAN_POINT('',(15.12610134,160.129587024,5.017693924));
#963=DIRECTION('',(0.,0.707106781,-0.707106781));
#964=DIRECTION('',(0.,-0.707106781,-0.707106781));
#965=AXIS2_PLACEMENT_3D('',#962,#963,#964);
#966=ELLIPSE('',#965,2.828427125,2.);
#967=EDGE_CURVE('',#961,#938,#966,.T.);
#968=ORIENTED_EDGE('',*,*,#967,.F.);
#969=CARTESIAN_POINT('',(13.12610134,160.129587024,6.517693924));
#970=VERTEX_POINT('',#969);
#971=CARTESIAN_POINT('',(15.12610134,160.129587024,4.517693924));
#972=DIRECTION('',(0.707106781,0.,0.707106781));
#973=DIRECTION('',(0.707106781,-0.,-0.707106781));
#974=AXIS2_PLACEMENT_3D('',#971,#972,#973);
#975=ELLIPSE('',#974,2.828427125,2.);
#976=EDGE_CURVE('',#961,#970,#975,.T.);
#977=ORIENTED_EDGE('',*,*,#976,.T.);
#978=CARTESIAN_POINT('',(13.12610134,160.129587024,63.017693924));
#979=VERTEX_POINT('',#978);
#980=CARTESIAN_POINT('',(13.12610134,160.129587024,63.017693924));
#981=DIRECTION('',(-0.,-0.,-1.));
#982=VECTOR('',#981,56.5);
#983=LINE('',#980,#982);
#984=EDGE_CURVE('',#979,#970,#983,.T.);
#985=ORIENTED_EDGE('',*,*,#984,.F.);
#986=CARTESIAN_POINT('',(15.12610134,160.129587024,63.017693924));
#987=DIRECTION('',(-0.,0.,1.));
#988=DIRECTION('',(0.,1.,-0.));
#989=AXIS2_PLACEMENT_3D('',#986,#987,#988);
#990=CIRCLE('',#989,2.);
#991=EDGE_CURVE('',#858,#979,#990,.T.);
#992=ORIENTED_EDGE('',*,*,#991,.F.);
#993=ORIENTED_EDGE('',*,*,#949,.T.);
#994=EDGE_LOOP('',(#968,#977,#985,#992,#993));
#995=FACE_BOUND('',#994,.T.);
#996=ADVANCED_FACE('',(#995),#959,.T.);
#997=CARTESIAN_POINT('',(43.12610134,161.129587024,6.017693924));
#998=DIRECTION('',(0.,0.707106781,-0.707106781));
#999=DIRECTION('',(0.,0.707106781,0.707106781));
#1000=AXIS2_PLACEMENT_3D('',#997,#998,#999);
#1001=PLANE('',#1000);
#1002=ORIENTED_EDGE('',*,*,#57,.F.);
#1003=CARTESIAN_POINT('',(14.62610134,160.129587024,5.017693924));
#1004=DIRECTION('',(-0.577350269,0.577350269,0.577350269));
#1005=VECTOR('',#1004,1.977899988);
#1006=LINE('',#1003,#1005);
#1007=EDGE_CURVE('',#44,#961,#1006,.T.);
#1008=ORIENTED_EDGE('',*,*,#1007,.T.);
#1009=ORIENTED_EDGE('',*,*,#967,.T.);
#1010=ORIENTED_EDGE('',*,*,#943,.T.);
#1011=CARTESIAN_POINT('',(72.768042431,161.271528115,6.159635015));
#1012=VERTEX_POINT('',#1011);
#1013=CARTESIAN_POINT('',(71.12610134,160.129587024,5.017693924));
#1014=DIRECTION('',(0.,0.707106781,-0.707106781));
#1015=DIRECTION('',(0.,-0.707106781,-0.707106781));
#1016=AXIS2_PLACEMENT_3D('',#1013,#1014,#1015);
#1017=ELLIPSE('',#1016,2.828427125,2.);
#1018=EDGE_CURVE('',#930,#1012,#1017,.T.);
#1019=ORIENTED_EDGE('',*,*,#1018,.T.);
#1020=CARTESIAN_POINT('',(72.768042431,161.271528115,6.159635015));
#1021=DIRECTION('',(-0.577350269,-0.577350269,-0.577350269));
#1022=VECTOR('',#1021,1.977899988);
#1023=LINE('',#1020,#1022);
#1024=EDGE_CURVE('',#1012,#52,#1023,.T.);
#1025=ORIENTED_EDGE('',*,*,#1024,.T.);
#1026=EDGE_LOOP('',(#1002,#1008,#1009,#1010,#1019,#1025));
#1027=FACE_BOUND('',#1026,.T.);
#1028=ADVANCED_FACE('',(#1027),#1001,.T.);
#1029=CARTESIAN_POINT('',(71.12610134,160.129587024,143.233693924));
#1030=DIRECTION('',(0.,-0.,-1.));
#1031=DIRECTION('',(0.,1.,-0.));
#1032=AXIS2_PLACEMENT_3D('',#1029,#1030,#1031);
#1033=CYLINDRICAL_SURFACE('',#1032,2.);
#1034=CARTESIAN_POINT('',(73.12610134,160.129587024,63.017693924));
#1035=VERTEX_POINT('',#1034);
#1036=CARTESIAN_POINT('',(73.12610134,160.129587024,6.517693924));
#1037=VERTEX_POINT('',#1036);
#1038=CARTESIAN_POINT('',(73.12610134,160.129587024,63.017693924));
#1039=DIRECTION('',(0.,-0.,-1.));
#1040=VECTOR('',#1039,56.5);
#1041=LINE('',#1038,#1040);
#1042=EDGE_CURVE('',#1035,#1037,#1041,.T.);
#1043=ORIENTED_EDGE('',*,*,#1042,.T.);
#1044=CARTESIAN_POINT('',(71.12610134,160.129587024,4.517693924));
#1045=DIRECTION('',(-0.707106781,0.,0.707106781));
#1046=DIRECTION('',(-0.707106781,-0.,-0.707106781));
#1047=AXIS2_PLACEMENT_3D('',#1044,#1045,#1046);
#1048=ELLIPSE('',#1047,2.828427125,2.);
#1049=EDGE_CURVE('',#1037,#1012,#1048,.T.);
#1050=ORIENTED_EDGE('',*,*,#1049,.T.);
#1051=ORIENTED_EDGE('',*,*,#1018,.F.);
#1052=ORIENTED_EDGE('',*,*,#935,.F.);
#1053=CARTESIAN_POINT('',(71.12610134,160.129587024,63.017693924));
#1054=DIRECTION('',(-0.,0.,1.));
#1055=DIRECTION('',(0.,1.,-0.));
#1056=AXIS2_PLACEMENT_3D('',#1053,#1054,#1055);
#1057=CIRCLE('',#1056,2.);
#1058=EDGE_CURVE('',#1035,#922,#1057,.T.);
#1059=ORIENTED_EDGE('',*,*,#1058,.F.);
#1060=EDGE_LOOP('',(#1043,#1050,#1051,#1052,#1059));
#1061=FACE_BOUND('',#1060,.T.);
#1062=ADVANCED_FACE('',(#1061),#1033,.T.);
#1063=CARTESIAN_POINT('',(73.12610134,129.129587024,5.017693924));
#1064=DIRECTION('',(1.,0.,0.));
#1065=DIRECTION('',(0.,1.,-0.));
#1066=AXIS2_PLACEMENT_3D('',#1063,#1064,#1065);
#1067=PLANE('',#1066);
#1068=CARTESIAN_POINT('',(73.12610134,131.129587024,63.017693924));
#1069=VERTEX_POINT('',#1068);
#1070=CARTESIAN_POINT('',(73.12610134,131.129587024,6.517693924));
#1071=VERTEX_POINT('',#1070);
#1072=CARTESIAN_POINT('',(73.12610134,131.129587024,63.017693924));
#1073=DIRECTION('',(-0.,-0.,-1.));
#1074=VECTOR('',#1073,56.5);
#1075=LINE('',#1072,#1074);
#1076=EDGE_CURVE('',#1069,#1071,#1075,.T.);
#1077=ORIENTED_EDGE('',*,*,#1076,.T.);
#1078=CARTESIAN_POINT('',(73.12610134,131.129587024,6.517693924));
#1079=DIRECTION('',(0.,1.,-0.));
#1080=VECTOR('',#1079,29.);
#1081=LINE('',#1078,#1080);
#1082=EDGE_CURVE('',#1071,#1037,#1081,.T.);
#1083=ORIENTED_EDGE('',*,*,#1082,.T.);
#1084=ORIENTED_EDGE('',*,*,#1042,.F.);
#1085=CARTESIAN_POINT('',(73.12610134,131.129587024,63.017693924));
#1086=DIRECTION('',(0.,1.,-0.));
#1087=VECTOR('',#1086,29.);
#1088=LINE('',#1085,#1087);
#1089=EDGE_CURVE('',#1069,#1035,#1088,.T.);
#1090=ORIENTED_EDGE('',*,*,#1089,.F.);
#1091=EDGE_LOOP('',(#1077,#1083,#1084,#1090));
#1092=FACE_BOUND('',#1091,.T.);
#1093=CARTESIAN_POINT('',(73.12610134,155.126655181,36.416198005));
#1094=VERTEX_POINT('',#1093);
#1095=CARTESIAN_POINT('',(73.12610134,140.626655181,36.416198005));
#1096=VERTEX_POINT('',#1095);
#1097=CARTESIAN_POINT('',(73.12610134,155.126655181,36.416198005));
#1098=DIRECTION('',(-0.,-1.,0.));
#1099=VECTOR('',#1098,14.5);
#1100=LINE('',#1097,#1099);
#1101=EDGE_CURVE('',#1094,#1096,#1100,.T.);
#1102=ORIENTED_EDGE('',*,*,#1101,.T.);
#1103=CARTESIAN_POINT('',(73.12610134,140.626655181,52.416198005));
#1104=VERTEX_POINT('',#1103);
#1105=CARTESIAN_POINT('',(73.12610134,140.626655181,44.416198005));
#1106=DIRECTION('',(-1.,0.,0.));
#1107=DIRECTION('',(0.,-1.,0.));
#1108=AXIS2_PLACEMENT_3D('',#1105,#1106,#1107);
#1109=CIRCLE('',#1108,8.);
#1110=EDGE_CURVE('',#1096,#1104,#1109,.T.);
#1111=ORIENTED_EDGE('',*,*,#1110,.T.);
#1112=CARTESIAN_POINT('',(73.12610134,155.126655181,52.416198005));
#1113=VERTEX_POINT('',#1112);
#1114=CARTESIAN_POINT('',(73.12610134,140.626655181,52.416198005));
#1115=DIRECTION('',(0.,1.,-0.));
#1116=VECTOR('',#1115,14.5);
#1117=LINE('',#1114,#1116);
#1118=EDGE_CURVE('',#1104,#1113,#1117,.T.);
#1119=ORIENTED_EDGE('',*,*,#1118,.T.);
#1120=CARTESIAN_POINT('',(73.12610134,155.126655181,52.416198005));
#1121=DIRECTION('',(-0.,-0.,-1.));
#1122=VECTOR('',#1121,16.);
#1123=LINE('',#1120,#1122);
#1124=EDGE_CURVE('',#1113,#1094,#1123,.T.);
#1125=ORIENTED_EDGE('',*,*,#1124,.T.);
#1126=EDGE_LOOP('',(#1102,#1111,#1119,#1125));
#1127=FACE_BOUND('',#1126,.T.);
#1128=ADVANCED_FACE('',(#1092,#1127),#1067,.T.);
#1129=CARTESIAN_POINT('',(71.12610134,131.129587024,143.233693924));
#1130=DIRECTION('',(0.,-0.,-1.));
#1131=DIRECTION('',(1.,0.,0.));
#1132=AXIS2_PLACEMENT_3D('',#1129,#1130,#1131);
#1133=CYLINDRICAL_SURFACE('',#1132,2.);
#1134=CARTESIAN_POINT('',(71.12610134,129.129587024,63.017693924));
#1135=VERTEX_POINT('',#1134);
#1136=CARTESIAN_POINT('',(71.12610134,129.129587024,6.517693924));
#1137=VERTEX_POINT('',#1136);
#1138=CARTESIAN_POINT('',(71.12610134,129.129587024,63.017693924));
#1139=DIRECTION('',(0.,-0.,-1.));
#1140=VECTOR('',#1139,56.5);
#1141=LINE('',#1138,#1140);
#1142=EDGE_CURVE('',#1135,#1137,#1141,.T.);
#1143=ORIENTED_EDGE('',*,*,#1142,.T.);
#1144=CARTESIAN_POINT('',(71.12610134,131.129587024,6.517693924));
#1145=DIRECTION('',(0.,0.,1.));
#1146=DIRECTION('',(1.,0.,-0.));
#1147=AXIS2_PLACEMENT_3D('',#1144,#1145,#1146);
#1148=CIRCLE('',#1147,2.);
#1149=EDGE_CURVE('',#1137,#1071,#1148,.T.);
#1150=ORIENTED_EDGE('',*,*,#1149,.T.);
#1151=ORIENTED_EDGE('',*,*,#1076,.F.);
#1152=CARTESIAN_POINT('',(71.12610134,131.129587024,63.017693924));
#1153=DIRECTION('',(-0.,0.,1.));
#1154=DIRECTION('',(0.,1.,-0.));
#1155=AXIS2_PLACEMENT_3D('',#1152,#1153,#1154);
#1156=CIRCLE('',#1155,2.);
#1157=EDGE_CURVE('',#1135,#1069,#1156,.T.);
#1158=ORIENTED_EDGE('',*,*,#1157,.F.);
#1159=EDGE_LOOP('',(#1143,#1150,#1151,#1158));
#1160=FACE_BOUND('',#1159,.T.);
#1161=ADVANCED_FACE('',(#1160),#1133,.T.);
#1162=CARTESIAN_POINT('',(13.12610134,129.129587024,5.017693924));
#1163=DIRECTION('',(0.,-1.,0.));
#1164=DIRECTION('',(1.,0.,0.));
#1165=AXIS2_PLACEMENT_3D('',#1162,#1163,#1164);
#1166=PLANE('',#1165);
#1167=CARTESIAN_POINT('',(15.12610134,129.129587024,63.017693924));
#1168=VERTEX_POINT('',#1167);
#1169=CARTESIAN_POINT('',(15.12610134,129.129587024,6.517693924));
#1170=VERTEX_POINT('',#1169);
#1171=CARTESIAN_POINT('',(15.12610134,129.129587024,63.017693924));
#1172=DIRECTION('',(-0.,-0.,-1.));
#1173=VECTOR('',#1172,56.5);
#1174=LINE('',#1171,#1173);
#1175=EDGE_CURVE('',#1168,#1170,#1174,.T.);
#1176=ORIENTED_EDGE('',*,*,#1175,.T.);
#1177=CARTESIAN_POINT('',(15.12610134,129.129587024,6.517693924));
#1178=DIRECTION('',(1.,0.,-0.));
#1179=VECTOR('',#1178,56.);
#1180=LINE('',#1177,#1179);
#1181=EDGE_CURVE('',#1170,#1137,#1180,.T.);
#1182=ORIENTED_EDGE('',*,*,#1181,.T.);
#1183=ORIENTED_EDGE('',*,*,#1142,.F.);
#1184=CARTESIAN_POINT('',(64.12610134,129.129587024,63.017693924));
#1185=VERTEX_POINT('',#1184);
#1186=CARTESIAN_POINT('',(64.12610134,129.129587024,63.017693924));
#1187=DIRECTION('',(1.,0.,-0.));
#1188=VECTOR('',#1187,7.);
#1189=LINE('',#1186,#1188);
#1190=EDGE_CURVE('',#1185,#1135,#1189,.T.);
#1191=ORIENTED_EDGE('',*,*,#1190,.F.);
#1192=CARTESIAN_POINT('',(64.12610134,129.129587024,55.017693924));
#1193=VERTEX_POINT('',#1192);
#1194=CARTESIAN_POINT('',(64.12610134,129.129587024,63.017693924));
#1195=DIRECTION('',(-0.,-0.,-1.));
#1196=VECTOR('',#1195,8.);
#1197=LINE('',#1194,#1196);
#1198=EDGE_CURVE('',#1185,#1193,#1197,.T.);
#1199=ORIENTED_EDGE('',*,*,#1198,.T.);
#1200=CARTESIAN_POINT('',(65.12610134,129.129587024,55.017693924));
#1201=VERTEX_POINT('',#1200);
#1202=CARTESIAN_POINT('',(64.12610134,129.129587024,55.017693924));
#1203=DIRECTION('',(1.,0.,-0.));
#1204=VECTOR('',#1203,1.);
#1205=LINE('',#1202,#1204);
#1206=EDGE_CURVE('',#1193,#1201,#1205,.T.);
#1207=ORIENTED_EDGE('',*,*,#1206,.T.);
#1208=CARTESIAN_POINT('',(65.12610134,129.129587024,32.017693924));
#1209=VERTEX_POINT('',#1208);
#1210=CARTESIAN_POINT('',(65.12610134,129.129587024,55.017693924));
#1211=DIRECTION('',(-0.,-0.,-1.));
#1212=VECTOR('',#1211,23.);
#1213=LINE('',#1210,#1212);
#1214=EDGE_CURVE('',#1201,#1209,#1213,.T.);
#1215=ORIENTED_EDGE('',*,*,#1214,.T.);
#1216=CARTESIAN_POINT('',(64.12610134,129.129587024,32.017693924));
#1217=VERTEX_POINT('',#1216);
#1218=CARTESIAN_POINT('',(65.12610134,129.129587024,32.017693924));
#1219=DIRECTION('',(-1.,-0.,0.));
#1220=VECTOR('',#1219,1.);
#1221=LINE('',#1218,#1220);
#1222=EDGE_CURVE('',#1209,#1217,#1221,.T.);
#1223=ORIENTED_EDGE('',*,*,#1222,.T.);
#1224=CARTESIAN_POINT('',(64.12610134,129.129587024,32.017693924));
#1225=DIRECTION('',(-0.,-0.,-1.));
#1226=VECTOR('',#1225,22.);
#1227=LINE('',#1224,#1226);
#1228=EDGE_CURVE('',#1217,#392,#1227,.T.);
#1229=ORIENTED_EDGE('',*,*,#1228,.T.);
#1230=ORIENTED_EDGE('',*,*,#397,.T.);
#1231=CARTESIAN_POINT('',(52.12610134,129.129587024,32.017693924));
#1232=VERTEX_POINT('',#1231);
#1233=CARTESIAN_POINT('',(52.12610134,129.129587024,10.017693924));
#1234=DIRECTION('',(0.,0.,1.));
#1235=VECTOR('',#1234,22.);
#1236=LINE('',#1233,#1235);
#1237=EDGE_CURVE('',#383,#1232,#1236,.T.);
#1238=ORIENTED_EDGE('',*,*,#1237,.T.);
#1239=CARTESIAN_POINT('',(34.12610134,129.129587024,32.017693924));
#1240=VERTEX_POINT('',#1239);
#1241=CARTESIAN_POINT('',(52.12610134,129.129587024,32.017693924));
#1242=DIRECTION('',(-1.,-0.,0.));
#1243=VECTOR('',#1242,18.);
#1244=LINE('',#1241,#1243);
#1245=EDGE_CURVE('',#1232,#1240,#1244,.T.);
#1246=ORIENTED_EDGE('',*,*,#1245,.T.);
#1247=CARTESIAN_POINT('',(34.12610134,129.129587024,32.017693924));
#1248=DIRECTION('',(-0.,-0.,-1.));
#1249=VECTOR('',#1248,22.);
#1250=LINE('',#1247,#1249);
#1251=EDGE_CURVE('',#1240,#471,#1250,.T.);
#1252=ORIENTED_EDGE('',*,*,#1251,.T.);
#1253=ORIENTED_EDGE('',*,*,#476,.T.);
#1254=CARTESIAN_POINT('',(22.12610134,129.129587024,32.017693924));
#1255=VERTEX_POINT('',#1254);
#1256=CARTESIAN_POINT('',(22.12610134,129.129587024,10.017693924));
#1257=DIRECTION('',(0.,0.,1.));
#1258=VECTOR('',#1257,22.);
#1259=LINE('',#1256,#1258);
#1260=EDGE_CURVE('',#462,#1255,#1259,.T.);
#1261=ORIENTED_EDGE('',*,*,#1260,.T.);
#1262=CARTESIAN_POINT('',(21.12610134,129.129587024,32.017693924));
#1263=VERTEX_POINT('',#1262);
#1264=CARTESIAN_POINT('',(22.12610134,129.129587024,32.017693924));
#1265=DIRECTION('',(-1.,-0.,0.));
#1266=VECTOR('',#1265,1.);
#1267=LINE('',#1264,#1266);
#1268=EDGE_CURVE('',#1255,#1263,#1267,.T.);
#1269=ORIENTED_EDGE('',*,*,#1268,.T.);
#1270=CARTESIAN_POINT('',(21.12610134,129.129587024,55.017693924));
#1271=VERTEX_POINT('',#1270);
#1272=CARTESIAN_POINT('',(21.12610134,129.129587024,32.017693924));
#1273=DIRECTION('',(0.,0.,1.));
#1274=VECTOR('',#1273,23.);
#1275=LINE('',#1272,#1274);
#1276=EDGE_CURVE('',#1263,#1271,#1275,.T.);
#1277=ORIENTED_EDGE('',*,*,#1276,.T.);
#1278=CARTESIAN_POINT('',(22.12610134,129.129587024,55.017693924));
#1279=VERTEX_POINT('',#1278);
#1280=CARTESIAN_POINT('',(21.12610134,129.129587024,55.017693924));
#1281=DIRECTION('',(1.,0.,-0.));
#1282=VECTOR('',#1281,1.);
#1283=LINE('',#1280,#1282);
#1284=EDGE_CURVE('',#1271,#1279,#1283,.T.);
#1285=ORIENTED_EDGE('',*,*,#1284,.T.);
#1286=CARTESIAN_POINT('',(22.12610134,129.129587024,63.017693924));
#1287=VERTEX_POINT('',#1286);
#1288=CARTESIAN_POINT('',(22.12610134,129.129587024,55.017693924));
#1289=DIRECTION('',(0.,0.,1.));
#1290=VECTOR('',#1289,8.);
#1291=LINE('',#1288,#1290);
#1292=EDGE_CURVE('',#1279,#1287,#1291,.T.);
#1293=ORIENTED_EDGE('',*,*,#1292,.T.);
#1294=CARTESIAN_POINT('',(15.12610134,129.129587024,63.017693924));
#1295=DIRECTION('',(1.,0.,-0.));
#1296=VECTOR('',#1295,7.);
#1297=LINE('',#1294,#1296);
#1298=EDGE_CURVE('',#1168,#1287,#1297,.T.);
#1299=ORIENTED_EDGE('',*,*,#1298,.F.);
#1300=EDGE_LOOP('',(#1176,#1182,#1183,#1191,#1199,#1207,#1215,#1223,#1229,#1230,#1238,#1246,#1252,#1253,#1261,#1269,#1277,#1285,#1293,#1299));
#1301=FACE_BOUND('',#1300,.T.);
#1302=CARTESIAN_POINT('',(20.37610134,129.129587024,48.492693924));
#1303=VERTEX_POINT('',#1302);
#1304=CARTESIAN_POINT('',(18.62610134,129.129587024,48.492693924));
#1305=DIRECTION('',(0.,-1.,0.));
#1306=DIRECTION('',(1.,0.,0.));
#1307=AXIS2_PLACEMENT_3D('',#1304,#1305,#1306);
#1308=CIRCLE('',#1307,1.75);
#1309=EDGE_CURVE('',#1303,#1303,#1308,.T.);
#1310=ORIENTED_EDGE('',*,*,#1309,.F.);
#1311=EDGE_LOOP('',(#1310));
#1312=FACE_BOUND('',#1311,.T.);
#1313=CARTESIAN_POINT('',(20.37610134,129.129587024,38.542693924));
#1314=VERTEX_POINT('',#1313);
#1315=CARTESIAN_POINT('',(18.62610134,129.129587024,38.542693924));
#1316=DIRECTION('',(0.,-1.,0.));
#1317=DIRECTION('',(1.,0.,0.));
#1318=AXIS2_PLACEMENT_3D('',#1315,#1316,#1317);
#1319=CIRCLE('',#1318,1.75);
#1320=EDGE_CURVE('',#1314,#1314,#1319,.T.);
#1321=ORIENTED_EDGE('',*,*,#1320,.F.);
#1322=EDGE_LOOP('',(#1321));
#1323=FACE_BOUND('',#1322,.T.);
#1324=CARTESIAN_POINT('',(69.37610134,129.129587024,48.492693924));
#1325=VERTEX_POINT('',#1324);
#1326=CARTESIAN_POINT('',(67.62610134,129.129587024,48.492693924));
#1327=DIRECTION('',(0.,-1.,0.));
#1328=DIRECTION('',(1.,0.,0.));
#1329=AXIS2_PLACEMENT_3D('',#1326,#1327,#1328);
#1330=CIRCLE('',#1329,1.75);
#1331=EDGE_CURVE('',#1325,#1325,#1330,.T.);
#1332=ORIENTED_EDGE('',*,*,#1331,.F.);
#1333=EDGE_LOOP('',(#1332));
#1334=FACE_BOUND('',#1333,.T.);
#1335=CARTESIAN_POINT('',(69.37610134,129.129587024,38.542693924));
#1336=VERTEX_POINT('',#1335);
#1337=CARTESIAN_POINT('',(67.62610134,129.129587024,38.542693924));
#1338=DIRECTION('',(0.,-1.,0.));
#1339=DIRECTION('',(1.,0.,0.));
#1340=AXIS2_PLACEMENT_3D('',#1337,#1338,#1339);
#1341=CIRCLE('',#1340,1.75);
#1342=EDGE_CURVE('',#1336,#1336,#1341,.T.);
#1343=ORIENTED_EDGE('',*,*,#1342,.F.);
#1344=EDGE_LOOP('',(#1343));
#1345=FACE_BOUND('',#1344,.T.);
#1346=ADVANCED_FACE('',(#1301,#1312,#1323,#1334,#1345),#1166,.T.);
#1347=CARTESIAN_POINT('',(13.12610134,129.129587024,5.017693924));
#1348=DIRECTION('',(0.,-1.,0.));
#1349=DIRECTION('',(1.,0.,0.));
#1350=AXIS2_PLACEMENT_3D('',#1347,#1348,#1349);
#1351=PLANE('',#1350);
#1352=CARTESIAN_POINT('',(34.12610134,129.129587024,63.017693924));
#1353=VERTEX_POINT('',#1352);
#1354=CARTESIAN_POINT('',(52.12610134,129.129587024,63.017693924));
#1355=VERTEX_POINT('',#1354);
#1356=CARTESIAN_POINT('',(34.12610134,129.129587024,63.017693924));
#1357=DIRECTION('',(1.,0.,-0.));
#1358=VECTOR('',#1357,18.);
#1359=LINE('',#1356,#1358);
#1360=EDGE_CURVE('',#1353,#1355,#1359,.T.);
#1361=ORIENTED_EDGE('',*,*,#1360,.F.);
#1362=CARTESIAN_POINT('',(34.12610134,129.129587024,55.017693924));
#1363=VERTEX_POINT('',#1362);
#1364=CARTESIAN_POINT('',(34.12610134,129.129587024,63.017693924));
#1365=DIRECTION('',(-0.,-0.,-1.));
#1366=VECTOR('',#1365,8.);
#1367=LINE('',#1364,#1366);
#1368=EDGE_CURVE('',#1353,#1363,#1367,.T.);
#1369=ORIENTED_EDGE('',*,*,#1368,.T.);
#1370=CARTESIAN_POINT('',(52.12610134,129.129587024,55.017693924));
#1371=VERTEX_POINT('',#1370);
#1372=CARTESIAN_POINT('',(34.12610134,129.129587024,55.017693924));
#1373=DIRECTION('',(1.,0.,-0.));
#1374=VECTOR('',#1373,18.);
#1375=LINE('',#1372,#1374);
#1376=EDGE_CURVE('',#1363,#1371,#1375,.T.);
#1377=ORIENTED_EDGE('',*,*,#1376,.T.);
#1378=CARTESIAN_POINT('',(52.12610134,129.129587024,55.017693924));
#1379=DIRECTION('',(0.,0.,1.));
#1380=VECTOR('',#1379,8.);
#1381=LINE('',#1378,#1380);
#1382=EDGE_CURVE('',#1371,#1355,#1381,.T.);
#1383=ORIENTED_EDGE('',*,*,#1382,.T.);
#1384=EDGE_LOOP('',(#1361,#1369,#1377,#1383));
#1385=FACE_BOUND('',#1384,.T.);
#1386=ADVANCED_FACE('',(#1385),#1351,.T.);
#1387=CARTESIAN_POINT('',(18.62610134,129.129587024,48.492693924));
#1388=DIRECTION('',(0.,-1.,0.));
#1389=DIRECTION('',(1.,0.,0.));
#1390=AXIS2_PLACEMENT_3D('',#1387,#1388,#1389);
#1391=CYLINDRICAL_SURFACE('',#1390,1.75);
#1392=CARTESIAN_POINT('',(20.37610134,131.129587024,48.492693924));
#1393=VERTEX_POINT('',#1392);
#1394=CARTESIAN_POINT('',(20.37610134,129.129587024,48.492693924));
#1395=DIRECTION('',(-0.,1.,-0.));
#1396=VECTOR('',#1395,2.);
#1397=LINE('',#1394,#1396);
#1398=EDGE_CURVE('',#1303,#1393,#1397,.T.);
#1399=ORIENTED_EDGE('',*,*,#1398,.F.);
#1400=ORIENTED_EDGE('',*,*,#1309,.T.);
#1401=ORIENTED_EDGE('',*,*,#1398,.T.);
#1402=CARTESIAN_POINT('',(18.62610134,131.129587024,48.492693924));
#1403=DIRECTION('',(0.,-1.,0.));
#1404=DIRECTION('',(1.,0.,0.));
#1405=AXIS2_PLACEMENT_3D('',#1402,#1403,#1404);
#1406=CIRCLE('',#1405,1.75);
#1407=EDGE_CURVE('',#1393,#1393,#1406,.T.);
#1408=ORIENTED_EDGE('',*,*,#1407,.F.);
#1409=EDGE_LOOP('',(#1399,#1400,#1401,#1408));
#1410=FACE_BOUND('',#1409,.T.);
#1411=ADVANCED_FACE('',(#1410),#1391,.F.);
#1412=CARTESIAN_POINT('',(43.12610134,131.129587024,5.017693924));
#1413=DIRECTION('',(0.,-1.,0.));
#1414=DIRECTION('',(1.,0.,0.));
#1415=AXIS2_PLACEMENT_3D('',#1412,#1413,#1414);
#1416=PLANE('',#1415);
#1417=ORIENTED_EDGE('',*,*,#1407,.T.);
#1418=EDGE_LOOP('',(#1417));
#1419=FACE_BOUND('',#1418,.T.);
#1420=CARTESIAN_POINT('',(20.12610134,131.129587024,48.492693924));
#1421=VERTEX_POINT('',#1420);
#1422=CARTESIAN_POINT('',(18.62610134,131.129587024,48.492693924));
#1423=DIRECTION('',(0.,-1.,0.));
#1424=DIRECTION('',(1.,0.,0.));
#1425=AXIS2_PLACEMENT_3D('',#1422,#1423,#1424);
#1426=CIRCLE('',#1425,1.5);
#1427=EDGE_CURVE('',#1421,#1421,#1426,.T.);
#1428=ORIENTED_EDGE('',*,*,#1427,.F.);
#1429=EDGE_LOOP('',(#1428));
#1430=FACE_BOUND('',#1429,.T.);
#1431=ADVANCED_FACE('',(#1419,#1430),#1416,.T.);
#1432=CARTESIAN_POINT('',(43.12610134,131.129587024,5.017693924));
#1433=DIRECTION('',(0.,-1.,0.));
#1434=DIRECTION('',(1.,0.,0.));
#1435=AXIS2_PLACEMENT_3D('',#1432,#1433,#1434);
#1436=PLANE('',#1435);
#1437=CARTESIAN_POINT('',(20.37610134,131.129587024,38.542693924));
#1438=VERTEX_POINT('',#1437);
#1439=CARTESIAN_POINT('',(18.62610134,131.129587024,38.542693924));
#1440=DIRECTION('',(0.,-1.,0.));
#1441=DIRECTION('',(1.,0.,0.));
#1442=AXIS2_PLACEMENT_3D('',#1439,#1440,#1441);
#1443=CIRCLE('',#1442,1.75);
#1444=EDGE_CURVE('',#1438,#1438,#1443,.T.);
#1445=ORIENTED_EDGE('',*,*,#1444,.T.);
#1446=EDGE_LOOP('',(#1445));
#1447=FACE_BOUND('',#1446,.T.);
#1448=CARTESIAN_POINT('',(20.12610134,131.129587024,38.542693924));
#1449=VERTEX_POINT('',#1448);
#1450=CARTESIAN_POINT('',(18.62610134,131.129587024,38.542693924));
#1451=DIRECTION('',(0.,-1.,0.));
#1452=DIRECTION('',(1.,0.,0.));
#1453=AXIS2_PLACEMENT_3D('',#1450,#1451,#1452);
#1454=CIRCLE('',#1453,1.5);
#1455=EDGE_CURVE('',#1449,#1449,#1454,.T.);
#1456=ORIENTED_EDGE('',*,*,#1455,.F.);
#1457=EDGE_LOOP('',(#1456));
#1458=FACE_BOUND('',#1457,.T.);
#1459=ADVANCED_FACE('',(#1447,#1458),#1436,.T.);
#1460=CARTESIAN_POINT('',(43.12610134,131.129587024,5.017693924));
#1461=DIRECTION('',(0.,-1.,0.));
#1462=DIRECTION('',(1.,0.,0.));
#1463=AXIS2_PLACEMENT_3D('',#1460,#1461,#1462);
#1464=PLANE('',#1463);
#1465=CARTESIAN_POINT('',(69.37610134,131.129587024,48.492693924));
#1466=VERTEX_POINT('',#1465);
#1467=CARTESIAN_POINT('',(67.62610134,131.129587024,48.492693924));
#1468=DIRECTION('',(0.,-1.,0.));
#1469=DIRECTION('',(1.,0.,0.));
#1470=AXIS2_PLACEMENT_3D('',#1467,#1468,#1469);
#1471=CIRCLE('',#1470,1.75);
#1472=EDGE_CURVE('',#1466,#1466,#1471,.T.);
#1473=ORIENTED_EDGE('',*,*,#1472,.T.);
#1474=EDGE_LOOP('',(#1473));
#1475=FACE_BOUND('',#1474,.T.);
#1476=CARTESIAN_POINT('',(69.12610134,131.129587024,48.492693924));
#1477=VERTEX_POINT('',#1476);
#1478=CARTESIAN_POINT('',(67.62610134,131.129587024,48.492693924));
#1479=DIRECTION('',(0.,-1.,0.));
#1480=DIRECTION('',(1.,0.,0.));
#1481=AXIS2_PLACEMENT_3D('',#1478,#1479,#1480);
#1482=CIRCLE('',#1481,1.5);
#1483=EDGE_CURVE('',#1477,#1477,#1482,.T.);
#1484=ORIENTED_EDGE('',*,*,#1483,.F.);
#1485=EDGE_LOOP('',(#1484));
#1486=FACE_BOUND('',#1485,.T.);
#1487=ADVANCED_FACE('',(#1475,#1486),#1464,.T.);
#1488=CARTESIAN_POINT('',(43.12610134,131.129587024,5.017693924));
#1489=DIRECTION('',(0.,-1.,0.));
#1490=DIRECTION('',(1.,0.,0.));
#1491=AXIS2_PLACEMENT_3D('',#1488,#1489,#1490);
#1492=PLANE('',#1491);
#1493=CARTESIAN_POINT('',(69.37610134,131.129587024,38.542693924));
#1494=VERTEX_POINT('',#1493);
#1495=CARTESIAN_POINT('',(67.62610134,131.129587024,38.542693924));
#1496=DIRECTION('',(0.,-1.,0.));
#1497=DIRECTION('',(1.,0.,0.));
#1498=AXIS2_PLACEMENT_3D('',#1495,#1496,#1497);
#1499=CIRCLE('',#1498,1.75);
#1500=EDGE_CURVE('',#1494,#1494,#1499,.T.);
#1501=ORIENTED_EDGE('',*,*,#1500,.T.);
#1502=EDGE_LOOP('',(#1501));
#1503=FACE_BOUND('',#1502,.T.);
#1504=CARTESIAN_POINT('',(69.12610134,131.129587024,38.542693924));
#1505=VERTEX_POINT('',#1504);
#1506=CARTESIAN_POINT('',(67.62610134,131.129587024,38.542693924));
#1507=DIRECTION('',(0.,-1.,0.));
#1508=DIRECTION('',(1.,0.,0.));
#1509=AXIS2_PLACEMENT_3D('',#1506,#1507,#1508);
#1510=CIRCLE('',#1509,1.5);
#1511=EDGE_CURVE('',#1505,#1505,#1510,.T.);
#1512=ORIENTED_EDGE('',*,*,#1511,.F.);
#1513=EDGE_LOOP('',(#1512));
#1514=FACE_BOUND('',#1513,.T.);
#1515=ADVANCED_FACE('',(#1503,#1514),#1492,.T.);
#1516=CARTESIAN_POINT('',(18.62610134,129.129587024,38.542693924));
#1517=DIRECTION('',(0.,-1.,0.));
#1518=DIRECTION('',(1.,0.,0.));
#1519=AXIS2_PLACEMENT_3D('',#1516,#1517,#1518);
#1520=CYLINDRICAL_SURFACE('',#1519,1.75);
#1521=CARTESIAN_POINT('',(20.37610134,129.129587024,38.542693924));
#1522=DIRECTION('',(-0.,1.,-0.));
#1523=VECTOR('',#1522,2.);
#1524=LINE('',#1521,#1523);
#1525=EDGE_CURVE('',#1314,#1438,#1524,.T.);
#1526=ORIENTED_EDGE('',*,*,#1525,.F.);
#1527=ORIENTED_EDGE('',*,*,#1320,.T.);
#1528=ORIENTED_EDGE('',*,*,#1525,.T.);
#1529=ORIENTED_EDGE('',*,*,#1444,.F.);
#1530=EDGE_LOOP('',(#1526,#1527,#1528,#1529));
#1531=FACE_BOUND('',#1530,.T.);
#1532=ADVANCED_FACE('',(#1531),#1520,.F.);
#1533=CARTESIAN_POINT('',(67.62610134,129.129587024,48.492693924));
#1534=DIRECTION('',(0.,-1.,0.));
#1535=DIRECTION('',(1.,0.,0.));
#1536=AXIS2_PLACEMENT_3D('',#1533,#1534,#1535);
#1537=CYLINDRICAL_SURFACE('',#1536,1.75);
#1538=CARTESIAN_POINT('',(69.37610134,129.129587024,48.492693924));
#1539=DIRECTION('',(-0.,1.,-0.));
#1540=VECTOR('',#1539,2.);
#1541=LINE('',#1538,#1540);
#1542=EDGE_CURVE('',#1325,#1466,#1541,.T.);
#1543=ORIENTED_EDGE('',*,*,#1542,.F.);
#1544=ORIENTED_EDGE('',*,*,#1331,.T.);
#1545=ORIENTED_EDGE('',*,*,#1542,.T.);
#1546=ORIENTED_EDGE('',*,*,#1472,.F.);
#1547=EDGE_LOOP('',(#1543,#1544,#1545,#1546));
#1548=FACE_BOUND('',#1547,.T.);
#1549=ADVANCED_FACE('',(#1548),#1537,.F.);
#1550=CARTESIAN_POINT('',(67.62610134,129.129587024,38.542693924));
#1551=DIRECTION('',(0.,-1.,0.));
#1552=DIRECTION('',(1.,0.,0.));
#1553=AXIS2_PLACEMENT_3D('',#1550,#1551,#1552);
#1554=CYLINDRICAL_SURFACE('',#1553,1.75);
#1555=CARTESIAN_POINT('',(69.37610134,129.129587024,38.542693924));
#1556=DIRECTION('',(-0.,1.,-0.));
#1557=VECTOR('',#1556,2.);
#1558=LINE('',#1555,#1557);
#1559=EDGE_CURVE('',#1336,#1494,#1558,.T.);
#1560=ORIENTED_EDGE('',*,*,#1559,.F.);
#1561=ORIENTED_EDGE('',*,*,#1342,.T.);
#1562=ORIENTED_EDGE('',*,*,#1559,.T.);
#1563=ORIENTED_EDGE('',*,*,#1500,.F.);
#1564=EDGE_LOOP('',(#1560,#1561,#1562,#1563));
#1565=FACE_BOUND('',#1564,.T.);
#1566=ADVANCED_FACE('',(#1565),#1554,.F.);
#1567=CARTESIAN_POINT('',(67.62610134,129.129587024,48.492693924));
#1568=DIRECTION('',(0.,-1.,0.));
#1569=DIRECTION('',(1.,0.,0.));
#1570=AXIS2_PLACEMENT_3D('',#1567,#1568,#1569);
#1571=CYLINDRICAL_SURFACE('',#1570,1.5);
#1572=CARTESIAN_POINT('',(69.12610134,134.129587024,48.492693924));
#1573=VERTEX_POINT('',#1572);
#1574=CARTESIAN_POINT('',(69.12610134,131.129587024,48.492693924));
#1575=DIRECTION('',(-0.,1.,-0.));
#1576=VECTOR('',#1575,3.);
#1577=LINE('',#1574,#1576);
#1578=EDGE_CURVE('',#1477,#1573,#1577,.T.);
#1579=ORIENTED_EDGE('',*,*,#1578,.F.);
#1580=ORIENTED_EDGE('',*,*,#1483,.T.);
#1581=ORIENTED_EDGE('',*,*,#1578,.T.);
#1582=CARTESIAN_POINT('',(67.62610134,134.129587024,48.492693924));
#1583=DIRECTION('',(0.,-1.,0.));
#1584=DIRECTION('',(1.,0.,0.));
#1585=AXIS2_PLACEMENT_3D('',#1582,#1583,#1584);
#1586=CIRCLE('',#1585,1.5);
#1587=EDGE_CURVE('',#1573,#1573,#1586,.T.);
#1588=ORIENTED_EDGE('',*,*,#1587,.F.);
#1589=EDGE_LOOP('',(#1579,#1580,#1581,#1588));
#1590=FACE_BOUND('',#1589,.T.);
#1591=ADVANCED_FACE('',(#1590),#1571,.F.);
#1592=CARTESIAN_POINT('',(43.12610134,134.129587024,5.017693924));
#1593=DIRECTION('',(0.,-1.,0.));
#1594=DIRECTION('',(1.,0.,0.));
#1595=AXIS2_PLACEMENT_3D('',#1592,#1593,#1594);
#1596=PLANE('',#1595);
#1597=ORIENTED_EDGE('',*,*,#1587,.T.);
#1598=EDGE_LOOP('',(#1597));
#1599=FACE_BOUND('',#1598,.T.);
#1600=ADVANCED_FACE('',(#1599),#1596,.T.);
#1601=CARTESIAN_POINT('',(43.12610134,134.129587024,5.017693924));
#1602=DIRECTION('',(0.,-1.,0.));
#1603=DIRECTION('',(1.,0.,0.));
#1604=AXIS2_PLACEMENT_3D('',#1601,#1602,#1603);
#1605=PLANE('',#1604);
#1606=CARTESIAN_POINT('',(69.12610134,134.129587024,38.542693924));
#1607=VERTEX_POINT('',#1606);
#1608=CARTESIAN_POINT('',(67.62610134,134.129587024,38.542693924));
#1609=DIRECTION('',(0.,-1.,0.));
#1610=DIRECTION('',(1.,0.,0.));
#1611=AXIS2_PLACEMENT_3D('',#1608,#1609,#1610);
#1612=CIRCLE('',#1611,1.5);
#1613=EDGE_CURVE('',#1607,#1607,#1612,.T.);
#1614=ORIENTED_EDGE('',*,*,#1613,.T.);
#1615=EDGE_LOOP('',(#1614));
#1616=FACE_BOUND('',#1615,.T.);
#1617=ADVANCED_FACE('',(#1616),#1605,.T.);
#1618=CARTESIAN_POINT('',(43.12610134,134.129587024,5.017693924));
#1619=DIRECTION('',(0.,-1.,0.));
#1620=DIRECTION('',(1.,0.,0.));
#1621=AXIS2_PLACEMENT_3D('',#1618,#1619,#1620);
#1622=PLANE('',#1621);
#1623=CARTESIAN_POINT('',(20.12610134,134.129587024,48.492693924));
#1624=VERTEX_POINT('',#1623);
#1625=CARTESIAN_POINT('',(18.62610134,134.129587024,48.492693924));
#1626=DIRECTION('',(0.,-1.,0.));
#1627=DIRECTION('',(1.,0.,0.));
#1628=AXIS2_PLACEMENT_3D('',#1625,#1626,#1627);
#1629=CIRCLE('',#1628,1.5);
#1630=EDGE_CURVE('',#1624,#1624,#1629,.T.);
#1631=ORIENTED_EDGE('',*,*,#1630,.T.);
#1632=EDGE_LOOP('',(#1631));
#1633=FACE_BOUND('',#1632,.T.);
#1634=ADVANCED_FACE('',(#1633),#1622,.T.);
#1635=CARTESIAN_POINT('',(43.12610134,134.129587024,5.017693924));
#1636=DIRECTION('',(0.,-1.,0.));
#1637=DIRECTION('',(1.,0.,0.));
#1638=AXIS2_PLACEMENT_3D('',#1635,#1636,#1637);
#1639=PLANE('',#1638);
#1640=CARTESIAN_POINT('',(20.12610134,134.129587024,38.542693924));
#1641=VERTEX_POINT('',#1640);
#1642=CARTESIAN_POINT('',(18.62610134,134.129587024,38.542693924));
#1643=DIRECTION('',(0.,-1.,0.));
#1644=DIRECTION('',(1.,0.,0.));
#1645=AXIS2_PLACEMENT_3D('',#1642,#1643,#1644);
#1646=CIRCLE('',#1645,1.5);
#1647=EDGE_CURVE('',#1641,#1641,#1646,.T.);
#1648=ORIENTED_EDGE('',*,*,#1647,.T.);
#1649=EDGE_LOOP('',(#1648));
#1650=FACE_BOUND('',#1649,.T.);
#1651=ADVANCED_FACE('',(#1650),#1639,.T.);
#1652=CARTESIAN_POINT('',(67.62610134,129.129587024,38.542693924));
#1653=DIRECTION('',(0.,-1.,0.));
#1654=DIRECTION('',(1.,0.,0.));
#1655=AXIS2_PLACEMENT_3D('',#1652,#1653,#1654);
#1656=CYLINDRICAL_SURFACE('',#1655,1.5);
#1657=CARTESIAN_POINT('',(69.12610134,131.129587024,38.542693924));
#1658=DIRECTION('',(-0.,1.,-0.));
#1659=VECTOR('',#1658,3.);
#1660=LINE('',#1657,#1659);
#1661=EDGE_CURVE('',#1505,#1607,#1660,.T.);
#1662=ORIENTED_EDGE('',*,*,#1661,.F.);
#1663=ORIENTED_EDGE('',*,*,#1511,.T.);
#1664=ORIENTED_EDGE('',*,*,#1661,.T.);
#1665=ORIENTED_EDGE('',*,*,#1613,.F.);
#1666=EDGE_LOOP('',(#1662,#1663,#1664,#1665));
#1667=FACE_BOUND('',#1666,.T.);
#1668=ADVANCED_FACE('',(#1667),#1656,.F.);
#1669=CARTESIAN_POINT('',(18.62610134,129.129587024,48.492693924));
#1670=DIRECTION('',(0.,-1.,0.));
#1671=DIRECTION('',(1.,0.,0.));
#1672=AXIS2_PLACEMENT_3D('',#1669,#1670,#1671);
#1673=CYLINDRICAL_SURFACE('',#1672,1.5);
#1674=CARTESIAN_POINT('',(20.12610134,131.129587024,48.492693924));
#1675=DIRECTION('',(-0.,1.,-0.));
#1676=VECTOR('',#1675,3.);
#1677=LINE('',#1674,#1676);
#1678=EDGE_CURVE('',#1421,#1624,#1677,.T.);
#1679=ORIENTED_EDGE('',*,*,#1678,.F.);
#1680=ORIENTED_EDGE('',*,*,#1427,.T.);
#1681=ORIENTED_EDGE('',*,*,#1678,.T.);
#1682=ORIENTED_EDGE('',*,*,#1630,.F.);
#1683=EDGE_LOOP('',(#1679,#1680,#1681,#1682));
#1684=FACE_BOUND('',#1683,.T.);
#1685=ADVANCED_FACE('',(#1684),#1673,.F.);
#1686=CARTESIAN_POINT('',(18.62610134,129.129587024,38.542693924));
#1687=DIRECTION('',(0.,-1.,0.));
#1688=DIRECTION('',(1.,0.,0.));
#1689=AXIS2_PLACEMENT_3D('',#1686,#1687,#1688);
#1690=CYLINDRICAL_SURFACE('',#1689,1.5);
#1691=CARTESIAN_POINT('',(20.12610134,131.129587024,38.542693924));
#1692=DIRECTION('',(-0.,1.,-0.));
#1693=VECTOR('',#1692,3.);
#1694=LINE('',#1691,#1693);
#1695=EDGE_CURVE('',#1449,#1641,#1694,.T.);
#1696=ORIENTED_EDGE('',*,*,#1695,.F.);
#1697=ORIENTED_EDGE('',*,*,#1455,.T.);
#1698=ORIENTED_EDGE('',*,*,#1695,.T.);
#1699=ORIENTED_EDGE('',*,*,#1647,.F.);
#1700=EDGE_LOOP('',(#1696,#1697,#1698,#1699));
#1701=FACE_BOUND('',#1700,.T.);
#1702=ADVANCED_FACE('',(#1701),#1690,.F.);
#1703=CARTESIAN_POINT('',(15.12610134,131.129587024,143.233693924));
#1704=DIRECTION('',(0.,-0.,-1.));
#1705=DIRECTION('',(0.,-1.,0.));
#1706=AXIS2_PLACEMENT_3D('',#1703,#1704,#1705);
#1707=CYLINDRICAL_SURFACE('',#1706,2.);
#1708=CARTESIAN_POINT('',(13.12610134,131.129587024,63.017693924));
#1709=VERTEX_POINT('',#1708);
#1710=CARTESIAN_POINT('',(13.12610134,131.129587024,6.517693924));
#1711=VERTEX_POINT('',#1710);
#1712=CARTESIAN_POINT('',(13.12610134,131.129587024,63.017693924));
#1713=DIRECTION('',(0.,-0.,-1.));
#1714=VECTOR('',#1713,56.5);
#1715=LINE('',#1712,#1714);
#1716=EDGE_CURVE('',#1709,#1711,#1715,.T.);
#1717=ORIENTED_EDGE('',*,*,#1716,.T.);
#1718=CARTESIAN_POINT('',(15.12610134,131.129587024,6.517693924));
#1719=DIRECTION('',(0.,0.,1.));
#1720=DIRECTION('',(1.,0.,-0.));
#1721=AXIS2_PLACEMENT_3D('',#1718,#1719,#1720);
#1722=CIRCLE('',#1721,2.);
#1723=EDGE_CURVE('',#1711,#1170,#1722,.T.);
#1724=ORIENTED_EDGE('',*,*,#1723,.T.);
#1725=ORIENTED_EDGE('',*,*,#1175,.F.);
#1726=CARTESIAN_POINT('',(15.12610134,131.129587024,63.017693924));
#1727=DIRECTION('',(-0.,0.,1.));
#1728=DIRECTION('',(0.,1.,-0.));
#1729=AXIS2_PLACEMENT_3D('',#1726,#1727,#1728);
#1730=CIRCLE('',#1729,2.);
#1731=EDGE_CURVE('',#1709,#1168,#1730,.T.);
#1732=ORIENTED_EDGE('',*,*,#1731,.F.);
#1733=EDGE_LOOP('',(#1717,#1724,#1725,#1732));
#1734=FACE_BOUND('',#1733,.T.);
#1735=ADVANCED_FACE('',(#1734),#1707,.T.);
#1736=CARTESIAN_POINT('',(13.12610134,162.129587024,5.017693924));
#1737=DIRECTION('',(-1.,0.,0.));
#1738=DIRECTION('',(0.,-1.,0.));
#1739=AXIS2_PLACEMENT_3D('',#1736,#1737,#1738);
#1740=PLANE('',#1739);
#1741=ORIENTED_EDGE('',*,*,#984,.T.);
#1742=CARTESIAN_POINT('',(13.12610134,160.129587024,6.517693924));
#1743=DIRECTION('',(0.,-1.,0.));
#1744=VECTOR('',#1743,29.);
#1745=LINE('',#1742,#1744);
#1746=EDGE_CURVE('',#970,#1711,#1745,.T.);
#1747=ORIENTED_EDGE('',*,*,#1746,.T.);
#1748=ORIENTED_EDGE('',*,*,#1716,.F.);
#1749=CARTESIAN_POINT('',(13.12610134,160.129587024,63.017693924));
#1750=DIRECTION('',(0.,-1.,0.));
#1751=VECTOR('',#1750,29.);
#1752=LINE('',#1749,#1751);
#1753=EDGE_CURVE('',#979,#1709,#1752,.T.);
#1754=ORIENTED_EDGE('',*,*,#1753,.F.);
#1755=EDGE_LOOP('',(#1741,#1747,#1748,#1754));
#1756=FACE_BOUND('',#1755,.T.);
#1757=CARTESIAN_POINT('',(13.12610134,155.126655181,52.416198005));
#1758=VERTEX_POINT('',#1757);
#1759=CARTESIAN_POINT('',(13.12610134,140.626655181,52.416198005));
#1760=VERTEX_POINT('',#1759);
#1761=CARTESIAN_POINT('',(13.12610134,155.126655181,52.416198005));
#1762=DIRECTION('',(0.,-1.,0.));
#1763=VECTOR('',#1762,14.5);
#1764=LINE('',#1761,#1763);
#1765=EDGE_CURVE('',#1758,#1760,#1764,.T.);
#1766=ORIENTED_EDGE('',*,*,#1765,.T.);
#1767=CARTESIAN_POINT('',(13.12610134,140.626655181,36.416198005));
#1768=VERTEX_POINT('',#1767);
#1769=CARTESIAN_POINT('',(13.12610134,140.626655181,44.416198005));
#1770=DIRECTION('',(1.,-0.,-0.));
#1771=DIRECTION('',(0.,-1.,0.));
#1772=AXIS2_PLACEMENT_3D('',#1769,#1770,#1771);
#1773=CIRCLE('',#1772,8.);
#1774=EDGE_CURVE('',#1760,#1768,#1773,.T.);
#1775=ORIENTED_EDGE('',*,*,#1774,.T.);
#1776=CARTESIAN_POINT('',(13.12610134,155.126655181,36.416198005));
#1777=VERTEX_POINT('',#1776);
#1778=CARTESIAN_POINT('',(13.12610134,140.626655181,36.416198005));
#1779=DIRECTION('',(-0.,1.,-0.));
#1780=VECTOR('',#1779,14.5);
#1781=LINE('',#1778,#1780);
#1782=EDGE_CURVE('',#1768,#1777,#1781,.T.);
#1783=ORIENTED_EDGE('',*,*,#1782,.T.);
#1784=CARTESIAN_POINT('',(13.12610134,155.126655181,36.416198005));
#1785=DIRECTION('',(0.,0.,1.));
#1786=VECTOR('',#1785,16.);
#1787=LINE('',#1784,#1786);
#1788=EDGE_CURVE('',#1777,#1758,#1787,.T.);
#1789=ORIENTED_EDGE('',*,*,#1788,.T.);
#1790=EDGE_LOOP('',(#1766,#1775,#1783,#1789));
#1791=FACE_BOUND('',#1790,.T.);
#1792=ADVANCED_FACE('',(#1756,#1791),#1740,.T.);
#1793=CARTESIAN_POINT('',(15.12610134,205.148387024,63.017693924));
#1794=DIRECTION('',(0.,-1.,0.));
#1795=DIRECTION('',(0.,0.,1.));
#1796=AXIS2_PLACEMENT_3D('',#1793,#1794,#1795);
#1797=CYLINDRICAL_SURFACE('',#1796,2.);
#1798=CARTESIAN_POINT('',(15.12610134,131.129587024,63.017693924));
#1799=DIRECTION('',(0.,-1.,0.));
#1800=DIRECTION('',(1.,0.,0.));
#1801=AXIS2_PLACEMENT_3D('',#1798,#1799,#1800);
#1802=CIRCLE('',#1801,2.);
#1803=EDGE_CURVE('',#705,#1709,#1802,.T.);
#1804=ORIENTED_EDGE('',*,*,#1803,.F.);
#1805=ORIENTED_EDGE('',*,*,#710,.F.);
#1806=CARTESIAN_POINT('',(15.12610134,160.129587024,63.017693924));
#1807=DIRECTION('',(-0.,1.,-0.));
#1808=DIRECTION('',(1.,0.,0.));
#1809=AXIS2_PLACEMENT_3D('',#1806,#1807,#1808);
#1810=CIRCLE('',#1809,2.);
#1811=EDGE_CURVE('',#979,#703,#1810,.T.);
#1812=ORIENTED_EDGE('',*,*,#1811,.F.);
#1813=ORIENTED_EDGE('',*,*,#1753,.T.);
#1814=EDGE_LOOP('',(#1804,#1805,#1812,#1813));
#1815=FACE_BOUND('',#1814,.T.);
#1816=ADVANCED_FACE('',(#1815),#1797,.T.);
#1817=CARTESIAN_POINT('',(15.12610134,160.129587024,63.017693924));
#1818=DIRECTION('',(-0.707106781,-0.,-0.707106781));
#1819=DIRECTION('',(-0.707106781,0.,0.707106781));
#1820=AXIS2_PLACEMENT_3D('',#1817,#1818,#1819);
#1821=SPHERICAL_SURFACE('',#1820,2.);
#1822=ORIENTED_EDGE('',*,*,#1811,.T.);
#1823=ORIENTED_EDGE('',*,*,#864,.T.);
#1824=ORIENTED_EDGE('',*,*,#991,.T.);
#1825=EDGE_LOOP('',(#1822,#1823,#1824));
#1826=FACE_BOUND('',#1825,.T.);
#1827=ADVANCED_FACE('',(#1826),#1821,.T.);
#1828=CARTESIAN_POINT('',(15.12610134,131.129587024,63.017693924));
#1829=DIRECTION('',(0.,-0.707106781,-0.707106781));
#1830=DIRECTION('',(0.,-0.707106781,0.707106781));
#1831=AXIS2_PLACEMENT_3D('',#1828,#1829,#1830);
#1832=SPHERICAL_SURFACE('',#1831,2.);
#1833=ORIENTED_EDGE('',*,*,#1731,.T.);
#1834=CARTESIAN_POINT('',(15.12610134,131.129587024,63.017693924));
#1835=DIRECTION('',(-1.,-0.,-0.));
#1836=DIRECTION('',(0.,1.,-0.));
#1837=AXIS2_PLACEMENT_3D('',#1834,#1835,#1836);
#1838=CIRCLE('',#1837,2.);
#1839=EDGE_CURVE('',#1168,#705,#1838,.T.);
#1840=ORIENTED_EDGE('',*,*,#1839,.T.);
#1841=ORIENTED_EDGE('',*,*,#1803,.T.);
#1842=EDGE_LOOP('',(#1833,#1840,#1841));
#1843=FACE_BOUND('',#1842,.T.);
#1844=ADVANCED_FACE('',(#1843),#1832,.T.);
#1845=CARTESIAN_POINT('',(-65.08989866,131.129587024,63.017693924));
#1846=DIRECTION('',(1.,0.,-0.));
#1847=DIRECTION('',(0.,0.,1.));
#1848=AXIS2_PLACEMENT_3D('',#1845,#1846,#1847);
#1849=CYLINDRICAL_SURFACE('',#1848,2.);
#1850=CARTESIAN_POINT('',(22.12610134,131.129587024,63.017693924));
#1851=DIRECTION('',(1.,0.,0.));
#1852=DIRECTION('',(0.,1.,-0.));
#1853=AXIS2_PLACEMENT_3D('',#1850,#1851,#1852);
#1854=CIRCLE('',#1853,2.);
#1855=EDGE_CURVE('',#713,#1287,#1854,.T.);
#1856=ORIENTED_EDGE('',*,*,#1855,.F.);
#1857=ORIENTED_EDGE('',*,*,#718,.F.);
#1858=ORIENTED_EDGE('',*,*,#1839,.F.);
#1859=ORIENTED_EDGE('',*,*,#1298,.T.);
#1860=EDGE_LOOP('',(#1856,#1857,#1858,#1859));
#1861=FACE_BOUND('',#1860,.T.);
#1862=ADVANCED_FACE('',(#1861),#1849,.T.);
#1863=CARTESIAN_POINT('',(22.12610134,131.129587024,63.017693924));
#1864=DIRECTION('',(0.707106781,-0.,-0.707106781));
#1865=DIRECTION('',(0.707106781,0.,0.707106781));
#1866=AXIS2_PLACEMENT_3D('',#1863,#1864,#1865);
#1867=SPHERICAL_SURFACE('',#1866,2.);
#1868=CARTESIAN_POINT('',(24.12610134,131.129587024,63.017693924));
#1869=VERTEX_POINT('',#1868);
#1870=CARTESIAN_POINT('',(22.12610134,131.129587024,63.017693924));
#1871=DIRECTION('',(0.,0.,1.));
#1872=DIRECTION('',(0.,-1.,0.));
#1873=AXIS2_PLACEMENT_3D('',#1870,#1871,#1872);
#1874=CIRCLE('',#1873,2.);
#1875=EDGE_CURVE('',#1287,#1869,#1874,.T.);
#1876=ORIENTED_EDGE('',*,*,#1875,.T.);
#1877=CARTESIAN_POINT('',(22.12610134,131.129587024,63.017693924));
#1878=DIRECTION('',(-0.,-1.,0.));
#1879=DIRECTION('',(-1.,0.,0.));
#1880=AXIS2_PLACEMENT_3D('',#1877,#1878,#1879);
#1881=CIRCLE('',#1880,2.);
#1882=EDGE_CURVE('',#1869,#713,#1881,.T.);
#1883=ORIENTED_EDGE('',*,*,#1882,.T.);
#1884=ORIENTED_EDGE('',*,*,#1855,.T.);
#1885=EDGE_LOOP('',(#1876,#1883,#1884));
#1886=FACE_BOUND('',#1885,.T.);
#1887=ADVANCED_FACE('',(#1886),#1867,.T.);
#1888=CARTESIAN_POINT('',(22.12610134,86.110787024,63.017693924));
#1889=DIRECTION('',(0.,1.,-0.));
#1890=DIRECTION('',(0.,0.,1.));
#1891=AXIS2_PLACEMENT_3D('',#1888,#1889,#1890);
#1892=CYLINDRICAL_SURFACE('',#1891,2.);
#1893=ORIENTED_EDGE('',*,*,#1882,.F.);
#1894=CARTESIAN_POINT('',(24.12610134,133.379587024,63.017693924));
#1895=VERTEX_POINT('',#1894);
#1896=CARTESIAN_POINT('',(24.12610134,131.129587024,63.017693924));
#1897=DIRECTION('',(0.,1.,-0.));
#1898=VECTOR('',#1897,2.25);
#1899=LINE('',#1896,#1898);
#1900=EDGE_CURVE('',#1869,#1895,#1899,.T.);
#1901=ORIENTED_EDGE('',*,*,#1900,.T.);
#1902=CARTESIAN_POINT('',(22.12610134,133.379587024,63.017693924));
#1903=DIRECTION('',(0.,1.,-0.));
#1904=DIRECTION('',(-1.,0.,-0.));
#1905=AXIS2_PLACEMENT_3D('',#1902,#1903,#1904);
#1906=CIRCLE('',#1905,2.);
#1907=EDGE_CURVE('',#721,#1895,#1906,.T.);
#1908=ORIENTED_EDGE('',*,*,#1907,.F.);
#1909=ORIENTED_EDGE('',*,*,#726,.F.);
#1910=EDGE_LOOP('',(#1893,#1901,#1908,#1909));
#1911=FACE_BOUND('',#1910,.T.);
#1912=ADVANCED_FACE('',(#1911),#1892,.T.);
#1913=CARTESIAN_POINT('',(28.12610134,133.379587024,63.017693924));
#1914=DIRECTION('',(-0.,0.,1.));
#1915=DIRECTION('',(-0.998537186,-0.054069296,0.));
#1916=AXIS2_PLACEMENT_3D('',#1913,#1914,#1915);
#1917=TOROIDAL_SURFACE('',#1916,6.,2.);
#1918=ORIENTED_EDGE('',*,*,#1907,.T.);
#1919=CARTESIAN_POINT('',(32.12610134,133.379587024,63.017693924));
#1920=VERTEX_POINT('',#1919);
#1921=CARTESIAN_POINT('',(28.12610134,133.379587024,63.017693924));
#1922=DIRECTION('',(-0.,-0.,-1.));
#1923=DIRECTION('',(0.,-1.,0.));
#1924=AXIS2_PLACEMENT_3D('',#1921,#1922,#1923);
#1925=CIRCLE('',#1924,4.);
#1926=EDGE_CURVE('',#1895,#1920,#1925,.T.);
#1927=ORIENTED_EDGE('',*,*,#1926,.T.);
#1928=CARTESIAN_POINT('',(34.12610134,133.379587024,63.017693924));
#1929=DIRECTION('',(0.,-1.,0.));
#1930=DIRECTION('',(1.,0.,0.));
#1931=AXIS2_PLACEMENT_3D('',#1928,#1929,#1930);
#1932=CIRCLE('',#1931,2.);
#1933=EDGE_CURVE('',#729,#1920,#1932,.T.);
#1934=ORIENTED_EDGE('',*,*,#1933,.F.);
#1935=ORIENTED_EDGE('',*,*,#735,.F.);
#1936=EDGE_LOOP('',(#1918,#1927,#1934,#1935));
#1937=FACE_BOUND('',#1936,.T.);
#1938=ADVANCED_FACE('',(#1937),#1917,.T.);
#1939=CARTESIAN_POINT('',(34.12610134,133.595969726,63.017693924));
#1940=DIRECTION('',(0.,-1.,0.));
#1941=DIRECTION('',(0.,0.,1.));
#1942=AXIS2_PLACEMENT_3D('',#1939,#1940,#1941);
#1943=CYLINDRICAL_SURFACE('',#1942,2.);
#1944=CARTESIAN_POINT('',(32.12610134,131.129587024,63.017693924));
#1945=VERTEX_POINT('',#1944);
#1946=CARTESIAN_POINT('',(34.12610134,131.129587024,63.017693924));
#1947=DIRECTION('',(0.,-1.,0.));
#1948=DIRECTION('',(1.,0.,0.));
#1949=AXIS2_PLACEMENT_3D('',#1946,#1947,#1948);
#1950=CIRCLE('',#1949,2.);
#1951=EDGE_CURVE('',#738,#1945,#1950,.T.);
#1952=ORIENTED_EDGE('',*,*,#1951,.F.);
#1953=ORIENTED_EDGE('',*,*,#743,.F.);
#1954=ORIENTED_EDGE('',*,*,#1933,.T.);
#1955=CARTESIAN_POINT('',(32.12610134,133.379587024,63.017693924));
#1956=DIRECTION('',(0.,-1.,0.));
#1957=VECTOR('',#1956,2.25);
#1958=LINE('',#1955,#1957);
#1959=EDGE_CURVE('',#1920,#1945,#1958,.T.);
#1960=ORIENTED_EDGE('',*,*,#1959,.T.);
#1961=EDGE_LOOP('',(#1952,#1953,#1954,#1960));
#1962=FACE_BOUND('',#1961,.T.);
#1963=ADVANCED_FACE('',(#1962),#1943,.T.);
#1964=CARTESIAN_POINT('',(32.12610134,129.129587024,65.017693924));
#1965=DIRECTION('',(1.,0.,0.));
#1966=DIRECTION('',(0.,1.,-0.));
#1967=AXIS2_PLACEMENT_3D('',#1964,#1965,#1966);
#1968=PLANE('',#1967);
#1969=ORIENTED_EDGE('',*,*,#1959,.F.);
#1970=CARTESIAN_POINT('',(32.12610134,133.379587024,55.017693924));
#1971=VERTEX_POINT('',#1970);
#1972=CARTESIAN_POINT('',(32.12610134,133.379587023,63.017693924));
#1973=DIRECTION('',(-0.,-0.,-1.));
#1974=VECTOR('',#1973,8.);
#1975=LINE('',#1972,#1974);
#1976=EDGE_CURVE('',#1920,#1971,#1975,.T.);
#1977=ORIENTED_EDGE('',*,*,#1976,.T.);
#1978=CARTESIAN_POINT('',(32.12610134,131.129587024,55.017693924));
#1979=VERTEX_POINT('',#1978);
#1980=CARTESIAN_POINT('',(32.12610134,131.129587024,55.017693924));
#1981=DIRECTION('',(0.,1.,-0.));
#1982=VECTOR('',#1981,2.25);
#1983=LINE('',#1980,#1982);
#1984=EDGE_CURVE('',#1979,#1971,#1983,.T.);
#1985=ORIENTED_EDGE('',*,*,#1984,.F.);
#1986=CARTESIAN_POINT('',(32.12610134,131.129587024,63.017693924));
#1987=DIRECTION('',(0.,-0.,-1.));
#1988=VECTOR('',#1987,8.);
#1989=LINE('',#1986,#1988);
#1990=EDGE_CURVE('',#1945,#1979,#1989,.T.);
#1991=ORIENTED_EDGE('',*,*,#1990,.F.);
#1992=EDGE_LOOP('',(#1969,#1977,#1985,#1991));
#1993=FACE_BOUND('',#1992,.T.);
#1994=ADVANCED_FACE('',(#1993),#1968,.F.);
#1995=CARTESIAN_POINT('',(32.12610134,129.129587024,65.017693924));
#1996=DIRECTION('',(1.,0.,0.));
#1997=DIRECTION('',(0.,1.,-0.));
#1998=AXIS2_PLACEMENT_3D('',#1995,#1996,#1997);
#1999=PLANE('',#1998);
#2000=CARTESIAN_POINT('',(32.12610134,133.379586972,32.017693924));
#2001=VERTEX_POINT('',#2000);
#2002=CARTESIAN_POINT('',(32.12610134,131.129587024,32.017693924));
#2003=VERTEX_POINT('',#2002);
#2004=CARTESIAN_POINT('',(32.12610134,133.379586972,32.017693924));
#2005=DIRECTION('',(0.,-1.,0.));
#2006=VECTOR('',#2005,2.249999947);
#2007=LINE('',#2004,#2006);
#2008=EDGE_CURVE('',#2001,#2003,#2007,.T.);
#2009=ORIENTED_EDGE('',*,*,#2008,.F.);
#2010=CARTESIAN_POINT('',(32.12610134,133.379587024,32.017693924));
#2011=DIRECTION('',(-0.,-0.,-1.));
#2012=VECTOR('',#2011,22.);
#2013=LINE('',#2010,#2012);
#2014=EDGE_CURVE('',#2001,#443,#2013,.T.);
#2015=ORIENTED_EDGE('',*,*,#2014,.T.);
#2016=ORIENTED_EDGE('',*,*,#491,.F.);
#2017=CARTESIAN_POINT('',(32.12610134,131.129587024,32.017693924));
#2018=DIRECTION('',(0.,-0.,-1.));
#2019=VECTOR('',#2018,22.);
#2020=LINE('',#2017,#2019);
#2021=EDGE_CURVE('',#2003,#479,#2020,.T.);
#2022=ORIENTED_EDGE('',*,*,#2021,.F.);
#2023=EDGE_LOOP('',(#2009,#2015,#2016,#2022));
#2024=FACE_BOUND('',#2023,.T.);
#2025=ADVANCED_FACE('',(#2024),#1999,.F.);
#2026=CARTESIAN_POINT('',(34.12610134,131.129587024,143.233693924));
#2027=DIRECTION('',(0.,-0.,-1.));
#2028=DIRECTION('',(0.,-1.,0.));
#2029=AXIS2_PLACEMENT_3D('',#2026,#2027,#2028);
#2030=CYLINDRICAL_SURFACE('',#2029,2.);
#2031=CARTESIAN_POINT('',(32.711887777,129.715373462,54.431907487));
#2032=VERTEX_POINT('',#2031);
#2033=CARTESIAN_POINT('',(34.12610134,131.129587024,53.017693924));
#2034=DIRECTION('',(-0.707106781,-0.,-0.707106781));
#2035=DIRECTION('',(0.707106781,-0.,-0.707106781));
#2036=AXIS2_PLACEMENT_3D('',#2033,#2034,#2035);
#2037=ELLIPSE('',#2036,2.828427125,2.);
#2038=EDGE_CURVE('',#2032,#1979,#2037,.T.);
#2039=ORIENTED_EDGE('',*,*,#2038,.F.);
#2040=CARTESIAN_POINT('',(34.12610134,131.129587024,53.017693924));
#2041=DIRECTION('',(0.,-0.707106781,-0.707106781));
#2042=DIRECTION('',(0.,0.707106781,-0.707106781));
#2043=AXIS2_PLACEMENT_3D('',#2040,#2041,#2042);
#2044=ELLIPSE('',#2043,2.828427125,2.);
#2045=EDGE_CURVE('',#1363,#2032,#2044,.T.);
#2046=ORIENTED_EDGE('',*,*,#2045,.F.);
#2047=ORIENTED_EDGE('',*,*,#1368,.F.);
#2048=CARTESIAN_POINT('',(34.12610134,131.129587024,63.017693924));
#2049=DIRECTION('',(-0.,0.,1.));
#2050=DIRECTION('',(0.,1.,-0.));
#2051=AXIS2_PLACEMENT_3D('',#2048,#2049,#2050);
#2052=CIRCLE('',#2051,2.);
#2053=EDGE_CURVE('',#1945,#1353,#2052,.T.);
#2054=ORIENTED_EDGE('',*,*,#2053,.F.);
#2055=ORIENTED_EDGE('',*,*,#1990,.T.);
#2056=EDGE_LOOP('',(#2039,#2046,#2047,#2054,#2055));
#2057=FACE_BOUND('',#2056,.T.);
#2058=ADVANCED_FACE('',(#2057),#2030,.T.);
#2059=CARTESIAN_POINT('',(34.12610134,131.129587024,63.017693924));
#2060=DIRECTION('',(-0.707106781,0.707106781,-0.));
#2061=DIRECTION('',(-0.707106781,-0.707106781,0.));
#2062=AXIS2_PLACEMENT_3D('',#2059,#2060,#2061);
#2063=SPHERICAL_SURFACE('',#2062,2.);
#2064=ORIENTED_EDGE('',*,*,#2053,.T.);
#2065=CARTESIAN_POINT('',(34.12610134,131.129587024,63.017693924));
#2066=DIRECTION('',(-1.,-0.,-0.));
#2067=DIRECTION('',(0.,1.,-0.));
#2068=AXIS2_PLACEMENT_3D('',#2065,#2066,#2067);
#2069=CIRCLE('',#2068,2.);
#2070=EDGE_CURVE('',#1353,#738,#2069,.T.);
#2071=ORIENTED_EDGE('',*,*,#2070,.T.);
#2072=ORIENTED_EDGE('',*,*,#1951,.T.);
#2073=EDGE_LOOP('',(#2064,#2071,#2072));
#2074=FACE_BOUND('',#2073,.T.);
#2075=ADVANCED_FACE('',(#2074),#2063,.T.);
#2076=CARTESIAN_POINT('',(-65.08989866,131.129587024,63.017693924));
#2077=DIRECTION('',(1.,0.,-0.));
#2078=DIRECTION('',(0.,0.,1.));
#2079=AXIS2_PLACEMENT_3D('',#2076,#2077,#2078);
#2080=CYLINDRICAL_SURFACE('',#2079,2.);
#2081=CARTESIAN_POINT('',(52.12610134,131.129587024,63.017693924));
#2082=DIRECTION('',(1.,0.,0.));
#2083=DIRECTION('',(0.,1.,-0.));
#2084=AXIS2_PLACEMENT_3D('',#2081,#2082,#2083);
#2085=CIRCLE('',#2084,2.);
#2086=EDGE_CURVE('',#746,#1355,#2085,.T.);
#2087=ORIENTED_EDGE('',*,*,#2086,.F.);
#2088=ORIENTED_EDGE('',*,*,#751,.F.);
#2089=ORIENTED_EDGE('',*,*,#2070,.F.);
#2090=ORIENTED_EDGE('',*,*,#1360,.T.);
#2091=EDGE_LOOP('',(#2087,#2088,#2089,#2090));
#2092=FACE_BOUND('',#2091,.T.);
#2093=ADVANCED_FACE('',(#2092),#2080,.T.);
#2094=CARTESIAN_POINT('',(52.12610134,131.129587024,63.017693924));
#2095=DIRECTION('',(0.707106781,-0.,-0.707106781));
#2096=DIRECTION('',(0.707106781,0.,0.707106781));
#2097=AXIS2_PLACEMENT_3D('',#2094,#2095,#2096);
#2098=SPHERICAL_SURFACE('',#2097,2.);
#2099=CARTESIAN_POINT('',(54.12610134,131.129587024,63.017693924));
#2100=VERTEX_POINT('',#2099);
#2101=CARTESIAN_POINT('',(52.12610134,131.129587024,63.017693924));
#2102=DIRECTION('',(0.,0.,1.));
#2103=DIRECTION('',(0.,-1.,0.));
#2104=AXIS2_PLACEMENT_3D('',#2101,#2102,#2103);
#2105=CIRCLE('',#2104,2.);
#2106=EDGE_CURVE('',#1355,#2100,#2105,.T.);
#2107=ORIENTED_EDGE('',*,*,#2106,.T.);
#2108=CARTESIAN_POINT('',(52.12610134,131.129587024,63.017693924));
#2109=DIRECTION('',(-0.,-1.,0.));
#2110=DIRECTION('',(-1.,0.,0.));
#2111=AXIS2_PLACEMENT_3D('',#2108,#2109,#2110);
#2112=CIRCLE('',#2111,2.);
#2113=EDGE_CURVE('',#2100,#746,#2112,.T.);
#2114=ORIENTED_EDGE('',*,*,#2113,.T.);
#2115=ORIENTED_EDGE('',*,*,#2086,.T.);
#2116=EDGE_LOOP('',(#2107,#2114,#2115));
#2117=FACE_BOUND('',#2116,.T.);
#2118=ADVANCED_FACE('',(#2117),#2098,.T.);
#2119=CARTESIAN_POINT('',(52.12610134,86.110787024,63.017693924));
#2120=DIRECTION('',(0.,1.,-0.));
#2121=DIRECTION('',(0.,0.,1.));
#2122=AXIS2_PLACEMENT_3D('',#2119,#2120,#2121);
#2123=CYLINDRICAL_SURFACE('',#2122,2.);
#2124=ORIENTED_EDGE('',*,*,#2113,.F.);
#2125=CARTESIAN_POINT('',(54.12610134,133.379587023,63.017693924));
#2126=VERTEX_POINT('',#2125);
#2127=CARTESIAN_POINT('',(54.12610134,131.129587024,63.017693924));
#2128=DIRECTION('',(0.,1.,-0.));
#2129=VECTOR('',#2128,2.249999999);
#2130=LINE('',#2127,#2129);
#2131=EDGE_CURVE('',#2100,#2126,#2130,.T.);
#2132=ORIENTED_EDGE('',*,*,#2131,.T.);
#2133=CARTESIAN_POINT('',(52.12610134,133.379587024,63.017693924));
#2134=DIRECTION('',(0.,1.,-0.));
#2135=DIRECTION('',(-1.,0.,-0.));
#2136=AXIS2_PLACEMENT_3D('',#2133,#2134,#2135);
#2137=CIRCLE('',#2136,2.);
#2138=EDGE_CURVE('',#754,#2126,#2137,.T.);
#2139=ORIENTED_EDGE('',*,*,#2138,.F.);
#2140=ORIENTED_EDGE('',*,*,#759,.F.);
#2141=EDGE_LOOP('',(#2124,#2132,#2139,#2140));
#2142=FACE_BOUND('',#2141,.T.);
#2143=ADVANCED_FACE('',(#2142),#2123,.T.);
#2144=CARTESIAN_POINT('',(58.12610134,133.379587024,63.017693924));
#2145=DIRECTION('',(-0.,0.,1.));
#2146=DIRECTION('',(-0.998537186,-0.054069296,0.));
#2147=AXIS2_PLACEMENT_3D('',#2144,#2145,#2146);
#2148=TOROIDAL_SURFACE('',#2147,6.,2.);
#2149=ORIENTED_EDGE('',*,*,#2138,.T.);
#2150=CARTESIAN_POINT('',(62.12610134,133.379587024,63.017693924));
#2151=VERTEX_POINT('',#2150);
#2152=CARTESIAN_POINT('',(58.12610134,133.379587024,63.017693924));
#2153=DIRECTION('',(-0.,-0.,-1.));
#2154=DIRECTION('',(0.,-1.,0.));
#2155=AXIS2_PLACEMENT_3D('',#2152,#2153,#2154);
#2156=CIRCLE('',#2155,4.);
#2157=EDGE_CURVE('',#2126,#2151,#2156,.T.);
#2158=ORIENTED_EDGE('',*,*,#2157,.T.);
#2159=CARTESIAN_POINT('',(64.12610134,133.379587024,63.017693924));
#2160=DIRECTION('',(0.,-1.,0.));
#2161=DIRECTION('',(1.,0.,0.));
#2162=AXIS2_PLACEMENT_3D('',#2159,#2160,#2161);
#2163=CIRCLE('',#2162,2.);
#2164=EDGE_CURVE('',#762,#2151,#2163,.T.);
#2165=ORIENTED_EDGE('',*,*,#2164,.F.);
#2166=ORIENTED_EDGE('',*,*,#768,.F.);
#2167=EDGE_LOOP('',(#2149,#2158,#2165,#2166));
#2168=FACE_BOUND('',#2167,.T.);
#2169=ADVANCED_FACE('',(#2168),#2148,.T.);
#2170=CARTESIAN_POINT('',(64.12610134,133.595969726,63.017693924));
#2171=DIRECTION('',(0.,-1.,0.));
#2172=DIRECTION('',(0.,0.,1.));
#2173=AXIS2_PLACEMENT_3D('',#2170,#2171,#2172);
#2174=CYLINDRICAL_SURFACE('',#2173,2.);
#2175=CARTESIAN_POINT('',(62.12610134,131.129587024,63.017693924));
#2176=VERTEX_POINT('',#2175);
#2177=CARTESIAN_POINT('',(64.12610134,131.129587024,63.017693924));
#2178=DIRECTION('',(0.,-1.,0.));
#2179=DIRECTION('',(1.,0.,0.));
#2180=AXIS2_PLACEMENT_3D('',#2177,#2178,#2179);
#2181=CIRCLE('',#2180,2.);
#2182=EDGE_CURVE('',#771,#2176,#2181,.T.);
#2183=ORIENTED_EDGE('',*,*,#2182,.F.);
#2184=ORIENTED_EDGE('',*,*,#776,.F.);
#2185=ORIENTED_EDGE('',*,*,#2164,.T.);
#2186=CARTESIAN_POINT('',(62.12610134,133.379587024,63.017693924));
#2187=DIRECTION('',(0.,-1.,0.));
#2188=VECTOR('',#2187,2.25);
#2189=LINE('',#2186,#2188);
#2190=EDGE_CURVE('',#2151,#2176,#2189,.T.);
#2191=ORIENTED_EDGE('',*,*,#2190,.T.);
#2192=EDGE_LOOP('',(#2183,#2184,#2185,#2191));
#2193=FACE_BOUND('',#2192,.T.);
#2194=ADVANCED_FACE('',(#2193),#2174,.T.);
#2195=CARTESIAN_POINT('',(62.12610134,129.129587024,65.017693924));
#2196=DIRECTION('',(1.,0.,0.));
#2197=DIRECTION('',(0.,1.,-0.));
#2198=AXIS2_PLACEMENT_3D('',#2195,#2196,#2197);
#2199=PLANE('',#2198);
#2200=ORIENTED_EDGE('',*,*,#2190,.F.);
#2201=CARTESIAN_POINT('',(62.12610134,133.379587024,55.017693924));
#2202=VERTEX_POINT('',#2201);
#2203=CARTESIAN_POINT('',(62.12610134,133.379587024,63.017693924));
#2204=DIRECTION('',(-0.,-0.,-1.));
#2205=VECTOR('',#2204,8.);
#2206=LINE('',#2203,#2205);
#2207=EDGE_CURVE('',#2151,#2202,#2206,.T.);
#2208=ORIENTED_EDGE('',*,*,#2207,.T.);
#2209=CARTESIAN_POINT('',(62.12610134,131.129587024,55.017693924));
#2210=VERTEX_POINT('',#2209);
#2211=CARTESIAN_POINT('',(62.12610134,131.129587024,55.017693924));
#2212=DIRECTION('',(0.,1.,-0.));
#2213=VECTOR('',#2212,2.25);
#2214=LINE('',#2211,#2213);
#2215=EDGE_CURVE('',#2210,#2202,#2214,.T.);
#2216=ORIENTED_EDGE('',*,*,#2215,.F.);
#2217=CARTESIAN_POINT('',(62.12610134,131.129587024,63.017693924));
#2218=DIRECTION('',(0.,-0.,-1.));
#2219=VECTOR('',#2218,8.);
#2220=LINE('',#2217,#2219);
#2221=EDGE_CURVE('',#2176,#2210,#2220,.T.);
#2222=ORIENTED_EDGE('',*,*,#2221,.F.);
#2223=EDGE_LOOP('',(#2200,#2208,#2216,#2222));
#2224=FACE_BOUND('',#2223,.T.);
#2225=ADVANCED_FACE('',(#2224),#2199,.F.);
#2226=CARTESIAN_POINT('',(62.12610134,129.129587024,65.017693924));
#2227=DIRECTION('',(1.,0.,0.));
#2228=DIRECTION('',(0.,1.,-0.));
#2229=AXIS2_PLACEMENT_3D('',#2226,#2227,#2228);
#2230=PLANE('',#2229);
#2231=CARTESIAN_POINT('',(62.12610134,133.379586972,32.017693924));
#2232=VERTEX_POINT('',#2231);
#2233=CARTESIAN_POINT('',(62.12610134,131.129587024,32.017693924));
#2234=VERTEX_POINT('',#2233);
#2235=CARTESIAN_POINT('',(62.12610134,133.379586972,32.017693924));
#2236=DIRECTION('',(0.,-1.,0.));
#2237=VECTOR('',#2236,2.249999947);
#2238=LINE('',#2235,#2237);
#2239=EDGE_CURVE('',#2232,#2234,#2238,.T.);
#2240=ORIENTED_EDGE('',*,*,#2239,.F.);
#2241=CARTESIAN_POINT('',(62.12610134,133.379587024,32.017693924));
#2242=DIRECTION('',(-0.,-0.,-1.));
#2243=VECTOR('',#2242,22.);
#2244=LINE('',#2241,#2243);
#2245=EDGE_CURVE('',#2232,#364,#2244,.T.);
#2246=ORIENTED_EDGE('',*,*,#2245,.T.);
#2247=ORIENTED_EDGE('',*,*,#412,.F.);
#2248=CARTESIAN_POINT('',(62.12610134,131.129587024,32.017693924));
#2249=DIRECTION('',(0.,-0.,-1.));
#2250=VECTOR('',#2249,22.);
#2251=LINE('',#2248,#2250);
#2252=EDGE_CURVE('',#2234,#400,#2251,.T.);
#2253=ORIENTED_EDGE('',*,*,#2252,.F.);
#2254=EDGE_LOOP('',(#2240,#2246,#2247,#2253));
#2255=FACE_BOUND('',#2254,.T.);
#2256=ADVANCED_FACE('',(#2255),#2230,.F.);
#2257=CARTESIAN_POINT('',(64.12610134,131.129587024,143.233693924));
#2258=DIRECTION('',(0.,-0.,-1.));
#2259=DIRECTION('',(0.,-1.,0.));
#2260=AXIS2_PLACEMENT_3D('',#2257,#2258,#2259);
#2261=CYLINDRICAL_SURFACE('',#2260,2.);
#2262=CARTESIAN_POINT('',(62.711887777,129.715373462,54.431907487));
#2263=VERTEX_POINT('',#2262);
#2264=CARTESIAN_POINT('',(64.12610134,131.129587024,53.017693924));
#2265=DIRECTION('',(-0.707106781,-0.,-0.707106781));
#2266=DIRECTION('',(0.707106781,-0.,-0.707106781));
#2267=AXIS2_PLACEMENT_3D('',#2264,#2265,#2266);
#2268=ELLIPSE('',#2267,2.828427125,2.);
#2269=EDGE_CURVE('',#2263,#2210,#2268,.T.);
#2270=ORIENTED_EDGE('',*,*,#2269,.F.);
#2271=CARTESIAN_POINT('',(64.12610134,131.129587024,53.017693924));
#2272=DIRECTION('',(0.,-0.707106781,-0.707106781));
#2273=DIRECTION('',(0.,0.707106781,-0.707106781));
#2274=AXIS2_PLACEMENT_3D('',#2271,#2272,#2273);
#2275=ELLIPSE('',#2274,2.828427125,2.);
#2276=EDGE_CURVE('',#1193,#2263,#2275,.T.);
#2277=ORIENTED_EDGE('',*,*,#2276,.F.);
#2278=ORIENTED_EDGE('',*,*,#1198,.F.);
#2279=CARTESIAN_POINT('',(64.12610134,131.129587024,63.017693924));
#2280=DIRECTION('',(-0.,0.,1.));
#2281=DIRECTION('',(0.,1.,-0.));
#2282=AXIS2_PLACEMENT_3D('',#2279,#2280,#2281);
#2283=CIRCLE('',#2282,2.);
#2284=EDGE_CURVE('',#2176,#1185,#2283,.T.);
#2285=ORIENTED_EDGE('',*,*,#2284,.F.);
#2286=ORIENTED_EDGE('',*,*,#2221,.T.);
#2287=EDGE_LOOP('',(#2270,#2277,#2278,#2285,#2286));
#2288=FACE_BOUND('',#2287,.T.);
#2289=ADVANCED_FACE('',(#2288),#2261,.T.);
#2290=CARTESIAN_POINT('',(64.12610134,131.129587024,63.017693924));
#2291=DIRECTION('',(-0.707106781,0.707106781,-0.));
#2292=DIRECTION('',(-0.707106781,-0.707106781,0.));
#2293=AXIS2_PLACEMENT_3D('',#2290,#2291,#2292);
#2294=SPHERICAL_SURFACE('',#2293,2.);
#2295=ORIENTED_EDGE('',*,*,#2284,.T.);
#2296=CARTESIAN_POINT('',(64.12610134,131.129587024,63.017693924));
#2297=DIRECTION('',(-1.,-0.,-0.));
#2298=DIRECTION('',(0.,1.,-0.));
#2299=AXIS2_PLACEMENT_3D('',#2296,#2297,#2298);
#2300=CIRCLE('',#2299,2.);
#2301=EDGE_CURVE('',#1185,#771,#2300,.T.);
#2302=ORIENTED_EDGE('',*,*,#2301,.T.);
#2303=ORIENTED_EDGE('',*,*,#2182,.T.);
#2304=EDGE_LOOP('',(#2295,#2302,#2303));
#2305=FACE_BOUND('',#2304,.T.);
#2306=ADVANCED_FACE('',(#2305),#2294,.T.);
#2307=CARTESIAN_POINT('',(-65.08989866,131.129587024,63.017693924));
#2308=DIRECTION('',(1.,0.,-0.));
#2309=DIRECTION('',(0.,0.,1.));
#2310=AXIS2_PLACEMENT_3D('',#2307,#2308,#2309);
#2311=CYLINDRICAL_SURFACE('',#2310,2.);
#2312=CARTESIAN_POINT('',(71.12610134,131.129587024,63.017693924));
#2313=DIRECTION('',(1.,0.,0.));
#2314=DIRECTION('',(0.,1.,-0.));
#2315=AXIS2_PLACEMENT_3D('',#2312,#2313,#2314);
#2316=CIRCLE('',#2315,2.);
#2317=EDGE_CURVE('',#779,#1135,#2316,.T.);
#2318=ORIENTED_EDGE('',*,*,#2317,.F.);
#2319=ORIENTED_EDGE('',*,*,#784,.F.);
#2320=ORIENTED_EDGE('',*,*,#2301,.F.);
#2321=ORIENTED_EDGE('',*,*,#1190,.T.);
#2322=EDGE_LOOP('',(#2318,#2319,#2320,#2321));
#2323=FACE_BOUND('',#2322,.T.);
#2324=ADVANCED_FACE('',(#2323),#2311,.T.);
#2325=CARTESIAN_POINT('',(71.12610134,131.129587024,63.017693924));
#2326=DIRECTION('',(0.707106781,-0.,-0.707106781));
#2327=DIRECTION('',(0.707106781,0.,0.707106781));
#2328=AXIS2_PLACEMENT_3D('',#2325,#2326,#2327);
#2329=SPHERICAL_SURFACE('',#2328,2.);
#2330=ORIENTED_EDGE('',*,*,#1157,.T.);
#2331=CARTESIAN_POINT('',(71.12610134,131.129587024,63.017693924));
#2332=DIRECTION('',(-0.,-1.,0.));
#2333=DIRECTION('',(-1.,0.,0.));
#2334=AXIS2_PLACEMENT_3D('',#2331,#2332,#2333);
#2335=CIRCLE('',#2334,2.);
#2336=EDGE_CURVE('',#1069,#779,#2335,.T.);
#2337=ORIENTED_EDGE('',*,*,#2336,.T.);
#2338=ORIENTED_EDGE('',*,*,#2317,.T.);
#2339=EDGE_LOOP('',(#2330,#2337,#2338));
#2340=FACE_BOUND('',#2339,.T.);
#2341=ADVANCED_FACE('',(#2340),#2329,.T.);
#2342=CARTESIAN_POINT('',(71.12610134,86.110787024,63.017693924));
#2343=DIRECTION('',(0.,1.,-0.));
#2344=DIRECTION('',(0.,0.,1.));
#2345=AXIS2_PLACEMENT_3D('',#2342,#2343,#2344);
#2346=CYLINDRICAL_SURFACE('',#2345,2.);
#2347=ORIENTED_EDGE('',*,*,#2336,.F.);
#2348=ORIENTED_EDGE('',*,*,#1089,.T.);
#2349=CARTESIAN_POINT('',(71.12610134,160.129587024,63.017693924));
#2350=DIRECTION('',(0.,1.,-0.));
#2351=DIRECTION('',(-1.,0.,0.));
#2352=AXIS2_PLACEMENT_3D('',#2349,#2350,#2351);
#2353=CIRCLE('',#2352,2.);
#2354=EDGE_CURVE('',#787,#1035,#2353,.T.);
#2355=ORIENTED_EDGE('',*,*,#2354,.F.);
#2356=ORIENTED_EDGE('',*,*,#792,.F.);
#2357=EDGE_LOOP('',(#2347,#2348,#2355,#2356));
#2358=FACE_BOUND('',#2357,.T.);
#2359=ADVANCED_FACE('',(#2358),#2346,.T.);
#2360=CARTESIAN_POINT('',(71.12610134,160.129587024,63.017693924));
#2361=DIRECTION('',(0.707106781,-0.707106781,0.));
#2362=DIRECTION('',(0.707106781,0.707106781,-0.));
#2363=AXIS2_PLACEMENT_3D('',#2360,#2361,#2362);
#2364=SPHERICAL_SURFACE('',#2363,2.);
#2365=ORIENTED_EDGE('',*,*,#1058,.T.);
#2366=CARTESIAN_POINT('',(71.12610134,160.129587024,63.017693924));
#2367=DIRECTION('',(1.,-0.,-0.));
#2368=DIRECTION('',(0.,-1.,0.));
#2369=AXIS2_PLACEMENT_3D('',#2366,#2367,#2368);
#2370=CIRCLE('',#2369,2.);
#2371=EDGE_CURVE('',#922,#787,#2370,.T.);
#2372=ORIENTED_EDGE('',*,*,#2371,.T.);
#2373=ORIENTED_EDGE('',*,*,#2354,.T.);
#2374=EDGE_LOOP('',(#2365,#2372,#2373));
#2375=FACE_BOUND('',#2374,.T.);
#2376=ADVANCED_FACE('',(#2375),#2364,.T.);
#2377=CARTESIAN_POINT('',(151.34210134,160.129587024,63.017693924));
#2378=DIRECTION('',(-1.,0.,0.));
#2379=DIRECTION('',(0.,0.,1.));
#2380=AXIS2_PLACEMENT_3D('',#2377,#2378,#2379);
#2381=CYLINDRICAL_SURFACE('',#2380,2.);
#2382=CARTESIAN_POINT('',(64.12610134,160.129587024,63.017693924));
#2383=DIRECTION('',(-1.,0.,0.));
#2384=DIRECTION('',(0.,-1.,0.));
#2385=AXIS2_PLACEMENT_3D('',#2382,#2383,#2384);
#2386=CIRCLE('',#2385,2.);
#2387=EDGE_CURVE('',#795,#914,#2386,.T.);
#2388=ORIENTED_EDGE('',*,*,#2387,.F.);
#2389=ORIENTED_EDGE('',*,*,#800,.F.);
#2390=ORIENTED_EDGE('',*,*,#2371,.F.);
#2391=ORIENTED_EDGE('',*,*,#927,.T.);
#2392=EDGE_LOOP('',(#2388,#2389,#2390,#2391));
#2393=FACE_BOUND('',#2392,.T.);
#2394=ADVANCED_FACE('',(#2393),#2381,.T.);
#2395=CARTESIAN_POINT('',(64.12610134,160.129587024,63.017693924));
#2396=DIRECTION('',(-0.707106781,-0.,-0.707106781));
#2397=DIRECTION('',(-0.707106781,0.,0.707106781));
#2398=AXIS2_PLACEMENT_3D('',#2395,#2396,#2397);
#2399=SPHERICAL_SURFACE('',#2398,2.);
#2400=CARTESIAN_POINT('',(62.12610134,160.129587024,63.017693924));
#2401=VERTEX_POINT('',#2400);
#2402=CARTESIAN_POINT('',(64.12610134,160.129587024,63.017693924));
#2403=DIRECTION('',(0.,0.,1.));
#2404=DIRECTION('',(0.,-1.,0.));
#2405=AXIS2_PLACEMENT_3D('',#2402,#2403,#2404);
#2406=CIRCLE('',#2405,2.);
#2407=EDGE_CURVE('',#914,#2401,#2406,.T.);
#2408=ORIENTED_EDGE('',*,*,#2407,.T.);
#2409=CARTESIAN_POINT('',(64.12610134,160.129587024,63.017693924));
#2410=DIRECTION('',(-0.,1.,-0.));
#2411=DIRECTION('',(1.,0.,0.));
#2412=AXIS2_PLACEMENT_3D('',#2409,#2410,#2411);
#2413=CIRCLE('',#2412,2.);
#2414=EDGE_CURVE('',#2401,#795,#2413,.T.);
#2415=ORIENTED_EDGE('',*,*,#2414,.T.);
#2416=ORIENTED_EDGE('',*,*,#2387,.T.);
#2417=EDGE_LOOP('',(#2408,#2415,#2416));
#2418=FACE_BOUND('',#2417,.T.);
#2419=ADVANCED_FACE('',(#2418),#2399,.T.);
#2420=CARTESIAN_POINT('',(64.12610134,205.148387024,63.017693924));
#2421=DIRECTION('',(0.,-1.,0.));
#2422=DIRECTION('',(0.,0.,1.));
#2423=AXIS2_PLACEMENT_3D('',#2420,#2421,#2422);
#2424=CYLINDRICAL_SURFACE('',#2423,2.);
#2425=ORIENTED_EDGE('',*,*,#2414,.F.);
#2426=CARTESIAN_POINT('',(62.12610134,160.129587024,63.017693924));
#2427=DIRECTION('',(0.,-1.,0.));
#2428=VECTOR('',#2427,2.249999999);
#2429=LINE('',#2426,#2428);
#2430=EDGE_CURVE('',#2401,#671,#2429,.T.);
#2431=ORIENTED_EDGE('',*,*,#2430,.T.);
#2432=ORIENTED_EDGE('',*,*,#677,.F.);
#2433=ORIENTED_EDGE('',*,*,#806,.F.);
#2434=EDGE_LOOP('',(#2425,#2431,#2432,#2433));
#2435=FACE_BOUND('',#2434,.T.);
#2436=ADVANCED_FACE('',(#2435),#2424,.T.);
#2437=CARTESIAN_POINT('',(62.12610134,157.879587024,65.017693924));
#2438=DIRECTION('',(1.,0.,0.));
#2439=DIRECTION('',(0.,1.,-0.));
#2440=AXIS2_PLACEMENT_3D('',#2437,#2438,#2439);
#2441=PLANE('',#2440);
#2442=CARTESIAN_POINT('',(62.12610134,160.129587024,10.017693924));
#2443=DIRECTION('',(0.,0.,1.));
#2444=VECTOR('',#2443,53.);
#2445=LINE('',#2442,#2444);
#2446=EDGE_CURVE('',#217,#2401,#2445,.T.);
#2447=ORIENTED_EDGE('',*,*,#2446,.F.);
#2448=ORIENTED_EDGE('',*,*,#222,.F.);
#2449=CARTESIAN_POINT('',(62.12610134,157.879587027,63.017693924));
#2450=DIRECTION('',(-0.,-0.,-1.));
#2451=VECTOR('',#2450,53.);
#2452=LINE('',#2449,#2451);
#2453=EDGE_CURVE('',#671,#208,#2452,.T.);
#2454=ORIENTED_EDGE('',*,*,#2453,.F.);
#2455=ORIENTED_EDGE('',*,*,#2430,.F.);
#2456=EDGE_LOOP('',(#2447,#2448,#2454,#2455));
#2457=FACE_BOUND('',#2456,.T.);
#2458=ADVANCED_FACE('',(#2457),#2441,.F.);
#2459=CARTESIAN_POINT('',(58.12610134,157.879587024,65.017693924));
#2460=DIRECTION('',(-0.,0.,1.));
#2461=DIRECTION('',(1.,0.,0.));
#2462=AXIS2_PLACEMENT_3D('',#2459,#2460,#2461);
#2463=CYLINDRICAL_SURFACE('',#2462,4.);
#2464=ORIENTED_EDGE('',*,*,#2453,.T.);
#2465=ORIENTED_EDGE('',*,*,#214,.F.);
#2466=ORIENTED_EDGE('',*,*,#576,.F.);
#2467=ORIENTED_EDGE('',*,*,#684,.F.);
#2468=EDGE_LOOP('',(#2464,#2465,#2466,#2467));
#2469=FACE_BOUND('',#2468,.T.);
#2470=CARTESIAN_POINT('',(54.197042928,157.129587024,33.017693924));
#2471=VERTEX_POINT('',#2470);
#2472=CARTESIAN_POINT('',(62.055159751,157.129587024,33.017693924));
#2473=VERTEX_POINT('',#2472);
#2474=CARTESIAN_POINT('',(58.12610134,157.879587024,33.017693924));
#2475=DIRECTION('',(0.,0.,1.));
#2476=DIRECTION('',(0.,-1.,0.));
#2477=AXIS2_PLACEMENT_3D('',#2474,#2475,#2476);
#2478=CIRCLE('',#2477,4.);
#2479=EDGE_CURVE('',#2471,#2473,#2478,.T.);
#2480=ORIENTED_EDGE('',*,*,#2479,.T.);
#2481=CARTESIAN_POINT('',(62.055159751,157.129587024,54.017693924));
#2482=VERTEX_POINT('',#2481);
#2483=CARTESIAN_POINT('',(62.055159751,157.129587024,33.017693924));
#2484=DIRECTION('',(0.,0.,1.));
#2485=VECTOR('',#2484,21.);
#2486=LINE('',#2483,#2485);
#2487=EDGE_CURVE('',#2473,#2482,#2486,.T.);
#2488=ORIENTED_EDGE('',*,*,#2487,.T.);
#2489=CARTESIAN_POINT('',(54.197042928,157.129587024,54.017693924));
#2490=VERTEX_POINT('',#2489);
#2491=CARTESIAN_POINT('',(58.12610134,157.879587024,54.017693924));
#2492=DIRECTION('',(0.,0.,1.));
#2493=DIRECTION('',(0.,-1.,0.));
#2494=AXIS2_PLACEMENT_3D('',#2491,#2492,#2493);
#2495=CIRCLE('',#2494,4.);
#2496=EDGE_CURVE('',#2490,#2482,#2495,.T.);
#2497=ORIENTED_EDGE('',*,*,#2496,.F.);
#2498=CARTESIAN_POINT('',(54.197042928,157.129587024,33.017693924));
#2499=DIRECTION('',(0.,0.,1.));
#2500=VECTOR('',#2499,21.);
#2501=LINE('',#2498,#2500);
#2502=EDGE_CURVE('',#2471,#2490,#2501,.T.);
#2503=ORIENTED_EDGE('',*,*,#2502,.F.);
#2504=EDGE_LOOP('',(#2480,#2488,#2497,#2503));
#2505=FACE_BOUND('',#2504,.T.);
#2506=ADVANCED_FACE('',(#2469,#2505),#2463,.F.);
#2507=CARTESIAN_POINT('',(43.12610134,157.129587024,5.017693924));
#2508=DIRECTION('',(0.,-1.,0.));
#2509=DIRECTION('',(1.,0.,0.));
#2510=AXIS2_PLACEMENT_3D('',#2507,#2508,#2509);
#2511=PLANE('',#2510);
#2512=CARTESIAN_POINT('',(24.197042928,157.129587024,54.017693924));
#2513=VERTEX_POINT('',#2512);
#2514=CARTESIAN_POINT('',(22.12610134,157.129587024,54.017693924));
#2515=VERTEX_POINT('',#2514);
#2516=CARTESIAN_POINT('',(24.197042928,157.129587024,54.017693924));
#2517=DIRECTION('',(-1.,-0.,0.));
#2518=VECTOR('',#2517,2.070941589);
#2519=LINE('',#2516,#2518);
#2520=EDGE_CURVE('',#2513,#2515,#2519,.T.);
#2521=ORIENTED_EDGE('',*,*,#2520,.T.);
#2522=CARTESIAN_POINT('',(22.12610134,157.129587024,33.017693924));
#2523=VERTEX_POINT('',#2522);
#2524=CARTESIAN_POINT('',(22.12610134,157.129587024,54.017693924));
#2525=DIRECTION('',(-0.,-0.,-1.));
#2526=VECTOR('',#2525,21.);
#2527=LINE('',#2524,#2526);
#2528=EDGE_CURVE('',#2515,#2523,#2527,.T.);
#2529=ORIENTED_EDGE('',*,*,#2528,.T.);
#2530=CARTESIAN_POINT('',(24.197042928,157.129587024,33.017693924));
#2531=VERTEX_POINT('',#2530);
#2532=CARTESIAN_POINT('',(22.12610134,157.129587024,33.017693924));
#2533=DIRECTION('',(1.,0.,-0.));
#2534=VECTOR('',#2533,2.070941589);
#2535=LINE('',#2532,#2534);
#2536=EDGE_CURVE('',#2523,#2531,#2535,.T.);
#2537=ORIENTED_EDGE('',*,*,#2536,.T.);
#2538=CARTESIAN_POINT('',(24.197042928,157.129587024,33.017693924));
#2539=DIRECTION('',(0.,0.,1.));
#2540=VECTOR('',#2539,21.);
#2541=LINE('',#2538,#2540);
#2542=EDGE_CURVE('',#2531,#2513,#2541,.T.);
#2543=ORIENTED_EDGE('',*,*,#2542,.T.);
#2544=EDGE_LOOP('',(#2521,#2529,#2537,#2543));
#2545=FACE_BOUND('',#2544,.T.);
#2546=ADVANCED_FACE('',(#2545),#2511,.T.);
#2547=CARTESIAN_POINT('',(43.12610134,157.129587024,5.017693924));
#2548=DIRECTION('',(0.,-1.,0.));
#2549=DIRECTION('',(1.,0.,0.));
#2550=AXIS2_PLACEMENT_3D('',#2547,#2548,#2549);
#2551=PLANE('',#2550);
#2552=CARTESIAN_POINT('',(32.055159751,157.129587024,33.017693924));
#2553=VERTEX_POINT('',#2552);
#2554=CARTESIAN_POINT('',(32.055159751,157.129587024,33.017693924));
#2555=DIRECTION('',(1.,0.,-0.));
#2556=VECTOR('',#2555,22.141883177);
#2557=LINE('',#2554,#2556);
#2558=EDGE_CURVE('',#2553,#2471,#2557,.T.);
#2559=ORIENTED_EDGE('',*,*,#2558,.T.);
#2560=ORIENTED_EDGE('',*,*,#2502,.T.);
#2561=CARTESIAN_POINT('',(32.055159751,157.129587024,54.017693924));
#2562=VERTEX_POINT('',#2561);
#2563=CARTESIAN_POINT('',(54.197042928,157.129587024,54.017693924));
#2564=DIRECTION('',(-1.,-0.,0.));
#2565=VECTOR('',#2564,22.141883177);
#2566=LINE('',#2563,#2565);
#2567=EDGE_CURVE('',#2490,#2562,#2566,.T.);
#2568=ORIENTED_EDGE('',*,*,#2567,.T.);
#2569=CARTESIAN_POINT('',(32.055159751,157.129587024,33.017693924));
#2570=DIRECTION('',(0.,0.,1.));
#2571=VECTOR('',#2570,21.);
#2572=LINE('',#2569,#2571);
#2573=EDGE_CURVE('',#2553,#2562,#2572,.T.);
#2574=ORIENTED_EDGE('',*,*,#2573,.F.);
#2575=EDGE_LOOP('',(#2559,#2560,#2568,#2574));
#2576=FACE_BOUND('',#2575,.T.);
#2577=ADVANCED_FACE('',(#2576),#2551,.T.);
#2578=CARTESIAN_POINT('',(43.12610134,157.129587024,5.017693924));
#2579=DIRECTION('',(0.,-1.,0.));
#2580=DIRECTION('',(1.,0.,0.));
#2581=AXIS2_PLACEMENT_3D('',#2578,#2579,#2580);
#2582=PLANE('',#2581);
#2583=CARTESIAN_POINT('',(64.12610134,157.129587024,33.017693924));
#2584=VERTEX_POINT('',#2583);
#2585=CARTESIAN_POINT('',(62.055159751,157.129587024,33.017693924));
#2586=DIRECTION('',(1.,0.,-0.));
#2587=VECTOR('',#2586,2.070941589);
#2588=LINE('',#2585,#2587);
#2589=EDGE_CURVE('',#2473,#2584,#2588,.T.);
#2590=ORIENTED_EDGE('',*,*,#2589,.T.);
#2591=CARTESIAN_POINT('',(64.12610134,157.129587024,54.017693924));
#2592=VERTEX_POINT('',#2591);
#2593=CARTESIAN_POINT('',(64.12610134,157.129587024,33.017693924));
#2594=DIRECTION('',(0.,0.,1.));
#2595=VECTOR('',#2594,21.);
#2596=LINE('',#2593,#2595);
#2597=EDGE_CURVE('',#2584,#2592,#2596,.T.);
#2598=ORIENTED_EDGE('',*,*,#2597,.T.);
#2599=CARTESIAN_POINT('',(64.12610134,157.129587024,54.017693924));
#2600=DIRECTION('',(-1.,-0.,0.));
#2601=VECTOR('',#2600,2.070941589);
#2602=LINE('',#2599,#2601);
#2603=EDGE_CURVE('',#2592,#2482,#2602,.T.);
#2604=ORIENTED_EDGE('',*,*,#2603,.T.);
#2605=ORIENTED_EDGE('',*,*,#2487,.F.);
#2606=EDGE_LOOP('',(#2590,#2598,#2604,#2605));
#2607=FACE_BOUND('',#2606,.T.);
#2608=ADVANCED_FACE('',(#2607),#2582,.T.);
#2609=CARTESIAN_POINT('',(28.12610134,157.879587024,65.017693924));
#2610=DIRECTION('',(-0.,0.,1.));
#2611=DIRECTION('',(1.,0.,0.));
#2612=AXIS2_PLACEMENT_3D('',#2609,#2610,#2611);
#2613=CYLINDRICAL_SURFACE('',#2612,4.);
#2614=CARTESIAN_POINT('',(32.12610134,157.879587024,63.017693924));
#2615=VERTEX_POINT('',#2614);
#2616=CARTESIAN_POINT('',(32.12610134,157.879587024,63.017693924));
#2617=DIRECTION('',(-0.,-0.,-1.));
#2618=VECTOR('',#2617,53.);
#2619=LINE('',#2616,#2618);
#2620=EDGE_CURVE('',#2615,#304,#2619,.T.);
#2621=ORIENTED_EDGE('',*,*,#2620,.T.);
#2622=ORIENTED_EDGE('',*,*,#310,.F.);
#2623=CARTESIAN_POINT('',(24.12610134,157.879587024,63.017693924));
#2624=VERTEX_POINT('',#2623);
#2625=CARTESIAN_POINT('',(24.12610134,157.879587025,63.017693924));
#2626=DIRECTION('',(-0.,-0.,-1.));
#2627=VECTOR('',#2626,53.);
#2628=LINE('',#2625,#2627);
#2629=EDGE_CURVE('',#2624,#296,#2628,.T.);
#2630=ORIENTED_EDGE('',*,*,#2629,.F.);
#2631=CARTESIAN_POINT('',(28.12610134,157.879587024,63.017693924));
#2632=DIRECTION('',(-0.,-0.,-1.));
#2633=DIRECTION('',(0.,-1.,0.));
#2634=AXIS2_PLACEMENT_3D('',#2631,#2632,#2633);
#2635=CIRCLE('',#2634,4.);
#2636=EDGE_CURVE('',#2615,#2624,#2635,.T.);
#2637=ORIENTED_EDGE('',*,*,#2636,.F.);
#2638=EDGE_LOOP('',(#2621,#2622,#2630,#2637));
#2639=FACE_BOUND('',#2638,.T.);
#2640=CARTESIAN_POINT('',(28.12610134,157.879587024,33.017693924));
#2641=DIRECTION('',(0.,0.,1.));
#2642=DIRECTION('',(0.,-1.,0.));
#2643=AXIS2_PLACEMENT_3D('',#2640,#2641,#2642);
#2644=CIRCLE('',#2643,4.);
#2645=EDGE_CURVE('',#2531,#2553,#2644,.T.);
#2646=ORIENTED_EDGE('',*,*,#2645,.T.);
#2647=ORIENTED_EDGE('',*,*,#2573,.T.);
#2648=CARTESIAN_POINT('',(28.12610134,157.879587024,54.017693924));
#2649=DIRECTION('',(0.,0.,1.));
#2650=DIRECTION('',(0.,-1.,0.));
#2651=AXIS2_PLACEMENT_3D('',#2648,#2649,#2650);
#2652=CIRCLE('',#2651,4.);
#2653=EDGE_CURVE('',#2513,#2562,#2652,.T.);
#2654=ORIENTED_EDGE('',*,*,#2653,.F.);
#2655=ORIENTED_EDGE('',*,*,#2542,.F.);
#2656=EDGE_LOOP('',(#2646,#2647,#2654,#2655));
#2657=FACE_BOUND('',#2656,.T.);
#2658=ADVANCED_FACE('',(#2639,#2657),#2613,.F.);
#2659=CARTESIAN_POINT('',(64.12610134,129.129587024,54.017693924));
#2660=DIRECTION('',(0.,0.,1.));
#2661=DIRECTION('',(-1.,0.,0.));
#2662=AXIS2_PLACEMENT_3D('',#2659,#2660,#2661);
#2663=PLANE('',#2662);
#2664=CARTESIAN_POINT('',(22.12610134,150.629587024,54.017693924));
#2665=VERTEX_POINT('',#2664);
#2666=CARTESIAN_POINT('',(22.12610134,150.629587024,54.017693924));
#2667=DIRECTION('',(-0.,1.,-0.));
#2668=VECTOR('',#2667,6.5);
#2669=LINE('',#2666,#2668);
#2670=EDGE_CURVE('',#2665,#2515,#2669,.T.);
#2671=ORIENTED_EDGE('',*,*,#2670,.T.);
#2672=ORIENTED_EDGE('',*,*,#2520,.F.);
#2673=ORIENTED_EDGE('',*,*,#2653,.T.);
#2674=ORIENTED_EDGE('',*,*,#2567,.F.);
#2675=ORIENTED_EDGE('',*,*,#2496,.T.);
#2676=ORIENTED_EDGE('',*,*,#2603,.F.);
#2677=CARTESIAN_POINT('',(64.12610134,150.629587024,54.017693924));
#2678=VERTEX_POINT('',#2677);
#2679=CARTESIAN_POINT('',(64.12610134,150.629587024,54.017693924));
#2680=DIRECTION('',(-0.,1.,-0.));
#2681=VECTOR('',#2680,6.5);
#2682=LINE('',#2679,#2681);
#2683=EDGE_CURVE('',#2678,#2592,#2682,.T.);
#2684=ORIENTED_EDGE('',*,*,#2683,.F.);
#2685=CARTESIAN_POINT('',(64.12610134,150.629587024,54.017693924));
#2686=DIRECTION('',(-1.,0.,0.));
#2687=VECTOR('',#2686,42.);
#2688=LINE('',#2685,#2687);
#2689=EDGE_CURVE('',#2678,#2665,#2688,.T.);
#2690=ORIENTED_EDGE('',*,*,#2689,.T.);
#2691=EDGE_LOOP('',(#2671,#2672,#2673,#2674,#2675,#2676,#2684,#2690));
#2692=FACE_BOUND('',#2691,.T.);
#2693=ADVANCED_FACE('',(#2692),#2663,.F.);
#2694=CARTESIAN_POINT('',(64.12610134,129.129587024,54.017693924));
#2695=DIRECTION('',(0.,0.,1.));
#2696=DIRECTION('',(-1.,0.,0.));
#2697=AXIS2_PLACEMENT_3D('',#2694,#2695,#2696);
#2698=PLANE('',#2697);
#2699=CARTESIAN_POINT('',(22.12610134,130.129587024,54.017693924));
#2700=VERTEX_POINT('',#2699);
#2701=CARTESIAN_POINT('',(22.12610134,140.629587024,54.017693924));
#2702=VERTEX_POINT('',#2701);
#2703=CARTESIAN_POINT('',(22.12610134,130.129587024,54.017693924));
#2704=DIRECTION('',(-0.,1.,-0.));
#2705=VECTOR('',#2704,10.5);
#2706=LINE('',#2703,#2705);
#2707=EDGE_CURVE('',#2700,#2702,#2706,.T.);
#2708=ORIENTED_EDGE('',*,*,#2707,.T.);
#2709=CARTESIAN_POINT('',(64.12610134,140.629587024,54.017693924));
#2710=VERTEX_POINT('',#2709);
#2711=CARTESIAN_POINT('',(64.12610134,140.629587024,54.017693924));
#2712=DIRECTION('',(-1.,0.,0.));
#2713=VECTOR('',#2712,42.);
#2714=LINE('',#2711,#2713);
#2715=EDGE_CURVE('',#2710,#2702,#2714,.T.);
#2716=ORIENTED_EDGE('',*,*,#2715,.F.);
#2717=CARTESIAN_POINT('',(64.12610134,130.129587024,54.017693924));
#2718=VERTEX_POINT('',#2717);
#2719=CARTESIAN_POINT('',(64.12610134,130.129587024,54.017693924));
#2720=DIRECTION('',(-0.,1.,-0.));
#2721=VECTOR('',#2720,10.5);
#2722=LINE('',#2719,#2721);
#2723=EDGE_CURVE('',#2718,#2710,#2722,.T.);
#2724=ORIENTED_EDGE('',*,*,#2723,.F.);
#2725=CARTESIAN_POINT('',(63.12610134,130.129587024,54.017693924));
#2726=VERTEX_POINT('',#2725);
#2727=CARTESIAN_POINT('',(63.12610134,130.129587024,54.017693924));
#2728=DIRECTION('',(1.,0.,-0.));
#2729=VECTOR('',#2728,1.);
#2730=LINE('',#2727,#2729);
#2731=EDGE_CURVE('',#2726,#2718,#2730,.T.);
#2732=ORIENTED_EDGE('',*,*,#2731,.F.);
#2733=CARTESIAN_POINT('',(63.126101339,133.379587024,54.017693926));
#2734=VERTEX_POINT('',#2733);
#2735=CARTESIAN_POINT('',(63.12610134,130.129587024,54.017693924));
#2736=DIRECTION('',(-0.,1.,-0.));
#2737=VECTOR('',#2736,3.25);
#2738=LINE('',#2735,#2737);
#2739=EDGE_CURVE('',#2726,#2734,#2738,.T.);
#2740=ORIENTED_EDGE('',*,*,#2739,.T.);
#2741=CARTESIAN_POINT('',(58.12610134,138.379587022,54.017693927));
#2742=VERTEX_POINT('',#2741);
#2743=CARTESIAN_POINT('',(58.12610134,133.379587024,54.017693927));
#2744=DIRECTION('',(-0.,0.,1.));
#2745=DIRECTION('',(0.,1.,-0.));
#2746=AXIS2_PLACEMENT_3D('',#2743,#2744,#2745);
#2747=CIRCLE('',#2746,4.999999998);
#2748=EDGE_CURVE('',#2734,#2742,#2747,.T.);
#2749=ORIENTED_EDGE('',*,*,#2748,.T.);
#2750=CARTESIAN_POINT('',(53.126101342,133.379586994,54.017693926));
#2751=VERTEX_POINT('',#2750);
#2752=CARTESIAN_POINT('',(58.12610134,133.379587024,54.017693927));
#2753=DIRECTION('',(-0.,0.,1.));
#2754=DIRECTION('',(0.,1.,-0.));
#2755=AXIS2_PLACEMENT_3D('',#2752,#2753,#2754);
#2756=CIRCLE('',#2755,4.999999998);
#2757=EDGE_CURVE('',#2742,#2751,#2756,.T.);
#2758=ORIENTED_EDGE('',*,*,#2757,.T.);
#2759=CARTESIAN_POINT('',(53.126101341,130.129587024,54.017693924));
#2760=VERTEX_POINT('',#2759);
#2761=CARTESIAN_POINT('',(53.126101342,133.379586994,54.017693924));
#2762=DIRECTION('',(0.,-1.,0.));
#2763=VECTOR('',#2762,3.24999997);
#2764=LINE('',#2761,#2763);
#2765=EDGE_CURVE('',#2751,#2760,#2764,.T.);
#2766=ORIENTED_EDGE('',*,*,#2765,.T.);
#2767=CARTESIAN_POINT('',(33.12610134,130.129587024,54.017693924));
#2768=VERTEX_POINT('',#2767);
#2769=CARTESIAN_POINT('',(33.12610134,130.129587024,54.017693924));
#2770=DIRECTION('',(1.,0.,-0.));
#2771=VECTOR('',#2770,20.000000001);
#2772=LINE('',#2769,#2771);
#2773=EDGE_CURVE('',#2768,#2760,#2772,.T.);
#2774=ORIENTED_EDGE('',*,*,#2773,.F.);
#2775=CARTESIAN_POINT('',(33.126101339,133.379587024,54.017693926));
#2776=VERTEX_POINT('',#2775);
#2777=CARTESIAN_POINT('',(33.12610134,130.129587024,54.017693924));
#2778=DIRECTION('',(-0.,1.,-0.));
#2779=VECTOR('',#2778,3.25);
#2780=LINE('',#2777,#2779);
#2781=EDGE_CURVE('',#2768,#2776,#2780,.T.);
#2782=ORIENTED_EDGE('',*,*,#2781,.T.);
#2783=CARTESIAN_POINT('',(28.12610134,138.379587022,54.017693927));
#2784=VERTEX_POINT('',#2783);
#2785=CARTESIAN_POINT('',(28.12610134,133.379587024,54.017693927));
#2786=DIRECTION('',(-0.,0.,1.));
#2787=DIRECTION('',(0.,1.,-0.));
#2788=AXIS2_PLACEMENT_3D('',#2785,#2786,#2787);
#2789=CIRCLE('',#2788,4.999999998);
#2790=EDGE_CURVE('',#2776,#2784,#2789,.T.);
#2791=ORIENTED_EDGE('',*,*,#2790,.T.);
#2792=CARTESIAN_POINT('',(23.126101342,133.379586994,54.017693926));
#2793=VERTEX_POINT('',#2792);
#2794=CARTESIAN_POINT('',(28.12610134,133.379587024,54.017693927));
#2795=DIRECTION('',(-0.,0.,1.));
#2796=DIRECTION('',(0.,1.,-0.));
#2797=AXIS2_PLACEMENT_3D('',#2794,#2795,#2796);
#2798=CIRCLE('',#2797,4.999999998);
#2799=EDGE_CURVE('',#2784,#2793,#2798,.T.);
#2800=ORIENTED_EDGE('',*,*,#2799,.T.);
#2801=CARTESIAN_POINT('',(23.126101341,130.129587024,54.017693924));
#2802=VERTEX_POINT('',#2801);
#2803=CARTESIAN_POINT('',(23.126101342,133.379586994,54.017693924));
#2804=DIRECTION('',(0.,-1.,0.));
#2805=VECTOR('',#2804,3.24999997);
#2806=LINE('',#2803,#2805);
#2807=EDGE_CURVE('',#2793,#2802,#2806,.T.);
#2808=ORIENTED_EDGE('',*,*,#2807,.T.);
#2809=CARTESIAN_POINT('',(22.12610134,130.129587024,54.017693924));
#2810=DIRECTION('',(1.,0.,-0.));
#2811=VECTOR('',#2810,1.000000001);
#2812=LINE('',#2809,#2811);
#2813=EDGE_CURVE('',#2700,#2802,#2812,.T.);
#2814=ORIENTED_EDGE('',*,*,#2813,.F.);
#2815=EDGE_LOOP('',(#2708,#2716,#2724,#2732,#2740,#2749,#2758,#2766,#2774,#2782,#2791,#2800,#2808,#2814));
#2816=FACE_BOUND('',#2815,.T.);
#2817=ADVANCED_FACE('',(#2816),#2698,.F.);
#2818=CARTESIAN_POINT('',(22.12610134,150.629587024,54.017693924));
#2819=DIRECTION('',(0.,1.,-0.));
#2820=DIRECTION('',(1.,0.,0.));
#2821=AXIS2_PLACEMENT_3D('',#2818,#2819,#2820);
#2822=PLANE('',#2821);
#2823=CARTESIAN_POINT('',(64.12610134,150.629587024,56.517693924));
#2824=VERTEX_POINT('',#2823);
#2825=CARTESIAN_POINT('',(64.12610134,150.629587024,54.017693924));
#2826=DIRECTION('',(-0.,0.,1.));
#2827=VECTOR('',#2826,2.5);
#2828=LINE('',#2825,#2827);
#2829=EDGE_CURVE('',#2678,#2824,#2828,.T.);
#2830=ORIENTED_EDGE('',*,*,#2829,.T.);
#2831=CARTESIAN_POINT('',(22.12610134,150.629587024,56.517693924));
#2832=VERTEX_POINT('',#2831);
#2833=CARTESIAN_POINT('',(22.12610134,150.629587024,56.517693924));
#2834=DIRECTION('',(1.,0.,-0.));
#2835=VECTOR('',#2834,42.);
#2836=LINE('',#2833,#2835);
#2837=EDGE_CURVE('',#2832,#2824,#2836,.T.);
#2838=ORIENTED_EDGE('',*,*,#2837,.F.);
#2839=CARTESIAN_POINT('',(22.12610134,150.629587024,54.017693924));
#2840=DIRECTION('',(-0.,0.,1.));
#2841=VECTOR('',#2840,2.5);
#2842=LINE('',#2839,#2841);
#2843=EDGE_CURVE('',#2665,#2832,#2842,.T.);
#2844=ORIENTED_EDGE('',*,*,#2843,.F.);
#2845=ORIENTED_EDGE('',*,*,#2689,.F.);
#2846=EDGE_LOOP('',(#2830,#2838,#2844,#2845));
#2847=FACE_BOUND('',#2846,.T.);
#2848=ADVANCED_FACE('',(#2847),#2822,.F.);
#2849=CARTESIAN_POINT('',(22.12610134,129.129587024,54.017693924));
#2850=DIRECTION('',(-1.,0.,0.));
#2851=DIRECTION('',(0.,-0.,-1.));
#2852=AXIS2_PLACEMENT_3D('',#2849,#2850,#2851);
#2853=PLANE('',#2852);
#2854=CARTESIAN_POINT('',(22.12610134,130.129587024,33.017693924));
#2855=VERTEX_POINT('',#2854);
#2856=CARTESIAN_POINT('',(22.12610134,130.129587024,33.017693924));
#2857=DIRECTION('',(-0.,1.,-0.));
#2858=VECTOR('',#2857,27.);
#2859=LINE('',#2856,#2858);
#2860=EDGE_CURVE('',#2855,#2523,#2859,.T.);
#2861=ORIENTED_EDGE('',*,*,#2860,.T.);
#2862=ORIENTED_EDGE('',*,*,#2528,.F.);
#2863=ORIENTED_EDGE('',*,*,#2670,.F.);
#2864=ORIENTED_EDGE('',*,*,#2843,.T.);
#2865=CARTESIAN_POINT('',(22.12610134,140.629587024,56.517693924));
#2866=VERTEX_POINT('',#2865);
#2867=CARTESIAN_POINT('',(22.12610134,140.629587024,56.517693924));
#2868=DIRECTION('',(-0.,1.,-0.));
#2869=VECTOR('',#2868,10.);
#2870=LINE('',#2867,#2869);
#2871=EDGE_CURVE('',#2866,#2832,#2870,.T.);
#2872=ORIENTED_EDGE('',*,*,#2871,.F.);
#2873=CARTESIAN_POINT('',(22.12610134,140.629587024,54.017693924));
#2874=DIRECTION('',(-0.,0.,1.));
#2875=VECTOR('',#2874,2.5);
#2876=LINE('',#2873,#2875);
#2877=EDGE_CURVE('',#2702,#2866,#2876,.T.);
#2878=ORIENTED_EDGE('',*,*,#2877,.F.);
#2879=ORIENTED_EDGE('',*,*,#2707,.F.);
#2880=CARTESIAN_POINT('',(22.12610134,130.129587024,33.017693924));
#2881=DIRECTION('',(0.,0.,1.));
#2882=VECTOR('',#2881,21.);
#2883=LINE('',#2880,#2882);
#2884=EDGE_CURVE('',#2855,#2700,#2883,.T.);
#2885=ORIENTED_EDGE('',*,*,#2884,.F.);
#2886=EDGE_LOOP('',(#2861,#2862,#2863,#2864,#2872,#2878,#2879,#2885));
#2887=FACE_BOUND('',#2886,.T.);
#2888=CARTESIAN_POINT('',(22.12610134,156.126655181,35.416198005));
#2889=VERTEX_POINT('',#2888);
#2890=CARTESIAN_POINT('',(22.12610134,140.626655203,35.416198005));
#2891=VERTEX_POINT('',#2890);
#2892=CARTESIAN_POINT('',(22.12610134,156.126655181,35.416198005));
#2893=DIRECTION('',(0.,-1.,0.));
#2894=VECTOR('',#2893,15.499999977);
#2895=LINE('',#2892,#2894);
#2896=EDGE_CURVE('',#2889,#2891,#2895,.T.);
#2897=ORIENTED_EDGE('',*,*,#2896,.T.);
#2898=CARTESIAN_POINT('',(22.12610134,140.626655181,53.416198005));
#2899=VERTEX_POINT('',#2898);
#2900=CARTESIAN_POINT('',(22.12610134,140.626655181,44.416198005));
#2901=DIRECTION('',(-1.,-0.,-0.));
#2902=DIRECTION('',(0.,1.,-0.));
#2903=AXIS2_PLACEMENT_3D('',#2900,#2901,#2902);
#2904=CIRCLE('',#2903,9.);
#2905=EDGE_CURVE('',#2891,#2899,#2904,.T.);
#2906=ORIENTED_EDGE('',*,*,#2905,.T.);
#2907=CARTESIAN_POINT('',(22.12610134,156.126655181,53.416198005));
#2908=VERTEX_POINT('',#2907);
#2909=CARTESIAN_POINT('',(22.12610134,140.626655181,53.416198005));
#2910=DIRECTION('',(-0.,1.,-0.));
#2911=VECTOR('',#2910,15.5);
#2912=LINE('',#2909,#2911);
#2913=EDGE_CURVE('',#2899,#2908,#2912,.T.);
#2914=ORIENTED_EDGE('',*,*,#2913,.T.);
#2915=CARTESIAN_POINT('',(22.12610134,156.126655181,53.416198005));
#2916=DIRECTION('',(0.,-0.,-1.));
#2917=VECTOR('',#2916,18.);
#2918=LINE('',#2915,#2917);
#2919=EDGE_CURVE('',#2908,#2889,#2918,.T.);
#2920=ORIENTED_EDGE('',*,*,#2919,.T.);
#2921=EDGE_LOOP('',(#2897,#2906,#2914,#2920));
#2922=FACE_BOUND('',#2921,.T.);
#2923=ADVANCED_FACE('',(#2887,#2922),#2853,.F.);
#2924=CARTESIAN_POINT('',(20.62610134,154.626655181,44.416198005));
#2925=DIRECTION('',(0.707106781,-0.707106781,0.));
#2926=DIRECTION('',(-0.707106781,-0.707106781,0.));
#2927=AXIS2_PLACEMENT_3D('',#2924,#2925,#2926);
#2928=PLANE('',#2927);
#2929=CARTESIAN_POINT('',(19.12610134,153.126655181,38.416198005));
#2930=VERTEX_POINT('',#2929);
#2931=CARTESIAN_POINT('',(19.12610134,153.126655181,38.416198005));
#2932=DIRECTION('',(0.577350269,0.577350269,-0.577350269));
#2933=VECTOR('',#2932,5.196152423);
#2934=LINE('',#2931,#2933);
#2935=EDGE_CURVE('',#2930,#2889,#2934,.T.);
#2936=ORIENTED_EDGE('',*,*,#2935,.T.);
#2937=ORIENTED_EDGE('',*,*,#2919,.F.);
#2938=CARTESIAN_POINT('',(19.12610134,153.126655181,50.416198005));
#2939=VERTEX_POINT('',#2938);
#2940=CARTESIAN_POINT('',(19.12610134,153.126655181,50.416198005));
#2941=DIRECTION('',(0.577350269,0.577350269,0.577350269));
#2942=VECTOR('',#2941,5.196152423);
#2943=LINE('',#2940,#2942);
#2944=EDGE_CURVE('',#2939,#2908,#2943,.T.);
#2945=ORIENTED_EDGE('',*,*,#2944,.F.);
#2946=CARTESIAN_POINT('',(19.12610134,153.126655181,50.416198005));
#2947=DIRECTION('',(0.,-0.,-1.));
#2948=VECTOR('',#2947,12.);
#2949=LINE('',#2946,#2948);
#2950=EDGE_CURVE('',#2939,#2930,#2949,.T.);
#2951=ORIENTED_EDGE('',*,*,#2950,.T.);
#2952=EDGE_LOOP('',(#2936,#2937,#2945,#2951));
#2953=FACE_BOUND('',#2952,.T.);
#2954=ADVANCED_FACE('',(#2953),#2928,.T.);
#2955=CARTESIAN_POINT('',(22.12610134,153.126655181,50.416198005));
#2956=DIRECTION('',(0.,-1.,0.));
#2957=DIRECTION('',(0.,-0.,-1.));
#2958=AXIS2_PLACEMENT_3D('',#2955,#2956,#2957);
#2959=PLANE('',#2958);
#2960=CARTESIAN_POINT('',(15.12610134,153.126655181,38.416198005));
#2961=VERTEX_POINT('',#2960);
#2962=CARTESIAN_POINT('',(19.12610134,153.126655181,38.416198005));
#2963=DIRECTION('',(-1.,-0.,0.));
#2964=VECTOR('',#2963,4.);
#2965=LINE('',#2962,#2964);
#2966=EDGE_CURVE('',#2930,#2961,#2965,.T.);
#2967=ORIENTED_EDGE('',*,*,#2966,.F.);
#2968=ORIENTED_EDGE('',*,*,#2950,.F.);
#2969=CARTESIAN_POINT('',(15.12610134,153.126655181,50.416198005));
#2970=VERTEX_POINT('',#2969);
#2971=CARTESIAN_POINT('',(19.12610134,153.126655181,50.416198005));
#2972=DIRECTION('',(-1.,-0.,0.));
#2973=VECTOR('',#2972,4.);
#2974=LINE('',#2971,#2973);
#2975=EDGE_CURVE('',#2939,#2970,#2974,.T.);
#2976=ORIENTED_EDGE('',*,*,#2975,.T.);
#2977=CARTESIAN_POINT('',(15.12610134,153.126655181,38.416198005));
#2978=DIRECTION('',(0.,0.,1.));
#2979=VECTOR('',#2978,12.);
#2980=LINE('',#2977,#2979);
#2981=EDGE_CURVE('',#2961,#2970,#2980,.T.);
#2982=ORIENTED_EDGE('',*,*,#2981,.F.);
#2983=EDGE_LOOP('',(#2967,#2968,#2976,#2982));
#2984=FACE_BOUND('',#2983,.T.);
#2985=ADVANCED_FACE('',(#2984),#2959,.T.);
#2986=CARTESIAN_POINT('',(15.12610134,155.126655181,-73.198306076));
#2987=DIRECTION('',(0.,0.,1.));
#2988=DIRECTION('',(-1.,0.,0.));
#2989=AXIS2_PLACEMENT_3D('',#2986,#2987,#2988);
#2990=CYLINDRICAL_SURFACE('',#2989,2.);
#2991=CARTESIAN_POINT('',(15.12610134,155.126655181,52.416198005));
#2992=DIRECTION('',(-0.,0.707106781,-0.707106781));
#2993=DIRECTION('',(0.,-0.707106781,-0.707106781));
#2994=AXIS2_PLACEMENT_3D('',#2991,#2992,#2993);
#2995=ELLIPSE('',#2994,2.828427125,2.);
#2996=EDGE_CURVE('',#2970,#1758,#2995,.T.);
#2997=ORIENTED_EDGE('',*,*,#2996,.T.);
#2998=ORIENTED_EDGE('',*,*,#1788,.F.);
#2999=CARTESIAN_POINT('',(15.12610134,155.126655181,36.416198005));
#3000=DIRECTION('',(-0.,-0.707106781,-0.707106781));
#3001=DIRECTION('',(0.,-0.707106781,0.707106781));
#3002=AXIS2_PLACEMENT_3D('',#2999,#3000,#3001);
#3003=ELLIPSE('',#3002,2.828427125,2.);
#3004=EDGE_CURVE('',#2961,#1777,#3003,.T.);
#3005=ORIENTED_EDGE('',*,*,#3004,.F.);
#3006=ORIENTED_EDGE('',*,*,#2981,.T.);
#3007=EDGE_LOOP('',(#2997,#2998,#3005,#3006));
#3008=FACE_BOUND('',#3007,.T.);
#3009=ADVANCED_FACE('',(#3008),#2990,.T.);
#3010=CARTESIAN_POINT('',(15.12610134,140.410272479,36.416198005));
#3011=DIRECTION('',(0.,1.,-0.));
#3012=DIRECTION('',(-1.,0.,0.));
#3013=AXIS2_PLACEMENT_3D('',#3010,#3011,#3012);
#3014=CYLINDRICAL_SURFACE('',#3013,2.);
#3015=ORIENTED_EDGE('',*,*,#3004,.T.);
#3016=ORIENTED_EDGE('',*,*,#1782,.F.);
#3017=CARTESIAN_POINT('',(15.12610134,140.626655192,38.416198005));
#3018=VERTEX_POINT('',#3017);
#3019=CARTESIAN_POINT('',(15.12610134,140.626655181,36.416198005));
#3020=DIRECTION('',(0.,1.,-0.));
#3021=DIRECTION('',(-1.,0.,0.));
#3022=AXIS2_PLACEMENT_3D('',#3019,#3020,#3021);
#3023=CIRCLE('',#3022,2.);
#3024=EDGE_CURVE('',#1768,#3018,#3023,.T.);
#3025=ORIENTED_EDGE('',*,*,#3024,.T.);
#3026=CARTESIAN_POINT('',(15.12610134,140.626655192,38.416198005));
#3027=DIRECTION('',(0.,1.,-0.));
#3028=VECTOR('',#3027,12.499999989);
#3029=LINE('',#3026,#3028);
#3030=EDGE_CURVE('',#3018,#2961,#3029,.T.);
#3031=ORIENTED_EDGE('',*,*,#3030,.T.);
#3032=EDGE_LOOP('',(#3015,#3016,#3025,#3031));
#3033=FACE_BOUND('',#3032,.T.);
#3034=ADVANCED_FACE('',(#3033),#3014,.T.);
#3035=CARTESIAN_POINT('',(22.12610134,153.126655181,38.416198005));
#3036=DIRECTION('',(0.,0.,1.));
#3037=DIRECTION('',(0.,-1.,0.));
#3038=AXIS2_PLACEMENT_3D('',#3035,#3036,#3037);
#3039=PLANE('',#3038);
#3040=CARTESIAN_POINT('',(19.12610134,140.626655196,38.416198005));
#3041=VERTEX_POINT('',#3040);
#3042=CARTESIAN_POINT('',(19.12610134,140.626655203,38.416198005));
#3043=DIRECTION('',(-1.,0.,0.));
#3044=VECTOR('',#3043,4.);
#3045=LINE('',#3042,#3044);
#3046=EDGE_CURVE('',#3041,#3018,#3045,.T.);
#3047=ORIENTED_EDGE('',*,*,#3046,.F.);
#3048=CARTESIAN_POINT('',(19.12610134,153.126655181,38.416198005));
#3049=DIRECTION('',(0.,-1.,0.));
#3050=VECTOR('',#3049,12.499999985);
#3051=LINE('',#3048,#3050);
#3052=EDGE_CURVE('',#2930,#3041,#3051,.T.);
#3053=ORIENTED_EDGE('',*,*,#3052,.F.);
#3054=ORIENTED_EDGE('',*,*,#2966,.T.);
#3055=ORIENTED_EDGE('',*,*,#3030,.F.);
#3056=EDGE_LOOP('',(#3047,#3053,#3054,#3055));
#3057=FACE_BOUND('',#3056,.T.);
#3058=ADVANCED_FACE('',(#3057),#3039,.T.);
#3059=CARTESIAN_POINT('',(20.62610134,146.876655181,36.916198005));
#3060=DIRECTION('',(0.707106781,0.,0.707106781));
#3061=DIRECTION('',(-0.707106781,0.,0.707106781));
#3062=AXIS2_PLACEMENT_3D('',#3059,#3060,#3061);
#3063=PLANE('',#3062);
#3064=ORIENTED_EDGE('',*,*,#2935,.F.);
#3065=ORIENTED_EDGE('',*,*,#3052,.T.);
#3066=CARTESIAN_POINT('',(22.12610134,140.626655226,35.416198005));
#3067=DIRECTION('',(-0.707106781,-0.000000004,0.707106781));
#3068=VECTOR('',#3067,4.242640687);
#3069=LINE('',#3066,#3068);
#3070=EDGE_CURVE('',#2891,#3041,#3069,.T.);
#3071=ORIENTED_EDGE('',*,*,#3070,.F.);
#3072=ORIENTED_EDGE('',*,*,#2896,.F.);
#3073=EDGE_LOOP('',(#3064,#3065,#3071,#3072));
#3074=FACE_BOUND('',#3073,.T.);
#3075=ADVANCED_FACE('',(#3074),#3063,.T.);
#3076=CARTESIAN_POINT('',(20.626101338,140.626655181,44.416198005));
#3077=DIRECTION('',(1.,0.,0.));
#3078=DIRECTION('',(0.,1.,-0.));
#3079=AXIS2_PLACEMENT_3D('',#3076,#3077,#3078);
#3080=CONICAL_SURFACE('',#3079,7.499999998,45.);
#3081=ORIENTED_EDGE('',*,*,#3070,.T.);
#3082=CARTESIAN_POINT('',(19.126101339,134.626655181,44.416198005));
#3083=VERTEX_POINT('',#3082);
#3084=CARTESIAN_POINT('',(19.126101339,140.626655181,44.416198005));
#3085=DIRECTION('',(-1.,-0.,-0.));
#3086=DIRECTION('',(0.,1.,-0.));
#3087=AXIS2_PLACEMENT_3D('',#3084,#3085,#3086);
#3088=CIRCLE('',#3087,6.);
#3089=EDGE_CURVE('',#3041,#3083,#3088,.T.);
#3090=ORIENTED_EDGE('',*,*,#3089,.T.);
#3091=CARTESIAN_POINT('',(19.12610134,140.626655181,50.416198005));
#3092=VERTEX_POINT('',#3091);
#3093=CARTESIAN_POINT('',(19.126101339,140.626655181,44.416198005));
#3094=DIRECTION('',(-1.,-0.,-0.));
#3095=DIRECTION('',(0.,1.,-0.));
#3096=AXIS2_PLACEMENT_3D('',#3093,#3094,#3095);
#3097=CIRCLE('',#3096,6.);
#3098=EDGE_CURVE('',#3083,#3092,#3097,.T.);
#3099=ORIENTED_EDGE('',*,*,#3098,.T.);
#3100=CARTESIAN_POINT('',(22.12610134,140.626655181,53.416198005));
#3101=DIRECTION('',(-0.707106781,-0.,-0.707106781));
#3102=VECTOR('',#3101,4.242640687);
#3103=LINE('',#3100,#3102);
#3104=EDGE_CURVE('',#2899,#3092,#3103,.T.);
#3105=ORIENTED_EDGE('',*,*,#3104,.F.);
#3106=ORIENTED_EDGE('',*,*,#2905,.F.);
#3107=EDGE_LOOP('',(#3081,#3090,#3099,#3105,#3106));
#3108=FACE_BOUND('',#3107,.T.);
#3109=ADVANCED_FACE('',(#3108),#3080,.F.);
#3110=CARTESIAN_POINT('',(20.62610134,146.876655181,51.916198005));
#3111=DIRECTION('',(0.707106781,-0.,-0.707106781));
#3112=DIRECTION('',(-0.707106781,-0.,-0.707106781));
#3113=AXIS2_PLACEMENT_3D('',#3110,#3111,#3112);
#3114=PLANE('',#3113);
#3115=ORIENTED_EDGE('',*,*,#2944,.T.);
#3116=ORIENTED_EDGE('',*,*,#2913,.F.);
#3117=ORIENTED_EDGE('',*,*,#3104,.T.);
#3118=CARTESIAN_POINT('',(19.12610134,140.626655181,50.416198005));
#3119=DIRECTION('',(0.,1.,-0.));
#3120=VECTOR('',#3119,12.5);
#3121=LINE('',#3118,#3120);
#3122=EDGE_CURVE('',#3092,#2939,#3121,.T.);
#3123=ORIENTED_EDGE('',*,*,#3122,.T.);
#3124=EDGE_LOOP('',(#3115,#3116,#3117,#3123));
#3125=FACE_BOUND('',#3124,.T.);
#3126=ADVANCED_FACE('',(#3125),#3114,.T.);
#3127=CARTESIAN_POINT('',(22.12610134,140.626655181,50.416198005));
#3128=DIRECTION('',(0.,-0.,-1.));
#3129=DIRECTION('',(0.,1.,-0.));
#3130=AXIS2_PLACEMENT_3D('',#3127,#3128,#3129);
#3131=PLANE('',#3130);
#3132=ORIENTED_EDGE('',*,*,#2975,.F.);
#3133=ORIENTED_EDGE('',*,*,#3122,.F.);
#3134=CARTESIAN_POINT('',(15.12610134,140.626655181,50.416198005));
#3135=VERTEX_POINT('',#3134);
#3136=CARTESIAN_POINT('',(19.12610134,140.626655181,50.416198005));
#3137=DIRECTION('',(-1.,-0.,0.));
#3138=VECTOR('',#3137,4.);
#3139=LINE('',#3136,#3138);
#3140=EDGE_CURVE('',#3092,#3135,#3139,.T.);
#3141=ORIENTED_EDGE('',*,*,#3140,.T.);
#3142=CARTESIAN_POINT('',(15.12610134,153.126655181,50.416198005));
#3143=DIRECTION('',(0.,-1.,0.));
#3144=VECTOR('',#3143,12.5);
#3145=LINE('',#3142,#3144);
#3146=EDGE_CURVE('',#2970,#3135,#3145,.T.);
#3147=ORIENTED_EDGE('',*,*,#3146,.F.);
#3148=EDGE_LOOP('',(#3132,#3133,#3141,#3147));
#3149=FACE_BOUND('',#3148,.T.);
#3150=ADVANCED_FACE('',(#3149),#3131,.T.);
#3151=CARTESIAN_POINT('',(15.12610134,205.148387024,52.416198005));
#3152=DIRECTION('',(0.,-1.,0.));
#3153=DIRECTION('',(-1.,0.,0.));
#3154=AXIS2_PLACEMENT_3D('',#3151,#3152,#3153);
#3155=CYLINDRICAL_SURFACE('',#3154,2.);
#3156=ORIENTED_EDGE('',*,*,#2996,.F.);
#3157=ORIENTED_EDGE('',*,*,#3146,.T.);
#3158=CARTESIAN_POINT('',(15.12610134,140.626655181,52.416198005));
#3159=DIRECTION('',(0.,-1.,0.));
#3160=DIRECTION('',(0.,-0.,-1.));
#3161=AXIS2_PLACEMENT_3D('',#3158,#3159,#3160);
#3162=CIRCLE('',#3161,2.);
#3163=EDGE_CURVE('',#1760,#3135,#3162,.T.);
#3164=ORIENTED_EDGE('',*,*,#3163,.F.);
#3165=ORIENTED_EDGE('',*,*,#1765,.F.);
#3166=EDGE_LOOP('',(#3156,#3157,#3164,#3165));
#3167=FACE_BOUND('',#3166,.T.);
#3168=ADVANCED_FACE('',(#3167),#3155,.T.);
#3169=CARTESIAN_POINT('',(15.12610134,140.626655181,44.416198005));
#3170=DIRECTION('',(-1.,0.,0.));
#3171=DIRECTION('',(0.,0.036055967,0.999349772));
#3172=AXIS2_PLACEMENT_3D('',#3169,#3170,#3171);
#3173=TOROIDAL_SURFACE('',#3172,8.,2.);
#3174=ORIENTED_EDGE('',*,*,#3163,.T.);
#3175=CARTESIAN_POINT('',(15.12610134,134.626655181,44.416198005));
#3176=VERTEX_POINT('',#3175);
#3177=CARTESIAN_POINT('',(15.12610134,140.626655181,44.416198005));
#3178=DIRECTION('',(1.,-0.,-0.));
#3179=DIRECTION('',(0.,-1.,0.));
#3180=AXIS2_PLACEMENT_3D('',#3177,#3178,#3179);
#3181=CIRCLE('',#3180,6.);
#3182=EDGE_CURVE('',#3135,#3176,#3181,.T.);
#3183=ORIENTED_EDGE('',*,*,#3182,.T.);
#3184=CARTESIAN_POINT('',(15.12610134,140.626655181,44.416198005));
#3185=DIRECTION('',(1.,-0.,-0.));
#3186=DIRECTION('',(0.,-1.,0.));
#3187=AXIS2_PLACEMENT_3D('',#3184,#3185,#3186);
#3188=CIRCLE('',#3187,6.);
#3189=EDGE_CURVE('',#3176,#3018,#3188,.T.);
#3190=ORIENTED_EDGE('',*,*,#3189,.T.);
#3191=ORIENTED_EDGE('',*,*,#3024,.F.);
#3192=ORIENTED_EDGE('',*,*,#1774,.F.);
#3193=EDGE_LOOP('',(#3174,#3183,#3190,#3191,#3192));
#3194=FACE_BOUND('',#3193,.T.);
#3195=ADVANCED_FACE('',(#3194),#3173,.T.);
#3196=CARTESIAN_POINT('',(22.12610134,140.626655181,44.416198005));
#3197=DIRECTION('',(-1.,0.,0.));
#3198=DIRECTION('',(0.,-1.,0.));
#3199=AXIS2_PLACEMENT_3D('',#3196,#3197,#3198);
#3200=CYLINDRICAL_SURFACE('',#3199,6.);
#3201=CARTESIAN_POINT('',(15.12610134,134.626655181,44.416198005));
#3202=DIRECTION('',(1.,-0.,-0.));
#3203=VECTOR('',#3202,4.);
#3204=LINE('',#3201,#3203);
#3205=EDGE_CURVE('',#3176,#3083,#3204,.T.);
#3206=ORIENTED_EDGE('',*,*,#3205,.F.);
#3207=ORIENTED_EDGE('',*,*,#3182,.F.);
#3208=ORIENTED_EDGE('',*,*,#3140,.F.);
#3209=ORIENTED_EDGE('',*,*,#3098,.F.);
#3210=EDGE_LOOP('',(#3206,#3207,#3208,#3209));
#3211=FACE_BOUND('',#3210,.T.);
#3212=ADVANCED_FACE('',(#3211),#3200,.F.);
#3213=CARTESIAN_POINT('',(21.62610134,129.629587024,43.517693924));
#3214=DIRECTION('',(0.707106781,-0.707106781,0.));
#3215=DIRECTION('',(0.707106781,0.707106781,-0.));
#3216=AXIS2_PLACEMENT_3D('',#3213,#3214,#3215);
#3217=PLANE('',#3216);
#3218=CARTESIAN_POINT('',(22.12610134,130.129587024,54.017693924));
#3219=DIRECTION('',(-0.577350269,-0.577350269,0.577350269));
#3220=VECTOR('',#3219,1.732050808);
#3221=LINE('',#3218,#3220);
#3222=EDGE_CURVE('',#2700,#1271,#3221,.T.);
#3223=ORIENTED_EDGE('',*,*,#3222,.T.);
#3224=ORIENTED_EDGE('',*,*,#1276,.F.);
#3225=CARTESIAN_POINT('',(22.12610134,130.129587024,33.017693924));
#3226=DIRECTION('',(-0.577350269,-0.577350269,-0.577350269));
#3227=VECTOR('',#3226,1.732050808);
#3228=LINE('',#3225,#3227);
#3229=EDGE_CURVE('',#2855,#1263,#3228,.T.);
#3230=ORIENTED_EDGE('',*,*,#3229,.F.);
#3231=ORIENTED_EDGE('',*,*,#2884,.T.);
#3232=EDGE_LOOP('',(#3223,#3224,#3230,#3231));
#3233=FACE_BOUND('',#3232,.T.);
#3234=ADVANCED_FACE('',(#3233),#3217,.T.);
#3235=CARTESIAN_POINT('',(23.12610134,129.629587024,32.517693924));
#3236=DIRECTION('',(0.,-0.707106781,0.707106781));
#3237=DIRECTION('',(0.,0.707106781,0.707106781));
#3238=AXIS2_PLACEMENT_3D('',#3235,#3236,#3237);
#3239=PLANE('',#3238);
#3240=CARTESIAN_POINT('',(23.12610134,130.129587024,33.017693924));
#3241=VERTEX_POINT('',#3240);
#3242=CARTESIAN_POINT('',(23.540314902,129.715373462,32.603480362));
#3243=VERTEX_POINT('',#3242);
#3244=CARTESIAN_POINT('',(23.12610134,130.129587024,33.017693924));
#3245=DIRECTION('',(0.577350269,-0.577350269,-0.577350269));
#3246=VECTOR('',#3245,0.717438935);
#3247=LINE('',#3244,#3246);
#3248=EDGE_CURVE('',#3241,#3243,#3247,.T.);
#3249=ORIENTED_EDGE('',*,*,#3248,.F.);
#3250=CARTESIAN_POINT('',(23.12610134,130.129587024,33.017693924));
#3251=DIRECTION('',(-1.,0.,0.));
#3252=VECTOR('',#3251,1.);
#3253=LINE('',#3250,#3252);
#3254=EDGE_CURVE('',#3241,#2855,#3253,.T.);
#3255=ORIENTED_EDGE('',*,*,#3254,.T.);
#3256=ORIENTED_EDGE('',*,*,#3229,.T.);
#3257=ORIENTED_EDGE('',*,*,#1268,.F.);
#3258=CARTESIAN_POINT('',(22.12610134,131.129587024,34.017693924));
#3259=DIRECTION('',(0.,-0.707106781,0.707106781));
#3260=DIRECTION('',(0.,0.707106781,0.707106781));
#3261=AXIS2_PLACEMENT_3D('',#3258,#3259,#3260);
#3262=ELLIPSE('',#3261,2.828427125,2.);
#3263=EDGE_CURVE('',#1255,#3243,#3262,.T.);
#3264=ORIENTED_EDGE('',*,*,#3263,.T.);
#3265=EDGE_LOOP('',(#3249,#3255,#3256,#3257,#3264));
#3266=FACE_BOUND('',#3265,.T.);
#3267=ADVANCED_FACE('',(#3266),#3239,.T.);
#3268=CARTESIAN_POINT('',(22.12610134,131.129587024,-73.198306076));
#3269=DIRECTION('',(0.,0.,1.));
#3270=DIRECTION('',(0.,-1.,0.));
#3271=AXIS2_PLACEMENT_3D('',#3268,#3269,#3270);
#3272=CYLINDRICAL_SURFACE('',#3271,2.);
#3273=CARTESIAN_POINT('',(24.12610134,131.129587024,32.017693924));
#3274=VERTEX_POINT('',#3273);
#3275=CARTESIAN_POINT('',(22.12610134,131.129587024,34.017693924));
#3276=DIRECTION('',(0.707106781,0.,0.707106781));
#3277=DIRECTION('',(-0.707106781,0.,0.707106781));
#3278=AXIS2_PLACEMENT_3D('',#3275,#3276,#3277);
#3279=ELLIPSE('',#3278,2.828427125,2.);
#3280=EDGE_CURVE('',#3243,#3274,#3279,.T.);
#3281=ORIENTED_EDGE('',*,*,#3280,.F.);
#3282=ORIENTED_EDGE('',*,*,#3263,.F.);
#3283=ORIENTED_EDGE('',*,*,#1260,.F.);
#3284=ORIENTED_EDGE('',*,*,#468,.F.);
#3285=CARTESIAN_POINT('',(24.12610134,131.129587024,10.017693924));
#3286=DIRECTION('',(0.,0.,1.));
#3287=VECTOR('',#3286,22.);
#3288=LINE('',#3285,#3287);
#3289=EDGE_CURVE('',#454,#3274,#3288,.T.);
#3290=ORIENTED_EDGE('',*,*,#3289,.T.);
#3291=EDGE_LOOP('',(#3281,#3282,#3283,#3284,#3290));
#3292=FACE_BOUND('',#3291,.T.);
#3293=ADVANCED_FACE('',(#3292),#3272,.T.);
#3294=CARTESIAN_POINT('',(24.12610134,133.379587024,65.017693924));
#3295=DIRECTION('',(-1.,0.,0.));
#3296=DIRECTION('',(0.,-1.,0.));
#3297=AXIS2_PLACEMENT_3D('',#3294,#3295,#3296);
#3298=PLANE('',#3297);
#3299=CARTESIAN_POINT('',(24.12610134,131.129587024,55.017693924));
#3300=VERTEX_POINT('',#3299);
#3301=CARTESIAN_POINT('',(24.12610134,131.129587024,55.017693924));
#3302=DIRECTION('',(0.,0.,1.));
#3303=VECTOR('',#3302,8.);
#3304=LINE('',#3301,#3303);
#3305=EDGE_CURVE('',#3300,#1869,#3304,.T.);
#3306=ORIENTED_EDGE('',*,*,#3305,.F.);
#3307=CARTESIAN_POINT('',(24.12610134,133.379586994,55.017693924));
#3308=VERTEX_POINT('',#3307);
#3309=CARTESIAN_POINT('',(24.12610134,133.379586994,55.017693924));
#3310=DIRECTION('',(0.,-1.,0.));
#3311=VECTOR('',#3310,2.24999997);
#3312=LINE('',#3309,#3311);
#3313=EDGE_CURVE('',#3308,#3300,#3312,.T.);
#3314=ORIENTED_EDGE('',*,*,#3313,.F.);
#3315=CARTESIAN_POINT('',(24.12610134,133.379587024,63.017693924));
#3316=DIRECTION('',(-0.,-0.,-1.));
#3317=VECTOR('',#3316,8.);
#3318=LINE('',#3315,#3317);
#3319=EDGE_CURVE('',#1895,#3308,#3318,.T.);
#3320=ORIENTED_EDGE('',*,*,#3319,.F.);
#3321=ORIENTED_EDGE('',*,*,#1900,.F.);
#3322=EDGE_LOOP('',(#3306,#3314,#3320,#3321));
#3323=FACE_BOUND('',#3322,.T.);
#3324=ADVANCED_FACE('',(#3323),#3298,.F.);
#3325=CARTESIAN_POINT('',(24.12610134,133.379587024,65.017693924));
#3326=DIRECTION('',(-1.,0.,0.));
#3327=DIRECTION('',(0.,-1.,0.));
#3328=AXIS2_PLACEMENT_3D('',#3325,#3326,#3327);
#3329=PLANE('',#3328);
#3330=ORIENTED_EDGE('',*,*,#459,.F.);
#3331=CARTESIAN_POINT('',(24.12610134,133.379587024,32.017693924));
#3332=VERTEX_POINT('',#3331);
#3333=CARTESIAN_POINT('',(24.12610134,133.379587024,32.017693924));
#3334=DIRECTION('',(-0.,-0.,-1.));
#3335=VECTOR('',#3334,22.);
#3336=LINE('',#3333,#3335);
#3337=EDGE_CURVE('',#3332,#445,#3336,.T.);
#3338=ORIENTED_EDGE('',*,*,#3337,.F.);
#3339=CARTESIAN_POINT('',(24.12610134,131.129587024,32.017693924));
#3340=DIRECTION('',(0.,1.,-0.));
#3341=VECTOR('',#3340,2.25);
#3342=LINE('',#3339,#3341);
#3343=EDGE_CURVE('',#3274,#3332,#3342,.T.);
#3344=ORIENTED_EDGE('',*,*,#3343,.F.);
#3345=ORIENTED_EDGE('',*,*,#3289,.F.);
#3346=EDGE_LOOP('',(#3330,#3338,#3344,#3345));
#3347=FACE_BOUND('',#3346,.T.);
#3348=ADVANCED_FACE('',(#3347),#3329,.F.);
#3349=CARTESIAN_POINT('',(28.12610134,133.379587024,65.017693924));
#3350=DIRECTION('',(-0.,0.,1.));
#3351=DIRECTION('',(1.,0.,0.));
#3352=AXIS2_PLACEMENT_3D('',#3349,#3350,#3351);
#3353=CYLINDRICAL_SURFACE('',#3352,4.);
#3354=ORIENTED_EDGE('',*,*,#3337,.T.);
#3355=ORIENTED_EDGE('',*,*,#451,.F.);
#3356=ORIENTED_EDGE('',*,*,#2014,.F.);
#3357=CARTESIAN_POINT('',(28.12610134,137.379587024,32.017693924));
#3358=VERTEX_POINT('',#3357);
#3359=CARTESIAN_POINT('',(28.12610134,133.379587024,32.017693924));
#3360=DIRECTION('',(-0.,-0.,-1.));
#3361=DIRECTION('',(0.,-1.,0.));
#3362=AXIS2_PLACEMENT_3D('',#3359,#3360,#3361);
#3363=CIRCLE('',#3362,4.);
#3364=EDGE_CURVE('',#3358,#2001,#3363,.T.);
#3365=ORIENTED_EDGE('',*,*,#3364,.F.);
#3366=CARTESIAN_POINT('',(28.12610134,133.379587024,32.017693924));
#3367=DIRECTION('',(-0.,-0.,-1.));
#3368=DIRECTION('',(0.,-1.,0.));
#3369=AXIS2_PLACEMENT_3D('',#3366,#3367,#3368);
#3370=CIRCLE('',#3369,4.);
#3371=EDGE_CURVE('',#3332,#3358,#3370,.T.);
#3372=ORIENTED_EDGE('',*,*,#3371,.F.);
#3373=EDGE_LOOP('',(#3354,#3355,#3356,#3365,#3372));
#3374=FACE_BOUND('',#3373,.T.);
#3375=ADVANCED_FACE('',(#3374),#3353,.F.);
#3376=CARTESIAN_POINT('',(28.12610134,133.379587024,65.017693924));
#3377=DIRECTION('',(-0.,0.,1.));
#3378=DIRECTION('',(1.,0.,0.));
#3379=AXIS2_PLACEMENT_3D('',#3376,#3377,#3378);
#3380=CYLINDRICAL_SURFACE('',#3379,4.);
#3381=ORIENTED_EDGE('',*,*,#3319,.T.);
#3382=CARTESIAN_POINT('',(28.12610134,137.379587024,55.017693924));
#3383=VERTEX_POINT('',#3382);
#3384=CARTESIAN_POINT('',(28.12610134,133.379587024,55.017693924));
#3385=DIRECTION('',(-0.,0.,1.));
#3386=DIRECTION('',(0.,1.,-0.));
#3387=AXIS2_PLACEMENT_3D('',#3384,#3385,#3386);
#3388=CIRCLE('',#3387,4.);
#3389=EDGE_CURVE('',#3383,#3308,#3388,.T.);
#3390=ORIENTED_EDGE('',*,*,#3389,.F.);
#3391=CARTESIAN_POINT('',(28.12610134,133.379587024,55.017693924));
#3392=DIRECTION('',(-0.,0.,1.));
#3393=DIRECTION('',(0.,1.,-0.));
#3394=AXIS2_PLACEMENT_3D('',#3391,#3392,#3393);
#3395=CIRCLE('',#3394,4.);
#3396=EDGE_CURVE('',#1971,#3383,#3395,.T.);
#3397=ORIENTED_EDGE('',*,*,#3396,.F.);
#3398=ORIENTED_EDGE('',*,*,#1976,.F.);
#3399=ORIENTED_EDGE('',*,*,#1926,.F.);
#3400=EDGE_LOOP('',(#3381,#3390,#3397,#3398,#3399));
#3401=FACE_BOUND('',#3400,.T.);
#3402=ADVANCED_FACE('',(#3401),#3380,.F.);
#3403=CARTESIAN_POINT('',(28.12610134,133.379587024,32.517693919));
#3404=DIRECTION('',(0.,0.,1.));
#3405=DIRECTION('',(0.,1.,-0.));
#3406=AXIS2_PLACEMENT_3D('',#3403,#3404,#3405);
#3407=CONICAL_SURFACE('',#3406,4.499999995,45.);
#3408=CARTESIAN_POINT('',(28.12610134,138.379587022,33.017693923));
#3409=VERTEX_POINT('',#3408);
#3410=CARTESIAN_POINT('',(28.12610134,138.379587022,33.017693923));
#3411=DIRECTION('',(-0.,-0.707106781,-0.707106781));
#3412=VECTOR('',#3411,1.41421356);
#3413=LINE('',#3410,#3412);
#3414=EDGE_CURVE('',#3409,#3358,#3413,.T.);
#3415=ORIENTED_EDGE('',*,*,#3414,.F.);
#3416=CARTESIAN_POINT('',(23.126101341,133.379587024,33.017693923));
#3417=VERTEX_POINT('',#3416);
#3418=CARTESIAN_POINT('',(28.12610134,133.379587024,33.017693923));
#3419=DIRECTION('',(-0.,-0.,-1.));
#3420=DIRECTION('',(0.,-1.,0.));
#3421=AXIS2_PLACEMENT_3D('',#3418,#3419,#3420);
#3422=CIRCLE('',#3421,4.999999998);
#3423=EDGE_CURVE('',#3417,#3409,#3422,.T.);
#3424=ORIENTED_EDGE('',*,*,#3423,.F.);
#3425=CARTESIAN_POINT('',(23.126101341,133.379587024,33.017693923));
#3426=DIRECTION('',(0.707106781,0.,-0.707106781));
#3427=VECTOR('',#3426,1.414213561);
#3428=LINE('',#3425,#3427);
#3429=EDGE_CURVE('',#3417,#3332,#3428,.T.);
#3430=ORIENTED_EDGE('',*,*,#3429,.T.);
#3431=ORIENTED_EDGE('',*,*,#3371,.T.);
#3432=EDGE_LOOP('',(#3415,#3424,#3430,#3431));
#3433=FACE_BOUND('',#3432,.T.);
#3434=ADVANCED_FACE('',(#3433),#3407,.F.);
#3435=CARTESIAN_POINT('',(22.12610134,129.129587024,33.017693924));
#3436=DIRECTION('',(0.,-0.,-1.));
#3437=DIRECTION('',(1.,0.,0.));
#3438=AXIS2_PLACEMENT_3D('',#3435,#3436,#3437);
#3439=PLANE('',#3438);
#3440=CARTESIAN_POINT('',(64.12610134,130.129587024,33.017693924));
#3441=VERTEX_POINT('',#3440);
#3442=CARTESIAN_POINT('',(64.12610134,130.129587024,33.017693924));
#3443=DIRECTION('',(-0.,1.,-0.));
#3444=VECTOR('',#3443,27.);
#3445=LINE('',#3442,#3444);
#3446=EDGE_CURVE('',#3441,#2584,#3445,.T.);
#3447=ORIENTED_EDGE('',*,*,#3446,.T.);
#3448=ORIENTED_EDGE('',*,*,#2589,.F.);
#3449=ORIENTED_EDGE('',*,*,#2479,.F.);
#3450=ORIENTED_EDGE('',*,*,#2558,.F.);
#3451=ORIENTED_EDGE('',*,*,#2645,.F.);
#3452=ORIENTED_EDGE('',*,*,#2536,.F.);
#3453=ORIENTED_EDGE('',*,*,#2860,.F.);
#3454=ORIENTED_EDGE('',*,*,#3254,.F.);
#3455=CARTESIAN_POINT('',(23.12610134,130.129587024,33.017693924));
#3456=DIRECTION('',(-0.,1.,-0.));
#3457=VECTOR('',#3456,3.25);
#3458=LINE('',#3455,#3457);
#3459=EDGE_CURVE('',#3241,#3417,#3458,.T.);
#3460=ORIENTED_EDGE('',*,*,#3459,.T.);
#3461=ORIENTED_EDGE('',*,*,#3423,.T.);
#3462=CARTESIAN_POINT('',(33.126101338,133.379586972,33.017693923));
#3463=VERTEX_POINT('',#3462);
#3464=CARTESIAN_POINT('',(28.12610134,133.379587024,33.017693923));
#3465=DIRECTION('',(-0.,-0.,-1.));
#3466=DIRECTION('',(0.,-1.,0.));
#3467=AXIS2_PLACEMENT_3D('',#3464,#3465,#3466);
#3468=CIRCLE('',#3467,4.999999998);
#3469=EDGE_CURVE('',#3409,#3463,#3468,.T.);
#3470=ORIENTED_EDGE('',*,*,#3469,.T.);
#3471=CARTESIAN_POINT('',(33.126101339,130.129587024,33.017693924));
#3472=VERTEX_POINT('',#3471);
#3473=CARTESIAN_POINT('',(33.126101338,133.379586972,33.017693924));
#3474=DIRECTION('',(0.,-1.,0.));
#3475=VECTOR('',#3474,3.249999947);
#3476=LINE('',#3473,#3475);
#3477=EDGE_CURVE('',#3463,#3472,#3476,.T.);
#3478=ORIENTED_EDGE('',*,*,#3477,.T.);
#3479=CARTESIAN_POINT('',(53.12610134,130.129587024,33.017693924));
#3480=VERTEX_POINT('',#3479);
#3481=CARTESIAN_POINT('',(53.12610134,130.129587024,33.017693924));
#3482=DIRECTION('',(-1.,0.,0.));
#3483=VECTOR('',#3482,20.000000001);
#3484=LINE('',#3481,#3483);
#3485=EDGE_CURVE('',#3480,#3472,#3484,.T.);
#3486=ORIENTED_EDGE('',*,*,#3485,.F.);
#3487=CARTESIAN_POINT('',(53.126101341,133.379587024,33.017693923));
#3488=VERTEX_POINT('',#3487);
#3489=CARTESIAN_POINT('',(53.12610134,130.129587024,33.017693924));
#3490=DIRECTION('',(-0.,1.,-0.));
#3491=VECTOR('',#3490,3.25);
#3492=LINE('',#3489,#3491);
#3493=EDGE_CURVE('',#3480,#3488,#3492,.T.);
#3494=ORIENTED_EDGE('',*,*,#3493,.T.);
#3495=CARTESIAN_POINT('',(58.12610134,138.379587022,33.017693923));
#3496=VERTEX_POINT('',#3495);
#3497=CARTESIAN_POINT('',(58.12610134,133.379587024,33.017693923));
#3498=DIRECTION('',(-0.,-0.,-1.));
#3499=DIRECTION('',(0.,-1.,0.));
#3500=AXIS2_PLACEMENT_3D('',#3497,#3498,#3499);
#3501=CIRCLE('',#3500,4.999999998);
#3502=EDGE_CURVE('',#3488,#3496,#3501,.T.);
#3503=ORIENTED_EDGE('',*,*,#3502,.T.);
#3504=CARTESIAN_POINT('',(63.126101338,133.379586972,33.017693923));
#3505=VERTEX_POINT('',#3504);
#3506=CARTESIAN_POINT('',(58.12610134,133.379587024,33.017693923));
#3507=DIRECTION('',(-0.,-0.,-1.));
#3508=DIRECTION('',(0.,-1.,0.));
#3509=AXIS2_PLACEMENT_3D('',#3506,#3507,#3508);
#3510=CIRCLE('',#3509,4.999999998);
#3511=EDGE_CURVE('',#3496,#3505,#3510,.T.);
#3512=ORIENTED_EDGE('',*,*,#3511,.T.);
#3513=CARTESIAN_POINT('',(63.126101339,130.129587024,33.017693924));
#3514=VERTEX_POINT('',#3513);
#3515=CARTESIAN_POINT('',(63.126101338,133.379586972,33.017693924));
#3516=DIRECTION('',(0.,-1.,0.));
#3517=VECTOR('',#3516,3.249999947);
#3518=LINE('',#3515,#3517);
#3519=EDGE_CURVE('',#3505,#3514,#3518,.T.);
#3520=ORIENTED_EDGE('',*,*,#3519,.T.);
#3521=CARTESIAN_POINT('',(64.12610134,130.129587024,33.017693924));
#3522=DIRECTION('',(-1.,0.,0.));
#3523=VECTOR('',#3522,1.000000001);
#3524=LINE('',#3521,#3523);
#3525=EDGE_CURVE('',#3441,#3514,#3524,.T.);
#3526=ORIENTED_EDGE('',*,*,#3525,.F.);
#3527=EDGE_LOOP('',(#3447,#3448,#3449,#3450,#3451,#3452,#3453,#3454,#3460,#3461,#3470,#3478,#3486,#3494,#3503,#3512,#3520,#3526));
#3528=FACE_BOUND('',#3527,.T.);
#3529=ADVANCED_FACE('',(#3528),#3439,.F.);
#3530=CARTESIAN_POINT('',(63.12610134,129.629587024,32.517693924));
#3531=DIRECTION('',(0.,-0.707106781,0.707106781));
#3532=DIRECTION('',(0.,0.707106781,0.707106781));
#3533=AXIS2_PLACEMENT_3D('',#3530,#3531,#3532);
#3534=PLANE('',#3533);
#3535=ORIENTED_EDGE('',*,*,#1222,.F.);
#3536=CARTESIAN_POINT('',(64.12610134,130.129587024,33.017693924));
#3537=DIRECTION('',(0.577350269,-0.577350269,-0.577350269));
#3538=VECTOR('',#3537,1.732050808);
#3539=LINE('',#3536,#3538);
#3540=EDGE_CURVE('',#3441,#1209,#3539,.T.);
#3541=ORIENTED_EDGE('',*,*,#3540,.F.);
#3542=ORIENTED_EDGE('',*,*,#3525,.T.);
#3543=CARTESIAN_POINT('',(62.711887777,129.715373462,32.603480362));
#3544=VERTEX_POINT('',#3543);
#3545=CARTESIAN_POINT('',(62.711887777,129.715373462,32.603480362));
#3546=DIRECTION('',(0.577350269,0.577350269,0.577350269));
#3547=VECTOR('',#3546,0.717438935);
#3548=LINE('',#3545,#3547);
#3549=EDGE_CURVE('',#3544,#3514,#3548,.T.);
#3550=ORIENTED_EDGE('',*,*,#3549,.F.);
#3551=CARTESIAN_POINT('',(64.12610134,131.129587024,34.017693924));
#3552=DIRECTION('',(0.,-0.707106781,0.707106781));
#3553=DIRECTION('',(0.,-0.707106781,-0.707106781));
#3554=AXIS2_PLACEMENT_3D('',#3551,#3552,#3553);
#3555=ELLIPSE('',#3554,2.828427125,2.);
#3556=EDGE_CURVE('',#3544,#1217,#3555,.T.);
#3557=ORIENTED_EDGE('',*,*,#3556,.T.);
#3558=EDGE_LOOP('',(#3535,#3541,#3542,#3550,#3557));
#3559=FACE_BOUND('',#3558,.T.);
#3560=ADVANCED_FACE('',(#3559),#3534,.T.);
#3561=CARTESIAN_POINT('',(64.12610134,131.129587024,143.233693924));
#3562=DIRECTION('',(0.,-0.,-1.));
#3563=DIRECTION('',(0.,-1.,0.));
#3564=AXIS2_PLACEMENT_3D('',#3561,#3562,#3563);
#3565=CYLINDRICAL_SURFACE('',#3564,2.);
#3566=ORIENTED_EDGE('',*,*,#406,.F.);
#3567=ORIENTED_EDGE('',*,*,#1228,.F.);
#3568=ORIENTED_EDGE('',*,*,#3556,.F.);
#3569=CARTESIAN_POINT('',(64.12610134,131.129587024,34.017693924));
#3570=DIRECTION('',(-0.707106781,0.,0.707106781));
#3571=DIRECTION('',(-0.707106781,-0.,-0.707106781));
#3572=AXIS2_PLACEMENT_3D('',#3569,#3570,#3571);
#3573=ELLIPSE('',#3572,2.828427125,2.);
#3574=EDGE_CURVE('',#2234,#3544,#3573,.T.);
#3575=ORIENTED_EDGE('',*,*,#3574,.F.);
#3576=ORIENTED_EDGE('',*,*,#2252,.T.);
#3577=EDGE_LOOP('',(#3566,#3567,#3568,#3575,#3576));
#3578=FACE_BOUND('',#3577,.T.);
#3579=ADVANCED_FACE('',(#3578),#3565,.T.);
#3580=CARTESIAN_POINT('',(62.62610134,131.254587024,32.517693924));
#3581=DIRECTION('',(-0.707106781,0.,0.707106781));
#3582=DIRECTION('',(-0.707106781,-0.,-0.707106781));
#3583=AXIS2_PLACEMENT_3D('',#3580,#3581,#3582);
#3584=PLANE('',#3583);
#3585=ORIENTED_EDGE('',*,*,#3549,.T.);
#3586=ORIENTED_EDGE('',*,*,#3519,.F.);
#3587=CARTESIAN_POINT('',(63.126101339,133.379586919,33.017693923));
#3588=DIRECTION('',(-0.707106781,-0.,-0.707106781));
#3589=VECTOR('',#3588,1.41421356);
#3590=LINE('',#3587,#3589);
#3591=EDGE_CURVE('',#3505,#2232,#3590,.T.);
#3592=ORIENTED_EDGE('',*,*,#3591,.T.);
#3593=ORIENTED_EDGE('',*,*,#2239,.T.);
#3594=ORIENTED_EDGE('',*,*,#3574,.T.);
#3595=EDGE_LOOP('',(#3585,#3586,#3592,#3593,#3594));
#3596=FACE_BOUND('',#3595,.T.);
#3597=ADVANCED_FACE('',(#3596),#3584,.T.);
#3598=CARTESIAN_POINT('',(58.12610134,133.379587024,32.517693919));
#3599=DIRECTION('',(0.,0.,1.));
#3600=DIRECTION('',(0.,1.,-0.));
#3601=AXIS2_PLACEMENT_3D('',#3598,#3599,#3600);
#3602=CONICAL_SURFACE('',#3601,4.499999995,45.);
#3603=CARTESIAN_POINT('',(58.12610134,137.379587024,32.017693924));
#3604=VERTEX_POINT('',#3603);
#3605=CARTESIAN_POINT('',(58.12610134,138.379587022,33.017693923));
#3606=DIRECTION('',(-0.,-0.707106781,-0.707106781));
#3607=VECTOR('',#3606,1.41421356);
#3608=LINE('',#3605,#3607);
#3609=EDGE_CURVE('',#3496,#3604,#3608,.T.);
#3610=ORIENTED_EDGE('',*,*,#3609,.F.);
#3611=ORIENTED_EDGE('',*,*,#3502,.F.);
#3612=CARTESIAN_POINT('',(54.12610134,133.379587024,32.017693924));
#3613=VERTEX_POINT('',#3612);
#3614=CARTESIAN_POINT('',(53.126101341,133.379587024,33.017693923));
#3615=DIRECTION('',(0.707106781,0.,-0.707106781));
#3616=VECTOR('',#3615,1.414213561);
#3617=LINE('',#3614,#3616);
#3618=EDGE_CURVE('',#3488,#3613,#3617,.T.);
#3619=ORIENTED_EDGE('',*,*,#3618,.T.);
#3620=CARTESIAN_POINT('',(58.12610134,133.379587024,32.017693924));
#3621=DIRECTION('',(-0.,-0.,-1.));
#3622=DIRECTION('',(0.,-1.,0.));
#3623=AXIS2_PLACEMENT_3D('',#3620,#3621,#3622);
#3624=CIRCLE('',#3623,4.);
#3625=EDGE_CURVE('',#3613,#3604,#3624,.T.);
#3626=ORIENTED_EDGE('',*,*,#3625,.T.);
#3627=EDGE_LOOP('',(#3610,#3611,#3619,#3626));
#3628=FACE_BOUND('',#3627,.T.);
#3629=ADVANCED_FACE('',(#3628),#3602,.F.);
#3630=CARTESIAN_POINT('',(58.12610134,133.379587024,65.017693924));
#3631=DIRECTION('',(-0.,0.,1.));
#3632=DIRECTION('',(1.,0.,0.));
#3633=AXIS2_PLACEMENT_3D('',#3630,#3631,#3632);
#3634=CYLINDRICAL_SURFACE('',#3633,4.);
#3635=CARTESIAN_POINT('',(54.12610134,133.379587024,32.017693924));
#3636=DIRECTION('',(-0.,-0.,-1.));
#3637=VECTOR('',#3636,22.);
#3638=LINE('',#3635,#3637);
#3639=EDGE_CURVE('',#3613,#366,#3638,.T.);
#3640=ORIENTED_EDGE('',*,*,#3639,.T.);
#3641=ORIENTED_EDGE('',*,*,#372,.F.);
#3642=ORIENTED_EDGE('',*,*,#2245,.F.);
#3643=CARTESIAN_POINT('',(58.12610134,133.379587024,32.017693924));
#3644=DIRECTION('',(-0.,-0.,-1.));
#3645=DIRECTION('',(0.,-1.,0.));
#3646=AXIS2_PLACEMENT_3D('',#3643,#3644,#3645);
#3647=CIRCLE('',#3646,4.);
#3648=EDGE_CURVE('',#3604,#2232,#3647,.T.);
#3649=ORIENTED_EDGE('',*,*,#3648,.F.);
#3650=ORIENTED_EDGE('',*,*,#3625,.F.);
#3651=EDGE_LOOP('',(#3640,#3641,#3642,#3649,#3650));
#3652=FACE_BOUND('',#3651,.T.);
#3653=ADVANCED_FACE('',(#3652),#3634,.F.);
#3654=CARTESIAN_POINT('',(58.12610134,133.379587024,65.017693924));
#3655=DIRECTION('',(-0.,0.,1.));
#3656=DIRECTION('',(1.,0.,0.));
#3657=AXIS2_PLACEMENT_3D('',#3654,#3655,#3656);
#3658=CYLINDRICAL_SURFACE('',#3657,4.);
#3659=CARTESIAN_POINT('',(54.12610134,133.379586994,55.017693924));
#3660=VERTEX_POINT('',#3659);
#3661=CARTESIAN_POINT('',(54.12610134,133.379587023,63.017693924));
#3662=DIRECTION('',(-0.,-0.,-1.));
#3663=VECTOR('',#3662,8.);
#3664=LINE('',#3661,#3663);
#3665=EDGE_CURVE('',#2126,#3660,#3664,.T.);
#3666=ORIENTED_EDGE('',*,*,#3665,.T.);
#3667=CARTESIAN_POINT('',(58.12610134,137.379587024,55.017693924));
#3668=VERTEX_POINT('',#3667);
#3669=CARTESIAN_POINT('',(58.12610134,133.379587024,55.017693924));
#3670=DIRECTION('',(-0.,0.,1.));
#3671=DIRECTION('',(0.,1.,-0.));
#3672=AXIS2_PLACEMENT_3D('',#3669,#3670,#3671);
#3673=CIRCLE('',#3672,4.);
#3674=EDGE_CURVE('',#3668,#3660,#3673,.T.);
#3675=ORIENTED_EDGE('',*,*,#3674,.F.);
#3676=CARTESIAN_POINT('',(58.12610134,133.379587024,55.017693924));
#3677=DIRECTION('',(-0.,0.,1.));
#3678=DIRECTION('',(0.,1.,-0.));
#3679=AXIS2_PLACEMENT_3D('',#3676,#3677,#3678);
#3680=CIRCLE('',#3679,4.);
#3681=EDGE_CURVE('',#2202,#3668,#3680,.T.);
#3682=ORIENTED_EDGE('',*,*,#3681,.F.);
#3683=ORIENTED_EDGE('',*,*,#2207,.F.);
#3684=ORIENTED_EDGE('',*,*,#2157,.F.);
#3685=EDGE_LOOP('',(#3666,#3675,#3682,#3683,#3684));
#3686=FACE_BOUND('',#3685,.T.);
#3687=ADVANCED_FACE('',(#3686),#3658,.F.);
#3688=CARTESIAN_POINT('',(54.12610134,133.379587024,65.017693924));
#3689=DIRECTION('',(-1.,0.,0.));
#3690=DIRECTION('',(0.,-1.,0.));
#3691=AXIS2_PLACEMENT_3D('',#3688,#3689,#3690);
#3692=PLANE('',#3691);
#3693=CARTESIAN_POINT('',(54.12610134,131.129587024,55.017693924));
#3694=VERTEX_POINT('',#3693);
#3695=CARTESIAN_POINT('',(54.12610134,131.129587024,55.017693924));
#3696=DIRECTION('',(0.,0.,1.));
#3697=VECTOR('',#3696,8.);
#3698=LINE('',#3695,#3697);
#3699=EDGE_CURVE('',#3694,#2100,#3698,.T.);
#3700=ORIENTED_EDGE('',*,*,#3699,.F.);
#3701=CARTESIAN_POINT('',(54.12610134,133.379586994,55.017693924));
#3702=DIRECTION('',(0.,-1.,0.));
#3703=VECTOR('',#3702,2.24999997);
#3704=LINE('',#3701,#3703);
#3705=EDGE_CURVE('',#3660,#3694,#3704,.T.);
#3706=ORIENTED_EDGE('',*,*,#3705,.F.);
#3707=ORIENTED_EDGE('',*,*,#3665,.F.);
#3708=ORIENTED_EDGE('',*,*,#2131,.F.);
#3709=EDGE_LOOP('',(#3700,#3706,#3707,#3708));
#3710=FACE_BOUND('',#3709,.T.);
#3711=ADVANCED_FACE('',(#3710),#3692,.F.);
#3712=CARTESIAN_POINT('',(54.12610134,133.379587024,65.017693924));
#3713=DIRECTION('',(-1.,0.,0.));
#3714=DIRECTION('',(0.,-1.,0.));
#3715=AXIS2_PLACEMENT_3D('',#3712,#3713,#3714);
#3716=PLANE('',#3715);
#3717=ORIENTED_EDGE('',*,*,#380,.F.);
#3718=ORIENTED_EDGE('',*,*,#3639,.F.);
#3719=CARTESIAN_POINT('',(54.12610134,131.129587024,32.017693924));
#3720=VERTEX_POINT('',#3719);
#3721=CARTESIAN_POINT('',(54.12610134,131.129587024,32.017693924));
#3722=DIRECTION('',(0.,1.,-0.));
#3723=VECTOR('',#3722,2.25);
#3724=LINE('',#3721,#3723);
#3725=EDGE_CURVE('',#3720,#3613,#3724,.T.);
#3726=ORIENTED_EDGE('',*,*,#3725,.F.);
#3727=CARTESIAN_POINT('',(54.12610134,131.129587024,10.017693924));
#3728=DIRECTION('',(0.,0.,1.));
#3729=VECTOR('',#3728,22.);
#3730=LINE('',#3727,#3729);
#3731=EDGE_CURVE('',#375,#3720,#3730,.T.);
#3732=ORIENTED_EDGE('',*,*,#3731,.F.);
#3733=EDGE_LOOP('',(#3717,#3718,#3726,#3732));
#3734=FACE_BOUND('',#3733,.T.);
#3735=ADVANCED_FACE('',(#3734),#3716,.F.);
#3736=CARTESIAN_POINT('',(53.62610134,131.254587024,54.517693924));
#3737=DIRECTION('',(0.707106781,-0.,-0.707106781));
#3738=DIRECTION('',(0.707106781,0.,0.707106781));
#3739=AXIS2_PLACEMENT_3D('',#3736,#3737,#3738);
#3740=PLANE('',#3739);
#3741=CARTESIAN_POINT('',(53.540314902,129.715373462,54.431907487));
#3742=VERTEX_POINT('',#3741);
#3743=CARTESIAN_POINT('',(53.540314902,129.715373462,54.431907487));
#3744=DIRECTION('',(-0.577350269,0.577350269,-0.577350269));
#3745=VECTOR('',#3744,0.717438935);
#3746=LINE('',#3743,#3745);
#3747=EDGE_CURVE('',#3742,#2760,#3746,.T.);
#3748=ORIENTED_EDGE('',*,*,#3747,.T.);
#3749=ORIENTED_EDGE('',*,*,#2765,.F.);
#3750=CARTESIAN_POINT('',(53.126101342,133.379586964,54.017693926));
#3751=DIRECTION('',(0.707106781,0.,0.707106781));
#3752=VECTOR('',#3751,1.41421356);
#3753=LINE('',#3750,#3752);
#3754=EDGE_CURVE('',#2751,#3660,#3753,.T.);
#3755=ORIENTED_EDGE('',*,*,#3754,.T.);
#3756=ORIENTED_EDGE('',*,*,#3705,.T.);
#3757=CARTESIAN_POINT('',(52.12610134,131.129587024,53.017693924));
#3758=DIRECTION('',(0.707106781,-0.,-0.707106781));
#3759=DIRECTION('',(0.707106781,0.,0.707106781));
#3760=AXIS2_PLACEMENT_3D('',#3757,#3758,#3759);
#3761=ELLIPSE('',#3760,2.828427125,2.);
#3762=EDGE_CURVE('',#3694,#3742,#3761,.T.);
#3763=ORIENTED_EDGE('',*,*,#3762,.T.);
#3764=EDGE_LOOP('',(#3748,#3749,#3755,#3756,#3763));
#3765=FACE_BOUND('',#3764,.T.);
#3766=ADVANCED_FACE('',(#3765),#3740,.T.);
#3767=CARTESIAN_POINT('',(52.12610134,131.129587024,-73.198306076));
#3768=DIRECTION('',(0.,0.,1.));
#3769=DIRECTION('',(0.,-1.,0.));
#3770=AXIS2_PLACEMENT_3D('',#3767,#3768,#3769);
#3771=CYLINDRICAL_SURFACE('',#3770,2.);
#3772=CARTESIAN_POINT('',(52.12610134,131.129587024,53.017693924));
#3773=DIRECTION('',(0.,-0.707106781,-0.707106781));
#3774=DIRECTION('',(0.,-0.707106781,0.707106781));
#3775=AXIS2_PLACEMENT_3D('',#3772,#3773,#3774);
#3776=ELLIPSE('',#3775,2.828427125,2.);
#3777=EDGE_CURVE('',#3742,#1371,#3776,.T.);
#3778=ORIENTED_EDGE('',*,*,#3777,.F.);
#3779=ORIENTED_EDGE('',*,*,#3762,.F.);
#3780=ORIENTED_EDGE('',*,*,#3699,.T.);
#3781=ORIENTED_EDGE('',*,*,#2106,.F.);
#3782=ORIENTED_EDGE('',*,*,#1382,.F.);
#3783=EDGE_LOOP('',(#3778,#3779,#3780,#3781,#3782));
#3784=FACE_BOUND('',#3783,.T.);
#3785=ADVANCED_FACE('',(#3784),#3771,.T.);
#3786=CARTESIAN_POINT('',(43.12610134,129.629587024,54.517693924));
#3787=DIRECTION('',(0.,-0.707106781,-0.707106781));
#3788=DIRECTION('',(0.,0.707106781,-0.707106781));
#3789=AXIS2_PLACEMENT_3D('',#3786,#3787,#3788);
#3790=PLANE('',#3789);
#3791=ORIENTED_EDGE('',*,*,#1376,.F.);
#3792=ORIENTED_EDGE('',*,*,#2045,.T.);
#3793=CARTESIAN_POINT('',(33.12610134,130.129587024,54.017693924));
#3794=DIRECTION('',(-0.577350269,-0.577350269,0.577350269));
#3795=VECTOR('',#3794,0.717438935);
#3796=LINE('',#3793,#3795);
#3797=EDGE_CURVE('',#2768,#2032,#3796,.T.);
#3798=ORIENTED_EDGE('',*,*,#3797,.F.);
#3799=ORIENTED_EDGE('',*,*,#2773,.T.);
#3800=ORIENTED_EDGE('',*,*,#3747,.F.);
#3801=ORIENTED_EDGE('',*,*,#3777,.T.);
#3802=EDGE_LOOP('',(#3791,#3792,#3798,#3799,#3800,#3801));
#3803=FACE_BOUND('',#3802,.T.);
#3804=ADVANCED_FACE('',(#3803),#3790,.T.);
#3805=CARTESIAN_POINT('',(32.62610134,131.254587024,54.517693924));
#3806=DIRECTION('',(-0.707106781,-0.,-0.707106781));
#3807=DIRECTION('',(-0.707106781,0.,0.707106781));
#3808=AXIS2_PLACEMENT_3D('',#3805,#3806,#3807);
#3809=PLANE('',#3808);
#3810=ORIENTED_EDGE('',*,*,#1984,.T.);
#3811=CARTESIAN_POINT('',(33.126101339,133.379587024,54.017693926));
#3812=DIRECTION('',(-0.707106781,0.,0.707106781));
#3813=VECTOR('',#3812,1.414213561);
#3814=LINE('',#3811,#3813);
#3815=EDGE_CURVE('',#2776,#1971,#3814,.T.);
#3816=ORIENTED_EDGE('',*,*,#3815,.F.);
#3817=ORIENTED_EDGE('',*,*,#2781,.F.);
#3818=ORIENTED_EDGE('',*,*,#3797,.T.);
#3819=ORIENTED_EDGE('',*,*,#2038,.T.);
#3820=EDGE_LOOP('',(#3810,#3816,#3817,#3818,#3819));
#3821=FACE_BOUND('',#3820,.T.);
#3822=ADVANCED_FACE('',(#3821),#3809,.T.);
#3823=CARTESIAN_POINT('',(28.12610134,133.379587024,54.517693929));
#3824=DIRECTION('',(0.,-0.,-1.));
#3825=DIRECTION('',(0.,1.,-0.));
#3826=AXIS2_PLACEMENT_3D('',#3823,#3824,#3825);
#3827=CONICAL_SURFACE('',#3826,4.499999995,45.);
#3828=CARTESIAN_POINT('',(28.12610134,138.379587022,54.017693927));
#3829=DIRECTION('',(-0.,-0.707106781,0.707106781));
#3830=VECTOR('',#3829,1.414213559);
#3831=LINE('',#3828,#3830);
#3832=EDGE_CURVE('',#2784,#3383,#3831,.T.);
#3833=ORIENTED_EDGE('',*,*,#3832,.F.);
#3834=ORIENTED_EDGE('',*,*,#2790,.F.);
#3835=ORIENTED_EDGE('',*,*,#3815,.T.);
#3836=ORIENTED_EDGE('',*,*,#3396,.T.);
#3837=EDGE_LOOP('',(#3833,#3834,#3835,#3836));
#3838=FACE_BOUND('',#3837,.T.);
#3839=ADVANCED_FACE('',(#3838),#3827,.F.);
#3840=CARTESIAN_POINT('',(23.62610134,131.254587024,54.517693924));
#3841=DIRECTION('',(0.707106781,-0.,-0.707106781));
#3842=DIRECTION('',(0.707106781,0.,0.707106781));
#3843=AXIS2_PLACEMENT_3D('',#3840,#3841,#3842);
#3844=PLANE('',#3843);
#3845=CARTESIAN_POINT('',(23.540314902,129.715373462,54.431907487));
#3846=VERTEX_POINT('',#3845);
#3847=CARTESIAN_POINT('',(23.540314902,129.715373462,54.431907487));
#3848=DIRECTION('',(-0.577350269,0.577350269,-0.577350269));
#3849=VECTOR('',#3848,0.717438935);
#3850=LINE('',#3847,#3849);
#3851=EDGE_CURVE('',#3846,#2802,#3850,.T.);
#3852=ORIENTED_EDGE('',*,*,#3851,.T.);
#3853=ORIENTED_EDGE('',*,*,#2807,.F.);
#3854=CARTESIAN_POINT('',(23.126101342,133.379586964,54.017693926));
#3855=DIRECTION('',(0.707106781,0.,0.707106781));
#3856=VECTOR('',#3855,1.41421356);
#3857=LINE('',#3854,#3856);
#3858=EDGE_CURVE('',#2793,#3308,#3857,.T.);
#3859=ORIENTED_EDGE('',*,*,#3858,.T.);
#3860=ORIENTED_EDGE('',*,*,#3313,.T.);
#3861=CARTESIAN_POINT('',(22.12610134,131.129587024,53.017693924));
#3862=DIRECTION('',(0.707106781,-0.,-0.707106781));
#3863=DIRECTION('',(0.707106781,0.,0.707106781));
#3864=AXIS2_PLACEMENT_3D('',#3861,#3862,#3863);
#3865=ELLIPSE('',#3864,2.828427125,2.);
#3866=EDGE_CURVE('',#3300,#3846,#3865,.T.);
#3867=ORIENTED_EDGE('',*,*,#3866,.T.);
#3868=EDGE_LOOP('',(#3852,#3853,#3859,#3860,#3867));
#3869=FACE_BOUND('',#3868,.T.);
#3870=ADVANCED_FACE('',(#3869),#3844,.T.);
#3871=CARTESIAN_POINT('',(22.12610134,131.129587024,-73.198306076));
#3872=DIRECTION('',(0.,0.,1.));
#3873=DIRECTION('',(0.,-1.,0.));
#3874=AXIS2_PLACEMENT_3D('',#3871,#3872,#3873);
#3875=CYLINDRICAL_SURFACE('',#3874,2.);
#3876=CARTESIAN_POINT('',(22.12610134,131.129587024,53.017693924));
#3877=DIRECTION('',(0.,-0.707106781,-0.707106781));
#3878=DIRECTION('',(0.,-0.707106781,0.707106781));
#3879=AXIS2_PLACEMENT_3D('',#3876,#3877,#3878);
#3880=ELLIPSE('',#3879,2.828427125,2.);
#3881=EDGE_CURVE('',#3846,#1279,#3880,.T.);
#3882=ORIENTED_EDGE('',*,*,#3881,.F.);
#3883=ORIENTED_EDGE('',*,*,#3866,.F.);
#3884=ORIENTED_EDGE('',*,*,#3305,.T.);
#3885=ORIENTED_EDGE('',*,*,#1875,.F.);
#3886=ORIENTED_EDGE('',*,*,#1292,.F.);
#3887=EDGE_LOOP('',(#3882,#3883,#3884,#3885,#3886));
#3888=FACE_BOUND('',#3887,.T.);
#3889=ADVANCED_FACE('',(#3888),#3875,.T.);
#3890=CARTESIAN_POINT('',(23.12610134,129.629587024,54.517693924));
#3891=DIRECTION('',(0.,-0.707106781,-0.707106781));
#3892=DIRECTION('',(0.,0.707106781,-0.707106781));
#3893=AXIS2_PLACEMENT_3D('',#3890,#3891,#3892);
#3894=PLANE('',#3893);
#3895=ORIENTED_EDGE('',*,*,#1284,.F.);
#3896=ORIENTED_EDGE('',*,*,#3222,.F.);
#3897=ORIENTED_EDGE('',*,*,#2813,.T.);
#3898=ORIENTED_EDGE('',*,*,#3851,.F.);
#3899=ORIENTED_EDGE('',*,*,#3881,.T.);
#3900=EDGE_LOOP('',(#3895,#3896,#3897,#3898,#3899));
#3901=FACE_BOUND('',#3900,.T.);
#3902=ADVANCED_FACE('',(#3901),#3894,.T.);
#3903=CARTESIAN_POINT('',(58.12610134,133.379587024,54.517693929));
#3904=DIRECTION('',(0.,-0.,-1.));
#3905=DIRECTION('',(0.,1.,-0.));
#3906=AXIS2_PLACEMENT_3D('',#3903,#3904,#3905);
#3907=CONICAL_SURFACE('',#3906,4.499999995,45.);
#3908=CARTESIAN_POINT('',(58.12610134,138.379587022,54.017693927));
#3909=DIRECTION('',(-0.,-0.707106781,0.707106781));
#3910=VECTOR('',#3909,1.414213559);
#3911=LINE('',#3908,#3910);
#3912=EDGE_CURVE('',#2742,#3668,#3911,.T.);
#3913=ORIENTED_EDGE('',*,*,#3912,.F.);
#3914=ORIENTED_EDGE('',*,*,#2748,.F.);
#3915=CARTESIAN_POINT('',(63.126101339,133.379587024,54.017693926));
#3916=DIRECTION('',(-0.707106781,0.,0.707106781));
#3917=VECTOR('',#3916,1.414213561);
#3918=LINE('',#3915,#3917);
#3919=EDGE_CURVE('',#2734,#2202,#3918,.T.);
#3920=ORIENTED_EDGE('',*,*,#3919,.T.);
#3921=ORIENTED_EDGE('',*,*,#3681,.T.);
#3922=EDGE_LOOP('',(#3913,#3914,#3920,#3921));
#3923=FACE_BOUND('',#3922,.T.);
#3924=ADVANCED_FACE('',(#3923),#3907,.F.);
#3925=CARTESIAN_POINT('',(62.62610134,131.254587024,54.517693924));
#3926=DIRECTION('',(-0.707106781,-0.,-0.707106781));
#3927=DIRECTION('',(-0.707106781,0.,0.707106781));
#3928=AXIS2_PLACEMENT_3D('',#3925,#3926,#3927);
#3929=PLANE('',#3928);
#3930=ORIENTED_EDGE('',*,*,#2215,.T.);
#3931=ORIENTED_EDGE('',*,*,#3919,.F.);
#3932=ORIENTED_EDGE('',*,*,#2739,.F.);
#3933=CARTESIAN_POINT('',(63.12610134,130.129587024,54.017693924));
#3934=DIRECTION('',(-0.577350269,-0.577350269,0.577350269));
#3935=VECTOR('',#3934,0.717438935);
#3936=LINE('',#3933,#3935);
#3937=EDGE_CURVE('',#2726,#2263,#3936,.T.);
#3938=ORIENTED_EDGE('',*,*,#3937,.T.);
#3939=ORIENTED_EDGE('',*,*,#2269,.T.);
#3940=EDGE_LOOP('',(#3930,#3931,#3932,#3938,#3939));
#3941=FACE_BOUND('',#3940,.T.);
#3942=ADVANCED_FACE('',(#3941),#3929,.T.);
#3943=CARTESIAN_POINT('',(63.12610134,129.629587024,54.517693924));
#3944=DIRECTION('',(0.,-0.707106781,-0.707106781));
#3945=DIRECTION('',(0.,0.707106781,-0.707106781));
#3946=AXIS2_PLACEMENT_3D('',#3943,#3944,#3945);
#3947=PLANE('',#3946);
#3948=ORIENTED_EDGE('',*,*,#3937,.F.);
#3949=ORIENTED_EDGE('',*,*,#2731,.T.);
#3950=CARTESIAN_POINT('',(64.12610134,130.129587024,54.017693924));
#3951=DIRECTION('',(0.577350269,-0.577350269,0.577350269));
#3952=VECTOR('',#3951,1.732050808);
#3953=LINE('',#3950,#3952);
#3954=EDGE_CURVE('',#2718,#1201,#3953,.T.);
#3955=ORIENTED_EDGE('',*,*,#3954,.T.);
#3956=ORIENTED_EDGE('',*,*,#1206,.F.);
#3957=ORIENTED_EDGE('',*,*,#2276,.T.);
#3958=EDGE_LOOP('',(#3948,#3949,#3955,#3956,#3957));
#3959=FACE_BOUND('',#3958,.T.);
#3960=ADVANCED_FACE('',(#3959),#3947,.T.);
#3961=CARTESIAN_POINT('',(64.62610134,129.629587024,43.517693924));
#3962=DIRECTION('',(-0.707106781,-0.707106781,0.));
#3963=DIRECTION('',(-0.707106781,0.707106781,-0.));
#3964=AXIS2_PLACEMENT_3D('',#3961,#3962,#3963);
#3965=PLANE('',#3964);
#3966=ORIENTED_EDGE('',*,*,#3954,.F.);
#3967=CARTESIAN_POINT('',(64.12610134,130.129587024,54.017693924));
#3968=DIRECTION('',(0.,-0.,-1.));
#3969=VECTOR('',#3968,21.);
#3970=LINE('',#3967,#3969);
#3971=EDGE_CURVE('',#2718,#3441,#3970,.T.);
#3972=ORIENTED_EDGE('',*,*,#3971,.T.);
#3973=ORIENTED_EDGE('',*,*,#3540,.T.);
#3974=ORIENTED_EDGE('',*,*,#1214,.F.);
#3975=EDGE_LOOP('',(#3966,#3972,#3973,#3974));
#3976=FACE_BOUND('',#3975,.T.);
#3977=ADVANCED_FACE('',(#3976),#3965,.T.);
#3978=CARTESIAN_POINT('',(64.12610134,129.129587024,33.017693924));
#3979=DIRECTION('',(1.,0.,0.));
#3980=DIRECTION('',(0.,0.,1.));
#3981=AXIS2_PLACEMENT_3D('',#3978,#3979,#3980);
#3982=PLANE('',#3981);
#3983=ORIENTED_EDGE('',*,*,#2723,.T.);
#3984=CARTESIAN_POINT('',(64.12610134,140.629587024,56.517693924));
#3985=VERTEX_POINT('',#3984);
#3986=CARTESIAN_POINT('',(64.12610134,140.629587024,54.017693924));
#3987=DIRECTION('',(0.,0.,1.));
#3988=VECTOR('',#3987,2.5);
#3989=LINE('',#3986,#3988);
#3990=EDGE_CURVE('',#2710,#3985,#3989,.T.);
#3991=ORIENTED_EDGE('',*,*,#3990,.T.);
#3992=CARTESIAN_POINT('',(64.12610134,150.629587024,56.517693924));
#3993=DIRECTION('',(0.,-1.,0.));
#3994=VECTOR('',#3993,10.);
#3995=LINE('',#3992,#3994);
#3996=EDGE_CURVE('',#2824,#3985,#3995,.T.);
#3997=ORIENTED_EDGE('',*,*,#3996,.F.);
#3998=ORIENTED_EDGE('',*,*,#2829,.F.);
#3999=ORIENTED_EDGE('',*,*,#2683,.T.);
#4000=ORIENTED_EDGE('',*,*,#2597,.F.);
#4001=ORIENTED_EDGE('',*,*,#3446,.F.);
#4002=ORIENTED_EDGE('',*,*,#3971,.F.);
#4003=EDGE_LOOP('',(#3983,#3991,#3997,#3998,#3999,#4000,#4001,#4002));
#4004=FACE_BOUND('',#4003,.T.);
#4005=CARTESIAN_POINT('',(64.12610134,156.126655181,53.416198005));
#4006=VERTEX_POINT('',#4005);
#4007=CARTESIAN_POINT('',(64.12610134,140.626655199,53.416198005));
#4008=VERTEX_POINT('',#4007);
#4009=CARTESIAN_POINT('',(64.12610134,156.126655181,53.416198005));
#4010=DIRECTION('',(0.,-1.,0.));
#4011=VECTOR('',#4010,15.499999981);
#4012=LINE('',#4009,#4011);
#4013=EDGE_CURVE('',#4006,#4008,#4012,.T.);
#4014=ORIENTED_EDGE('',*,*,#4013,.T.);
#4015=CARTESIAN_POINT('',(64.12610134,140.626655181,35.416198005));
#4016=VERTEX_POINT('',#4015);
#4017=CARTESIAN_POINT('',(64.12610134,140.626655181,44.416198005));
#4018=DIRECTION('',(1.,-0.,-0.));
#4019=DIRECTION('',(0.,-1.,0.));
#4020=AXIS2_PLACEMENT_3D('',#4017,#4018,#4019);
#4021=CIRCLE('',#4020,9.);
#4022=EDGE_CURVE('',#4008,#4016,#4021,.T.);
#4023=ORIENTED_EDGE('',*,*,#4022,.T.);
#4024=CARTESIAN_POINT('',(64.12610134,156.126655181,35.416198005));
#4025=VERTEX_POINT('',#4024);
#4026=CARTESIAN_POINT('',(64.12610134,140.626655181,35.416198005));
#4027=DIRECTION('',(-0.,1.,-0.));
#4028=VECTOR('',#4027,15.5);
#4029=LINE('',#4026,#4028);
#4030=EDGE_CURVE('',#4016,#4025,#4029,.T.);
#4031=ORIENTED_EDGE('',*,*,#4030,.T.);
#4032=CARTESIAN_POINT('',(64.12610134,156.126655181,35.416198005));
#4033=DIRECTION('',(0.,0.,1.));
#4034=VECTOR('',#4033,18.);
#4035=LINE('',#4032,#4034);
#4036=EDGE_CURVE('',#4025,#4006,#4035,.T.);
#4037=ORIENTED_EDGE('',*,*,#4036,.T.);
#4038=EDGE_LOOP('',(#4014,#4023,#4031,#4037));
#4039=FACE_BOUND('',#4038,.T.);
#4040=ADVANCED_FACE('',(#4004,#4039),#3982,.F.);
#4041=CARTESIAN_POINT('',(65.62610134,154.626655181,44.416198005));
#4042=DIRECTION('',(-0.707106781,-0.707106781,0.));
#4043=DIRECTION('',(0.707106781,-0.707106781,0.));
#4044=AXIS2_PLACEMENT_3D('',#4041,#4042,#4043);
#4045=PLANE('',#4044);
#4046=CARTESIAN_POINT('',(67.12610134,153.126655181,50.416198005));
#4047=VERTEX_POINT('',#4046);
#4048=CARTESIAN_POINT('',(67.12610134,153.126655181,50.416198005));
#4049=DIRECTION('',(-0.577350269,0.577350269,0.577350269));
#4050=VECTOR('',#4049,5.196152423);
#4051=LINE('',#4048,#4050);
#4052=EDGE_CURVE('',#4047,#4006,#4051,.T.);
#4053=ORIENTED_EDGE('',*,*,#4052,.T.);
#4054=ORIENTED_EDGE('',*,*,#4036,.F.);
#4055=CARTESIAN_POINT('',(67.12610134,153.126655181,38.416198005));
#4056=VERTEX_POINT('',#4055);
#4057=CARTESIAN_POINT('',(67.12610134,153.126655181,38.416198005));
#4058=DIRECTION('',(-0.577350269,0.577350269,-0.577350269));
#4059=VECTOR('',#4058,5.196152423);
#4060=LINE('',#4057,#4059);
#4061=EDGE_CURVE('',#4056,#4025,#4060,.T.);
#4062=ORIENTED_EDGE('',*,*,#4061,.F.);
#4063=CARTESIAN_POINT('',(67.12610134,153.126655181,38.416198005));
#4064=DIRECTION('',(0.,0.,1.));
#4065=VECTOR('',#4064,12.);
#4066=LINE('',#4063,#4065);
#4067=EDGE_CURVE('',#4056,#4047,#4066,.T.);
#4068=ORIENTED_EDGE('',*,*,#4067,.T.);
#4069=EDGE_LOOP('',(#4053,#4054,#4062,#4068));
#4070=FACE_BOUND('',#4069,.T.);
#4071=ADVANCED_FACE('',(#4070),#4045,.T.);
#4072=CARTESIAN_POINT('',(64.12610134,153.126655181,50.416198005));
#4073=DIRECTION('',(0.,1.,-0.));
#4074=DIRECTION('',(0.,-0.,-1.));
#4075=AXIS2_PLACEMENT_3D('',#4072,#4073,#4074);
#4076=PLANE('',#4075);
#4077=CARTESIAN_POINT('',(71.12610134,153.126655181,50.416198005));
#4078=VERTEX_POINT('',#4077);
#4079=CARTESIAN_POINT('',(67.12610134,153.126655181,50.416198005));
#4080=DIRECTION('',(1.,-0.,-0.));
#4081=VECTOR('',#4080,4.);
#4082=LINE('',#4079,#4081);
#4083=EDGE_CURVE('',#4047,#4078,#4082,.T.);
#4084=ORIENTED_EDGE('',*,*,#4083,.F.);
#4085=ORIENTED_EDGE('',*,*,#4067,.F.);
#4086=CARTESIAN_POINT('',(71.12610134,153.126655181,38.416198005));
#4087=VERTEX_POINT('',#4086);
#4088=CARTESIAN_POINT('',(67.12610134,153.126655181,38.416198005));
#4089=DIRECTION('',(1.,-0.,-0.));
#4090=VECTOR('',#4089,4.);
#4091=LINE('',#4088,#4090);
#4092=EDGE_CURVE('',#4056,#4087,#4091,.T.);
#4093=ORIENTED_EDGE('',*,*,#4092,.T.);
#4094=CARTESIAN_POINT('',(71.12610134,153.126655181,50.416198005));
#4095=DIRECTION('',(0.,-0.,-1.));
#4096=VECTOR('',#4095,12.);
#4097=LINE('',#4094,#4096);
#4098=EDGE_CURVE('',#4078,#4087,#4097,.T.);
#4099=ORIENTED_EDGE('',*,*,#4098,.F.);
#4100=EDGE_LOOP('',(#4084,#4085,#4093,#4099));
#4101=FACE_BOUND('',#4100,.T.);
#4102=ADVANCED_FACE('',(#4101),#4076,.F.);
#4103=CARTESIAN_POINT('',(71.12610134,155.126655181,143.233693924));
#4104=DIRECTION('',(0.,-0.,-1.));
#4105=DIRECTION('',(1.,0.,0.));
#4106=AXIS2_PLACEMENT_3D('',#4103,#4104,#4105);
#4107=CYLINDRICAL_SURFACE('',#4106,2.);
#4108=CARTESIAN_POINT('',(71.12610134,155.126655181,36.416198005));
#4109=DIRECTION('',(-0.,0.707106781,0.707106781));
#4110=DIRECTION('',(0.,-0.707106781,0.707106781));
#4111=AXIS2_PLACEMENT_3D('',#4108,#4109,#4110);
#4112=ELLIPSE('',#4111,2.828427125,2.);
#4113=EDGE_CURVE('',#4087,#1094,#4112,.T.);
#4114=ORIENTED_EDGE('',*,*,#4113,.T.);
#4115=ORIENTED_EDGE('',*,*,#1124,.F.);
#4116=CARTESIAN_POINT('',(71.12610134,155.126655181,52.416198005));
#4117=DIRECTION('',(-0.,-0.707106781,0.707106781));
#4118=DIRECTION('',(0.,-0.707106781,-0.707106781));
#4119=AXIS2_PLACEMENT_3D('',#4116,#4117,#4118);
#4120=ELLIPSE('',#4119,2.828427125,2.);
#4121=EDGE_CURVE('',#4078,#1113,#4120,.T.);
#4122=ORIENTED_EDGE('',*,*,#4121,.F.);
#4123=ORIENTED_EDGE('',*,*,#4098,.T.);
#4124=EDGE_LOOP('',(#4114,#4115,#4122,#4123));
#4125=FACE_BOUND('',#4124,.T.);
#4126=ADVANCED_FACE('',(#4125),#4107,.T.);
#4127=CARTESIAN_POINT('',(71.12610134,140.4743326,52.416198005));
#4128=DIRECTION('',(0.,1.,-0.));
#4129=DIRECTION('',(1.,0.,0.));
#4130=AXIS2_PLACEMENT_3D('',#4127,#4128,#4129);
#4131=CYLINDRICAL_SURFACE('',#4130,2.);
#4132=ORIENTED_EDGE('',*,*,#4121,.T.);
#4133=ORIENTED_EDGE('',*,*,#1118,.F.);
#4134=CARTESIAN_POINT('',(71.12610134,140.626655199,50.416198005));
#4135=VERTEX_POINT('',#4134);
#4136=CARTESIAN_POINT('',(71.12610134,140.626655181,52.416198005));
#4137=DIRECTION('',(0.,1.,-0.));
#4138=DIRECTION('',(-1.,0.,0.));
#4139=AXIS2_PLACEMENT_3D('',#4136,#4137,#4138);
#4140=CIRCLE('',#4139,2.);
#4141=EDGE_CURVE('',#1104,#4135,#4140,.T.);
#4142=ORIENTED_EDGE('',*,*,#4141,.T.);
#4143=CARTESIAN_POINT('',(71.12610134,140.626655199,50.416198005));
#4144=DIRECTION('',(0.,1.,-0.));
#4145=VECTOR('',#4144,12.499999981);
#4146=LINE('',#4143,#4145);
#4147=EDGE_CURVE('',#4135,#4078,#4146,.T.);
#4148=ORIENTED_EDGE('',*,*,#4147,.T.);
#4149=EDGE_LOOP('',(#4132,#4133,#4142,#4148));
#4150=FACE_BOUND('',#4149,.T.);
#4151=ADVANCED_FACE('',(#4150),#4131,.T.);
#4152=CARTESIAN_POINT('',(64.12610134,140.626655181,50.416198005));
#4153=DIRECTION('',(0.,0.,1.));
#4154=DIRECTION('',(0.,1.,-0.));
#4155=AXIS2_PLACEMENT_3D('',#4152,#4153,#4154);
#4156=PLANE('',#4155);
#4157=CARTESIAN_POINT('',(67.12610134,140.626655199,50.416198005));
#4158=VERTEX_POINT('',#4157);
#4159=CARTESIAN_POINT('',(67.12610134,140.626655218,50.416198005));
#4160=DIRECTION('',(1.,-0.,-0.));
#4161=VECTOR('',#4160,4.);
#4162=LINE('',#4159,#4161);
#4163=EDGE_CURVE('',#4158,#4135,#4162,.T.);
#4164=ORIENTED_EDGE('',*,*,#4163,.F.);
#4165=CARTESIAN_POINT('',(67.12610134,153.126655181,50.416198005));
#4166=DIRECTION('',(0.,-1.,0.));
#4167=VECTOR('',#4166,12.499999981);
#4168=LINE('',#4165,#4167);
#4169=EDGE_CURVE('',#4047,#4158,#4168,.T.);
#4170=ORIENTED_EDGE('',*,*,#4169,.F.);
#4171=ORIENTED_EDGE('',*,*,#4083,.T.);
#4172=ORIENTED_EDGE('',*,*,#4147,.F.);
#4173=EDGE_LOOP('',(#4164,#4170,#4171,#4172));
#4174=FACE_BOUND('',#4173,.T.);
#4175=ADVANCED_FACE('',(#4174),#4156,.F.);
#4176=CARTESIAN_POINT('',(65.62610134,146.876655181,51.916198005));
#4177=DIRECTION('',(-0.707106781,-0.,-0.707106781));
#4178=DIRECTION('',(0.707106781,-0.,-0.707106781));
#4179=AXIS2_PLACEMENT_3D('',#4176,#4177,#4178);
#4180=PLANE('',#4179);
#4181=ORIENTED_EDGE('',*,*,#4052,.F.);
#4182=ORIENTED_EDGE('',*,*,#4169,.T.);
#4183=CARTESIAN_POINT('',(64.12610134,140.626655218,53.416198005));
#4184=DIRECTION('',(0.707106781,-0.000000003,-0.707106781));
#4185=VECTOR('',#4184,4.242640687);
#4186=LINE('',#4183,#4185);
#4187=EDGE_CURVE('',#4008,#4158,#4186,.T.);
#4188=ORIENTED_EDGE('',*,*,#4187,.F.);
#4189=ORIENTED_EDGE('',*,*,#4013,.F.);
#4190=EDGE_LOOP('',(#4181,#4182,#4188,#4189));
#4191=FACE_BOUND('',#4190,.T.);
#4192=ADVANCED_FACE('',(#4191),#4180,.T.);
#4193=CARTESIAN_POINT('',(65.626101342,140.626655181,44.416198005));
#4194=DIRECTION('',(-1.,0.,0.));
#4195=DIRECTION('',(0.,1.,-0.));
#4196=AXIS2_PLACEMENT_3D('',#4193,#4194,#4195);
#4197=CONICAL_SURFACE('',#4196,7.499999998,45.);
#4198=ORIENTED_EDGE('',*,*,#4187,.T.);
#4199=CARTESIAN_POINT('',(67.126101341,134.626655181,44.416198005));
#4200=VERTEX_POINT('',#4199);
#4201=CARTESIAN_POINT('',(67.126101341,140.626655181,44.416198005));
#4202=DIRECTION('',(1.,-0.,-0.));
#4203=DIRECTION('',(0.,-1.,0.));
#4204=AXIS2_PLACEMENT_3D('',#4201,#4202,#4203);
#4205=CIRCLE('',#4204,5.999999999);
#4206=EDGE_CURVE('',#4158,#4200,#4205,.T.);
#4207=ORIENTED_EDGE('',*,*,#4206,.T.);
#4208=CARTESIAN_POINT('',(67.12610134,140.626655181,38.416198006));
#4209=VERTEX_POINT('',#4208);
#4210=CARTESIAN_POINT('',(67.126101341,140.626655181,44.416198005));
#4211=DIRECTION('',(1.,-0.,-0.));
#4212=DIRECTION('',(0.,-1.,0.));
#4213=AXIS2_PLACEMENT_3D('',#4210,#4211,#4212);
#4214=CIRCLE('',#4213,5.999999999);
#4215=EDGE_CURVE('',#4200,#4209,#4214,.T.);
#4216=ORIENTED_EDGE('',*,*,#4215,.T.);
#4217=CARTESIAN_POINT('',(64.12610134,140.626655181,35.416198005));
#4218=DIRECTION('',(0.707106781,0.,0.707106781));
#4219=VECTOR('',#4218,4.242640688);
#4220=LINE('',#4217,#4219);
#4221=EDGE_CURVE('',#4016,#4209,#4220,.T.);
#4222=ORIENTED_EDGE('',*,*,#4221,.F.);
#4223=ORIENTED_EDGE('',*,*,#4022,.F.);
#4224=EDGE_LOOP('',(#4198,#4207,#4216,#4222,#4223));
#4225=FACE_BOUND('',#4224,.T.);
#4226=ADVANCED_FACE('',(#4225),#4197,.F.);
#4227=CARTESIAN_POINT('',(65.62610134,146.876655181,36.916198005));
#4228=DIRECTION('',(-0.707106781,0.,0.707106781));
#4229=DIRECTION('',(0.707106781,0.,0.707106781));
#4230=AXIS2_PLACEMENT_3D('',#4227,#4228,#4229);
#4231=PLANE('',#4230);
#4232=ORIENTED_EDGE('',*,*,#4061,.T.);
#4233=ORIENTED_EDGE('',*,*,#4030,.F.);
#4234=ORIENTED_EDGE('',*,*,#4221,.T.);
#4235=CARTESIAN_POINT('',(67.12610134,140.626655181,38.416198005));
#4236=DIRECTION('',(0.,1.,-0.));
#4237=VECTOR('',#4236,12.5);
#4238=LINE('',#4235,#4237);
#4239=EDGE_CURVE('',#4209,#4056,#4238,.T.);
#4240=ORIENTED_EDGE('',*,*,#4239,.T.);
#4241=EDGE_LOOP('',(#4232,#4233,#4234,#4240));
#4242=FACE_BOUND('',#4241,.T.);
#4243=ADVANCED_FACE('',(#4242),#4231,.T.);
#4244=CARTESIAN_POINT('',(64.12610134,153.126655181,38.416198005));
#4245=DIRECTION('',(0.,-0.,-1.));
#4246=DIRECTION('',(0.,-1.,0.));
#4247=AXIS2_PLACEMENT_3D('',#4244,#4245,#4246);
#4248=PLANE('',#4247);
#4249=ORIENTED_EDGE('',*,*,#4092,.F.);
#4250=ORIENTED_EDGE('',*,*,#4239,.F.);
#4251=CARTESIAN_POINT('',(71.12610134,140.626655181,38.416198005));
#4252=VERTEX_POINT('',#4251);
#4253=CARTESIAN_POINT('',(67.12610134,140.626655181,38.416198005));
#4254=DIRECTION('',(1.,-0.,-0.));
#4255=VECTOR('',#4254,4.);
#4256=LINE('',#4253,#4255);
#4257=EDGE_CURVE('',#4209,#4252,#4256,.T.);
#4258=ORIENTED_EDGE('',*,*,#4257,.T.);
#4259=CARTESIAN_POINT('',(71.12610134,153.126655181,38.416198005));
#4260=DIRECTION('',(0.,-1.,0.));
#4261=VECTOR('',#4260,12.5);
#4262=LINE('',#4259,#4261);
#4263=EDGE_CURVE('',#4087,#4252,#4262,.T.);
#4264=ORIENTED_EDGE('',*,*,#4263,.F.);
#4265=EDGE_LOOP('',(#4249,#4250,#4258,#4264));
#4266=FACE_BOUND('',#4265,.T.);
#4267=ADVANCED_FACE('',(#4266),#4248,.F.);
#4268=CARTESIAN_POINT('',(71.12610134,205.148387024,36.416198005));
#4269=DIRECTION('',(0.,-1.,0.));
#4270=DIRECTION('',(1.,0.,0.));
#4271=AXIS2_PLACEMENT_3D('',#4268,#4269,#4270);
#4272=CYLINDRICAL_SURFACE('',#4271,2.);
#4273=ORIENTED_EDGE('',*,*,#4113,.F.);
#4274=ORIENTED_EDGE('',*,*,#4263,.T.);
#4275=CARTESIAN_POINT('',(71.12610134,140.626655181,36.416198005));
#4276=DIRECTION('',(-0.,-1.,-0.));
#4277=DIRECTION('',(0.,-0.,1.));
#4278=AXIS2_PLACEMENT_3D('',#4275,#4276,#4277);
#4279=CIRCLE('',#4278,2.);
#4280=EDGE_CURVE('',#1096,#4252,#4279,.T.);
#4281=ORIENTED_EDGE('',*,*,#4280,.F.);
#4282=ORIENTED_EDGE('',*,*,#1101,.F.);
#4283=EDGE_LOOP('',(#4273,#4274,#4281,#4282));
#4284=FACE_BOUND('',#4283,.T.);
#4285=ADVANCED_FACE('',(#4284),#4272,.T.);
#4286=CARTESIAN_POINT('',(71.12610134,140.626655181,44.416198005));
#4287=DIRECTION('',(-1.,0.,0.));
#4288=DIRECTION('',(0.,0.02538437,-0.999677765));
#4289=AXIS2_PLACEMENT_3D('',#4286,#4287,#4288);
#4290=TOROIDAL_SURFACE('',#4289,8.,2.);
#4291=ORIENTED_EDGE('',*,*,#4280,.T.);
#4292=CARTESIAN_POINT('',(71.12610134,134.626655181,44.416198005));
#4293=VERTEX_POINT('',#4292);
#4294=CARTESIAN_POINT('',(71.12610134,140.626655181,44.416198005));
#4295=DIRECTION('',(-1.,0.,0.));
#4296=DIRECTION('',(0.,-1.,0.));
#4297=AXIS2_PLACEMENT_3D('',#4294,#4295,#4296);
#4298=CIRCLE('',#4297,6.);
#4299=EDGE_CURVE('',#4252,#4293,#4298,.T.);
#4300=ORIENTED_EDGE('',*,*,#4299,.T.);
#4301=CARTESIAN_POINT('',(71.12610134,140.626655181,44.416198005));
#4302=DIRECTION('',(-1.,0.,0.));
#4303=DIRECTION('',(0.,-1.,0.));
#4304=AXIS2_PLACEMENT_3D('',#4301,#4302,#4303);
#4305=CIRCLE('',#4304,6.);
#4306=EDGE_CURVE('',#4293,#4135,#4305,.T.);
#4307=ORIENTED_EDGE('',*,*,#4306,.T.);
#4308=ORIENTED_EDGE('',*,*,#4141,.F.);
#4309=ORIENTED_EDGE('',*,*,#1110,.F.);
#4310=EDGE_LOOP('',(#4291,#4300,#4307,#4308,#4309));
#4311=FACE_BOUND('',#4310,.T.);
#4312=ADVANCED_FACE('',(#4311),#4290,.T.);
#4313=CARTESIAN_POINT('',(64.12610134,140.626655181,44.416198005));
#4314=DIRECTION('',(-1.,0.,0.));
#4315=DIRECTION('',(0.,-1.,0.));
#4316=AXIS2_PLACEMENT_3D('',#4313,#4314,#4315);
#4317=CYLINDRICAL_SURFACE('',#4316,6.);
#4318=CARTESIAN_POINT('',(67.126101341,134.626655181,44.416198005));
#4319=DIRECTION('',(1.,-0.,-0.));
#4320=VECTOR('',#4319,3.999999999);
#4321=LINE('',#4318,#4320);
#4322=EDGE_CURVE('',#4200,#4293,#4321,.T.);
#4323=ORIENTED_EDGE('',*,*,#4322,.F.);
#4324=ORIENTED_EDGE('',*,*,#4206,.F.);
#4325=ORIENTED_EDGE('',*,*,#4163,.T.);
#4326=ORIENTED_EDGE('',*,*,#4306,.F.);
#4327=EDGE_LOOP('',(#4323,#4324,#4325,#4326));
#4328=FACE_BOUND('',#4327,.T.);
#4329=ADVANCED_FACE('',(#4328),#4317,.F.);
#4330=CARTESIAN_POINT('',(43.12610134,157.129587024,56.517693924));
#4331=DIRECTION('',(0.,-0.,-1.));
#4332=DIRECTION('',(1.,0.,0.));
#4333=AXIS2_PLACEMENT_3D('',#4330,#4331,#4332);
#4334=PLANE('',#4333);
#4335=ORIENTED_EDGE('',*,*,#2871,.T.);
#4336=ORIENTED_EDGE('',*,*,#2837,.T.);
#4337=ORIENTED_EDGE('',*,*,#3996,.T.);
#4338=CARTESIAN_POINT('',(64.12610134,140.629587024,56.517693924));
#4339=DIRECTION('',(-1.,-0.,0.));
#4340=VECTOR('',#4339,42.);
#4341=LINE('',#4338,#4340);
#4342=EDGE_CURVE('',#3985,#2866,#4341,.T.);
#4343=ORIENTED_EDGE('',*,*,#4342,.T.);
#4344=EDGE_LOOP('',(#4335,#4336,#4337,#4343));
#4345=FACE_BOUND('',#4344,.T.);
#4346=ADVANCED_FACE('',(#4345),#4334,.T.);
#4347=CARTESIAN_POINT('',(64.12610134,140.629587024,54.017693924));
#4348=DIRECTION('',(0.,-1.,0.));
#4349=DIRECTION('',(-1.,0.,0.));
#4350=AXIS2_PLACEMENT_3D('',#4347,#4348,#4349);
#4351=PLANE('',#4350);
#4352=ORIENTED_EDGE('',*,*,#2877,.T.);
#4353=ORIENTED_EDGE('',*,*,#4342,.F.);
#4354=ORIENTED_EDGE('',*,*,#3990,.F.);
#4355=ORIENTED_EDGE('',*,*,#2715,.T.);
#4356=EDGE_LOOP('',(#4352,#4353,#4354,#4355));
#4357=FACE_BOUND('',#4356,.T.);
#4358=ADVANCED_FACE('',(#4357),#4351,.F.);
#4359=CARTESIAN_POINT('',(52.12610134,131.129587024,-73.198306076));
#4360=DIRECTION('',(0.,0.,1.));
#4361=DIRECTION('',(0.,-1.,0.));
#4362=AXIS2_PLACEMENT_3D('',#4359,#4360,#4361);
#4363=CYLINDRICAL_SURFACE('',#4362,2.);
#4364=CARTESIAN_POINT('',(53.540314902,129.715373462,32.603480362));
#4365=VERTEX_POINT('',#4364);
#4366=CARTESIAN_POINT('',(52.12610134,131.129587024,34.017693924));
#4367=DIRECTION('',(0.707106781,0.,0.707106781));
#4368=DIRECTION('',(-0.707106781,0.,0.707106781));
#4369=AXIS2_PLACEMENT_3D('',#4366,#4367,#4368);
#4370=ELLIPSE('',#4369,2.828427125,2.);
#4371=EDGE_CURVE('',#4365,#3720,#4370,.T.);
#4372=ORIENTED_EDGE('',*,*,#4371,.F.);
#4373=CARTESIAN_POINT('',(52.12610134,131.129587024,34.017693924));
#4374=DIRECTION('',(0.,-0.707106781,0.707106781));
#4375=DIRECTION('',(0.,0.707106781,0.707106781));
#4376=AXIS2_PLACEMENT_3D('',#4373,#4374,#4375);
#4377=ELLIPSE('',#4376,2.828427125,2.);
#4378=EDGE_CURVE('',#1232,#4365,#4377,.T.);
#4379=ORIENTED_EDGE('',*,*,#4378,.F.);
#4380=ORIENTED_EDGE('',*,*,#1237,.F.);
#4381=ORIENTED_EDGE('',*,*,#389,.F.);
#4382=ORIENTED_EDGE('',*,*,#3731,.T.);
#4383=EDGE_LOOP('',(#4372,#4379,#4380,#4381,#4382));
#4384=FACE_BOUND('',#4383,.T.);
#4385=ADVANCED_FACE('',(#4384),#4363,.T.);
#4386=CARTESIAN_POINT('',(43.12610134,129.629587024,32.517693924));
#4387=DIRECTION('',(0.,-0.707106781,0.707106781));
#4388=DIRECTION('',(0.,0.707106781,0.707106781));
#4389=AXIS2_PLACEMENT_3D('',#4386,#4387,#4388);
#4390=PLANE('',#4389);
#4391=CARTESIAN_POINT('',(53.12610134,130.129587024,33.017693924));
#4392=DIRECTION('',(0.577350269,-0.577350269,-0.577350269));
#4393=VECTOR('',#4392,0.717438935);
#4394=LINE('',#4391,#4393);
#4395=EDGE_CURVE('',#3480,#4365,#4394,.T.);
#4396=ORIENTED_EDGE('',*,*,#4395,.F.);
#4397=ORIENTED_EDGE('',*,*,#3485,.T.);
#4398=CARTESIAN_POINT('',(32.711887777,129.715373462,32.603480362));
#4399=VERTEX_POINT('',#4398);
#4400=CARTESIAN_POINT('',(32.711887777,129.715373462,32.603480362));
#4401=DIRECTION('',(0.577350269,0.577350269,0.577350269));
#4402=VECTOR('',#4401,0.717438935);
#4403=LINE('',#4400,#4402);
#4404=EDGE_CURVE('',#4399,#3472,#4403,.T.);
#4405=ORIENTED_EDGE('',*,*,#4404,.F.);
#4406=CARTESIAN_POINT('',(34.12610134,131.129587024,34.017693924));
#4407=DIRECTION('',(0.,-0.707106781,0.707106781));
#4408=DIRECTION('',(0.,-0.707106781,-0.707106781));
#4409=AXIS2_PLACEMENT_3D('',#4406,#4407,#4408);
#4410=ELLIPSE('',#4409,2.828427125,2.);
#4411=EDGE_CURVE('',#4399,#1240,#4410,.T.);
#4412=ORIENTED_EDGE('',*,*,#4411,.T.);
#4413=ORIENTED_EDGE('',*,*,#1245,.F.);
#4414=ORIENTED_EDGE('',*,*,#4378,.T.);
#4415=EDGE_LOOP('',(#4396,#4397,#4405,#4412,#4413,#4414));
#4416=FACE_BOUND('',#4415,.T.);
#4417=ADVANCED_FACE('',(#4416),#4390,.T.);
#4418=CARTESIAN_POINT('',(34.12610134,131.129587024,143.233693924));
#4419=DIRECTION('',(0.,-0.,-1.));
#4420=DIRECTION('',(0.,-1.,0.));
#4421=AXIS2_PLACEMENT_3D('',#4418,#4419,#4420);
#4422=CYLINDRICAL_SURFACE('',#4421,2.);
#4423=ORIENTED_EDGE('',*,*,#485,.F.);
#4424=ORIENTED_EDGE('',*,*,#1251,.F.);
#4425=ORIENTED_EDGE('',*,*,#4411,.F.);
#4426=CARTESIAN_POINT('',(34.12610134,131.129587024,34.017693924));
#4427=DIRECTION('',(-0.707106781,0.,0.707106781));
#4428=DIRECTION('',(-0.707106781,-0.,-0.707106781));
#4429=AXIS2_PLACEMENT_3D('',#4426,#4427,#4428);
#4430=ELLIPSE('',#4429,2.828427125,2.);
#4431=EDGE_CURVE('',#2003,#4399,#4430,.T.);
#4432=ORIENTED_EDGE('',*,*,#4431,.F.);
#4433=ORIENTED_EDGE('',*,*,#2021,.T.);
#4434=EDGE_LOOP('',(#4423,#4424,#4425,#4432,#4433));
#4435=FACE_BOUND('',#4434,.T.);
#4436=ADVANCED_FACE('',(#4435),#4422,.T.);
#4437=CARTESIAN_POINT('',(32.62610134,131.254587024,32.517693924));
#4438=DIRECTION('',(-0.707106781,0.,0.707106781));
#4439=DIRECTION('',(-0.707106781,-0.,-0.707106781));
#4440=AXIS2_PLACEMENT_3D('',#4437,#4438,#4439);
#4441=PLANE('',#4440);
#4442=ORIENTED_EDGE('',*,*,#4404,.T.);
#4443=ORIENTED_EDGE('',*,*,#3477,.F.);
#4444=CARTESIAN_POINT('',(33.126101339,133.379586919,33.017693923));
#4445=DIRECTION('',(-0.707106781,-0.,-0.707106781));
#4446=VECTOR('',#4445,1.41421356);
#4447=LINE('',#4444,#4446);
#4448=EDGE_CURVE('',#3463,#2001,#4447,.T.);
#4449=ORIENTED_EDGE('',*,*,#4448,.T.);
#4450=ORIENTED_EDGE('',*,*,#2008,.T.);
#4451=ORIENTED_EDGE('',*,*,#4431,.T.);
#4452=EDGE_LOOP('',(#4442,#4443,#4449,#4450,#4451));
#4453=FACE_BOUND('',#4452,.T.);
#4454=ADVANCED_FACE('',(#4453),#4441,.T.);
#4455=CARTESIAN_POINT('',(53.62610134,131.254587024,32.517693924));
#4456=DIRECTION('',(0.707106781,0.,0.707106781));
#4457=DIRECTION('',(0.707106781,-0.,-0.707106781));
#4458=AXIS2_PLACEMENT_3D('',#4455,#4456,#4457);
#4459=PLANE('',#4458);
#4460=ORIENTED_EDGE('',*,*,#3725,.T.);
#4461=ORIENTED_EDGE('',*,*,#3618,.F.);
#4462=ORIENTED_EDGE('',*,*,#3493,.F.);
#4463=ORIENTED_EDGE('',*,*,#4395,.T.);
#4464=ORIENTED_EDGE('',*,*,#4371,.T.);
#4465=EDGE_LOOP('',(#4460,#4461,#4462,#4463,#4464));
#4466=FACE_BOUND('',#4465,.T.);
#4467=ADVANCED_FACE('',(#4466),#4459,.T.);
#4468=CARTESIAN_POINT('',(23.62610134,131.254587024,32.517693924));
#4469=DIRECTION('',(0.707106781,0.,0.707106781));
#4470=DIRECTION('',(0.707106781,-0.,-0.707106781));
#4471=AXIS2_PLACEMENT_3D('',#4468,#4469,#4470);
#4472=PLANE('',#4471);
#4473=ORIENTED_EDGE('',*,*,#3343,.T.);
#4474=ORIENTED_EDGE('',*,*,#3429,.F.);
#4475=ORIENTED_EDGE('',*,*,#3459,.F.);
#4476=ORIENTED_EDGE('',*,*,#3248,.T.);
#4477=ORIENTED_EDGE('',*,*,#3280,.T.);
#4478=EDGE_LOOP('',(#4473,#4474,#4475,#4476,#4477));
#4479=FACE_BOUND('',#4478,.T.);
#4480=ADVANCED_FACE('',(#4479),#4472,.T.);
#4481=CARTESIAN_POINT('',(28.12610134,157.879587024,63.017693924));
#4482=DIRECTION('',(-0.,0.,1.));
#4483=DIRECTION('',(0.998537186,0.054069296,-0.));
#4484=AXIS2_PLACEMENT_3D('',#4481,#4482,#4483);
#4485=TOROIDAL_SURFACE('',#4484,6.,2.);
#4486=CARTESIAN_POINT('',(34.12610134,157.879587024,63.017693924));
#4487=DIRECTION('',(-0.,-1.,0.));
#4488=DIRECTION('',(1.,-0.,0.));
#4489=AXIS2_PLACEMENT_3D('',#4486,#4487,#4488);
#4490=CIRCLE('',#4489,2.);
#4491=EDGE_CURVE('',#819,#2615,#4490,.T.);
#4492=ORIENTED_EDGE('',*,*,#4491,.T.);
#4493=ORIENTED_EDGE('',*,*,#2636,.T.);
#4494=CARTESIAN_POINT('',(22.12610134,157.879587024,63.017693924));
#4495=DIRECTION('',(0.,1.,-0.));
#4496=DIRECTION('',(-1.,0.,0.));
#4497=AXIS2_PLACEMENT_3D('',#4494,#4495,#4496);
#4498=CIRCLE('',#4497,2.);
#4499=EDGE_CURVE('',#827,#2624,#4498,.T.);
#4500=ORIENTED_EDGE('',*,*,#4499,.F.);
#4501=ORIENTED_EDGE('',*,*,#833,.F.);
#4502=EDGE_LOOP('',(#4492,#4493,#4500,#4501));
#4503=FACE_BOUND('',#4502,.T.);
#4504=ADVANCED_FACE('',(#4503),#4485,.T.);
#4505=CARTESIAN_POINT('',(22.12610134,157.663204322,63.017693924));
#4506=DIRECTION('',(0.,1.,-0.));
#4507=DIRECTION('',(0.,0.,1.));
#4508=AXIS2_PLACEMENT_3D('',#4505,#4506,#4507);
#4509=CYLINDRICAL_SURFACE('',#4508,2.);
#4510=CARTESIAN_POINT('',(24.12610134,160.129587024,63.017693924));
#4511=VERTEX_POINT('',#4510);
#4512=CARTESIAN_POINT('',(22.12610134,160.129587024,63.017693924));
#4513=DIRECTION('',(0.,1.,-0.));
#4514=DIRECTION('',(-1.,0.,0.));
#4515=AXIS2_PLACEMENT_3D('',#4512,#4513,#4514);
#4516=CIRCLE('',#4515,2.);
#4517=EDGE_CURVE('',#836,#4511,#4516,.T.);
#4518=ORIENTED_EDGE('',*,*,#4517,.F.);
#4519=ORIENTED_EDGE('',*,*,#841,.F.);
#4520=ORIENTED_EDGE('',*,*,#4499,.T.);
#4521=CARTESIAN_POINT('',(24.12610134,157.879587024,63.017693924));
#4522=DIRECTION('',(0.,1.,-0.));
#4523=VECTOR('',#4522,2.25);
#4524=LINE('',#4521,#4523);
#4525=EDGE_CURVE('',#2624,#4511,#4524,.T.);
#4526=ORIENTED_EDGE('',*,*,#4525,.T.);
#4527=EDGE_LOOP('',(#4518,#4519,#4520,#4526));
#4528=FACE_BOUND('',#4527,.T.);
#4529=ADVANCED_FACE('',(#4528),#4509,.T.);
#4530=CARTESIAN_POINT('',(24.12610134,162.129587024,65.017693924));
#4531=DIRECTION('',(-1.,0.,0.));
#4532=DIRECTION('',(0.,-1.,0.));
#4533=AXIS2_PLACEMENT_3D('',#4530,#4531,#4532);
#4534=PLANE('',#4533);
#4535=ORIENTED_EDGE('',*,*,#4525,.F.);
#4536=ORIENTED_EDGE('',*,*,#2629,.T.);
#4537=ORIENTED_EDGE('',*,*,#301,.F.);
#4538=CARTESIAN_POINT('',(24.12610134,160.129587024,63.017693924));
#4539=DIRECTION('',(0.,-0.,-1.));
#4540=VECTOR('',#4539,53.);
#4541=LINE('',#4538,#4540);
#4542=EDGE_CURVE('',#4511,#287,#4541,.T.);
#4543=ORIENTED_EDGE('',*,*,#4542,.F.);
#4544=EDGE_LOOP('',(#4535,#4536,#4537,#4543));
#4545=FACE_BOUND('',#4544,.T.);
#4546=ADVANCED_FACE('',(#4545),#4534,.F.);
#4547=CARTESIAN_POINT('',(22.12610134,160.129587024,143.233693924));
#4548=DIRECTION('',(0.,-0.,-1.));
#4549=DIRECTION('',(0.,1.,-0.));
#4550=AXIS2_PLACEMENT_3D('',#4547,#4548,#4549);
#4551=CYLINDRICAL_SURFACE('',#4550,2.);
#4552=ORIENTED_EDGE('',*,*,#293,.F.);
#4553=ORIENTED_EDGE('',*,*,#894,.F.);
#4554=CARTESIAN_POINT('',(22.12610134,160.129587024,63.017693924));
#4555=DIRECTION('',(-0.,0.,1.));
#4556=DIRECTION('',(0.,1.,-0.));
#4557=AXIS2_PLACEMENT_3D('',#4554,#4555,#4556);
#4558=CIRCLE('',#4557,2.);
#4559=EDGE_CURVE('',#4511,#868,#4558,.T.);
#4560=ORIENTED_EDGE('',*,*,#4559,.F.);
#4561=ORIENTED_EDGE('',*,*,#4542,.T.);
#4562=EDGE_LOOP('',(#4552,#4553,#4560,#4561));
#4563=FACE_BOUND('',#4562,.T.);
#4564=ADVANCED_FACE('',(#4563),#4551,.T.);
#4565=CARTESIAN_POINT('',(22.12610134,160.129587024,63.017693924));
#4566=DIRECTION('',(0.707106781,-0.707106781,0.));
#4567=DIRECTION('',(0.707106781,0.707106781,-0.));
#4568=AXIS2_PLACEMENT_3D('',#4565,#4566,#4567);
#4569=SPHERICAL_SURFACE('',#4568,2.);
#4570=ORIENTED_EDGE('',*,*,#4559,.T.);
#4571=ORIENTED_EDGE('',*,*,#874,.T.);
#4572=ORIENTED_EDGE('',*,*,#4517,.T.);
#4573=EDGE_LOOP('',(#4570,#4571,#4572));
#4574=FACE_BOUND('',#4573,.T.);
#4575=ADVANCED_FACE('',(#4574),#4569,.T.);
#4576=CARTESIAN_POINT('',(34.12610134,205.148387024,63.017693924));
#4577=DIRECTION('',(0.,-1.,0.));
#4578=DIRECTION('',(0.,0.,1.));
#4579=AXIS2_PLACEMENT_3D('',#4576,#4577,#4578);
#4580=CYLINDRICAL_SURFACE('',#4579,2.);
#4581=CARTESIAN_POINT('',(32.12610134,160.129587024,63.017693924));
#4582=VERTEX_POINT('',#4581);
#4583=CARTESIAN_POINT('',(34.12610134,160.129587024,63.017693924));
#4584=DIRECTION('',(-0.,1.,-0.));
#4585=DIRECTION('',(1.,0.,0.));
#4586=AXIS2_PLACEMENT_3D('',#4583,#4584,#4585);
#4587=CIRCLE('',#4586,2.);
#4588=EDGE_CURVE('',#4582,#811,#4587,.T.);
#4589=ORIENTED_EDGE('',*,*,#4588,.F.);
#4590=CARTESIAN_POINT('',(32.12610134,160.129587024,63.017693924));
#4591=DIRECTION('',(0.,-1.,0.));
#4592=VECTOR('',#4591,2.25);
#4593=LINE('',#4590,#4592);
#4594=EDGE_CURVE('',#4582,#2615,#4593,.T.);
#4595=ORIENTED_EDGE('',*,*,#4594,.T.);
#4596=ORIENTED_EDGE('',*,*,#4491,.F.);
#4597=ORIENTED_EDGE('',*,*,#824,.F.);
#4598=EDGE_LOOP('',(#4589,#4595,#4596,#4597));
#4599=FACE_BOUND('',#4598,.T.);
#4600=ADVANCED_FACE('',(#4599),#4580,.T.);
#4601=CARTESIAN_POINT('',(32.12610134,157.879587024,65.017693924));
#4602=DIRECTION('',(1.,0.,0.));
#4603=DIRECTION('',(0.,1.,-0.));
#4604=AXIS2_PLACEMENT_3D('',#4601,#4602,#4603);
#4605=PLANE('',#4604);
#4606=CARTESIAN_POINT('',(32.12610134,160.129587024,10.017693924));
#4607=DIRECTION('',(0.,0.,1.));
#4608=VECTOR('',#4607,53.);
#4609=LINE('',#4606,#4608);
#4610=EDGE_CURVE('',#313,#4582,#4609,.T.);
#4611=ORIENTED_EDGE('',*,*,#4610,.F.);
#4612=ORIENTED_EDGE('',*,*,#318,.F.);
#4613=ORIENTED_EDGE('',*,*,#2620,.F.);
#4614=ORIENTED_EDGE('',*,*,#4594,.F.);
#4615=EDGE_LOOP('',(#4611,#4612,#4613,#4614));
#4616=FACE_BOUND('',#4615,.T.);
#4617=ADVANCED_FACE('',(#4616),#4605,.F.);
#4618=CARTESIAN_POINT('',(34.12610134,160.129587024,-73.198306076));
#4619=DIRECTION('',(0.,0.,1.));
#4620=DIRECTION('',(0.,1.,-0.));
#4621=AXIS2_PLACEMENT_3D('',#4618,#4619,#4620);
#4622=CYLINDRICAL_SURFACE('',#4621,2.);
#4623=ORIENTED_EDGE('',*,*,#327,.F.);
#4624=ORIENTED_EDGE('',*,*,#4610,.T.);
#4625=CARTESIAN_POINT('',(34.12610134,160.129587024,63.017693924));
#4626=DIRECTION('',(0.,0.,1.));
#4627=DIRECTION('',(0.,-1.,0.));
#4628=AXIS2_PLACEMENT_3D('',#4625,#4626,#4627);
#4629=CIRCLE('',#4628,2.);
#4630=EDGE_CURVE('',#898,#4582,#4629,.T.);
#4631=ORIENTED_EDGE('',*,*,#4630,.F.);
#4632=ORIENTED_EDGE('',*,*,#903,.F.);
#4633=EDGE_LOOP('',(#4623,#4624,#4631,#4632));
#4634=FACE_BOUND('',#4633,.T.);
#4635=ADVANCED_FACE('',(#4634),#4622,.T.);
#4636=CARTESIAN_POINT('',(34.12610134,160.129587024,63.017693924));
#4637=DIRECTION('',(-0.707106781,-0.,-0.707106781));
#4638=DIRECTION('',(-0.707106781,0.,0.707106781));
#4639=AXIS2_PLACEMENT_3D('',#4636,#4637,#4638);
#4640=SPHERICAL_SURFACE('',#4639,2.);
#4641=ORIENTED_EDGE('',*,*,#4630,.T.);
#4642=ORIENTED_EDGE('',*,*,#4588,.T.);
#4643=CARTESIAN_POINT('',(34.12610134,160.129587024,63.017693924));
#4644=DIRECTION('',(-1.,0.,0.));
#4645=DIRECTION('',(0.,-1.,0.));
#4646=AXIS2_PLACEMENT_3D('',#4643,#4644,#4645);
#4647=CIRCLE('',#4646,2.);
#4648=EDGE_CURVE('',#811,#898,#4647,.T.);
#4649=ORIENTED_EDGE('',*,*,#4648,.T.);
#4650=EDGE_LOOP('',(#4641,#4642,#4649));
#4651=FACE_BOUND('',#4650,.T.);
#4652=ADVANCED_FACE('',(#4651),#4640,.T.);
#4653=CARTESIAN_POINT('',(151.34210134,160.129587024,63.017693924));
#4654=DIRECTION('',(-1.,0.,0.));
#4655=DIRECTION('',(0.,0.,1.));
#4656=AXIS2_PLACEMENT_3D('',#4653,#4654,#4655);
#4657=CYLINDRICAL_SURFACE('',#4656,2.);
#4658=ORIENTED_EDGE('',*,*,#4648,.F.);
#4659=ORIENTED_EDGE('',*,*,#816,.F.);
#4660=ORIENTED_EDGE('',*,*,#626,.F.);
#4661=ORIENTED_EDGE('',*,*,#909,.T.);
#4662=EDGE_LOOP('',(#4658,#4659,#4660,#4661));
#4663=FACE_BOUND('',#4662,.T.);
#4664=ADVANCED_FACE('',(#4663),#4657,.T.);
#4665=CARTESIAN_POINT('',(64.12610134,160.129587024,-73.198306076));
#4666=DIRECTION('',(0.,0.,1.));
#4667=DIRECTION('',(0.,1.,-0.));
#4668=AXIS2_PLACEMENT_3D('',#4665,#4666,#4667);
#4669=CYLINDRICAL_SURFACE('',#4668,2.);
#4670=ORIENTED_EDGE('',*,*,#231,.F.);
#4671=ORIENTED_EDGE('',*,*,#2446,.T.);
#4672=ORIENTED_EDGE('',*,*,#2407,.F.);
#4673=ORIENTED_EDGE('',*,*,#919,.F.);
#4674=EDGE_LOOP('',(#4670,#4671,#4672,#4673));
#4675=FACE_BOUND('',#4674,.T.);
#4676=ADVANCED_FACE('',(#4675),#4669,.T.);
#4677=CARTESIAN_POINT('',(73.12610134,129.129587024,6.517693924));
#4678=DIRECTION('',(0.707106781,-0.,-0.707106781));
#4679=DIRECTION('',(-0.,-1.,0.));
#4680=AXIS2_PLACEMENT_3D('',#4677,#4678,#4679);
#4681=PLANE('',#4680);
#4682=ORIENTED_EDGE('',*,*,#1049,.F.);
#4683=ORIENTED_EDGE('',*,*,#1082,.F.);
#4684=CARTESIAN_POINT('',(71.62610134,131.129587024,5.017693924));
#4685=DIRECTION('',(0.707106781,0.,0.707106781));
#4686=VECTOR('',#4685,2.121320344);
#4687=LINE('',#4684,#4686);
#4688=EDGE_CURVE('',#60,#1071,#4687,.T.);
#4689=ORIENTED_EDGE('',*,*,#4688,.F.);
#4690=ORIENTED_EDGE('',*,*,#65,.F.);
#4691=ORIENTED_EDGE('',*,*,#1024,.F.);
#4692=EDGE_LOOP('',(#4682,#4683,#4689,#4690,#4691));
#4693=FACE_BOUND('',#4692,.T.);
#4694=ADVANCED_FACE('',(#4693),#4681,.T.);
#4695=CARTESIAN_POINT('',(71.12610134,131.129587024,5.017693924));
#4696=DIRECTION('',(0.,0.,1.));
#4697=DIRECTION('',(1.,0.,-0.));
#4698=AXIS2_PLACEMENT_3D('',#4695,#4696,#4697);
#4699=CONICAL_SURFACE('',#4698,0.5,45.);
#4700=ORIENTED_EDGE('',*,*,#4688,.T.);
#4701=ORIENTED_EDGE('',*,*,#1149,.F.);
#4702=CARTESIAN_POINT('',(71.12610134,130.629587024,5.017693924));
#4703=DIRECTION('',(0.,-0.707106781,0.707106781));
#4704=VECTOR('',#4703,2.121320344);
#4705=LINE('',#4702,#4704);
#4706=EDGE_CURVE('',#68,#1137,#4705,.T.);
#4707=ORIENTED_EDGE('',*,*,#4706,.F.);
#4708=ORIENTED_EDGE('',*,*,#74,.F.);
#4709=EDGE_LOOP('',(#4700,#4701,#4707,#4708));
#4710=FACE_BOUND('',#4709,.T.);
#4711=ADVANCED_FACE('',(#4710),#4699,.T.);
#4712=CARTESIAN_POINT('',(13.12610134,129.129587024,6.517693924));
#4713=DIRECTION('',(0.,-0.707106781,-0.707106781));
#4714=DIRECTION('',(-1.,0.,0.));
#4715=AXIS2_PLACEMENT_3D('',#4712,#4713,#4714);
#4716=PLANE('',#4715);
#4717=ORIENTED_EDGE('',*,*,#4706,.T.);
#4718=ORIENTED_EDGE('',*,*,#1181,.F.);
#4719=CARTESIAN_POINT('',(15.12610134,130.629587024,5.017693924));
#4720=DIRECTION('',(0.,-0.707106781,0.707106781));
#4721=VECTOR('',#4720,2.121320344);
#4722=LINE('',#4719,#4721);
#4723=EDGE_CURVE('',#33,#1170,#4722,.T.);
#4724=ORIENTED_EDGE('',*,*,#4723,.F.);
#4725=ORIENTED_EDGE('',*,*,#80,.F.);
#4726=EDGE_LOOP('',(#4717,#4718,#4724,#4725));
#4727=FACE_BOUND('',#4726,.T.);
#4728=ADVANCED_FACE('',(#4727),#4716,.T.);
#4729=CARTESIAN_POINT('',(15.12610134,131.129587024,5.017693924));
#4730=DIRECTION('',(0.,0.,1.));
#4731=DIRECTION('',(1.,0.,-0.));
#4732=AXIS2_PLACEMENT_3D('',#4729,#4730,#4731);
#4733=CONICAL_SURFACE('',#4732,0.5,45.);
#4734=ORIENTED_EDGE('',*,*,#4723,.T.);
#4735=ORIENTED_EDGE('',*,*,#1723,.F.);
#4736=CARTESIAN_POINT('',(14.62610134,131.129587024,5.017693924));
#4737=DIRECTION('',(-0.707106781,0.,0.707106781));
#4738=VECTOR('',#4737,2.121320344);
#4739=LINE('',#4736,#4738);
#4740=EDGE_CURVE('',#35,#1711,#4739,.T.);
#4741=ORIENTED_EDGE('',*,*,#4740,.F.);
#4742=ORIENTED_EDGE('',*,*,#41,.F.);
#4743=EDGE_LOOP('',(#4734,#4735,#4741,#4742));
#4744=FACE_BOUND('',#4743,.T.);
#4745=ADVANCED_FACE('',(#4744),#4733,.T.);
#4746=CARTESIAN_POINT('',(13.12610134,162.129587024,6.517693924));
#4747=DIRECTION('',(-0.707106781,-0.,-0.707106781));
#4748=DIRECTION('',(-0.,1.,-0.));
#4749=AXIS2_PLACEMENT_3D('',#4746,#4747,#4748);
#4750=PLANE('',#4749);
#4751=ORIENTED_EDGE('',*,*,#1007,.F.);
#4752=ORIENTED_EDGE('',*,*,#49,.F.);
#4753=ORIENTED_EDGE('',*,*,#4740,.T.);
#4754=ORIENTED_EDGE('',*,*,#1746,.F.);
#4755=ORIENTED_EDGE('',*,*,#976,.F.);
#4756=EDGE_LOOP('',(#4751,#4752,#4753,#4754,#4755));
#4757=FACE_BOUND('',#4756,.T.);
#4758=ADVANCED_FACE('',(#4757),#4750,.T.);
#4759=CARTESIAN_POINT('',(22.12610134,140.626655181,44.416198005));
#4760=DIRECTION('',(-1.,0.,0.));
#4761=DIRECTION('',(0.,-1.,0.));
#4762=AXIS2_PLACEMENT_3D('',#4759,#4760,#4761);
#4763=CYLINDRICAL_SURFACE('',#4762,6.);
#4764=ORIENTED_EDGE('',*,*,#3205,.T.);
#4765=ORIENTED_EDGE('',*,*,#3089,.F.);
#4766=ORIENTED_EDGE('',*,*,#3046,.T.);
#4767=ORIENTED_EDGE('',*,*,#3189,.F.);
#4768=EDGE_LOOP('',(#4764,#4765,#4766,#4767));
#4769=FACE_BOUND('',#4768,.T.);
#4770=ADVANCED_FACE('',(#4769),#4763,.F.);
#4771=CARTESIAN_POINT('',(28.12610134,133.379587024,32.517693919));
#4772=DIRECTION('',(0.,0.,1.));
#4773=DIRECTION('',(0.,1.,-0.));
#4774=AXIS2_PLACEMENT_3D('',#4771,#4772,#4773);
#4775=CONICAL_SURFACE('',#4774,4.499999995,45.);
#4776=ORIENTED_EDGE('',*,*,#3414,.T.);
#4777=ORIENTED_EDGE('',*,*,#3364,.T.);
#4778=ORIENTED_EDGE('',*,*,#4448,.F.);
#4779=ORIENTED_EDGE('',*,*,#3469,.F.);
#4780=EDGE_LOOP('',(#4776,#4777,#4778,#4779));
#4781=FACE_BOUND('',#4780,.T.);
#4782=ADVANCED_FACE('',(#4781),#4775,.F.);
#4783=CARTESIAN_POINT('',(58.12610134,133.379587024,32.517693919));
#4784=DIRECTION('',(0.,0.,1.));
#4785=DIRECTION('',(0.,1.,-0.));
#4786=AXIS2_PLACEMENT_3D('',#4783,#4784,#4785);
#4787=CONICAL_SURFACE('',#4786,4.499999995,45.);
#4788=ORIENTED_EDGE('',*,*,#3609,.T.);
#4789=ORIENTED_EDGE('',*,*,#3648,.T.);
#4790=ORIENTED_EDGE('',*,*,#3591,.F.);
#4791=ORIENTED_EDGE('',*,*,#3511,.F.);
#4792=EDGE_LOOP('',(#4788,#4789,#4790,#4791));
#4793=FACE_BOUND('',#4792,.T.);
#4794=ADVANCED_FACE('',(#4793),#4787,.F.);
#4795=CARTESIAN_POINT('',(28.12610134,133.379587024,54.517693929));
#4796=DIRECTION('',(0.,-0.,-1.));
#4797=DIRECTION('',(0.,1.,-0.));
#4798=AXIS2_PLACEMENT_3D('',#4795,#4796,#4797);
#4799=CONICAL_SURFACE('',#4798,4.499999995,45.);
#4800=ORIENTED_EDGE('',*,*,#3832,.T.);
#4801=ORIENTED_EDGE('',*,*,#3389,.T.);
#4802=ORIENTED_EDGE('',*,*,#3858,.F.);
#4803=ORIENTED_EDGE('',*,*,#2799,.F.);
#4804=EDGE_LOOP('',(#4800,#4801,#4802,#4803));
#4805=FACE_BOUND('',#4804,.T.);
#4806=ADVANCED_FACE('',(#4805),#4799,.F.);
#4807=CARTESIAN_POINT('',(58.12610134,133.379587024,54.517693929));
#4808=DIRECTION('',(0.,-0.,-1.));
#4809=DIRECTION('',(0.,1.,-0.));
#4810=AXIS2_PLACEMENT_3D('',#4807,#4808,#4809);
#4811=CONICAL_SURFACE('',#4810,4.499999995,45.);
#4812=ORIENTED_EDGE('',*,*,#3912,.T.);
#4813=ORIENTED_EDGE('',*,*,#3674,.T.);
#4814=ORIENTED_EDGE('',*,*,#3754,.F.);
#4815=ORIENTED_EDGE('',*,*,#2757,.F.);
#4816=EDGE_LOOP('',(#4812,#4813,#4814,#4815));
#4817=FACE_BOUND('',#4816,.T.);
#4818=ADVANCED_FACE('',(#4817),#4811,.F.);
#4819=CARTESIAN_POINT('',(64.12610134,140.626655181,44.416198005));
#4820=DIRECTION('',(-1.,0.,0.));
#4821=DIRECTION('',(0.,-1.,0.));
#4822=AXIS2_PLACEMENT_3D('',#4819,#4820,#4821);
#4823=CYLINDRICAL_SURFACE('',#4822,6.);
#4824=ORIENTED_EDGE('',*,*,#4322,.T.);
#4825=ORIENTED_EDGE('',*,*,#4299,.F.);
#4826=ORIENTED_EDGE('',*,*,#4257,.F.);
#4827=ORIENTED_EDGE('',*,*,#4215,.F.);
#4828=EDGE_LOOP('',(#4824,#4825,#4826,#4827));
#4829=FACE_BOUND('',#4828,.T.);
#4830=ADVANCED_FACE('',(#4829),#4823,.F.);
#4831=CLOSED_SHELL('',(#164,#199,#278,#357,#436,#499,#518,#537,#556,#587,#612,#637,#662,#696,#851,#884,#954,#996,#1028,#1062,#1128,#1161,#1346,#1386,#1411,#1431,
#1459,#1487,#1515,#1532,#1549,#1566,#1591,#1600,#1617,#1634,#1651,#1668,#1685,#1702,#1735,#1792,#1816,#1827,#1844,#1862,#1887,#1912,#1938,#1963,#1994,
#2025,#2058,#2075,#2093,#2118,#2143,#2169,#2194,#2225,#2256,#2289,#2306,#2324,#2341,#2359,#2376,#2394,#2419,#2436,#2458,#2506,#2546,#2577,#2608,#2658,
#2693,#2817,#2848,#2923,#2954,#2985,#3009,#3034,#3058,#3075,#3109,#3126,#3150,#3168,#3195,#3212,#3234,#3267,#3293,#3324,#3348,#3375,#3402,#3434,#3529,
#3560,#3579,#3597,#3629,#3653,#3687,#3711,#3735,#3766,#3785,#3804,#3822,#3839,#3870,#3889,#3902,#3924,#3942,#3960,#3977,#4040,#4071,#4102,#4126,#4151,
#4175,#4192,#4226,#4243,#4267,#4285,#4312,#4329,#4346,#4358,#4385,#4417,#4436,#4454,#4467,#4480,#4504,#4529,#4546,#4564,#4575,#4600,#4617,#4635,#4652,
#4664,#4676,#4694,#4711,#4728,#4745,#4758,#4770,#4782,#4794,#4806,#4818,#4830));
#4832=MANIFOLD_SOLID_BREP('Soport_Servo_V4',#4831);
#4833=COLOUR_RGB('',0.321568638,1.,0.160784319);
#4834=FILL_AREA_STYLE_COLOUR('',#4833);
#4835=FILL_AREA_STYLE('',(#4834));
#4836=SURFACE_STYLE_FILL_AREA(#4835);
#4837=SURFACE_SIDE_STYLE('',(#4836));
#4838=SURFACE_STYLE_USAGE(.BOTH.,#4837);
#4839=PRESENTATION_STYLE_ASSIGNMENT((#4838));
#26=STYLED_ITEM('',(#4839),#4832);
#16=SHAPE_REPRESENTATION('Soport_Servo_V4',(#15),#10);
#17=ADVANCED_BREP_SHAPE_REPRESENTATION('Soport_Servo_V4',(#4832),#10);
#4847=SHAPE_REPRESENTATION_RELATIONSHIP('','',#16,#17);
#4848=CARTESIAN_POINT('',(0.,0.,0.));
#4849=DIRECTION('',(0.,0.,1.));
#4850=DIRECTION('',(1.,0.,0.));
#4851=AXIS2_PLACEMENT_3D('',#4848,#4849,#4850);
#4853=MAPPED_ITEM('',#4852,#4851);
#4852=REPRESENTATION_MAP(#4851,#16);
#4854=APPLICATION_CONTEXT('Managed model based 3d engineering');
#4855=APPLICATION_PROTOCOL_DEFINITION('international standard','ap242_managed_model_based_3d_engineering',2014,#4854);
#4856=PRODUCT_CONTEXT('',#4854,'mechanical');
#4857=PRODUCT_DEFINITION_CONTEXT('part definition',#4854,'design');
#24=PRODUCT('Soport_Servo_V4','Soport_Servo_V4','',(#4856));
#4858=PRODUCT_RELATED_PRODUCT_CATEGORY('part','',(#24));
#4859=PRODUCT_DEFINITION_FORMATION_WITH_SPECIFIED_SOURCE('','',#24,.NOT_KNOWN.);
#25=PRODUCT_DEFINITION('design','',#4859,#4857);
#23=PRODUCT_DEFINITION_SHAPE('','',#25);
#4860=SHAPE_DEFINITION_REPRESENTATION(#23,#16);
#11=DRAUGHTING_MODEL('',(#4853),#10);
#4861=DESCRIPTIVE_REPRESENTATION_ITEM('KEY','/Users/quimgraellsolive/Library/Containers/com.shapr3d.shapr/Data/tmp/406481E6-C1BF-46FB-9B96-35CCE508E6ED.tmp');
#4862=PROPERTY_DEFINITION('KEY','',#25);
#4863=REPRESENTATION('',(#4861),#10);
#4864=PROPERTY_DEFINITION_REPRESENTATION(#4862,#4863);
#4865=GENERAL_PROPERTY('','KEY','');
#4866=GENERAL_PROPERTY_ASSOCIATION('','',#4865,#4862);
#1=MECHANICAL_DESIGN_GEOMETRIC_PRESENTATION_REPRESENTATION('',(#26),#10);
ENDSEC;
END-ISO-10303-21;
